INFO - 2024-01-12 01:41:11 --> Session: Class initialized using 'CodeIgniter\Session\Handlers\FileHandler' driver.
INFO - 2024-01-12 01:41:11 --> Session: Class initialized using 'CodeIgniter\Session\Handlers\FileHandler' driver.
INFO - 2024-01-12 01:41:18 --> Session: Class initialized using 'CodeIgniter\Session\Handlers\FileHandler' driver.
INFO - 2024-01-12 01:41:18 --> Session: Class initialized using 'CodeIgniter\Session\Handlers\FileHandler' driver.
INFO - 2024-01-12 01:41:33 --> Session: Class initialized using 'CodeIgniter\Session\Handlers\FileHandler' driver.
INFO - 2024-01-12 01:41:33 --> Session: Class initialized using 'CodeIgniter\Session\Handlers\FileHandler' driver.
INFO - 2024-01-12 01:41:37 --> Session: Class initialized using 'CodeIgniter\Session\Handlers\FileHandler' driver.
INFO - 2024-01-12 01:41:37 --> Session: Class initialized using 'CodeIgniter\Session\Handlers\FileHandler' driver.
INFO - 2024-01-12 01:41:37 --> Session: Class initialized using 'CodeIgniter\Session\Handlers\FileHandler' driver.
INFO - 2024-01-12 01:41:47 --> Session: Class initialized using 'CodeIgniter\Session\Handlers\FileHandler' driver.
INFO - 2024-01-12 01:41:47 --> Session: Class initialized using 'CodeIgniter\Session\Handlers\FileHandler' driver.
INFO - 2024-01-12 01:43:12 --> Session: Class initialized using 'CodeIgniter\Session\Handlers\FileHandler' driver.
INFO - 2024-01-12 01:43:12 --> Session: Class initialized using 'CodeIgniter\Session\Handlers\FileHandler' driver.
INFO - 2024-01-12 01:43:13 --> Session: Class initialized using 'CodeIgniter\Session\Handlers\FileHandler' driver.
INFO - 2024-01-12 01:43:14 --> Session: Class initialized using 'CodeIgniter\Session\Handlers\FileHandler' driver.
INFO - 2024-01-12 01:44:13 --> Session: Class initialized using 'CodeIgniter\Session\Handlers\FileHandler' driver.
INFO - 2024-01-12 01:48:19 --> Session: Class initialized using 'CodeIgniter\Session\Handlers\FileHandler' driver.
CRITICAL - 2024-01-12 01:48:19 --> Attempt to read property "tgl_mulai" on null
in APPPATH/Views/konten/admin/setting/jam-keterlambatan.php on line 17.
 1 APPPATH/Views/konten/admin/setting/jam-keterlambatan.php(17): CodeIgniter\Debug\Exceptions->errorHandler(2, 'Attempt to read property "tgl_mulai" on null', '/Applications/XAMPP/xamppfiles/htdocs/pembelajaran/app/Views/konten/admin/setting/jam-keterlambatan.php', 17)
 2 SYSTEMPATH/View/View.php(228): include('/Applications/XAMPP/xamppfiles/htdocs/pembelajaran/app/Views/konten/admin/setting/jam-keterlambatan.php')
 3 SYSTEMPATH/View/View.php(231): CodeIgniter\View\View->CodeIgniter\View\{closure}()
 4 SYSTEMPATH/Common.php(1190): CodeIgniter\View\View->render('konten/admin/setting/jam-keterlambatan', [], true)
 5 APPPATH/Controllers/adminSetting.php(38): view('konten/admin/setting/jam-keterlambatan', [...])
 6 SYSTEMPATH/CodeIgniter.php(942): App\Controllers\AdminSetting->jamKeterlambatan()
 7 SYSTEMPATH/CodeIgniter.php(502): CodeIgniter\CodeIgniter->runController(Object(App\Controllers\AdminSetting))
 8 SYSTEMPATH/CodeIgniter.php(361): CodeIgniter\CodeIgniter->handleRequest(null, Object(Config\Cache), false)
 9 FCPATH/index.php(79): CodeIgniter\CodeIgniter->run()
10 SYSTEMPATH/Commands/Server/rewrite.php(47): require_once('/Applications/XAMPP/xamppfiles/htdocs/pembelajaran/public/index.php')
INFO - 2024-01-12 01:49:46 --> Session: Class initialized using 'CodeIgniter\Session\Handlers\FileHandler' driver.
CRITICAL - 2024-01-12 01:49:46 --> Attempt to read property "toleransi" on null
in APPPATH/Views/konten/admin/setting/jam-keterlambatan.php on line 17.
 1 APPPATH/Views/konten/admin/setting/jam-keterlambatan.php(17): CodeIgniter\Debug\Exceptions->errorHandler(2, 'Attempt to read property "toleransi" on null', '/Applications/XAMPP/xamppfiles/htdocs/pembelajaran/app/Views/konten/admin/setting/jam-keterlambatan.php', 17)
 2 SYSTEMPATH/View/View.php(228): include('/Applications/XAMPP/xamppfiles/htdocs/pembelajaran/app/Views/konten/admin/setting/jam-keterlambatan.php')
 3 SYSTEMPATH/View/View.php(231): CodeIgniter\View\View->CodeIgniter\View\{closure}()
 4 SYSTEMPATH/Common.php(1190): CodeIgniter\View\View->render('konten/admin/setting/jam-keterlambatan', [], true)
 5 APPPATH/Controllers/adminSetting.php(38): view('konten/admin/setting/jam-keterlambatan', [...])
 6 SYSTEMPATH/CodeIgniter.php(942): App\Controllers\AdminSetting->jamKeterlambatan()
 7 SYSTEMPATH/CodeIgniter.php(502): CodeIgniter\CodeIgniter->runController(Object(App\Controllers\AdminSetting))
 8 SYSTEMPATH/CodeIgniter.php(361): CodeIgniter\CodeIgniter->handleRequest(null, Object(Config\Cache), false)
 9 FCPATH/index.php(79): CodeIgniter\CodeIgniter->run()
10 SYSTEMPATH/Commands/Server/rewrite.php(47): require_once('/Applications/XAMPP/xamppfiles/htdocs/pembelajaran/public/index.php')
INFO - 2024-01-12 01:49:54 --> Session: Class initialized using 'CodeIgniter\Session\Handlers\FileHandler' driver.
CRITICAL - 2024-01-12 01:49:54 --> Attempt to read property "toleransi" on null
in APPPATH/Views/konten/admin/setting/jam-keterlambatan.php on line 17.
 1 APPPATH/Views/konten/admin/setting/jam-keterlambatan.php(17): CodeIgniter\Debug\Exceptions->errorHandler(2, 'Attempt to read property "toleransi" on null', '/Applications/XAMPP/xamppfiles/htdocs/pembelajaran/app/Views/konten/admin/setting/jam-keterlambatan.php', 17)
 2 SYSTEMPATH/View/View.php(228): include('/Applications/XAMPP/xamppfiles/htdocs/pembelajaran/app/Views/konten/admin/setting/jam-keterlambatan.php')
 3 SYSTEMPATH/View/View.php(231): CodeIgniter\View\View->CodeIgniter\View\{closure}()
 4 SYSTEMPATH/Common.php(1190): CodeIgniter\View\View->render('konten/admin/setting/jam-keterlambatan', [], true)
 5 APPPATH/Controllers/adminSetting.php(38): view('konten/admin/setting/jam-keterlambatan', [...])
 6 SYSTEMPATH/CodeIgniter.php(942): App\Controllers\AdminSetting->jamKeterlambatan()
 7 SYSTEMPATH/CodeIgniter.php(502): CodeIgniter\CodeIgniter->runController(Object(App\Controllers\AdminSetting))
 8 SYSTEMPATH/CodeIgniter.php(361): CodeIgniter\CodeIgniter->handleRequest(null, Object(Config\Cache), false)
 9 FCPATH/index.php(79): CodeIgniter\CodeIgniter->run()
10 SYSTEMPATH/Commands/Server/rewrite.php(47): require_once('/Applications/XAMPP/xamppfiles/htdocs/pembelajaran/public/index.php')
INFO - 2024-01-12 01:52:02 --> Session: Class initialized using 'CodeIgniter\Session\Handlers\FileHandler' driver.
CRITICAL - 2024-01-12 01:52:02 --> Undefined property: stdClass::$tgl_mulai
in APPPATH/Views/konten/admin/setting/jam-keterlambatan.php on line 50.
 1 APPPATH/Views/konten/admin/setting/jam-keterlambatan.php(50): CodeIgniter\Debug\Exceptions->errorHandler(2, 'Undefined property: stdClass::$tgl_mulai', '/Applications/XAMPP/xamppfiles/htdocs/pembelajaran/app/Views/konten/admin/setting/jam-keterlambatan.php', 50)
 2 SYSTEMPATH/View/View.php(228): include('/Applications/XAMPP/xamppfiles/htdocs/pembelajaran/app/Views/konten/admin/setting/jam-keterlambatan.php')
 3 SYSTEMPATH/View/View.php(231): CodeIgniter\View\View->CodeIgniter\View\{closure}()
 4 SYSTEMPATH/Common.php(1190): CodeIgniter\View\View->render('konten/admin/setting/jam-keterlambatan', [], true)
 5 APPPATH/Controllers/adminSetting.php(38): view('konten/admin/setting/jam-keterlambatan', [...])
 6 SYSTEMPATH/CodeIgniter.php(942): App\Controllers\AdminSetting->jamKeterlambatan()
 7 SYSTEMPATH/CodeIgniter.php(502): CodeIgniter\CodeIgniter->runController(Object(App\Controllers\AdminSetting))
 8 SYSTEMPATH/CodeIgniter.php(361): CodeIgniter\CodeIgniter->handleRequest(null, Object(Config\Cache), false)
 9 FCPATH/index.php(79): CodeIgniter\CodeIgniter->run()
10 SYSTEMPATH/Commands/Server/rewrite.php(47): require_once('/Applications/XAMPP/xamppfiles/htdocs/pembelajaran/public/index.php')
INFO - 2024-01-12 01:53:04 --> Session: Class initialized using 'CodeIgniter\Session\Handlers\FileHandler' driver.
INFO - 2024-01-12 01:53:05 --> Session: Class initialized using 'CodeIgniter\Session\Handlers\FileHandler' driver.
INFO - 2024-01-12 01:53:18 --> Session: Class initialized using 'CodeIgniter\Session\Handlers\FileHandler' driver.
INFO - 2024-01-12 01:53:19 --> Session: Class initialized using 'CodeIgniter\Session\Handlers\FileHandler' driver.
INFO - 2024-01-12 01:53:38 --> Session: Class initialized using 'CodeIgniter\Session\Handlers\FileHandler' driver.
INFO - 2024-01-12 01:53:38 --> Session: Class initialized using 'CodeIgniter\Session\Handlers\FileHandler' driver.
INFO - 2024-01-12 01:53:55 --> Session: Class initialized using 'CodeIgniter\Session\Handlers\FileHandler' driver.
INFO - 2024-01-12 01:53:55 --> Session: Class initialized using 'CodeIgniter\Session\Handlers\FileHandler' driver.
INFO - 2024-01-12 01:55:50 --> Session: Class initialized using 'CodeIgniter\Session\Handlers\FileHandler' driver.
INFO - 2024-01-12 01:55:50 --> Session: Class initialized using 'CodeIgniter\Session\Handlers\FileHandler' driver.
INFO - 2024-01-12 01:56:09 --> Session: Class initialized using 'CodeIgniter\Session\Handlers\FileHandler' driver.
INFO - 2024-01-12 01:56:09 --> Session: Class initialized using 'CodeIgniter\Session\Handlers\FileHandler' driver.
INFO - 2024-01-12 01:56:18 --> Session: Class initialized using 'CodeIgniter\Session\Handlers\FileHandler' driver.
INFO - 2024-01-12 01:56:18 --> Session: Class initialized using 'CodeIgniter\Session\Handlers\FileHandler' driver.
INFO - 2024-01-12 01:56:18 --> Session: Class initialized using 'CodeIgniter\Session\Handlers\FileHandler' driver.
INFO - 2024-01-12 01:56:21 --> Session: Class initialized using 'CodeIgniter\Session\Handlers\FileHandler' driver.
INFO - 2024-01-12 01:56:21 --> Session: Class initialized using 'CodeIgniter\Session\Handlers\FileHandler' driver.
INFO - 2024-01-12 01:56:56 --> Session: Class initialized using 'CodeIgniter\Session\Handlers\FileHandler' driver.
INFO - 2024-01-12 01:56:56 --> Session: Class initialized using 'CodeIgniter\Session\Handlers\FileHandler' driver.
INFO - 2024-01-12 01:59:40 --> Session: Class initialized using 'CodeIgniter\Session\Handlers\FileHandler' driver.
INFO - 2024-01-12 01:59:40 --> Session: Class initialized using 'CodeIgniter\Session\Handlers\FileHandler' driver.
INFO - 2024-01-12 01:59:41 --> Session: Class initialized using 'CodeIgniter\Session\Handlers\FileHandler' driver.
INFO - 2024-01-12 01:59:46 --> Session: Class initialized using 'CodeIgniter\Session\Handlers\FileHandler' driver.
INFO - 2024-01-12 01:59:46 --> Session: Class initialized using 'CodeIgniter\Session\Handlers\FileHandler' driver.
INFO - 2024-01-12 01:59:46 --> Session: Class initialized using 'CodeIgniter\Session\Handlers\FileHandler' driver.
INFO - 2024-01-12 01:59:51 --> Session: Class initialized using 'CodeIgniter\Session\Handlers\FileHandler' driver.
INFO - 2024-01-12 01:59:51 --> Session: Class initialized using 'CodeIgniter\Session\Handlers\FileHandler' driver.
INFO - 2024-01-12 01:59:51 --> Session: Class initialized using 'CodeIgniter\Session\Handlers\FileHandler' driver.
INFO - 2024-01-12 02:01:28 --> Session: Class initialized using 'CodeIgniter\Session\Handlers\FileHandler' driver.
INFO - 2024-01-12 02:01:28 --> Session: Class initialized using 'CodeIgniter\Session\Handlers\FileHandler' driver.
INFO - 2024-01-12 02:01:29 --> Session: Class initialized using 'CodeIgniter\Session\Handlers\FileHandler' driver.
INFO - 2024-01-12 02:01:29 --> Session: Class initialized using 'CodeIgniter\Session\Handlers\FileHandler' driver.
INFO - 2024-01-12 02:01:31 --> Session: Class initialized using 'CodeIgniter\Session\Handlers\FileHandler' driver.
INFO - 2024-01-12 02:01:31 --> Session: Class initialized using 'CodeIgniter\Session\Handlers\FileHandler' driver.
INFO - 2024-01-12 02:03:11 --> Session: Class initialized using 'CodeIgniter\Session\Handlers\FileHandler' driver.
INFO - 2024-01-12 02:03:11 --> Session: Class initialized using 'CodeIgniter\Session\Handlers\FileHandler' driver.
INFO - 2024-01-12 02:03:12 --> Session: Class initialized using 'CodeIgniter\Session\Handlers\FileHandler' driver.
INFO - 2024-01-12 02:03:12 --> Session: Class initialized using 'CodeIgniter\Session\Handlers\FileHandler' driver.
INFO - 2024-01-12 02:03:13 --> Session: Class initialized using 'CodeIgniter\Session\Handlers\FileHandler' driver.
INFO - 2024-01-12 02:03:13 --> Session: Class initialized using 'CodeIgniter\Session\Handlers\FileHandler' driver.
INFO - 2024-01-12 02:03:13 --> Session: Class initialized using 'CodeIgniter\Session\Handlers\FileHandler' driver.
INFO - 2024-01-12 02:03:13 --> Session: Class initialized using 'CodeIgniter\Session\Handlers\FileHandler' driver.
INFO - 2024-01-12 02:03:33 --> Session: Class initialized using 'CodeIgniter\Session\Handlers\FileHandler' driver.
INFO - 2024-01-12 02:03:33 --> Session: Class initialized using 'CodeIgniter\Session\Handlers\FileHandler' driver.
INFO - 2024-01-12 02:03:34 --> Session: Class initialized using 'CodeIgniter\Session\Handlers\FileHandler' driver.
CRITICAL - 2024-01-12 02:03:34 --> Undefined property: stdClass::$toleransi
in APPPATH/Views/konten/admin/setting/modalitas-daring.php on line 17.
 1 APPPATH/Views/konten/admin/setting/modalitas-daring.php(17): CodeIgniter\Debug\Exceptions->errorHandler(2, 'Undefined property: stdClass::$toleransi', '/Applications/XAMPP/xamppfiles/htdocs/pembelajaran/app/Views/konten/admin/setting/modalitas-daring.php', 17)
 2 SYSTEMPATH/View/View.php(228): include('/Applications/XAMPP/xamppfiles/htdocs/pembelajaran/app/Views/konten/admin/setting/modalitas-daring.php')
 3 SYSTEMPATH/View/View.php(231): CodeIgniter\View\View->CodeIgniter\View\{closure}()
 4 SYSTEMPATH/Common.php(1190): CodeIgniter\View\View->render('konten/admin/setting/modalitas-daring', [], true)
 5 APPPATH/Controllers/adminSetting.php(46): view('konten/admin/setting/modalitas-daring', [...])
 6 SYSTEMPATH/CodeIgniter.php(942): App\Controllers\AdminSetting->modalitasDaring()
 7 SYSTEMPATH/CodeIgniter.php(502): CodeIgniter\CodeIgniter->runController(Object(App\Controllers\AdminSetting))
 8 SYSTEMPATH/CodeIgniter.php(361): CodeIgniter\CodeIgniter->handleRequest(null, Object(Config\Cache), false)
 9 FCPATH/index.php(79): CodeIgniter\CodeIgniter->run()
10 SYSTEMPATH/Commands/Server/rewrite.php(47): require_once('/Applications/XAMPP/xamppfiles/htdocs/pembelajaran/public/index.php')
INFO - 2024-01-12 02:04:05 --> Session: Class initialized using 'CodeIgniter\Session\Handlers\FileHandler' driver.
INFO - 2024-01-12 02:04:05 --> Session: Class initialized using 'CodeIgniter\Session\Handlers\FileHandler' driver.
INFO - 2024-01-12 02:05:07 --> Session: Class initialized using 'CodeIgniter\Session\Handlers\FileHandler' driver.
INFO - 2024-01-12 02:05:08 --> Session: Class initialized using 'CodeIgniter\Session\Handlers\FileHandler' driver.
INFO - 2024-01-12 02:05:09 --> Session: Class initialized using 'CodeIgniter\Session\Handlers\FileHandler' driver.
INFO - 2024-01-12 02:05:09 --> Session: Class initialized using 'CodeIgniter\Session\Handlers\FileHandler' driver.
INFO - 2024-01-12 02:05:09 --> Session: Class initialized using 'CodeIgniter\Session\Handlers\FileHandler' driver.
INFO - 2024-01-12 02:05:10 --> Session: Class initialized using 'CodeIgniter\Session\Handlers\FileHandler' driver.
INFO - 2024-01-12 02:05:28 --> Session: Class initialized using 'CodeIgniter\Session\Handlers\FileHandler' driver.
INFO - 2024-01-12 02:05:28 --> Session: Class initialized using 'CodeIgniter\Session\Handlers\FileHandler' driver.
INFO - 2024-01-12 02:05:49 --> Session: Class initialized using 'CodeIgniter\Session\Handlers\FileHandler' driver.
INFO - 2024-01-12 02:05:49 --> Session: Class initialized using 'CodeIgniter\Session\Handlers\FileHandler' driver.
INFO - 2024-01-12 02:06:04 --> Session: Class initialized using 'CodeIgniter\Session\Handlers\FileHandler' driver.
INFO - 2024-01-12 02:06:04 --> Session: Class initialized using 'CodeIgniter\Session\Handlers\FileHandler' driver.
INFO - 2024-01-12 02:07:10 --> Session: Class initialized using 'CodeIgniter\Session\Handlers\FileHandler' driver.
INFO - 2024-01-12 02:07:10 --> Session: Class initialized using 'CodeIgniter\Session\Handlers\FileHandler' driver.
INFO - 2024-01-12 02:07:15 --> Session: Class initialized using 'CodeIgniter\Session\Handlers\FileHandler' driver.
INFO - 2024-01-12 02:08:14 --> Session: Class initialized using 'CodeIgniter\Session\Handlers\FileHandler' driver.
INFO - 2024-01-12 02:08:14 --> Session: Class initialized using 'CodeIgniter\Session\Handlers\FileHandler' driver.
INFO - 2024-01-12 02:08:15 --> Session: Class initialized using 'CodeIgniter\Session\Handlers\FileHandler' driver.
INFO - 2024-01-12 02:08:16 --> Session: Class initialized using 'CodeIgniter\Session\Handlers\FileHandler' driver.
INFO - 2024-01-12 02:08:19 --> Session: Class initialized using 'CodeIgniter\Session\Handlers\FileHandler' driver.
INFO - 2024-01-12 02:08:37 --> Session: Class initialized using 'CodeIgniter\Session\Handlers\FileHandler' driver.
INFO - 2024-01-12 02:08:37 --> Session: Class initialized using 'CodeIgniter\Session\Handlers\FileHandler' driver.
INFO - 2024-01-12 02:08:37 --> Session: Class initialized using 'CodeIgniter\Session\Handlers\FileHandler' driver.
INFO - 2024-01-12 02:08:38 --> Session: Class initialized using 'CodeIgniter\Session\Handlers\FileHandler' driver.
INFO - 2024-01-12 02:08:38 --> Session: Class initialized using 'CodeIgniter\Session\Handlers\FileHandler' driver.
INFO - 2024-01-12 02:08:38 --> Session: Class initialized using 'CodeIgniter\Session\Handlers\FileHandler' driver.
INFO - 2024-01-12 02:08:43 --> Session: Class initialized using 'CodeIgniter\Session\Handlers\FileHandler' driver.
CRITICAL - 2024-01-12 02:08:43 --> Call to undefined method App\Models\Admin\SettingModel::udateDaring
in SYSTEMPATH/Model.php on line 873.
 1 APPPATH/Controllers/adminSetting.php(90): CodeIgniter\Model->__call('udateDaring', [...])
 2 SYSTEMPATH/CodeIgniter.php(942): App\Controllers\AdminSetting->modalitasDaringStore()
 3 SYSTEMPATH/CodeIgniter.php(502): CodeIgniter\CodeIgniter->runController(Object(App\Controllers\AdminSetting))
 4 SYSTEMPATH/CodeIgniter.php(361): CodeIgniter\CodeIgniter->handleRequest(null, Object(Config\Cache), false)
 5 FCPATH/index.php(79): CodeIgniter\CodeIgniter->run()
 6 SYSTEMPATH/Commands/Server/rewrite.php(47): require_once('/Applications/XAMPP/xamppfiles/htdocs/pembelajaran/public/index.php')
INFO - 2024-01-12 02:09:02 --> Session: Class initialized using 'CodeIgniter\Session\Handlers\FileHandler' driver.
INFO - 2024-01-12 02:09:02 --> Session: Class initialized using 'CodeIgniter\Session\Handlers\FileHandler' driver.
INFO - 2024-01-12 02:09:37 --> Session: Class initialized using 'CodeIgniter\Session\Handlers\FileHandler' driver.
INFO - 2024-01-12 02:09:37 --> Session: Class initialized using 'CodeIgniter\Session\Handlers\FileHandler' driver.
INFO - 2024-01-12 02:11:48 --> Session: Class initialized using 'CodeIgniter\Session\Handlers\FileHandler' driver.
INFO - 2024-01-12 02:11:48 --> Session: Class initialized using 'CodeIgniter\Session\Handlers\FileHandler' driver.
INFO - 2024-01-12 02:11:48 --> Session: Class initialized using 'CodeIgniter\Session\Handlers\FileHandler' driver.
INFO - 2024-01-12 02:11:49 --> Session: Class initialized using 'CodeIgniter\Session\Handlers\FileHandler' driver.
INFO - 2024-01-12 02:11:49 --> Session: Class initialized using 'CodeIgniter\Session\Handlers\FileHandler' driver.
INFO - 2024-01-12 02:12:11 --> Session: Class initialized using 'CodeIgniter\Session\Handlers\FileHandler' driver.
INFO - 2024-01-12 02:12:12 --> Session: Class initialized using 'CodeIgniter\Session\Handlers\FileHandler' driver.
INFO - 2024-01-12 02:12:17 --> Session: Class initialized using 'CodeIgniter\Session\Handlers\FileHandler' driver.
INFO - 2024-01-12 02:12:17 --> Session: Class initialized using 'CodeIgniter\Session\Handlers\FileHandler' driver.
INFO - 2024-01-12 02:12:17 --> Session: Class initialized using 'CodeIgniter\Session\Handlers\FileHandler' driver.
INFO - 2024-01-12 02:12:34 --> Session: Class initialized using 'CodeIgniter\Session\Handlers\FileHandler' driver.
INFO - 2024-01-12 02:12:34 --> Session: Class initialized using 'CodeIgniter\Session\Handlers\FileHandler' driver.
INFO - 2024-01-12 02:12:37 --> Session: Class initialized using 'CodeIgniter\Session\Handlers\FileHandler' driver.
INFO - 2024-01-12 02:12:37 --> Session: Class initialized using 'CodeIgniter\Session\Handlers\FileHandler' driver.
INFO - 2024-01-12 02:12:58 --> Session: Class initialized using 'CodeIgniter\Session\Handlers\FileHandler' driver.
INFO - 2024-01-12 02:12:58 --> Session: Class initialized using 'CodeIgniter\Session\Handlers\FileHandler' driver.
INFO - 2024-01-12 02:12:58 --> Session: Class initialized using 'CodeIgniter\Session\Handlers\FileHandler' driver.
INFO - 2024-01-12 02:13:00 --> Session: Class initialized using 'CodeIgniter\Session\Handlers\FileHandler' driver.
INFO - 2024-01-12 02:13:00 --> Session: Class initialized using 'CodeIgniter\Session\Handlers\FileHandler' driver.
INFO - 2024-01-12 02:13:01 --> Session: Class initialized using 'CodeIgniter\Session\Handlers\FileHandler' driver.
INFO - 2024-01-12 02:13:01 --> Session: Class initialized using 'CodeIgniter\Session\Handlers\FileHandler' driver.
INFO - 2024-01-12 02:13:01 --> Session: Class initialized using 'CodeIgniter\Session\Handlers\FileHandler' driver.
INFO - 2024-01-12 02:13:04 --> Session: Class initialized using 'CodeIgniter\Session\Handlers\FileHandler' driver.
INFO - 2024-01-12 02:13:04 --> Session: Class initialized using 'CodeIgniter\Session\Handlers\FileHandler' driver.
INFO - 2024-01-12 02:13:08 --> Session: Class initialized using 'CodeIgniter\Session\Handlers\FileHandler' driver.
INFO - 2024-01-12 02:13:09 --> Session: Class initialized using 'CodeIgniter\Session\Handlers\FileHandler' driver.
INFO - 2024-01-12 02:13:14 --> Session: Class initialized using 'CodeIgniter\Session\Handlers\FileHandler' driver.
INFO - 2024-01-12 02:13:14 --> Session: Class initialized using 'CodeIgniter\Session\Handlers\FileHandler' driver.
INFO - 2024-01-12 02:13:15 --> Session: Class initialized using 'CodeIgniter\Session\Handlers\FileHandler' driver.
INFO - 2024-01-12 02:13:23 --> Session: Class initialized using 'CodeIgniter\Session\Handlers\FileHandler' driver.
INFO - 2024-01-12 02:38:32 --> Session: Class initialized using 'CodeIgniter\Session\Handlers\FileHandler' driver.
INFO - 2024-01-12 02:39:03 --> Session: Class initialized using 'CodeIgniter\Session\Handlers\FileHandler' driver.
INFO - 2024-01-12 02:39:03 --> Session: Class initialized using 'CodeIgniter\Session\Handlers\FileHandler' driver.
INFO - 2024-01-12 02:39:11 --> Session: Class initialized using 'CodeIgniter\Session\Handlers\FileHandler' driver.
INFO - 2024-01-12 02:39:11 --> Session: Class initialized using 'CodeIgniter\Session\Handlers\FileHandler' driver.
INFO - 2024-01-12 02:39:11 --> Session: Class initialized using 'CodeIgniter\Session\Handlers\FileHandler' driver.
INFO - 2024-01-12 02:39:14 --> Session: Class initialized using 'CodeIgniter\Session\Handlers\FileHandler' driver.
INFO - 2024-01-12 02:39:14 --> Session: Class initialized using 'CodeIgniter\Session\Handlers\FileHandler' driver.
INFO - 2024-01-12 02:39:26 --> Session: Class initialized using 'CodeIgniter\Session\Handlers\FileHandler' driver.
INFO - 2024-01-12 02:39:26 --> Session: Class initialized using 'CodeIgniter\Session\Handlers\FileHandler' driver.
INFO - 2024-01-12 02:39:28 --> Session: Class initialized using 'CodeIgniter\Session\Handlers\FileHandler' driver.
INFO - 2024-01-12 02:39:29 --> Session: Class initialized using 'CodeIgniter\Session\Handlers\FileHandler' driver.
INFO - 2024-01-12 02:40:40 --> Session: Class initialized using 'CodeIgniter\Session\Handlers\FileHandler' driver.
INFO - 2024-01-12 02:40:41 --> Session: Class initialized using 'CodeIgniter\Session\Handlers\FileHandler' driver.
INFO - 2024-01-12 02:44:46 --> Session: Class initialized using 'CodeIgniter\Session\Handlers\FileHandler' driver.
INFO - 2024-01-12 02:44:46 --> Session: Class initialized using 'CodeIgniter\Session\Handlers\FileHandler' driver.
INFO - 2024-01-12 02:45:14 --> Session: Class initialized using 'CodeIgniter\Session\Handlers\FileHandler' driver.
INFO - 2024-01-12 02:45:14 --> Session: Class initialized using 'CodeIgniter\Session\Handlers\FileHandler' driver.
INFO - 2024-01-12 02:45:36 --> Session: Class initialized using 'CodeIgniter\Session\Handlers\FileHandler' driver.
INFO - 2024-01-12 02:45:36 --> Session: Class initialized using 'CodeIgniter\Session\Handlers\FileHandler' driver.
INFO - 2024-01-12 02:49:16 --> Session: Class initialized using 'CodeIgniter\Session\Handlers\FileHandler' driver.
INFO - 2024-01-12 02:49:16 --> Session: Class initialized using 'CodeIgniter\Session\Handlers\FileHandler' driver.
INFO - 2024-01-12 02:49:17 --> Session: Class initialized using 'CodeIgniter\Session\Handlers\FileHandler' driver.
INFO - 2024-01-12 02:49:18 --> Session: Class initialized using 'CodeIgniter\Session\Handlers\FileHandler' driver.
INFO - 2024-01-12 02:49:21 --> Session: Class initialized using 'CodeIgniter\Session\Handlers\FileHandler' driver.
INFO - 2024-01-12 02:49:21 --> Session: Class initialized using 'CodeIgniter\Session\Handlers\FileHandler' driver.
INFO - 2024-01-12 02:49:24 --> Session: Class initialized using 'CodeIgniter\Session\Handlers\FileHandler' driver.
INFO - 2024-01-12 02:49:24 --> Session: Class initialized using 'CodeIgniter\Session\Handlers\FileHandler' driver.
INFO - 2024-01-12 02:50:04 --> Session: Class initialized using 'CodeIgniter\Session\Handlers\FileHandler' driver.
INFO - 2024-01-12 02:50:04 --> Session: Class initialized using 'CodeIgniter\Session\Handlers\FileHandler' driver.
INFO - 2024-01-12 02:50:06 --> Session: Class initialized using 'CodeIgniter\Session\Handlers\FileHandler' driver.
INFO - 2024-01-12 02:50:06 --> Session: Class initialized using 'CodeIgniter\Session\Handlers\FileHandler' driver.
INFO - 2024-01-12 02:50:08 --> Session: Class initialized using 'CodeIgniter\Session\Handlers\FileHandler' driver.
INFO - 2024-01-12 02:50:08 --> Session: Class initialized using 'CodeIgniter\Session\Handlers\FileHandler' driver.
INFO - 2024-01-12 02:50:09 --> Session: Class initialized using 'CodeIgniter\Session\Handlers\FileHandler' driver.
INFO - 2024-01-12 02:50:09 --> Session: Class initialized using 'CodeIgniter\Session\Handlers\FileHandler' driver.
INFO - 2024-01-12 02:50:10 --> Session: Class initialized using 'CodeIgniter\Session\Handlers\FileHandler' driver.
INFO - 2024-01-12 02:50:11 --> Session: Class initialized using 'CodeIgniter\Session\Handlers\FileHandler' driver.
INFO - 2024-01-12 02:50:32 --> Session: Class initialized using 'CodeIgniter\Session\Handlers\FileHandler' driver.
INFO - 2024-01-12 02:50:32 --> Session: Class initialized using 'CodeIgniter\Session\Handlers\FileHandler' driver.
INFO - 2024-01-12 02:50:34 --> Session: Class initialized using 'CodeIgniter\Session\Handlers\FileHandler' driver.
INFO - 2024-01-12 02:50:35 --> Session: Class initialized using 'CodeIgniter\Session\Handlers\FileHandler' driver.
INFO - 2024-01-12 02:50:37 --> Session: Class initialized using 'CodeIgniter\Session\Handlers\FileHandler' driver.
INFO - 2024-01-12 02:50:37 --> Session: Class initialized using 'CodeIgniter\Session\Handlers\FileHandler' driver.
INFO - 2024-01-12 02:50:49 --> Session: Class initialized using 'CodeIgniter\Session\Handlers\FileHandler' driver.
INFO - 2024-01-12 02:50:50 --> Session: Class initialized using 'CodeIgniter\Session\Handlers\FileHandler' driver.
INFO - 2024-01-12 02:51:54 --> Session: Class initialized using 'CodeIgniter\Session\Handlers\FileHandler' driver.
INFO - 2024-01-12 02:51:54 --> Session: Class initialized using 'CodeIgniter\Session\Handlers\FileHandler' driver.
INFO - 2024-01-12 02:52:13 --> Session: Class initialized using 'CodeIgniter\Session\Handlers\FileHandler' driver.
ERROR - 2024-01-12 02:52:13 --> mysqli_sql_exception: Illegal mix of collations (utf8mb4_general_ci,IMPLICIT) and (utf8_general_ci,COERCIBLE) for operation '=' in /Applications/XAMPP/xamppfiles/htdocs/pembelajaran/system/Database/MySQLi/Connection.php:306
Stack trace:
#0 /Applications/XAMPP/xamppfiles/htdocs/pembelajaran/system/Database/MySQLi/Connection.php(306): mysqli->query('SELECT `kelas_m...', 0)
#1 /Applications/XAMPP/xamppfiles/htdocs/pembelajaran/system/Database/BaseConnection.php(693): CodeIgniter\Database\MySQLi\Connection->execute('SELECT `kelas_m...')
#2 /Applications/XAMPP/xamppfiles/htdocs/pembelajaran/system/Database/BaseConnection.php(607): CodeIgniter\Database\BaseConnection->simpleQuery('SELECT `kelas_m...')
#3 /Applications/XAMPP/xamppfiles/htdocs/pembelajaran/system/Database/BaseBuilder.php(1615): CodeIgniter\Database\BaseConnection->query('SELECT `kelas_m...', Array, false)
#4 /Applications/XAMPP/xamppfiles/htdocs/pembelajaran/system/Model.php(871): CodeIgniter\Database\BaseBuilder->get()
#5 /Applications/XAMPP/xamppfiles/htdocs/pembelajaran/app/Models/Admin/AdminKelasMasterModel.php(37): CodeIgniter\Model->__call('get', Array)
#6 /Applications/XAMPP/xamppfiles/htdocs/pembelajaran/app/Controllers/AdminKelasMaster.php(51): App\Models\Admin\AdminKelasMasterModel->getAllKelasMasterWithKelasJenis('i\xD7', NULL)
#7 /Applications/XAMPP/xamppfiles/htdocs/pembelajaran/system/CodeIgniter.php(942): App\Controllers\AdminKelasMaster->KelasMaster('add')
#8 /Applications/XAMPP/xamppfiles/htdocs/pembelajaran/system/CodeIgniter.php(502): CodeIgniter\CodeIgniter->runController(Object(App\Controllers\AdminKelasMaster))
#9 /Applications/XAMPP/xamppfiles/htdocs/pembelajaran/system/CodeIgniter.php(361): CodeIgniter\CodeIgniter->handleRequest(NULL, Object(Config\Cache), false)
#10 /Applications/XAMPP/xamppfiles/htdocs/pembelajaran/public/index.php(79): CodeIgniter\CodeIgniter->run()
#11 /Applications/XAMPP/xamppfiles/htdocs/pembelajaran/system/Commands/Server/rewrite.php(47): require_once('/Applications/X...')
#12 {main}
CRITICAL - 2024-01-12 02:52:13 --> Illegal mix of collations (utf8mb4_general_ci,IMPLICIT) and (utf8_general_ci,COERCIBLE) for operation '='
in SYSTEMPATH/Database/BaseConnection.php on line 647.
 1 SYSTEMPATH/Database/BaseBuilder.php(1615): CodeIgniter\Database\BaseConnection->query('SELECT `kelas_master`.*, `tahun_akademik`.`nama`, `kelas_jenis`.`nama_kelas`, `nama_prodi`
FROM `kelas_master`
JOIN `tahun_akademik` ON `kelas_master`.`tahun_akademik_id` = `tahun_akademik`.`id`
JOIN `kelas_jenis` ON `kelas_master`.`kelas_jenis_id` = `kelas_jenis`.`id`
JOIN `prodi` ON `kelas_master`.`prodi_id` = `prodi`.`id`
WHERE `tahun_akademik`.`status` = :tahun_akademik.status:
AND `prodi_id` = :prodi_id:', [...], false)
 2 SYSTEMPATH/Model.php(871): CodeIgniter\Database\BaseBuilder->get()
 3 APPPATH/Models/Admin/AdminKelasMasterModel.php(37): CodeIgniter\Model->__call('get', [])
 4 APPPATH/Controllers/AdminKelasMaster.php(51): App\Models\Admin\AdminKelasMasterModel->getAllKelasMasterWithKelasJenis('i×', null)
 5 SYSTEMPATH/CodeIgniter.php(942): App\Controllers\AdminKelasMaster->KelasMaster('add')
 6 SYSTEMPATH/CodeIgniter.php(502): CodeIgniter\CodeIgniter->runController(Object(App\Controllers\AdminKelasMaster))
 7 SYSTEMPATH/CodeIgniter.php(361): CodeIgniter\CodeIgniter->handleRequest(null, Object(Config\Cache), false)
 8 FCPATH/index.php(79): CodeIgniter\CodeIgniter->run()
 9 SYSTEMPATH/Commands/Server/rewrite.php(47): require_once('/Applications/XAMPP/xamppfiles/htdocs/pembelajaran/public/index.php')
INFO - 2024-01-12 02:52:16 --> Session: Class initialized using 'CodeIgniter\Session\Handlers\FileHandler' driver.
INFO - 2024-01-12 02:52:16 --> Session: Class initialized using 'CodeIgniter\Session\Handlers\FileHandler' driver.
INFO - 2024-01-12 02:52:49 --> Session: Class initialized using 'CodeIgniter\Session\Handlers\FileHandler' driver.
CRITICAL - 2024-01-12 02:52:49 --> Undefined array key "jenis"
in APPPATH/Views/konten/admin/master/kelas/master/index.php on line 63.
 1 APPPATH/Views/konten/admin/master/kelas/master/index.php(63): CodeIgniter\Debug\Exceptions->errorHandler(2, 'Undefined array key "jenis"', '/Applications/XAMPP/xamppfiles/htdocs/pembelajaran/app/Views/konten/admin/master/kelas/master/index.php', 63)
 2 SYSTEMPATH/View/View.php(228): include('/Applications/XAMPP/xamppfiles/htdocs/pembelajaran/app/Views/konten/admin/master/kelas/master/index.php')
 3 SYSTEMPATH/View/View.php(231): CodeIgniter\View\View->CodeIgniter\View\{closure}()
 4 SYSTEMPATH/Common.php(1190): CodeIgniter\View\View->render('konten/admin/master/kelas/master/index', [], true)
 5 APPPATH/Controllers/AdminKelasMaster.php(53): view('konten/admin/master/kelas/master/index', [...])
 6 SYSTEMPATH/CodeIgniter.php(942): App\Controllers\AdminKelasMaster->KelasMaster('ZGY2ZWM4YzgtZWNhMC00NTExLTkwY2UtYzE3ZDI4MmQzNmU3')
 7 SYSTEMPATH/CodeIgniter.php(502): CodeIgniter\CodeIgniter->runController(Object(App\Controllers\AdminKelasMaster))
 8 SYSTEMPATH/CodeIgniter.php(361): CodeIgniter\CodeIgniter->handleRequest(null, Object(Config\Cache), false)
 9 FCPATH/index.php(79): CodeIgniter\CodeIgniter->run()
10 SYSTEMPATH/Commands/Server/rewrite.php(47): require_once('/Applications/XAMPP/xamppfiles/htdocs/pembelajaran/public/index.php')
INFO - 2024-01-12 02:53:20 --> Session: Class initialized using 'CodeIgniter\Session\Handlers\FileHandler' driver.
INFO - 2024-01-12 02:53:20 --> Session: Class initialized using 'CodeIgniter\Session\Handlers\FileHandler' driver.
INFO - 2024-01-12 02:53:48 --> Session: Class initialized using 'CodeIgniter\Session\Handlers\FileHandler' driver.
INFO - 2024-01-12 02:53:49 --> Session: Class initialized using 'CodeIgniter\Session\Handlers\FileHandler' driver.
INFO - 2024-01-12 02:54:03 --> Session: Class initialized using 'CodeIgniter\Session\Handlers\FileHandler' driver.
ERROR - 2024-01-12 02:54:03 --> mysqli_sql_exception: Illegal mix of collations (utf8mb4_general_ci,IMPLICIT) and (utf8_general_ci,COERCIBLE) for operation '=' in /Applications/XAMPP/xamppfiles/htdocs/pembelajaran/system/Database/MySQLi/Connection.php:306
Stack trace:
#0 /Applications/XAMPP/xamppfiles/htdocs/pembelajaran/system/Database/MySQLi/Connection.php(306): mysqli->query('SELECT `kelas_m...', 0)
#1 /Applications/XAMPP/xamppfiles/htdocs/pembelajaran/system/Database/BaseConnection.php(693): CodeIgniter\Database\MySQLi\Connection->execute('SELECT `kelas_m...')
#2 /Applications/XAMPP/xamppfiles/htdocs/pembelajaran/system/Database/BaseConnection.php(607): CodeIgniter\Database\BaseConnection->simpleQuery('SELECT `kelas_m...')
#3 /Applications/XAMPP/xamppfiles/htdocs/pembelajaran/system/Database/BaseBuilder.php(1615): CodeIgniter\Database\BaseConnection->query('SELECT `kelas_m...', Array, false)
#4 /Applications/XAMPP/xamppfiles/htdocs/pembelajaran/system/Model.php(871): CodeIgniter\Database\BaseBuilder->get()
#5 /Applications/XAMPP/xamppfiles/htdocs/pembelajaran/app/Models/Admin/AdminKelasMasterModel.php(37): CodeIgniter\Model->__call('get', Array)
#6 /Applications/XAMPP/xamppfiles/htdocs/pembelajaran/app/Controllers/AdminKelasMaster.php(51): App\Models\Admin\AdminKelasMasterModel->getAllKelasMasterWithKelasJenis('i\xD7', NULL)
#7 /Applications/XAMPP/xamppfiles/htdocs/pembelajaran/system/CodeIgniter.php(942): App\Controllers\AdminKelasMaster->KelasMaster('add')
#8 /Applications/XAMPP/xamppfiles/htdocs/pembelajaran/system/CodeIgniter.php(502): CodeIgniter\CodeIgniter->runController(Object(App\Controllers\AdminKelasMaster))
#9 /Applications/XAMPP/xamppfiles/htdocs/pembelajaran/system/CodeIgniter.php(361): CodeIgniter\CodeIgniter->handleRequest(NULL, Object(Config\Cache), false)
#10 /Applications/XAMPP/xamppfiles/htdocs/pembelajaran/public/index.php(79): CodeIgniter\CodeIgniter->run()
#11 /Applications/XAMPP/xamppfiles/htdocs/pembelajaran/system/Commands/Server/rewrite.php(47): require_once('/Applications/X...')
#12 {main}
CRITICAL - 2024-01-12 02:54:03 --> Illegal mix of collations (utf8mb4_general_ci,IMPLICIT) and (utf8_general_ci,COERCIBLE) for operation '='
in SYSTEMPATH/Database/BaseConnection.php on line 647.
 1 SYSTEMPATH/Database/BaseBuilder.php(1615): CodeIgniter\Database\BaseConnection->query('SELECT `kelas_master`.*, `tahun_akademik`.`nama`, `kelas_jenis`.`nama_kelas`, `nama_prodi`, `tahun_akademik`.`jenis`
FROM `kelas_master`
JOIN `tahun_akademik` ON `kelas_master`.`tahun_akademik_id` = `tahun_akademik`.`id`
JOIN `kelas_jenis` ON `kelas_master`.`kelas_jenis_id` = `kelas_jenis`.`id`
JOIN `prodi` ON `kelas_master`.`prodi_id` = `prodi`.`id`
WHERE `tahun_akademik`.`status` = :tahun_akademik.status:
AND `prodi_id` = :prodi_id:', [...], false)
 2 SYSTEMPATH/Model.php(871): CodeIgniter\Database\BaseBuilder->get()
 3 APPPATH/Models/Admin/AdminKelasMasterModel.php(37): CodeIgniter\Model->__call('get', [])
 4 APPPATH/Controllers/AdminKelasMaster.php(51): App\Models\Admin\AdminKelasMasterModel->getAllKelasMasterWithKelasJenis('i×', null)
 5 SYSTEMPATH/CodeIgniter.php(942): App\Controllers\AdminKelasMaster->KelasMaster('add')
 6 SYSTEMPATH/CodeIgniter.php(502): CodeIgniter\CodeIgniter->runController(Object(App\Controllers\AdminKelasMaster))
 7 SYSTEMPATH/CodeIgniter.php(361): CodeIgniter\CodeIgniter->handleRequest(null, Object(Config\Cache), false)
 8 FCPATH/index.php(79): CodeIgniter\CodeIgniter->run()
 9 SYSTEMPATH/Commands/Server/rewrite.php(47): require_once('/Applications/XAMPP/xamppfiles/htdocs/pembelajaran/public/index.php')
INFO - 2024-01-12 02:57:18 --> Session: Class initialized using 'CodeIgniter\Session\Handlers\FileHandler' driver.
INFO - 2024-01-12 02:57:18 --> Session: Class initialized using 'CodeIgniter\Session\Handlers\FileHandler' driver.
INFO - 2024-01-12 02:57:24 --> Session: Class initialized using 'CodeIgniter\Session\Handlers\FileHandler' driver.
ERROR - 2024-01-12 02:57:24 --> mysqli_sql_exception: Illegal mix of collations (utf8mb4_general_ci,IMPLICIT) and (utf8_general_ci,COERCIBLE) for operation '=' in /Applications/XAMPP/xamppfiles/htdocs/pembelajaran/system/Database/MySQLi/Connection.php:306
Stack trace:
#0 /Applications/XAMPP/xamppfiles/htdocs/pembelajaran/system/Database/MySQLi/Connection.php(306): mysqli->query('SELECT `kelas_m...', 0)
#1 /Applications/XAMPP/xamppfiles/htdocs/pembelajaran/system/Database/BaseConnection.php(693): CodeIgniter\Database\MySQLi\Connection->execute('SELECT `kelas_m...')
#2 /Applications/XAMPP/xamppfiles/htdocs/pembelajaran/system/Database/BaseConnection.php(607): CodeIgniter\Database\BaseConnection->simpleQuery('SELECT `kelas_m...')
#3 /Applications/XAMPP/xamppfiles/htdocs/pembelajaran/system/Database/BaseBuilder.php(1615): CodeIgniter\Database\BaseConnection->query('SELECT `kelas_m...', Array, false)
#4 /Applications/XAMPP/xamppfiles/htdocs/pembelajaran/system/Model.php(871): CodeIgniter\Database\BaseBuilder->get()
#5 /Applications/XAMPP/xamppfiles/htdocs/pembelajaran/app/Models/Admin/AdminKelasMasterModel.php(37): CodeIgniter\Model->__call('get', Array)
#6 /Applications/XAMPP/xamppfiles/htdocs/pembelajaran/app/Controllers/AdminKelasMaster.php(51): App\Models\Admin\AdminKelasMasterModel->getAllKelasMasterWithKelasJenis('i\xD7', NULL)
#7 /Applications/XAMPP/xamppfiles/htdocs/pembelajaran/system/CodeIgniter.php(942): App\Controllers\AdminKelasMaster->KelasMaster('add')
#8 /Applications/XAMPP/xamppfiles/htdocs/pembelajaran/system/CodeIgniter.php(502): CodeIgniter\CodeIgniter->runController(Object(App\Controllers\AdminKelasMaster))
#9 /Applications/XAMPP/xamppfiles/htdocs/pembelajaran/system/CodeIgniter.php(361): CodeIgniter\CodeIgniter->handleRequest(NULL, Object(Config\Cache), false)
#10 /Applications/XAMPP/xamppfiles/htdocs/pembelajaran/public/index.php(79): CodeIgniter\CodeIgniter->run()
#11 /Applications/XAMPP/xamppfiles/htdocs/pembelajaran/system/Commands/Server/rewrite.php(47): require_once('/Applications/X...')
#12 {main}
CRITICAL - 2024-01-12 02:57:24 --> Illegal mix of collations (utf8mb4_general_ci,IMPLICIT) and (utf8_general_ci,COERCIBLE) for operation '='
in SYSTEMPATH/Database/BaseConnection.php on line 647.
 1 SYSTEMPATH/Database/BaseBuilder.php(1615): CodeIgniter\Database\BaseConnection->query('SELECT `kelas_master`.*, `tahun_akademik`.`nama`, `kelas_jenis`.`nama_kelas`, `nama_prodi`, `tahun_akademik`.`jenis`
FROM `kelas_master`
JOIN `tahun_akademik` ON `kelas_master`.`tahun_akademik_id` = `tahun_akademik`.`id`
JOIN `kelas_jenis` ON `kelas_master`.`kelas_jenis_id` = `kelas_jenis`.`id`
JOIN `prodi` ON `kelas_master`.`prodi_id` = `prodi`.`id`
WHERE `tahun_akademik`.`status` = :tahun_akademik.status:
AND `prodi_id` = :prodi_id:', [...], false)
 2 SYSTEMPATH/Model.php(871): CodeIgniter\Database\BaseBuilder->get()
 3 APPPATH/Models/Admin/AdminKelasMasterModel.php(37): CodeIgniter\Model->__call('get', [])
 4 APPPATH/Controllers/AdminKelasMaster.php(51): App\Models\Admin\AdminKelasMasterModel->getAllKelasMasterWithKelasJenis('i×', null)
 5 SYSTEMPATH/CodeIgniter.php(942): App\Controllers\AdminKelasMaster->KelasMaster('add')
 6 SYSTEMPATH/CodeIgniter.php(502): CodeIgniter\CodeIgniter->runController(Object(App\Controllers\AdminKelasMaster))
 7 SYSTEMPATH/CodeIgniter.php(361): CodeIgniter\CodeIgniter->handleRequest(null, Object(Config\Cache), false)
 8 FCPATH/index.php(79): CodeIgniter\CodeIgniter->run()
 9 SYSTEMPATH/Commands/Server/rewrite.php(47): require_once('/Applications/XAMPP/xamppfiles/htdocs/pembelajaran/public/index.php')
INFO - 2024-01-12 03:00:42 --> Session: Class initialized using 'CodeIgniter\Session\Handlers\FileHandler' driver.
ERROR - 2024-01-12 03:00:42 --> mysqli_sql_exception: Illegal mix of collations (utf8mb4_general_ci,IMPLICIT) and (utf8_general_ci,COERCIBLE) for operation '=' in /Applications/XAMPP/xamppfiles/htdocs/pembelajaran/system/Database/MySQLi/Connection.php:306
Stack trace:
#0 /Applications/XAMPP/xamppfiles/htdocs/pembelajaran/system/Database/MySQLi/Connection.php(306): mysqli->query('SELECT `kelas_m...', 0)
#1 /Applications/XAMPP/xamppfiles/htdocs/pembelajaran/system/Database/BaseConnection.php(693): CodeIgniter\Database\MySQLi\Connection->execute('SELECT `kelas_m...')
#2 /Applications/XAMPP/xamppfiles/htdocs/pembelajaran/system/Database/BaseConnection.php(607): CodeIgniter\Database\BaseConnection->simpleQuery('SELECT `kelas_m...')
#3 /Applications/XAMPP/xamppfiles/htdocs/pembelajaran/system/Database/BaseBuilder.php(1615): CodeIgniter\Database\BaseConnection->query('SELECT `kelas_m...', Array, false)
#4 /Applications/XAMPP/xamppfiles/htdocs/pembelajaran/system/Model.php(871): CodeIgniter\Database\BaseBuilder->get()
#5 /Applications/XAMPP/xamppfiles/htdocs/pembelajaran/app/Models/Admin/AdminKelasMasterModel.php(37): CodeIgniter\Model->__call('get', Array)
#6 /Applications/XAMPP/xamppfiles/htdocs/pembelajaran/app/Controllers/AdminKelasMaster.php(51): App\Models\Admin\AdminKelasMasterModel->getAllKelasMasterWithKelasJenis('i\xD7', NULL)
#7 /Applications/XAMPP/xamppfiles/htdocs/pembelajaran/system/CodeIgniter.php(942): App\Controllers\AdminKelasMaster->KelasMaster('add')
#8 /Applications/XAMPP/xamppfiles/htdocs/pembelajaran/system/CodeIgniter.php(502): CodeIgniter\CodeIgniter->runController(Object(App\Controllers\AdminKelasMaster))
#9 /Applications/XAMPP/xamppfiles/htdocs/pembelajaran/system/CodeIgniter.php(361): CodeIgniter\CodeIgniter->handleRequest(NULL, Object(Config\Cache), false)
#10 /Applications/XAMPP/xamppfiles/htdocs/pembelajaran/public/index.php(79): CodeIgniter\CodeIgniter->run()
#11 /Applications/XAMPP/xamppfiles/htdocs/pembelajaran/system/Commands/Server/rewrite.php(47): require_once('/Applications/X...')
#12 {main}
CRITICAL - 2024-01-12 03:00:42 --> Illegal mix of collations (utf8mb4_general_ci,IMPLICIT) and (utf8_general_ci,COERCIBLE) for operation '='
in SYSTEMPATH/Database/BaseConnection.php on line 647.
 1 SYSTEMPATH/Database/BaseBuilder.php(1615): CodeIgniter\Database\BaseConnection->query('SELECT `kelas_master`.*, `tahun_akademik`.`nama`, `kelas_jenis`.`nama_kelas`, `nama_prodi`, `tahun_akademik`.`jenis`
FROM `kelas_master`
JOIN `tahun_akademik` ON `kelas_master`.`tahun_akademik_id` = `tahun_akademik`.`id`
JOIN `kelas_jenis` ON `kelas_master`.`kelas_jenis_id` = `kelas_jenis`.`id`
JOIN `prodi` ON `kelas_master`.`prodi_id` = `prodi`.`id`
WHERE `tahun_akademik`.`status` = :tahun_akademik.status:
AND `prodi_id` = :prodi_id:', [...], false)
 2 SYSTEMPATH/Model.php(871): CodeIgniter\Database\BaseBuilder->get()
 3 APPPATH/Models/Admin/AdminKelasMasterModel.php(37): CodeIgniter\Model->__call('get', [])
 4 APPPATH/Controllers/AdminKelasMaster.php(51): App\Models\Admin\AdminKelasMasterModel->getAllKelasMasterWithKelasJenis('i×', null)
 5 SYSTEMPATH/CodeIgniter.php(942): App\Controllers\AdminKelasMaster->KelasMaster('add')
 6 SYSTEMPATH/CodeIgniter.php(502): CodeIgniter\CodeIgniter->runController(Object(App\Controllers\AdminKelasMaster))
 7 SYSTEMPATH/CodeIgniter.php(361): CodeIgniter\CodeIgniter->handleRequest(null, Object(Config\Cache), false)
 8 FCPATH/index.php(79): CodeIgniter\CodeIgniter->run()
 9 SYSTEMPATH/Commands/Server/rewrite.php(47): require_once('/Applications/XAMPP/xamppfiles/htdocs/pembelajaran/public/index.php')
INFO - 2024-01-12 03:00:43 --> Session: Class initialized using 'CodeIgniter\Session\Handlers\FileHandler' driver.
ERROR - 2024-01-12 03:00:43 --> mysqli_sql_exception: Illegal mix of collations (utf8mb4_general_ci,IMPLICIT) and (utf8_general_ci,COERCIBLE) for operation '=' in /Applications/XAMPP/xamppfiles/htdocs/pembelajaran/system/Database/MySQLi/Connection.php:306
Stack trace:
#0 /Applications/XAMPP/xamppfiles/htdocs/pembelajaran/system/Database/MySQLi/Connection.php(306): mysqli->query('SELECT `kelas_m...', 0)
#1 /Applications/XAMPP/xamppfiles/htdocs/pembelajaran/system/Database/BaseConnection.php(693): CodeIgniter\Database\MySQLi\Connection->execute('SELECT `kelas_m...')
#2 /Applications/XAMPP/xamppfiles/htdocs/pembelajaran/system/Database/BaseConnection.php(607): CodeIgniter\Database\BaseConnection->simpleQuery('SELECT `kelas_m...')
#3 /Applications/XAMPP/xamppfiles/htdocs/pembelajaran/system/Database/BaseBuilder.php(1615): CodeIgniter\Database\BaseConnection->query('SELECT `kelas_m...', Array, false)
#4 /Applications/XAMPP/xamppfiles/htdocs/pembelajaran/system/Model.php(871): CodeIgniter\Database\BaseBuilder->get()
#5 /Applications/XAMPP/xamppfiles/htdocs/pembelajaran/app/Models/Admin/AdminKelasMasterModel.php(37): CodeIgniter\Model->__call('get', Array)
#6 /Applications/XAMPP/xamppfiles/htdocs/pembelajaran/app/Controllers/AdminKelasMaster.php(51): App\Models\Admin\AdminKelasMasterModel->getAllKelasMasterWithKelasJenis('i\xD7', NULL)
#7 /Applications/XAMPP/xamppfiles/htdocs/pembelajaran/system/CodeIgniter.php(942): App\Controllers\AdminKelasMaster->KelasMaster('add')
#8 /Applications/XAMPP/xamppfiles/htdocs/pembelajaran/system/CodeIgniter.php(502): CodeIgniter\CodeIgniter->runController(Object(App\Controllers\AdminKelasMaster))
#9 /Applications/XAMPP/xamppfiles/htdocs/pembelajaran/system/CodeIgniter.php(361): CodeIgniter\CodeIgniter->handleRequest(NULL, Object(Config\Cache), false)
#10 /Applications/XAMPP/xamppfiles/htdocs/pembelajaran/public/index.php(79): CodeIgniter\CodeIgniter->run()
#11 /Applications/XAMPP/xamppfiles/htdocs/pembelajaran/system/Commands/Server/rewrite.php(47): require_once('/Applications/X...')
#12 {main}
CRITICAL - 2024-01-12 03:00:43 --> Illegal mix of collations (utf8mb4_general_ci,IMPLICIT) and (utf8_general_ci,COERCIBLE) for operation '='
in SYSTEMPATH/Database/BaseConnection.php on line 647.
 1 SYSTEMPATH/Database/BaseBuilder.php(1615): CodeIgniter\Database\BaseConnection->query('SELECT `kelas_master`.*, `tahun_akademik`.`nama`, `kelas_jenis`.`nama_kelas`, `nama_prodi`, `tahun_akademik`.`jenis`
FROM `kelas_master`
JOIN `tahun_akademik` ON `kelas_master`.`tahun_akademik_id` = `tahun_akademik`.`id`
JOIN `kelas_jenis` ON `kelas_master`.`kelas_jenis_id` = `kelas_jenis`.`id`
JOIN `prodi` ON `kelas_master`.`prodi_id` = `prodi`.`id`
WHERE `tahun_akademik`.`status` = :tahun_akademik.status:
AND `prodi_id` = :prodi_id:', [...], false)
 2 SYSTEMPATH/Model.php(871): CodeIgniter\Database\BaseBuilder->get()
 3 APPPATH/Models/Admin/AdminKelasMasterModel.php(37): CodeIgniter\Model->__call('get', [])
 4 APPPATH/Controllers/AdminKelasMaster.php(51): App\Models\Admin\AdminKelasMasterModel->getAllKelasMasterWithKelasJenis('i×', null)
 5 SYSTEMPATH/CodeIgniter.php(942): App\Controllers\AdminKelasMaster->KelasMaster('add')
 6 SYSTEMPATH/CodeIgniter.php(502): CodeIgniter\CodeIgniter->runController(Object(App\Controllers\AdminKelasMaster))
 7 SYSTEMPATH/CodeIgniter.php(361): CodeIgniter\CodeIgniter->handleRequest(null, Object(Config\Cache), false)
 8 FCPATH/index.php(79): CodeIgniter\CodeIgniter->run()
 9 SYSTEMPATH/Commands/Server/rewrite.php(47): require_once('/Applications/XAMPP/xamppfiles/htdocs/pembelajaran/public/index.php')
INFO - 2024-01-12 03:01:23 --> Session: Class initialized using 'CodeIgniter\Session\Handlers\FileHandler' driver.
ERROR - 2024-01-12 03:01:23 --> mysqli_sql_exception: Illegal mix of collations (utf8mb4_general_ci,IMPLICIT) and (utf8_general_ci,COERCIBLE) for operation '=' in /Applications/XAMPP/xamppfiles/htdocs/pembelajaran/system/Database/MySQLi/Connection.php:306
Stack trace:
#0 /Applications/XAMPP/xamppfiles/htdocs/pembelajaran/system/Database/MySQLi/Connection.php(306): mysqli->query('SELECT `kelas_m...', 0)
#1 /Applications/XAMPP/xamppfiles/htdocs/pembelajaran/system/Database/BaseConnection.php(693): CodeIgniter\Database\MySQLi\Connection->execute('SELECT `kelas_m...')
#2 /Applications/XAMPP/xamppfiles/htdocs/pembelajaran/system/Database/BaseConnection.php(607): CodeIgniter\Database\BaseConnection->simpleQuery('SELECT `kelas_m...')
#3 /Applications/XAMPP/xamppfiles/htdocs/pembelajaran/system/Database/BaseBuilder.php(1615): CodeIgniter\Database\BaseConnection->query('SELECT `kelas_m...', Array, false)
#4 /Applications/XAMPP/xamppfiles/htdocs/pembelajaran/system/Model.php(871): CodeIgniter\Database\BaseBuilder->get()
#5 /Applications/XAMPP/xamppfiles/htdocs/pembelajaran/app/Models/Admin/AdminKelasMasterModel.php(37): CodeIgniter\Model->__call('get', Array)
#6 /Applications/XAMPP/xamppfiles/htdocs/pembelajaran/app/Controllers/AdminKelasMaster.php(51): App\Models\Admin\AdminKelasMasterModel->getAllKelasMasterWithKelasJenis('i\xD7', NULL)
#7 /Applications/XAMPP/xamppfiles/htdocs/pembelajaran/system/CodeIgniter.php(942): App\Controllers\AdminKelasMaster->KelasMaster('add')
#8 /Applications/XAMPP/xamppfiles/htdocs/pembelajaran/system/CodeIgniter.php(502): CodeIgniter\CodeIgniter->runController(Object(App\Controllers\AdminKelasMaster))
#9 /Applications/XAMPP/xamppfiles/htdocs/pembelajaran/system/CodeIgniter.php(361): CodeIgniter\CodeIgniter->handleRequest(NULL, Object(Config\Cache), false)
#10 /Applications/XAMPP/xamppfiles/htdocs/pembelajaran/public/index.php(79): CodeIgniter\CodeIgniter->run()
#11 /Applications/XAMPP/xamppfiles/htdocs/pembelajaran/system/Commands/Server/rewrite.php(47): require_once('/Applications/X...')
#12 {main}
CRITICAL - 2024-01-12 03:01:23 --> Illegal mix of collations (utf8mb4_general_ci,IMPLICIT) and (utf8_general_ci,COERCIBLE) for operation '='
in SYSTEMPATH/Database/BaseConnection.php on line 647.
 1 SYSTEMPATH/Database/BaseBuilder.php(1615): CodeIgniter\Database\BaseConnection->query('SELECT `kelas_master`.*, `tahun_akademik`.`nama`, `kelas_jenis`.`nama_kelas`, `nama_prodi`, `tahun_akademik`.`jenis`
FROM `kelas_master`
JOIN `tahun_akademik` ON `kelas_master`.`tahun_akademik_id` = `tahun_akademik`.`id`
JOIN `kelas_jenis` ON `kelas_master`.`kelas_jenis_id` = `kelas_jenis`.`id`
JOIN `prodi` ON `kelas_master`.`prodi_id` = `prodi`.`id`
WHERE `tahun_akademik`.`status` = :tahun_akademik.status:
AND `prodi_id` = :prodi_id:', [...], false)
 2 SYSTEMPATH/Model.php(871): CodeIgniter\Database\BaseBuilder->get()
 3 APPPATH/Models/Admin/AdminKelasMasterModel.php(37): CodeIgniter\Model->__call('get', [])
 4 APPPATH/Controllers/AdminKelasMaster.php(51): App\Models\Admin\AdminKelasMasterModel->getAllKelasMasterWithKelasJenis('i×', null)
 5 SYSTEMPATH/CodeIgniter.php(942): App\Controllers\AdminKelasMaster->KelasMaster('add')
 6 SYSTEMPATH/CodeIgniter.php(502): CodeIgniter\CodeIgniter->runController(Object(App\Controllers\AdminKelasMaster))
 7 SYSTEMPATH/CodeIgniter.php(361): CodeIgniter\CodeIgniter->handleRequest(null, Object(Config\Cache), false)
 8 FCPATH/index.php(79): CodeIgniter\CodeIgniter->run()
 9 SYSTEMPATH/Commands/Server/rewrite.php(47): require_once('/Applications/XAMPP/xamppfiles/htdocs/pembelajaran/public/index.php')
INFO - 2024-01-12 03:01:24 --> Session: Class initialized using 'CodeIgniter\Session\Handlers\FileHandler' driver.
ERROR - 2024-01-12 03:01:24 --> mysqli_sql_exception: Illegal mix of collations (utf8mb4_general_ci,IMPLICIT) and (utf8_general_ci,COERCIBLE) for operation '=' in /Applications/XAMPP/xamppfiles/htdocs/pembelajaran/system/Database/MySQLi/Connection.php:306
Stack trace:
#0 /Applications/XAMPP/xamppfiles/htdocs/pembelajaran/system/Database/MySQLi/Connection.php(306): mysqli->query('SELECT `kelas_m...', 0)
#1 /Applications/XAMPP/xamppfiles/htdocs/pembelajaran/system/Database/BaseConnection.php(693): CodeIgniter\Database\MySQLi\Connection->execute('SELECT `kelas_m...')
#2 /Applications/XAMPP/xamppfiles/htdocs/pembelajaran/system/Database/BaseConnection.php(607): CodeIgniter\Database\BaseConnection->simpleQuery('SELECT `kelas_m...')
#3 /Applications/XAMPP/xamppfiles/htdocs/pembelajaran/system/Database/BaseBuilder.php(1615): CodeIgniter\Database\BaseConnection->query('SELECT `kelas_m...', Array, false)
#4 /Applications/XAMPP/xamppfiles/htdocs/pembelajaran/system/Model.php(871): CodeIgniter\Database\BaseBuilder->get()
#5 /Applications/XAMPP/xamppfiles/htdocs/pembelajaran/app/Models/Admin/AdminKelasMasterModel.php(37): CodeIgniter\Model->__call('get', Array)
#6 /Applications/XAMPP/xamppfiles/htdocs/pembelajaran/app/Controllers/AdminKelasMaster.php(51): App\Models\Admin\AdminKelasMasterModel->getAllKelasMasterWithKelasJenis('i\xD7', NULL)
#7 /Applications/XAMPP/xamppfiles/htdocs/pembelajaran/system/CodeIgniter.php(942): App\Controllers\AdminKelasMaster->KelasMaster('add')
#8 /Applications/XAMPP/xamppfiles/htdocs/pembelajaran/system/CodeIgniter.php(502): CodeIgniter\CodeIgniter->runController(Object(App\Controllers\AdminKelasMaster))
#9 /Applications/XAMPP/xamppfiles/htdocs/pembelajaran/system/CodeIgniter.php(361): CodeIgniter\CodeIgniter->handleRequest(NULL, Object(Config\Cache), false)
#10 /Applications/XAMPP/xamppfiles/htdocs/pembelajaran/public/index.php(79): CodeIgniter\CodeIgniter->run()
#11 /Applications/XAMPP/xamppfiles/htdocs/pembelajaran/system/Commands/Server/rewrite.php(47): require_once('/Applications/X...')
#12 {main}
CRITICAL - 2024-01-12 03:01:24 --> Illegal mix of collations (utf8mb4_general_ci,IMPLICIT) and (utf8_general_ci,COERCIBLE) for operation '='
in SYSTEMPATH/Database/BaseConnection.php on line 647.
 1 SYSTEMPATH/Database/BaseBuilder.php(1615): CodeIgniter\Database\BaseConnection->query('SELECT `kelas_master`.*, `tahun_akademik`.`nama`, `kelas_jenis`.`nama_kelas`, `nama_prodi`, `tahun_akademik`.`jenis`
FROM `kelas_master`
JOIN `tahun_akademik` ON `kelas_master`.`tahun_akademik_id` = `tahun_akademik`.`id`
JOIN `kelas_jenis` ON `kelas_master`.`kelas_jenis_id` = `kelas_jenis`.`id`
JOIN `prodi` ON `kelas_master`.`prodi_id` = `prodi`.`id`
WHERE `tahun_akademik`.`status` = :tahun_akademik.status:
AND `prodi_id` = :prodi_id:', [...], false)
 2 SYSTEMPATH/Model.php(871): CodeIgniter\Database\BaseBuilder->get()
 3 APPPATH/Models/Admin/AdminKelasMasterModel.php(37): CodeIgniter\Model->__call('get', [])
 4 APPPATH/Controllers/AdminKelasMaster.php(51): App\Models\Admin\AdminKelasMasterModel->getAllKelasMasterWithKelasJenis('i×', null)
 5 SYSTEMPATH/CodeIgniter.php(942): App\Controllers\AdminKelasMaster->KelasMaster('add')
 6 SYSTEMPATH/CodeIgniter.php(502): CodeIgniter\CodeIgniter->runController(Object(App\Controllers\AdminKelasMaster))
 7 SYSTEMPATH/CodeIgniter.php(361): CodeIgniter\CodeIgniter->handleRequest(null, Object(Config\Cache), false)
 8 FCPATH/index.php(79): CodeIgniter\CodeIgniter->run()
 9 SYSTEMPATH/Commands/Server/rewrite.php(47): require_once('/Applications/XAMPP/xamppfiles/htdocs/pembelajaran/public/index.php')
INFO - 2024-01-12 03:01:28 --> Session: Class initialized using 'CodeIgniter\Session\Handlers\FileHandler' driver.
INFO - 2024-01-12 03:01:28 --> Session: Class initialized using 'CodeIgniter\Session\Handlers\FileHandler' driver.
INFO - 2024-01-12 03:02:21 --> Session: Class initialized using 'CodeIgniter\Session\Handlers\FileHandler' driver.
ERROR - 2024-01-12 03:02:21 --> mysqli_sql_exception: Illegal mix of collations (utf8mb4_general_ci,IMPLICIT) and (utf8_general_ci,COERCIBLE) for operation '=' in /Applications/XAMPP/xamppfiles/htdocs/pembelajaran/system/Database/MySQLi/Connection.php:306
Stack trace:
#0 /Applications/XAMPP/xamppfiles/htdocs/pembelajaran/system/Database/MySQLi/Connection.php(306): mysqli->query('SELECT `kelas_m...', 0)
#1 /Applications/XAMPP/xamppfiles/htdocs/pembelajaran/system/Database/BaseConnection.php(693): CodeIgniter\Database\MySQLi\Connection->execute('SELECT `kelas_m...')
#2 /Applications/XAMPP/xamppfiles/htdocs/pembelajaran/system/Database/BaseConnection.php(607): CodeIgniter\Database\BaseConnection->simpleQuery('SELECT `kelas_m...')
#3 /Applications/XAMPP/xamppfiles/htdocs/pembelajaran/system/Database/BaseBuilder.php(1615): CodeIgniter\Database\BaseConnection->query('SELECT `kelas_m...', Array, false)
#4 /Applications/XAMPP/xamppfiles/htdocs/pembelajaran/system/Model.php(871): CodeIgniter\Database\BaseBuilder->get()
#5 /Applications/XAMPP/xamppfiles/htdocs/pembelajaran/app/Models/Admin/AdminKelasMasterModel.php(37): CodeIgniter\Model->__call('get', Array)
#6 /Applications/XAMPP/xamppfiles/htdocs/pembelajaran/app/Controllers/AdminKelasMaster.php(51): App\Models\Admin\AdminKelasMasterModel->getAllKelasMasterWithKelasJenis('i\xD7', NULL)
#7 /Applications/XAMPP/xamppfiles/htdocs/pembelajaran/system/CodeIgniter.php(942): App\Controllers\AdminKelasMaster->KelasMaster('add')
#8 /Applications/XAMPP/xamppfiles/htdocs/pembelajaran/system/CodeIgniter.php(502): CodeIgniter\CodeIgniter->runController(Object(App\Controllers\AdminKelasMaster))
#9 /Applications/XAMPP/xamppfiles/htdocs/pembelajaran/system/CodeIgniter.php(361): CodeIgniter\CodeIgniter->handleRequest(NULL, Object(Config\Cache), false)
#10 /Applications/XAMPP/xamppfiles/htdocs/pembelajaran/public/index.php(79): CodeIgniter\CodeIgniter->run()
#11 /Applications/XAMPP/xamppfiles/htdocs/pembelajaran/system/Commands/Server/rewrite.php(47): require_once('/Applications/X...')
#12 {main}
CRITICAL - 2024-01-12 03:02:21 --> Illegal mix of collations (utf8mb4_general_ci,IMPLICIT) and (utf8_general_ci,COERCIBLE) for operation '='
in SYSTEMPATH/Database/BaseConnection.php on line 647.
 1 SYSTEMPATH/Database/BaseBuilder.php(1615): CodeIgniter\Database\BaseConnection->query('SELECT `kelas_master`.*, `tahun_akademik`.`nama`, `kelas_jenis`.`nama_kelas`, `nama_prodi`, `tahun_akademik`.`jenis`
FROM `kelas_master`
JOIN `tahun_akademik` ON `kelas_master`.`tahun_akademik_id` = `tahun_akademik`.`id`
JOIN `kelas_jenis` ON `kelas_master`.`kelas_jenis_id` = `kelas_jenis`.`id`
JOIN `prodi` ON `kelas_master`.`prodi_id` = `prodi`.`id`
WHERE `tahun_akademik`.`status` = :tahun_akademik.status:
AND `prodi_id` = :prodi_id:', [...], false)
 2 SYSTEMPATH/Model.php(871): CodeIgniter\Database\BaseBuilder->get()
 3 APPPATH/Models/Admin/AdminKelasMasterModel.php(37): CodeIgniter\Model->__call('get', [])
 4 APPPATH/Controllers/AdminKelasMaster.php(51): App\Models\Admin\AdminKelasMasterModel->getAllKelasMasterWithKelasJenis('i×', null)
 5 SYSTEMPATH/CodeIgniter.php(942): App\Controllers\AdminKelasMaster->KelasMaster('add')
 6 SYSTEMPATH/CodeIgniter.php(502): CodeIgniter\CodeIgniter->runController(Object(App\Controllers\AdminKelasMaster))
 7 SYSTEMPATH/CodeIgniter.php(361): CodeIgniter\CodeIgniter->handleRequest(null, Object(Config\Cache), false)
 8 FCPATH/index.php(79): CodeIgniter\CodeIgniter->run()
 9 SYSTEMPATH/Commands/Server/rewrite.php(47): require_once('/Applications/XAMPP/xamppfiles/htdocs/pembelajaran/public/index.php')
INFO - 2024-01-12 03:02:46 --> Session: Class initialized using 'CodeIgniter\Session\Handlers\FileHandler' driver.
INFO - 2024-01-12 03:02:46 --> Session: Class initialized using 'CodeIgniter\Session\Handlers\FileHandler' driver.
INFO - 2024-01-12 03:02:47 --> Session: Class initialized using 'CodeIgniter\Session\Handlers\FileHandler' driver.
INFO - 2024-01-12 03:02:48 --> Session: Class initialized using 'CodeIgniter\Session\Handlers\FileHandler' driver.
INFO - 2024-01-12 03:02:48 --> Session: Class initialized using 'CodeIgniter\Session\Handlers\FileHandler' driver.
ERROR - 2024-01-12 03:02:48 --> mysqli_sql_exception: Illegal mix of collations (utf8mb4_general_ci,IMPLICIT) and (utf8_general_ci,COERCIBLE) for operation '=' in /Applications/XAMPP/xamppfiles/htdocs/pembelajaran/system/Database/MySQLi/Connection.php:306
Stack trace:
#0 /Applications/XAMPP/xamppfiles/htdocs/pembelajaran/system/Database/MySQLi/Connection.php(306): mysqli->query('SELECT `kelas_m...', 0)
#1 /Applications/XAMPP/xamppfiles/htdocs/pembelajaran/system/Database/BaseConnection.php(693): CodeIgniter\Database\MySQLi\Connection->execute('SELECT `kelas_m...')
#2 /Applications/XAMPP/xamppfiles/htdocs/pembelajaran/system/Database/BaseConnection.php(607): CodeIgniter\Database\BaseConnection->simpleQuery('SELECT `kelas_m...')
#3 /Applications/XAMPP/xamppfiles/htdocs/pembelajaran/system/Database/BaseBuilder.php(1615): CodeIgniter\Database\BaseConnection->query('SELECT `kelas_m...', Array, false)
#4 /Applications/XAMPP/xamppfiles/htdocs/pembelajaran/system/Model.php(871): CodeIgniter\Database\BaseBuilder->get()
#5 /Applications/XAMPP/xamppfiles/htdocs/pembelajaran/app/Models/Admin/AdminKelasMasterModel.php(37): CodeIgniter\Model->__call('get', Array)
#6 /Applications/XAMPP/xamppfiles/htdocs/pembelajaran/app/Controllers/AdminKelasMaster.php(51): App\Models\Admin\AdminKelasMasterModel->getAllKelasMasterWithKelasJenis('i\xD7', NULL)
#7 /Applications/XAMPP/xamppfiles/htdocs/pembelajaran/system/CodeIgniter.php(942): App\Controllers\AdminKelasMaster->KelasMaster('add')
#8 /Applications/XAMPP/xamppfiles/htdocs/pembelajaran/system/CodeIgniter.php(502): CodeIgniter\CodeIgniter->runController(Object(App\Controllers\AdminKelasMaster))
#9 /Applications/XAMPP/xamppfiles/htdocs/pembelajaran/system/CodeIgniter.php(361): CodeIgniter\CodeIgniter->handleRequest(NULL, Object(Config\Cache), false)
#10 /Applications/XAMPP/xamppfiles/htdocs/pembelajaran/public/index.php(79): CodeIgniter\CodeIgniter->run()
#11 /Applications/XAMPP/xamppfiles/htdocs/pembelajaran/system/Commands/Server/rewrite.php(47): require_once('/Applications/X...')
#12 {main}
CRITICAL - 2024-01-12 03:02:48 --> Illegal mix of collations (utf8mb4_general_ci,IMPLICIT) and (utf8_general_ci,COERCIBLE) for operation '='
in SYSTEMPATH/Database/BaseConnection.php on line 647.
 1 SYSTEMPATH/Database/BaseBuilder.php(1615): CodeIgniter\Database\BaseConnection->query('SELECT `kelas_master`.*, `tahun_akademik`.`nama`, `kelas_jenis`.`nama_kelas`, `nama_prodi`, `tahun_akademik`.`jenis`
FROM `kelas_master`
JOIN `tahun_akademik` ON `kelas_master`.`tahun_akademik_id` = `tahun_akademik`.`id`
JOIN `kelas_jenis` ON `kelas_master`.`kelas_jenis_id` = `kelas_jenis`.`id`
JOIN `prodi` ON `kelas_master`.`prodi_id` = `prodi`.`id`
WHERE `tahun_akademik`.`status` = :tahun_akademik.status:
AND `prodi_id` = :prodi_id:', [...], false)
 2 SYSTEMPATH/Model.php(871): CodeIgniter\Database\BaseBuilder->get()
 3 APPPATH/Models/Admin/AdminKelasMasterModel.php(37): CodeIgniter\Model->__call('get', [])
 4 APPPATH/Controllers/AdminKelasMaster.php(51): App\Models\Admin\AdminKelasMasterModel->getAllKelasMasterWithKelasJenis('i×', null)
 5 SYSTEMPATH/CodeIgniter.php(942): App\Controllers\AdminKelasMaster->KelasMaster('add')
 6 SYSTEMPATH/CodeIgniter.php(502): CodeIgniter\CodeIgniter->runController(Object(App\Controllers\AdminKelasMaster))
 7 SYSTEMPATH/CodeIgniter.php(361): CodeIgniter\CodeIgniter->handleRequest(null, Object(Config\Cache), false)
 8 FCPATH/index.php(79): CodeIgniter\CodeIgniter->run()
 9 SYSTEMPATH/Commands/Server/rewrite.php(47): require_once('/Applications/XAMPP/xamppfiles/htdocs/pembelajaran/public/index.php')
INFO - 2024-01-12 03:03:03 --> Session: Class initialized using 'CodeIgniter\Session\Handlers\FileHandler' driver.
INFO - 2024-01-12 03:03:07 --> Session: Class initialized using 'CodeIgniter\Session\Handlers\FileHandler' driver.
ERROR - 2024-01-12 03:03:07 --> mysqli_sql_exception: Illegal mix of collations (utf8mb4_general_ci,IMPLICIT) and (utf8_general_ci,COERCIBLE) for operation '=' in /Applications/XAMPP/xamppfiles/htdocs/pembelajaran/system/Database/MySQLi/Connection.php:306
Stack trace:
#0 /Applications/XAMPP/xamppfiles/htdocs/pembelajaran/system/Database/MySQLi/Connection.php(306): mysqli->query('SELECT `kelas_m...', 0)
#1 /Applications/XAMPP/xamppfiles/htdocs/pembelajaran/system/Database/BaseConnection.php(693): CodeIgniter\Database\MySQLi\Connection->execute('SELECT `kelas_m...')
#2 /Applications/XAMPP/xamppfiles/htdocs/pembelajaran/system/Database/BaseConnection.php(607): CodeIgniter\Database\BaseConnection->simpleQuery('SELECT `kelas_m...')
#3 /Applications/XAMPP/xamppfiles/htdocs/pembelajaran/system/Database/BaseBuilder.php(1615): CodeIgniter\Database\BaseConnection->query('SELECT `kelas_m...', Array, false)
#4 /Applications/XAMPP/xamppfiles/htdocs/pembelajaran/system/Model.php(871): CodeIgniter\Database\BaseBuilder->get()
#5 /Applications/XAMPP/xamppfiles/htdocs/pembelajaran/app/Models/Admin/AdminKelasMasterModel.php(37): CodeIgniter\Model->__call('get', Array)
#6 /Applications/XAMPP/xamppfiles/htdocs/pembelajaran/app/Controllers/AdminKelasMaster.php(51): App\Models\Admin\AdminKelasMasterModel->getAllKelasMasterWithKelasJenis('i\xD7', NULL)
#7 /Applications/XAMPP/xamppfiles/htdocs/pembelajaran/system/CodeIgniter.php(942): App\Controllers\AdminKelasMaster->KelasMaster('add')
#8 /Applications/XAMPP/xamppfiles/htdocs/pembelajaran/system/CodeIgniter.php(502): CodeIgniter\CodeIgniter->runController(Object(App\Controllers\AdminKelasMaster))
#9 /Applications/XAMPP/xamppfiles/htdocs/pembelajaran/system/CodeIgniter.php(361): CodeIgniter\CodeIgniter->handleRequest(NULL, Object(Config\Cache), false)
#10 /Applications/XAMPP/xamppfiles/htdocs/pembelajaran/public/index.php(79): CodeIgniter\CodeIgniter->run()
#11 /Applications/XAMPP/xamppfiles/htdocs/pembelajaran/system/Commands/Server/rewrite.php(47): require_once('/Applications/X...')
#12 {main}
CRITICAL - 2024-01-12 03:03:07 --> Illegal mix of collations (utf8mb4_general_ci,IMPLICIT) and (utf8_general_ci,COERCIBLE) for operation '='
in SYSTEMPATH/Database/BaseConnection.php on line 647.
 1 SYSTEMPATH/Database/BaseBuilder.php(1615): CodeIgniter\Database\BaseConnection->query('SELECT `kelas_master`.*, `tahun_akademik`.`nama`, `kelas_jenis`.`nama_kelas`, `nama_prodi`, `tahun_akademik`.`jenis`
FROM `kelas_master`
JOIN `tahun_akademik` ON `kelas_master`.`tahun_akademik_id` = `tahun_akademik`.`id`
JOIN `kelas_jenis` ON `kelas_master`.`kelas_jenis_id` = `kelas_jenis`.`id`
JOIN `prodi` ON `kelas_master`.`prodi_id` = `prodi`.`id`
WHERE `tahun_akademik`.`status` = :tahun_akademik.status:
AND `prodi_id` = :prodi_id:', [...], false)
 2 SYSTEMPATH/Model.php(871): CodeIgniter\Database\BaseBuilder->get()
 3 APPPATH/Models/Admin/AdminKelasMasterModel.php(37): CodeIgniter\Model->__call('get', [])
 4 APPPATH/Controllers/AdminKelasMaster.php(51): App\Models\Admin\AdminKelasMasterModel->getAllKelasMasterWithKelasJenis('i×', null)
 5 SYSTEMPATH/CodeIgniter.php(942): App\Controllers\AdminKelasMaster->KelasMaster('add')
 6 SYSTEMPATH/CodeIgniter.php(502): CodeIgniter\CodeIgniter->runController(Object(App\Controllers\AdminKelasMaster))
 7 SYSTEMPATH/CodeIgniter.php(361): CodeIgniter\CodeIgniter->handleRequest(null, Object(Config\Cache), false)
 8 FCPATH/index.php(79): CodeIgniter\CodeIgniter->run()
 9 SYSTEMPATH/Commands/Server/rewrite.php(47): require_once('/Applications/XAMPP/xamppfiles/htdocs/pembelajaran/public/index.php')
INFO - 2024-01-12 03:05:53 --> Session: Class initialized using 'CodeIgniter\Session\Handlers\FileHandler' driver.
INFO - 2024-01-12 03:05:53 --> Session: Class initialized using 'CodeIgniter\Session\Handlers\FileHandler' driver.
INFO - 2024-01-12 03:05:54 --> Session: Class initialized using 'CodeIgniter\Session\Handlers\FileHandler' driver.
INFO - 2024-01-12 03:05:54 --> Session: Class initialized using 'CodeIgniter\Session\Handlers\FileHandler' driver.
INFO - 2024-01-12 03:05:55 --> Session: Class initialized using 'CodeIgniter\Session\Handlers\FileHandler' driver.
ERROR - 2024-01-12 03:05:55 --> mysqli_sql_exception: Illegal mix of collations (utf8mb4_general_ci,IMPLICIT) and (utf8_general_ci,COERCIBLE) for operation '=' in /Applications/XAMPP/xamppfiles/htdocs/pembelajaran/system/Database/MySQLi/Connection.php:306
Stack trace:
#0 /Applications/XAMPP/xamppfiles/htdocs/pembelajaran/system/Database/MySQLi/Connection.php(306): mysqli->query('SELECT `kelas_m...', 0)
#1 /Applications/XAMPP/xamppfiles/htdocs/pembelajaran/system/Database/BaseConnection.php(693): CodeIgniter\Database\MySQLi\Connection->execute('SELECT `kelas_m...')
#2 /Applications/XAMPP/xamppfiles/htdocs/pembelajaran/system/Database/BaseConnection.php(607): CodeIgniter\Database\BaseConnection->simpleQuery('SELECT `kelas_m...')
#3 /Applications/XAMPP/xamppfiles/htdocs/pembelajaran/system/Database/BaseBuilder.php(1615): CodeIgniter\Database\BaseConnection->query('SELECT `kelas_m...', Array, false)
#4 /Applications/XAMPP/xamppfiles/htdocs/pembelajaran/system/Model.php(871): CodeIgniter\Database\BaseBuilder->get()
#5 /Applications/XAMPP/xamppfiles/htdocs/pembelajaran/app/Models/Admin/AdminKelasMasterModel.php(37): CodeIgniter\Model->__call('get', Array)
#6 /Applications/XAMPP/xamppfiles/htdocs/pembelajaran/app/Controllers/AdminKelasMaster.php(51): App\Models\Admin\AdminKelasMasterModel->getAllKelasMasterWithKelasJenis('i\xD7', NULL)
#7 /Applications/XAMPP/xamppfiles/htdocs/pembelajaran/system/CodeIgniter.php(942): App\Controllers\AdminKelasMaster->KelasMaster('add')
#8 /Applications/XAMPP/xamppfiles/htdocs/pembelajaran/system/CodeIgniter.php(502): CodeIgniter\CodeIgniter->runController(Object(App\Controllers\AdminKelasMaster))
#9 /Applications/XAMPP/xamppfiles/htdocs/pembelajaran/system/CodeIgniter.php(361): CodeIgniter\CodeIgniter->handleRequest(NULL, Object(Config\Cache), false)
#10 /Applications/XAMPP/xamppfiles/htdocs/pembelajaran/public/index.php(79): CodeIgniter\CodeIgniter->run()
#11 /Applications/XAMPP/xamppfiles/htdocs/pembelajaran/system/Commands/Server/rewrite.php(47): require_once('/Applications/X...')
#12 {main}
CRITICAL - 2024-01-12 03:05:55 --> Illegal mix of collations (utf8mb4_general_ci,IMPLICIT) and (utf8_general_ci,COERCIBLE) for operation '='
in SYSTEMPATH/Database/BaseConnection.php on line 647.
 1 SYSTEMPATH/Database/BaseBuilder.php(1615): CodeIgniter\Database\BaseConnection->query('SELECT `kelas_master`.*, `tahun_akademik`.`nama`, `kelas_jenis`.`nama_kelas`, `nama_prodi`, `tahun_akademik`.`jenis`
FROM `kelas_master`
JOIN `tahun_akademik` ON `kelas_master`.`tahun_akademik_id` = `tahun_akademik`.`id`
JOIN `kelas_jenis` ON `kelas_master`.`kelas_jenis_id` = `kelas_jenis`.`id`
JOIN `prodi` ON `kelas_master`.`prodi_id` = `prodi`.`id`
WHERE `tahun_akademik`.`status` = :tahun_akademik.status:
AND `prodi_id` = :prodi_id:', [...], false)
 2 SYSTEMPATH/Model.php(871): CodeIgniter\Database\BaseBuilder->get()
 3 APPPATH/Models/Admin/AdminKelasMasterModel.php(37): CodeIgniter\Model->__call('get', [])
 4 APPPATH/Controllers/AdminKelasMaster.php(51): App\Models\Admin\AdminKelasMasterModel->getAllKelasMasterWithKelasJenis('i×', null)
 5 SYSTEMPATH/CodeIgniter.php(942): App\Controllers\AdminKelasMaster->KelasMaster('add')
 6 SYSTEMPATH/CodeIgniter.php(502): CodeIgniter\CodeIgniter->runController(Object(App\Controllers\AdminKelasMaster))
 7 SYSTEMPATH/CodeIgniter.php(361): CodeIgniter\CodeIgniter->handleRequest(null, Object(Config\Cache), false)
 8 FCPATH/index.php(79): CodeIgniter\CodeIgniter->run()
 9 SYSTEMPATH/Commands/Server/rewrite.php(47): require_once('/Applications/XAMPP/xamppfiles/htdocs/pembelajaran/public/index.php')
INFO - 2024-01-12 03:06:38 --> Session: Class initialized using 'CodeIgniter\Session\Handlers\FileHandler' driver.
INFO - 2024-01-12 03:06:38 --> Session: Class initialized using 'CodeIgniter\Session\Handlers\FileHandler' driver.
INFO - 2024-01-12 03:06:39 --> Session: Class initialized using 'CodeIgniter\Session\Handlers\FileHandler' driver.
ERROR - 2024-01-12 03:06:39 --> mysqli_sql_exception: Illegal mix of collations (utf8mb4_general_ci,IMPLICIT) and (utf8_general_ci,COERCIBLE) for operation '=' in /Applications/XAMPP/xamppfiles/htdocs/pembelajaran/system/Database/MySQLi/Connection.php:306
Stack trace:
#0 /Applications/XAMPP/xamppfiles/htdocs/pembelajaran/system/Database/MySQLi/Connection.php(306): mysqli->query('SELECT `kelas_m...', 0)
#1 /Applications/XAMPP/xamppfiles/htdocs/pembelajaran/system/Database/BaseConnection.php(693): CodeIgniter\Database\MySQLi\Connection->execute('SELECT `kelas_m...')
#2 /Applications/XAMPP/xamppfiles/htdocs/pembelajaran/system/Database/BaseConnection.php(607): CodeIgniter\Database\BaseConnection->simpleQuery('SELECT `kelas_m...')
#3 /Applications/XAMPP/xamppfiles/htdocs/pembelajaran/system/Database/BaseBuilder.php(1615): CodeIgniter\Database\BaseConnection->query('SELECT `kelas_m...', Array, false)
#4 /Applications/XAMPP/xamppfiles/htdocs/pembelajaran/system/Model.php(871): CodeIgniter\Database\BaseBuilder->get()
#5 /Applications/XAMPP/xamppfiles/htdocs/pembelajaran/app/Models/Admin/AdminKelasMasterModel.php(37): CodeIgniter\Model->__call('get', Array)
#6 /Applications/XAMPP/xamppfiles/htdocs/pembelajaran/app/Controllers/AdminKelasMaster.php(51): App\Models\Admin\AdminKelasMasterModel->getAllKelasMasterWithKelasJenis('i\xD7', NULL)
#7 /Applications/XAMPP/xamppfiles/htdocs/pembelajaran/system/CodeIgniter.php(942): App\Controllers\AdminKelasMaster->KelasMaster('add')
#8 /Applications/XAMPP/xamppfiles/htdocs/pembelajaran/system/CodeIgniter.php(502): CodeIgniter\CodeIgniter->runController(Object(App\Controllers\AdminKelasMaster))
#9 /Applications/XAMPP/xamppfiles/htdocs/pembelajaran/system/CodeIgniter.php(361): CodeIgniter\CodeIgniter->handleRequest(NULL, Object(Config\Cache), false)
#10 /Applications/XAMPP/xamppfiles/htdocs/pembelajaran/public/index.php(79): CodeIgniter\CodeIgniter->run()
#11 /Applications/XAMPP/xamppfiles/htdocs/pembelajaran/system/Commands/Server/rewrite.php(47): require_once('/Applications/X...')
#12 {main}
CRITICAL - 2024-01-12 03:06:39 --> Illegal mix of collations (utf8mb4_general_ci,IMPLICIT) and (utf8_general_ci,COERCIBLE) for operation '='
in SYSTEMPATH/Database/BaseConnection.php on line 647.
 1 SYSTEMPATH/Database/BaseBuilder.php(1615): CodeIgniter\Database\BaseConnection->query('SELECT `kelas_master`.*, `tahun_akademik`.`nama`, `kelas_jenis`.`nama_kelas`, `nama_prodi`, `tahun_akademik`.`jenis`
FROM `kelas_master`
JOIN `tahun_akademik` ON `kelas_master`.`tahun_akademik_id` = `tahun_akademik`.`id`
JOIN `kelas_jenis` ON `kelas_master`.`kelas_jenis_id` = `kelas_jenis`.`id`
JOIN `prodi` ON `kelas_master`.`prodi_id` = `prodi`.`id`
WHERE `tahun_akademik`.`status` = :tahun_akademik.status:
AND `prodi_id` = :prodi_id:', [...], false)
 2 SYSTEMPATH/Model.php(871): CodeIgniter\Database\BaseBuilder->get()
 3 APPPATH/Models/Admin/AdminKelasMasterModel.php(37): CodeIgniter\Model->__call('get', [])
 4 APPPATH/Controllers/AdminKelasMaster.php(51): App\Models\Admin\AdminKelasMasterModel->getAllKelasMasterWithKelasJenis('i×', null)
 5 SYSTEMPATH/CodeIgniter.php(942): App\Controllers\AdminKelasMaster->KelasMaster('add')
 6 SYSTEMPATH/CodeIgniter.php(502): CodeIgniter\CodeIgniter->runController(Object(App\Controllers\AdminKelasMaster))
 7 SYSTEMPATH/CodeIgniter.php(361): CodeIgniter\CodeIgniter->handleRequest(null, Object(Config\Cache), false)
 8 FCPATH/index.php(79): CodeIgniter\CodeIgniter->run()
 9 SYSTEMPATH/Commands/Server/rewrite.php(47): require_once('/Applications/XAMPP/xamppfiles/htdocs/pembelajaran/public/index.php')
INFO - 2024-01-12 03:06:56 --> Session: Class initialized using 'CodeIgniter\Session\Handlers\FileHandler' driver.
INFO - 2024-01-12 03:06:56 --> Session: Class initialized using 'CodeIgniter\Session\Handlers\FileHandler' driver.
INFO - 2024-01-12 03:06:59 --> Session: Class initialized using 'CodeIgniter\Session\Handlers\FileHandler' driver.
ERROR - 2024-01-12 03:06:59 --> mysqli_sql_exception: Illegal mix of collations (utf8mb4_general_ci,IMPLICIT) and (utf8_general_ci,COERCIBLE) for operation '=' in /Applications/XAMPP/xamppfiles/htdocs/pembelajaran/system/Database/MySQLi/Connection.php:306
Stack trace:
#0 /Applications/XAMPP/xamppfiles/htdocs/pembelajaran/system/Database/MySQLi/Connection.php(306): mysqli->query('SELECT `kelas_m...', 0)
#1 /Applications/XAMPP/xamppfiles/htdocs/pembelajaran/system/Database/BaseConnection.php(693): CodeIgniter\Database\MySQLi\Connection->execute('SELECT `kelas_m...')
#2 /Applications/XAMPP/xamppfiles/htdocs/pembelajaran/system/Database/BaseConnection.php(607): CodeIgniter\Database\BaseConnection->simpleQuery('SELECT `kelas_m...')
#3 /Applications/XAMPP/xamppfiles/htdocs/pembelajaran/system/Database/BaseBuilder.php(1615): CodeIgniter\Database\BaseConnection->query('SELECT `kelas_m...', Array, false)
#4 /Applications/XAMPP/xamppfiles/htdocs/pembelajaran/system/Model.php(871): CodeIgniter\Database\BaseBuilder->get()
#5 /Applications/XAMPP/xamppfiles/htdocs/pembelajaran/app/Models/Admin/AdminKelasMasterModel.php(37): CodeIgniter\Model->__call('get', Array)
#6 /Applications/XAMPP/xamppfiles/htdocs/pembelajaran/app/Controllers/AdminKelasMaster.php(51): App\Models\Admin\AdminKelasMasterModel->getAllKelasMasterWithKelasJenis('i\xD7', NULL)
#7 /Applications/XAMPP/xamppfiles/htdocs/pembelajaran/system/CodeIgniter.php(942): App\Controllers\AdminKelasMaster->KelasMaster('add')
#8 /Applications/XAMPP/xamppfiles/htdocs/pembelajaran/system/CodeIgniter.php(502): CodeIgniter\CodeIgniter->runController(Object(App\Controllers\AdminKelasMaster))
#9 /Applications/XAMPP/xamppfiles/htdocs/pembelajaran/system/CodeIgniter.php(361): CodeIgniter\CodeIgniter->handleRequest(NULL, Object(Config\Cache), false)
#10 /Applications/XAMPP/xamppfiles/htdocs/pembelajaran/public/index.php(79): CodeIgniter\CodeIgniter->run()
#11 /Applications/XAMPP/xamppfiles/htdocs/pembelajaran/system/Commands/Server/rewrite.php(47): require_once('/Applications/X...')
#12 {main}
CRITICAL - 2024-01-12 03:06:59 --> Illegal mix of collations (utf8mb4_general_ci,IMPLICIT) and (utf8_general_ci,COERCIBLE) for operation '='
in SYSTEMPATH/Database/BaseConnection.php on line 647.
 1 SYSTEMPATH/Database/BaseBuilder.php(1615): CodeIgniter\Database\BaseConnection->query('SELECT `kelas_master`.*, `tahun_akademik`.`nama`, `kelas_jenis`.`nama_kelas`, `nama_prodi`, `tahun_akademik`.`jenis`
FROM `kelas_master`
JOIN `tahun_akademik` ON `kelas_master`.`tahun_akademik_id` = `tahun_akademik`.`id`
JOIN `kelas_jenis` ON `kelas_master`.`kelas_jenis_id` = `kelas_jenis`.`id`
JOIN `prodi` ON `kelas_master`.`prodi_id` = `prodi`.`id`
WHERE `tahun_akademik`.`status` = :tahun_akademik.status:
AND `prodi_id` = :prodi_id:', [...], false)
 2 SYSTEMPATH/Model.php(871): CodeIgniter\Database\BaseBuilder->get()
 3 APPPATH/Models/Admin/AdminKelasMasterModel.php(37): CodeIgniter\Model->__call('get', [])
 4 APPPATH/Controllers/AdminKelasMaster.php(51): App\Models\Admin\AdminKelasMasterModel->getAllKelasMasterWithKelasJenis('i×', null)
 5 SYSTEMPATH/CodeIgniter.php(942): App\Controllers\AdminKelasMaster->KelasMaster('add')
 6 SYSTEMPATH/CodeIgniter.php(502): CodeIgniter\CodeIgniter->runController(Object(App\Controllers\AdminKelasMaster))
 7 SYSTEMPATH/CodeIgniter.php(361): CodeIgniter\CodeIgniter->handleRequest(null, Object(Config\Cache), false)
 8 FCPATH/index.php(79): CodeIgniter\CodeIgniter->run()
 9 SYSTEMPATH/Commands/Server/rewrite.php(47): require_once('/Applications/XAMPP/xamppfiles/htdocs/pembelajaran/public/index.php')
INFO - 2024-01-12 03:08:24 --> Session: Class initialized using 'CodeIgniter\Session\Handlers\FileHandler' driver.
INFO - 2024-01-12 03:08:24 --> Session: Class initialized using 'CodeIgniter\Session\Handlers\FileHandler' driver.
INFO - 2024-01-12 03:08:25 --> Session: Class initialized using 'CodeIgniter\Session\Handlers\FileHandler' driver.
INFO - 2024-01-12 03:08:25 --> Session: Class initialized using 'CodeIgniter\Session\Handlers\FileHandler' driver.
INFO - 2024-01-12 03:08:27 --> Session: Class initialized using 'CodeIgniter\Session\Handlers\FileHandler' driver.
ERROR - 2024-01-12 03:08:27 --> mysqli_sql_exception: Illegal mix of collations (utf8mb4_general_ci,IMPLICIT) and (utf8_general_ci,COERCIBLE) for operation '=' in /Applications/XAMPP/xamppfiles/htdocs/pembelajaran/system/Database/MySQLi/Connection.php:306
Stack trace:
#0 /Applications/XAMPP/xamppfiles/htdocs/pembelajaran/system/Database/MySQLi/Connection.php(306): mysqli->query('SELECT `kelas_m...', 0)
#1 /Applications/XAMPP/xamppfiles/htdocs/pembelajaran/system/Database/BaseConnection.php(693): CodeIgniter\Database\MySQLi\Connection->execute('SELECT `kelas_m...')
#2 /Applications/XAMPP/xamppfiles/htdocs/pembelajaran/system/Database/BaseConnection.php(607): CodeIgniter\Database\BaseConnection->simpleQuery('SELECT `kelas_m...')
#3 /Applications/XAMPP/xamppfiles/htdocs/pembelajaran/system/Database/BaseBuilder.php(1615): CodeIgniter\Database\BaseConnection->query('SELECT `kelas_m...', Array, false)
#4 /Applications/XAMPP/xamppfiles/htdocs/pembelajaran/system/Model.php(871): CodeIgniter\Database\BaseBuilder->get()
#5 /Applications/XAMPP/xamppfiles/htdocs/pembelajaran/app/Models/Admin/AdminKelasMasterModel.php(37): CodeIgniter\Model->__call('get', Array)
#6 /Applications/XAMPP/xamppfiles/htdocs/pembelajaran/app/Controllers/AdminKelasMaster.php(52): App\Models\Admin\AdminKelasMasterModel->getAllKelasMasterWithKelasJenis('i\xD7', NULL)
#7 /Applications/XAMPP/xamppfiles/htdocs/pembelajaran/system/CodeIgniter.php(942): App\Controllers\AdminKelasMaster->KelasMaster('add', 'ZGY2ZWM4YzgtZWN...')
#8 /Applications/XAMPP/xamppfiles/htdocs/pembelajaran/system/CodeIgniter.php(502): CodeIgniter\CodeIgniter->runController(Object(App\Controllers\AdminKelasMaster))
#9 /Applications/XAMPP/xamppfiles/htdocs/pembelajaran/system/CodeIgniter.php(361): CodeIgniter\CodeIgniter->handleRequest(NULL, Object(Config\Cache), false)
#10 /Applications/XAMPP/xamppfiles/htdocs/pembelajaran/public/index.php(79): CodeIgniter\CodeIgniter->run()
#11 /Applications/XAMPP/xamppfiles/htdocs/pembelajaran/system/Commands/Server/rewrite.php(47): require_once('/Applications/X...')
#12 {main}
CRITICAL - 2024-01-12 03:08:27 --> Illegal mix of collations (utf8mb4_general_ci,IMPLICIT) and (utf8_general_ci,COERCIBLE) for operation '='
in SYSTEMPATH/Database/BaseConnection.php on line 647.
 1 SYSTEMPATH/Database/BaseBuilder.php(1615): CodeIgniter\Database\BaseConnection->query('SELECT `kelas_master`.*, `tahun_akademik`.`nama`, `kelas_jenis`.`nama_kelas`, `nama_prodi`, `tahun_akademik`.`jenis`
FROM `kelas_master`
JOIN `tahun_akademik` ON `kelas_master`.`tahun_akademik_id` = `tahun_akademik`.`id`
JOIN `kelas_jenis` ON `kelas_master`.`kelas_jenis_id` = `kelas_jenis`.`id`
JOIN `prodi` ON `kelas_master`.`prodi_id` = `prodi`.`id`
WHERE `tahun_akademik`.`status` = :tahun_akademik.status:
AND `prodi_id` = :prodi_id:', [...], false)
 2 SYSTEMPATH/Model.php(871): CodeIgniter\Database\BaseBuilder->get()
 3 APPPATH/Models/Admin/AdminKelasMasterModel.php(37): CodeIgniter\Model->__call('get', [])
 4 APPPATH/Controllers/AdminKelasMaster.php(52): App\Models\Admin\AdminKelasMasterModel->getAllKelasMasterWithKelasJenis('i×', null)
 5 SYSTEMPATH/CodeIgniter.php(942): App\Controllers\AdminKelasMaster->KelasMaster('add', 'ZGY2ZWM4YzgtZWNhMC00NTExLTkwY2UtYzE3ZDI4MmQzNmU3')
 6 SYSTEMPATH/CodeIgniter.php(502): CodeIgniter\CodeIgniter->runController(Object(App\Controllers\AdminKelasMaster))
 7 SYSTEMPATH/CodeIgniter.php(361): CodeIgniter\CodeIgniter->handleRequest(null, Object(Config\Cache), false)
 8 FCPATH/index.php(79): CodeIgniter\CodeIgniter->run()
 9 SYSTEMPATH/Commands/Server/rewrite.php(47): require_once('/Applications/XAMPP/xamppfiles/htdocs/pembelajaran/public/index.php')
INFO - 2024-01-12 03:08:39 --> Session: Class initialized using 'CodeIgniter\Session\Handlers\FileHandler' driver.
INFO - 2024-01-12 03:08:39 --> Session: Class initialized using 'CodeIgniter\Session\Handlers\FileHandler' driver.
INFO - 2024-01-12 03:08:55 --> Session: Class initialized using 'CodeIgniter\Session\Handlers\FileHandler' driver.
ERROR - 2024-01-12 03:08:55 --> mysqli_sql_exception: Illegal mix of collations (utf8mb4_general_ci,IMPLICIT) and (utf8_general_ci,COERCIBLE) for operation '=' in /Applications/XAMPP/xamppfiles/htdocs/pembelajaran/system/Database/MySQLi/Connection.php:306
Stack trace:
#0 /Applications/XAMPP/xamppfiles/htdocs/pembelajaran/system/Database/MySQLi/Connection.php(306): mysqli->query('SELECT `kelas_m...', 0)
#1 /Applications/XAMPP/xamppfiles/htdocs/pembelajaran/system/Database/BaseConnection.php(693): CodeIgniter\Database\MySQLi\Connection->execute('SELECT `kelas_m...')
#2 /Applications/XAMPP/xamppfiles/htdocs/pembelajaran/system/Database/BaseConnection.php(607): CodeIgniter\Database\BaseConnection->simpleQuery('SELECT `kelas_m...')
#3 /Applications/XAMPP/xamppfiles/htdocs/pembelajaran/system/Database/BaseBuilder.php(1615): CodeIgniter\Database\BaseConnection->query('SELECT `kelas_m...', Array, false)
#4 /Applications/XAMPP/xamppfiles/htdocs/pembelajaran/system/Model.php(871): CodeIgniter\Database\BaseBuilder->get()
#5 /Applications/XAMPP/xamppfiles/htdocs/pembelajaran/app/Models/Admin/AdminKelasMasterModel.php(37): CodeIgniter\Model->__call('get', Array)
#6 /Applications/XAMPP/xamppfiles/htdocs/pembelajaran/app/Controllers/AdminKelasMaster.php(52): App\Models\Admin\AdminKelasMasterModel->getAllKelasMasterWithKelasJenis('i\xD7', NULL)
#7 /Applications/XAMPP/xamppfiles/htdocs/pembelajaran/system/CodeIgniter.php(942): App\Controllers\AdminKelasMaster->KelasMaster('add', 'ZGY2ZWM4YzgtZWN...')
#8 /Applications/XAMPP/xamppfiles/htdocs/pembelajaran/system/CodeIgniter.php(502): CodeIgniter\CodeIgniter->runController(Object(App\Controllers\AdminKelasMaster))
#9 /Applications/XAMPP/xamppfiles/htdocs/pembelajaran/system/CodeIgniter.php(361): CodeIgniter\CodeIgniter->handleRequest(NULL, Object(Config\Cache), false)
#10 /Applications/XAMPP/xamppfiles/htdocs/pembelajaran/public/index.php(79): CodeIgniter\CodeIgniter->run()
#11 /Applications/XAMPP/xamppfiles/htdocs/pembelajaran/system/Commands/Server/rewrite.php(47): require_once('/Applications/X...')
#12 {main}
CRITICAL - 2024-01-12 03:08:55 --> Illegal mix of collations (utf8mb4_general_ci,IMPLICIT) and (utf8_general_ci,COERCIBLE) for operation '='
in SYSTEMPATH/Database/BaseConnection.php on line 647.
 1 SYSTEMPATH/Database/BaseBuilder.php(1615): CodeIgniter\Database\BaseConnection->query('SELECT `kelas_master`.*, `tahun_akademik`.`nama`, `kelas_jenis`.`nama_kelas`, `nama_prodi`, `tahun_akademik`.`jenis`
FROM `kelas_master`
JOIN `tahun_akademik` ON `kelas_master`.`tahun_akademik_id` = `tahun_akademik`.`id`
JOIN `kelas_jenis` ON `kelas_master`.`kelas_jenis_id` = `kelas_jenis`.`id`
JOIN `prodi` ON `kelas_master`.`prodi_id` = `prodi`.`id`
WHERE `tahun_akademik`.`status` = :tahun_akademik.status:
AND `prodi_id` = :prodi_id:', [...], false)
 2 SYSTEMPATH/Model.php(871): CodeIgniter\Database\BaseBuilder->get()
 3 APPPATH/Models/Admin/AdminKelasMasterModel.php(37): CodeIgniter\Model->__call('get', [])
 4 APPPATH/Controllers/AdminKelasMaster.php(52): App\Models\Admin\AdminKelasMasterModel->getAllKelasMasterWithKelasJenis('i×', null)
 5 SYSTEMPATH/CodeIgniter.php(942): App\Controllers\AdminKelasMaster->KelasMaster('add', 'ZGY2ZWM4YzgtZWNhMC00NTExLTkwY2UtYzE3ZDI4MmQzNmU3')
 6 SYSTEMPATH/CodeIgniter.php(502): CodeIgniter\CodeIgniter->runController(Object(App\Controllers\AdminKelasMaster))
 7 SYSTEMPATH/CodeIgniter.php(361): CodeIgniter\CodeIgniter->handleRequest(null, Object(Config\Cache), false)
 8 FCPATH/index.php(79): CodeIgniter\CodeIgniter->run()
 9 SYSTEMPATH/Commands/Server/rewrite.php(47): require_once('/Applications/XAMPP/xamppfiles/htdocs/pembelajaran/public/index.php')
INFO - 2024-01-12 03:09:27 --> Session: Class initialized using 'CodeIgniter\Session\Handlers\FileHandler' driver.
ERROR - 2024-01-12 03:09:27 --> mysqli_sql_exception: Illegal mix of collations (utf8mb4_general_ci,IMPLICIT) and (utf8_general_ci,COERCIBLE) for operation '=' in /Applications/XAMPP/xamppfiles/htdocs/pembelajaran/system/Database/MySQLi/Connection.php:306
Stack trace:
#0 /Applications/XAMPP/xamppfiles/htdocs/pembelajaran/system/Database/MySQLi/Connection.php(306): mysqli->query('SELECT `kelas_m...', 0)
#1 /Applications/XAMPP/xamppfiles/htdocs/pembelajaran/system/Database/BaseConnection.php(693): CodeIgniter\Database\MySQLi\Connection->execute('SELECT `kelas_m...')
#2 /Applications/XAMPP/xamppfiles/htdocs/pembelajaran/system/Database/BaseConnection.php(607): CodeIgniter\Database\BaseConnection->simpleQuery('SELECT `kelas_m...')
#3 /Applications/XAMPP/xamppfiles/htdocs/pembelajaran/system/Database/BaseBuilder.php(1615): CodeIgniter\Database\BaseConnection->query('SELECT `kelas_m...', Array, false)
#4 /Applications/XAMPP/xamppfiles/htdocs/pembelajaran/system/Model.php(871): CodeIgniter\Database\BaseBuilder->get()
#5 /Applications/XAMPP/xamppfiles/htdocs/pembelajaran/app/Models/Admin/AdminKelasMasterModel.php(37): CodeIgniter\Model->__call('get', Array)
#6 /Applications/XAMPP/xamppfiles/htdocs/pembelajaran/app/Controllers/AdminKelasMaster.php(52): App\Models\Admin\AdminKelasMasterModel->getAllKelasMasterWithKelasJenis('i\xD7', NULL)
#7 /Applications/XAMPP/xamppfiles/htdocs/pembelajaran/system/CodeIgniter.php(942): App\Controllers\AdminKelasMaster->KelasMaster('add', 'ZGY2ZWM4YzgtZWN...')
#8 /Applications/XAMPP/xamppfiles/htdocs/pembelajaran/system/CodeIgniter.php(502): CodeIgniter\CodeIgniter->runController(Object(App\Controllers\AdminKelasMaster))
#9 /Applications/XAMPP/xamppfiles/htdocs/pembelajaran/system/CodeIgniter.php(361): CodeIgniter\CodeIgniter->handleRequest(NULL, Object(Config\Cache), false)
#10 /Applications/XAMPP/xamppfiles/htdocs/pembelajaran/public/index.php(79): CodeIgniter\CodeIgniter->run()
#11 /Applications/XAMPP/xamppfiles/htdocs/pembelajaran/system/Commands/Server/rewrite.php(47): require_once('/Applications/X...')
#12 {main}
CRITICAL - 2024-01-12 03:09:27 --> Illegal mix of collations (utf8mb4_general_ci,IMPLICIT) and (utf8_general_ci,COERCIBLE) for operation '='
in SYSTEMPATH/Database/BaseConnection.php on line 647.
 1 SYSTEMPATH/Database/BaseBuilder.php(1615): CodeIgniter\Database\BaseConnection->query('SELECT `kelas_master`.*, `tahun_akademik`.`nama`, `kelas_jenis`.`nama_kelas`, `nama_prodi`, `tahun_akademik`.`jenis`
FROM `kelas_master`
JOIN `tahun_akademik` ON `kelas_master`.`tahun_akademik_id` = `tahun_akademik`.`id`
JOIN `kelas_jenis` ON `kelas_master`.`kelas_jenis_id` = `kelas_jenis`.`id`
JOIN `prodi` ON `kelas_master`.`prodi_id` = `prodi`.`id`
WHERE `tahun_akademik`.`status` = :tahun_akademik.status:
AND `prodi_id` = :prodi_id:', [...], false)
 2 SYSTEMPATH/Model.php(871): CodeIgniter\Database\BaseBuilder->get()
 3 APPPATH/Models/Admin/AdminKelasMasterModel.php(37): CodeIgniter\Model->__call('get', [])
 4 APPPATH/Controllers/AdminKelasMaster.php(52): App\Models\Admin\AdminKelasMasterModel->getAllKelasMasterWithKelasJenis('i×', null)
 5 SYSTEMPATH/CodeIgniter.php(942): App\Controllers\AdminKelasMaster->KelasMaster('add', 'ZGY2ZWM4YzgtZWNhMC00NTExLTkwY2UtYzE3ZDI4MmQzNmU3')
 6 SYSTEMPATH/CodeIgniter.php(502): CodeIgniter\CodeIgniter->runController(Object(App\Controllers\AdminKelasMaster))
 7 SYSTEMPATH/CodeIgniter.php(361): CodeIgniter\CodeIgniter->handleRequest(null, Object(Config\Cache), false)
 8 FCPATH/index.php(79): CodeIgniter\CodeIgniter->run()
 9 SYSTEMPATH/Commands/Server/rewrite.php(47): require_once('/Applications/XAMPP/xamppfiles/htdocs/pembelajaran/public/index.php')
INFO - 2024-01-12 03:09:29 --> Session: Class initialized using 'CodeIgniter\Session\Handlers\FileHandler' driver.
INFO - 2024-01-12 03:09:29 --> Session: Class initialized using 'CodeIgniter\Session\Handlers\FileHandler' driver.
INFO - 2024-01-12 03:09:30 --> Session: Class initialized using 'CodeIgniter\Session\Handlers\FileHandler' driver.
ERROR - 2024-01-12 03:09:30 --> mysqli_sql_exception: Illegal mix of collations (utf8mb4_general_ci,IMPLICIT) and (utf8_general_ci,COERCIBLE) for operation '=' in /Applications/XAMPP/xamppfiles/htdocs/pembelajaran/system/Database/MySQLi/Connection.php:306
Stack trace:
#0 /Applications/XAMPP/xamppfiles/htdocs/pembelajaran/system/Database/MySQLi/Connection.php(306): mysqli->query('SELECT `kelas_m...', 0)
#1 /Applications/XAMPP/xamppfiles/htdocs/pembelajaran/system/Database/BaseConnection.php(693): CodeIgniter\Database\MySQLi\Connection->execute('SELECT `kelas_m...')
#2 /Applications/XAMPP/xamppfiles/htdocs/pembelajaran/system/Database/BaseConnection.php(607): CodeIgniter\Database\BaseConnection->simpleQuery('SELECT `kelas_m...')
#3 /Applications/XAMPP/xamppfiles/htdocs/pembelajaran/system/Database/BaseBuilder.php(1615): CodeIgniter\Database\BaseConnection->query('SELECT `kelas_m...', Array, false)
#4 /Applications/XAMPP/xamppfiles/htdocs/pembelajaran/system/Model.php(871): CodeIgniter\Database\BaseBuilder->get()
#5 /Applications/XAMPP/xamppfiles/htdocs/pembelajaran/app/Models/Admin/AdminKelasMasterModel.php(37): CodeIgniter\Model->__call('get', Array)
#6 /Applications/XAMPP/xamppfiles/htdocs/pembelajaran/app/Controllers/AdminKelasMaster.php(52): App\Models\Admin\AdminKelasMasterModel->getAllKelasMasterWithKelasJenis('i\xD7', NULL)
#7 /Applications/XAMPP/xamppfiles/htdocs/pembelajaran/system/CodeIgniter.php(942): App\Controllers\AdminKelasMaster->KelasMaster('add', 'ZGY2ZWM4YzgtZWN...')
#8 /Applications/XAMPP/xamppfiles/htdocs/pembelajaran/system/CodeIgniter.php(502): CodeIgniter\CodeIgniter->runController(Object(App\Controllers\AdminKelasMaster))
#9 /Applications/XAMPP/xamppfiles/htdocs/pembelajaran/system/CodeIgniter.php(361): CodeIgniter\CodeIgniter->handleRequest(NULL, Object(Config\Cache), false)
#10 /Applications/XAMPP/xamppfiles/htdocs/pembelajaran/public/index.php(79): CodeIgniter\CodeIgniter->run()
#11 /Applications/XAMPP/xamppfiles/htdocs/pembelajaran/system/Commands/Server/rewrite.php(47): require_once('/Applications/X...')
#12 {main}
CRITICAL - 2024-01-12 03:09:30 --> Illegal mix of collations (utf8mb4_general_ci,IMPLICIT) and (utf8_general_ci,COERCIBLE) for operation '='
in SYSTEMPATH/Database/BaseConnection.php on line 647.
 1 SYSTEMPATH/Database/BaseBuilder.php(1615): CodeIgniter\Database\BaseConnection->query('SELECT `kelas_master`.*, `tahun_akademik`.`nama`, `kelas_jenis`.`nama_kelas`, `nama_prodi`, `tahun_akademik`.`jenis`
FROM `kelas_master`
JOIN `tahun_akademik` ON `kelas_master`.`tahun_akademik_id` = `tahun_akademik`.`id`
JOIN `kelas_jenis` ON `kelas_master`.`kelas_jenis_id` = `kelas_jenis`.`id`
JOIN `prodi` ON `kelas_master`.`prodi_id` = `prodi`.`id`
WHERE `tahun_akademik`.`status` = :tahun_akademik.status:
AND `prodi_id` = :prodi_id:', [...], false)
 2 SYSTEMPATH/Model.php(871): CodeIgniter\Database\BaseBuilder->get()
 3 APPPATH/Models/Admin/AdminKelasMasterModel.php(37): CodeIgniter\Model->__call('get', [])
 4 APPPATH/Controllers/AdminKelasMaster.php(52): App\Models\Admin\AdminKelasMasterModel->getAllKelasMasterWithKelasJenis('i×', null)
 5 SYSTEMPATH/CodeIgniter.php(942): App\Controllers\AdminKelasMaster->KelasMaster('add', 'ZGY2ZWM4YzgtZWNhMC00NTExLTkwY2UtYzE3ZDI4MmQzNmU3')
 6 SYSTEMPATH/CodeIgniter.php(502): CodeIgniter\CodeIgniter->runController(Object(App\Controllers\AdminKelasMaster))
 7 SYSTEMPATH/CodeIgniter.php(361): CodeIgniter\CodeIgniter->handleRequest(null, Object(Config\Cache), false)
 8 FCPATH/index.php(79): CodeIgniter\CodeIgniter->run()
 9 SYSTEMPATH/Commands/Server/rewrite.php(47): require_once('/Applications/XAMPP/xamppfiles/htdocs/pembelajaran/public/index.php')
INFO - 2024-01-12 03:09:32 --> Session: Class initialized using 'CodeIgniter\Session\Handlers\FileHandler' driver.
INFO - 2024-01-12 03:09:33 --> Session: Class initialized using 'CodeIgniter\Session\Handlers\FileHandler' driver.
INFO - 2024-01-12 03:09:34 --> Session: Class initialized using 'CodeIgniter\Session\Handlers\FileHandler' driver.
ERROR - 2024-01-12 03:09:34 --> mysqli_sql_exception: Illegal mix of collations (utf8mb4_general_ci,IMPLICIT) and (utf8_general_ci,COERCIBLE) for operation '=' in /Applications/XAMPP/xamppfiles/htdocs/pembelajaran/system/Database/MySQLi/Connection.php:306
Stack trace:
#0 /Applications/XAMPP/xamppfiles/htdocs/pembelajaran/system/Database/MySQLi/Connection.php(306): mysqli->query('SELECT `kelas_m...', 0)
#1 /Applications/XAMPP/xamppfiles/htdocs/pembelajaran/system/Database/BaseConnection.php(693): CodeIgniter\Database\MySQLi\Connection->execute('SELECT `kelas_m...')
#2 /Applications/XAMPP/xamppfiles/htdocs/pembelajaran/system/Database/BaseConnection.php(607): CodeIgniter\Database\BaseConnection->simpleQuery('SELECT `kelas_m...')
#3 /Applications/XAMPP/xamppfiles/htdocs/pembelajaran/system/Database/BaseBuilder.php(1615): CodeIgniter\Database\BaseConnection->query('SELECT `kelas_m...', Array, false)
#4 /Applications/XAMPP/xamppfiles/htdocs/pembelajaran/system/Model.php(871): CodeIgniter\Database\BaseBuilder->get()
#5 /Applications/XAMPP/xamppfiles/htdocs/pembelajaran/app/Models/Admin/AdminKelasMasterModel.php(37): CodeIgniter\Model->__call('get', Array)
#6 /Applications/XAMPP/xamppfiles/htdocs/pembelajaran/app/Controllers/AdminKelasMaster.php(52): App\Models\Admin\AdminKelasMasterModel->getAllKelasMasterWithKelasJenis('i\xD7', NULL)
#7 /Applications/XAMPP/xamppfiles/htdocs/pembelajaran/system/CodeIgniter.php(942): App\Controllers\AdminKelasMaster->KelasMaster('add', 'ZGY2ZWM4YzgtZWN...')
#8 /Applications/XAMPP/xamppfiles/htdocs/pembelajaran/system/CodeIgniter.php(502): CodeIgniter\CodeIgniter->runController(Object(App\Controllers\AdminKelasMaster))
#9 /Applications/XAMPP/xamppfiles/htdocs/pembelajaran/system/CodeIgniter.php(361): CodeIgniter\CodeIgniter->handleRequest(NULL, Object(Config\Cache), false)
#10 /Applications/XAMPP/xamppfiles/htdocs/pembelajaran/public/index.php(79): CodeIgniter\CodeIgniter->run()
#11 /Applications/XAMPP/xamppfiles/htdocs/pembelajaran/system/Commands/Server/rewrite.php(47): require_once('/Applications/X...')
#12 {main}
CRITICAL - 2024-01-12 03:09:34 --> Illegal mix of collations (utf8mb4_general_ci,IMPLICIT) and (utf8_general_ci,COERCIBLE) for operation '='
in SYSTEMPATH/Database/BaseConnection.php on line 647.
 1 SYSTEMPATH/Database/BaseBuilder.php(1615): CodeIgniter\Database\BaseConnection->query('SELECT `kelas_master`.*, `tahun_akademik`.`nama`, `kelas_jenis`.`nama_kelas`, `nama_prodi`, `tahun_akademik`.`jenis`
FROM `kelas_master`
JOIN `tahun_akademik` ON `kelas_master`.`tahun_akademik_id` = `tahun_akademik`.`id`
JOIN `kelas_jenis` ON `kelas_master`.`kelas_jenis_id` = `kelas_jenis`.`id`
JOIN `prodi` ON `kelas_master`.`prodi_id` = `prodi`.`id`
WHERE `tahun_akademik`.`status` = :tahun_akademik.status:
AND `prodi_id` = :prodi_id:', [...], false)
 2 SYSTEMPATH/Model.php(871): CodeIgniter\Database\BaseBuilder->get()
 3 APPPATH/Models/Admin/AdminKelasMasterModel.php(37): CodeIgniter\Model->__call('get', [])
 4 APPPATH/Controllers/AdminKelasMaster.php(52): App\Models\Admin\AdminKelasMasterModel->getAllKelasMasterWithKelasJenis('i×', null)
 5 SYSTEMPATH/CodeIgniter.php(942): App\Controllers\AdminKelasMaster->KelasMaster('add', 'ZGY2ZWM4YzgtZWNhMC00NTExLTkwY2UtYzE3ZDI4MmQzNmU3')
 6 SYSTEMPATH/CodeIgniter.php(502): CodeIgniter\CodeIgniter->runController(Object(App\Controllers\AdminKelasMaster))
 7 SYSTEMPATH/CodeIgniter.php(361): CodeIgniter\CodeIgniter->handleRequest(null, Object(Config\Cache), false)
 8 FCPATH/index.php(79): CodeIgniter\CodeIgniter->run()
 9 SYSTEMPATH/Commands/Server/rewrite.php(47): require_once('/Applications/XAMPP/xamppfiles/htdocs/pembelajaran/public/index.php')
INFO - 2024-01-12 03:10:30 --> Session: Class initialized using 'CodeIgniter\Session\Handlers\FileHandler' driver.
INFO - 2024-01-12 03:10:30 --> Session: Class initialized using 'CodeIgniter\Session\Handlers\FileHandler' driver.
INFO - 2024-01-12 03:10:32 --> Session: Class initialized using 'CodeIgniter\Session\Handlers\FileHandler' driver.
ERROR - 2024-01-12 03:10:32 --> mysqli_sql_exception: Illegal mix of collations (utf8mb4_general_ci,IMPLICIT) and (utf8_general_ci,COERCIBLE) for operation '=' in /Applications/XAMPP/xamppfiles/htdocs/pembelajaran/system/Database/MySQLi/Connection.php:306
Stack trace:
#0 /Applications/XAMPP/xamppfiles/htdocs/pembelajaran/system/Database/MySQLi/Connection.php(306): mysqli->query('SELECT `kelas_m...', 0)
#1 /Applications/XAMPP/xamppfiles/htdocs/pembelajaran/system/Database/BaseConnection.php(693): CodeIgniter\Database\MySQLi\Connection->execute('SELECT `kelas_m...')
#2 /Applications/XAMPP/xamppfiles/htdocs/pembelajaran/system/Database/BaseConnection.php(607): CodeIgniter\Database\BaseConnection->simpleQuery('SELECT `kelas_m...')
#3 /Applications/XAMPP/xamppfiles/htdocs/pembelajaran/system/Database/BaseBuilder.php(1615): CodeIgniter\Database\BaseConnection->query('SELECT `kelas_m...', Array, false)
#4 /Applications/XAMPP/xamppfiles/htdocs/pembelajaran/system/Model.php(871): CodeIgniter\Database\BaseBuilder->get()
#5 /Applications/XAMPP/xamppfiles/htdocs/pembelajaran/app/Models/Admin/AdminKelasMasterModel.php(37): CodeIgniter\Model->__call('get', Array)
#6 /Applications/XAMPP/xamppfiles/htdocs/pembelajaran/app/Controllers/AdminKelasMaster.php(52): App\Models\Admin\AdminKelasMasterModel->getAllKelasMasterWithKelasJenis('i\xD7', NULL)
#7 /Applications/XAMPP/xamppfiles/htdocs/pembelajaran/system/CodeIgniter.php(942): App\Controllers\AdminKelasMaster->KelasMaster('add', 'ZGY2ZWM4YzgtZWN...')
#8 /Applications/XAMPP/xamppfiles/htdocs/pembelajaran/system/CodeIgniter.php(502): CodeIgniter\CodeIgniter->runController(Object(App\Controllers\AdminKelasMaster))
#9 /Applications/XAMPP/xamppfiles/htdocs/pembelajaran/system/CodeIgniter.php(361): CodeIgniter\CodeIgniter->handleRequest(NULL, Object(Config\Cache), false)
#10 /Applications/XAMPP/xamppfiles/htdocs/pembelajaran/public/index.php(79): CodeIgniter\CodeIgniter->run()
#11 /Applications/XAMPP/xamppfiles/htdocs/pembelajaran/system/Commands/Server/rewrite.php(47): require_once('/Applications/X...')
#12 {main}
CRITICAL - 2024-01-12 03:10:32 --> Illegal mix of collations (utf8mb4_general_ci,IMPLICIT) and (utf8_general_ci,COERCIBLE) for operation '='
in SYSTEMPATH/Database/BaseConnection.php on line 647.
 1 SYSTEMPATH/Database/BaseBuilder.php(1615): CodeIgniter\Database\BaseConnection->query('SELECT `kelas_master`.*, `tahun_akademik`.`nama`, `kelas_jenis`.`nama_kelas`, `nama_prodi`, `tahun_akademik`.`jenis`
FROM `kelas_master`
JOIN `tahun_akademik` ON `kelas_master`.`tahun_akademik_id` = `tahun_akademik`.`id`
JOIN `kelas_jenis` ON `kelas_master`.`kelas_jenis_id` = `kelas_jenis`.`id`
JOIN `prodi` ON `kelas_master`.`prodi_id` = `prodi`.`id`
WHERE `tahun_akademik`.`status` = :tahun_akademik.status:
AND `prodi_id` = :prodi_id:', [...], false)
 2 SYSTEMPATH/Model.php(871): CodeIgniter\Database\BaseBuilder->get()
 3 APPPATH/Models/Admin/AdminKelasMasterModel.php(37): CodeIgniter\Model->__call('get', [])
 4 APPPATH/Controllers/AdminKelasMaster.php(52): App\Models\Admin\AdminKelasMasterModel->getAllKelasMasterWithKelasJenis('i×', null)
 5 SYSTEMPATH/CodeIgniter.php(942): App\Controllers\AdminKelasMaster->KelasMaster('add', 'ZGY2ZWM4YzgtZWNhMC00NTExLTkwY2UtYzE3ZDI4MmQzNmU3')
 6 SYSTEMPATH/CodeIgniter.php(502): CodeIgniter\CodeIgniter->runController(Object(App\Controllers\AdminKelasMaster))
 7 SYSTEMPATH/CodeIgniter.php(361): CodeIgniter\CodeIgniter->handleRequest(null, Object(Config\Cache), false)
 8 FCPATH/index.php(79): CodeIgniter\CodeIgniter->run()
 9 SYSTEMPATH/Commands/Server/rewrite.php(47): require_once('/Applications/XAMPP/xamppfiles/htdocs/pembelajaran/public/index.php')
INFO - 2024-01-12 03:10:35 --> Session: Class initialized using 'CodeIgniter\Session\Handlers\FileHandler' driver.
INFO - 2024-01-12 03:10:35 --> Session: Class initialized using 'CodeIgniter\Session\Handlers\FileHandler' driver.
INFO - 2024-01-12 03:11:26 --> Session: Class initialized using 'CodeIgniter\Session\Handlers\FileHandler' driver.
INFO - 2024-01-12 03:11:27 --> Session: Class initialized using 'CodeIgniter\Session\Handlers\FileHandler' driver.
INFO - 2024-01-12 03:11:28 --> Session: Class initialized using 'CodeIgniter\Session\Handlers\FileHandler' driver.
INFO - 2024-01-12 03:11:28 --> Session: Class initialized using 'CodeIgniter\Session\Handlers\FileHandler' driver.
INFO - 2024-01-12 03:11:31 --> Session: Class initialized using 'CodeIgniter\Session\Handlers\FileHandler' driver.
INFO - 2024-01-12 03:11:31 --> Session: Class initialized using 'CodeIgniter\Session\Handlers\FileHandler' driver.
INFO - 2024-01-12 03:12:09 --> Session: Class initialized using 'CodeIgniter\Session\Handlers\FileHandler' driver.
INFO - 2024-01-12 03:12:09 --> Session: Class initialized using 'CodeIgniter\Session\Handlers\FileHandler' driver.
INFO - 2024-01-12 03:12:11 --> Session: Class initialized using 'CodeIgniter\Session\Handlers\FileHandler' driver.
INFO - 2024-01-12 03:12:12 --> Session: Class initialized using 'CodeIgniter\Session\Handlers\FileHandler' driver.
INFO - 2024-01-12 03:12:13 --> Session: Class initialized using 'CodeIgniter\Session\Handlers\FileHandler' driver.
ERROR - 2024-01-12 03:12:13 --> mysqli_sql_exception: Illegal mix of collations (utf8mb4_general_ci,IMPLICIT) and (utf8_general_ci,COERCIBLE) for operation '=' in /Applications/XAMPP/xamppfiles/htdocs/pembelajaran/system/Database/MySQLi/Connection.php:306
Stack trace:
#0 /Applications/XAMPP/xamppfiles/htdocs/pembelajaran/system/Database/MySQLi/Connection.php(306): mysqli->query('SELECT `kelas_m...', 0)
#1 /Applications/XAMPP/xamppfiles/htdocs/pembelajaran/system/Database/BaseConnection.php(693): CodeIgniter\Database\MySQLi\Connection->execute('SELECT `kelas_m...')
#2 /Applications/XAMPP/xamppfiles/htdocs/pembelajaran/system/Database/BaseConnection.php(607): CodeIgniter\Database\BaseConnection->simpleQuery('SELECT `kelas_m...')
#3 /Applications/XAMPP/xamppfiles/htdocs/pembelajaran/system/Database/BaseBuilder.php(1615): CodeIgniter\Database\BaseConnection->query('SELECT `kelas_m...', Array, false)
#4 /Applications/XAMPP/xamppfiles/htdocs/pembelajaran/system/Model.php(871): CodeIgniter\Database\BaseBuilder->get()
#5 /Applications/XAMPP/xamppfiles/htdocs/pembelajaran/app/Models/Admin/AdminKelasMasterModel.php(37): CodeIgniter\Model->__call('get', Array)
#6 /Applications/XAMPP/xamppfiles/htdocs/pembelajaran/app/Controllers/AdminKelasMaster.php(52): App\Models\Admin\AdminKelasMasterModel->getAllKelasMasterWithKelasJenis('i\xD7', NULL)
#7 /Applications/XAMPP/xamppfiles/htdocs/pembelajaran/system/CodeIgniter.php(942): App\Controllers\AdminKelasMaster->KelasMaster('add', 'ZGY2ZWM4YzgtZWN...')
#8 /Applications/XAMPP/xamppfiles/htdocs/pembelajaran/system/CodeIgniter.php(502): CodeIgniter\CodeIgniter->runController(Object(App\Controllers\AdminKelasMaster))
#9 /Applications/XAMPP/xamppfiles/htdocs/pembelajaran/system/CodeIgniter.php(361): CodeIgniter\CodeIgniter->handleRequest(NULL, Object(Config\Cache), false)
#10 /Applications/XAMPP/xamppfiles/htdocs/pembelajaran/public/index.php(79): CodeIgniter\CodeIgniter->run()
#11 /Applications/XAMPP/xamppfiles/htdocs/pembelajaran/system/Commands/Server/rewrite.php(47): require_once('/Applications/X...')
#12 {main}
CRITICAL - 2024-01-12 03:12:13 --> Illegal mix of collations (utf8mb4_general_ci,IMPLICIT) and (utf8_general_ci,COERCIBLE) for operation '='
in SYSTEMPATH/Database/BaseConnection.php on line 647.
 1 SYSTEMPATH/Database/BaseBuilder.php(1615): CodeIgniter\Database\BaseConnection->query('SELECT `kelas_master`.*, `tahun_akademik`.`nama`, `kelas_jenis`.`nama_kelas`, `nama_prodi`, `tahun_akademik`.`jenis`
FROM `kelas_master`
JOIN `tahun_akademik` ON `kelas_master`.`tahun_akademik_id` = `tahun_akademik`.`id`
JOIN `kelas_jenis` ON `kelas_master`.`kelas_jenis_id` = `kelas_jenis`.`id`
JOIN `prodi` ON `kelas_master`.`prodi_id` = `prodi`.`id`
WHERE `tahun_akademik`.`status` = :tahun_akademik.status:
AND `prodi_id` = :prodi_id:', [...], false)
 2 SYSTEMPATH/Model.php(871): CodeIgniter\Database\BaseBuilder->get()
 3 APPPATH/Models/Admin/AdminKelasMasterModel.php(37): CodeIgniter\Model->__call('get', [])
 4 APPPATH/Controllers/AdminKelasMaster.php(52): App\Models\Admin\AdminKelasMasterModel->getAllKelasMasterWithKelasJenis('i×', null)
 5 SYSTEMPATH/CodeIgniter.php(942): App\Controllers\AdminKelasMaster->KelasMaster('add', 'ZGY2ZWM4YzgtZWNhMC00NTExLTkwY2UtYzE3ZDI4MmQzNmU3')
 6 SYSTEMPATH/CodeIgniter.php(502): CodeIgniter\CodeIgniter->runController(Object(App\Controllers\AdminKelasMaster))
 7 SYSTEMPATH/CodeIgniter.php(361): CodeIgniter\CodeIgniter->handleRequest(null, Object(Config\Cache), false)
 8 FCPATH/index.php(79): CodeIgniter\CodeIgniter->run()
 9 SYSTEMPATH/Commands/Server/rewrite.php(47): require_once('/Applications/XAMPP/xamppfiles/htdocs/pembelajaran/public/index.php')
INFO - 2024-01-12 03:15:31 --> Session: Class initialized using 'CodeIgniter\Session\Handlers\FileHandler' driver.
INFO - 2024-01-12 03:16:30 --> Session: Class initialized using 'CodeIgniter\Session\Handlers\FileHandler' driver.
INFO - 2024-01-12 03:16:30 --> Session: Class initialized using 'CodeIgniter\Session\Handlers\FileHandler' driver.
INFO - 2024-01-12 03:16:32 --> Session: Class initialized using 'CodeIgniter\Session\Handlers\FileHandler' driver.
ERROR - 2024-01-12 03:16:32 --> mysqli_sql_exception: Illegal mix of collations (utf8mb4_general_ci,IMPLICIT) and (utf8_general_ci,COERCIBLE) for operation '=' in /Applications/XAMPP/xamppfiles/htdocs/pembelajaran/system/Database/MySQLi/Connection.php:306
Stack trace:
#0 /Applications/XAMPP/xamppfiles/htdocs/pembelajaran/system/Database/MySQLi/Connection.php(306): mysqli->query('SELECT `kelas_m...', 0)
#1 /Applications/XAMPP/xamppfiles/htdocs/pembelajaran/system/Database/BaseConnection.php(693): CodeIgniter\Database\MySQLi\Connection->execute('SELECT `kelas_m...')
#2 /Applications/XAMPP/xamppfiles/htdocs/pembelajaran/system/Database/BaseConnection.php(607): CodeIgniter\Database\BaseConnection->simpleQuery('SELECT `kelas_m...')
#3 /Applications/XAMPP/xamppfiles/htdocs/pembelajaran/system/Database/BaseBuilder.php(1615): CodeIgniter\Database\BaseConnection->query('SELECT `kelas_m...', Array, false)
#4 /Applications/XAMPP/xamppfiles/htdocs/pembelajaran/system/Model.php(871): CodeIgniter\Database\BaseBuilder->get()
#5 /Applications/XAMPP/xamppfiles/htdocs/pembelajaran/app/Models/Admin/AdminKelasMasterModel.php(37): CodeIgniter\Model->__call('get', Array)
#6 /Applications/XAMPP/xamppfiles/htdocs/pembelajaran/app/Controllers/AdminKelasMaster.php(54): App\Models\Admin\AdminKelasMasterModel->getAllKelasMasterWithKelasJenis('i\xD7', NULL)
#7 /Applications/XAMPP/xamppfiles/htdocs/pembelajaran/system/CodeIgniter.php(942): App\Controllers\AdminKelasMaster->KelasMaster('add', 'ZGY2ZWM4YzgtZWN...')
#8 /Applications/XAMPP/xamppfiles/htdocs/pembelajaran/system/CodeIgniter.php(502): CodeIgniter\CodeIgniter->runController(Object(App\Controllers\AdminKelasMaster))
#9 /Applications/XAMPP/xamppfiles/htdocs/pembelajaran/system/CodeIgniter.php(361): CodeIgniter\CodeIgniter->handleRequest(NULL, Object(Config\Cache), false)
#10 /Applications/XAMPP/xamppfiles/htdocs/pembelajaran/public/index.php(79): CodeIgniter\CodeIgniter->run()
#11 /Applications/XAMPP/xamppfiles/htdocs/pembelajaran/system/Commands/Server/rewrite.php(47): require_once('/Applications/X...')
#12 {main}
CRITICAL - 2024-01-12 03:16:32 --> Illegal mix of collations (utf8mb4_general_ci,IMPLICIT) and (utf8_general_ci,COERCIBLE) for operation '='
in SYSTEMPATH/Database/BaseConnection.php on line 647.
 1 SYSTEMPATH/Database/BaseBuilder.php(1615): CodeIgniter\Database\BaseConnection->query('SELECT `kelas_master`.*, `tahun_akademik`.`nama`, `kelas_jenis`.`nama_kelas`, `nama_prodi`, `tahun_akademik`.`jenis`
FROM `kelas_master`
JOIN `tahun_akademik` ON `kelas_master`.`tahun_akademik_id` = `tahun_akademik`.`id`
JOIN `kelas_jenis` ON `kelas_master`.`kelas_jenis_id` = `kelas_jenis`.`id`
JOIN `prodi` ON `kelas_master`.`prodi_id` = `prodi`.`id`
WHERE `tahun_akademik`.`status` = :tahun_akademik.status:
AND `prodi_id` = :prodi_id:', [...], false)
 2 SYSTEMPATH/Model.php(871): CodeIgniter\Database\BaseBuilder->get()
 3 APPPATH/Models/Admin/AdminKelasMasterModel.php(37): CodeIgniter\Model->__call('get', [])
 4 APPPATH/Controllers/AdminKelasMaster.php(54): App\Models\Admin\AdminKelasMasterModel->getAllKelasMasterWithKelasJenis('i×', null)
 5 SYSTEMPATH/CodeIgniter.php(942): App\Controllers\AdminKelasMaster->KelasMaster('add', 'ZGY2ZWM4YzgtZWNhMC00NTExLTkwY2UtYzE3ZDI4MmQzNmU3')
 6 SYSTEMPATH/CodeIgniter.php(502): CodeIgniter\CodeIgniter->runController(Object(App\Controllers\AdminKelasMaster))
 7 SYSTEMPATH/CodeIgniter.php(361): CodeIgniter\CodeIgniter->handleRequest(null, Object(Config\Cache), false)
 8 FCPATH/index.php(79): CodeIgniter\CodeIgniter->run()
 9 SYSTEMPATH/Commands/Server/rewrite.php(47): require_once('/Applications/XAMPP/xamppfiles/htdocs/pembelajaran/public/index.php')
INFO - 2024-01-12 03:16:34 --> Session: Class initialized using 'CodeIgniter\Session\Handlers\FileHandler' driver.
INFO - 2024-01-12 03:16:34 --> Session: Class initialized using 'CodeIgniter\Session\Handlers\FileHandler' driver.
INFO - 2024-01-12 03:16:35 --> Session: Class initialized using 'CodeIgniter\Session\Handlers\FileHandler' driver.
ERROR - 2024-01-12 03:16:35 --> mysqli_sql_exception: Illegal mix of collations (utf8mb4_general_ci,IMPLICIT) and (utf8_general_ci,COERCIBLE) for operation '=' in /Applications/XAMPP/xamppfiles/htdocs/pembelajaran/system/Database/MySQLi/Connection.php:306
Stack trace:
#0 /Applications/XAMPP/xamppfiles/htdocs/pembelajaran/system/Database/MySQLi/Connection.php(306): mysqli->query('SELECT `kelas_m...', 0)
#1 /Applications/XAMPP/xamppfiles/htdocs/pembelajaran/system/Database/BaseConnection.php(693): CodeIgniter\Database\MySQLi\Connection->execute('SELECT `kelas_m...')
#2 /Applications/XAMPP/xamppfiles/htdocs/pembelajaran/system/Database/BaseConnection.php(607): CodeIgniter\Database\BaseConnection->simpleQuery('SELECT `kelas_m...')
#3 /Applications/XAMPP/xamppfiles/htdocs/pembelajaran/system/Database/BaseBuilder.php(1615): CodeIgniter\Database\BaseConnection->query('SELECT `kelas_m...', Array, false)
#4 /Applications/XAMPP/xamppfiles/htdocs/pembelajaran/system/Model.php(871): CodeIgniter\Database\BaseBuilder->get()
#5 /Applications/XAMPP/xamppfiles/htdocs/pembelajaran/app/Models/Admin/AdminKelasMasterModel.php(37): CodeIgniter\Model->__call('get', Array)
#6 /Applications/XAMPP/xamppfiles/htdocs/pembelajaran/app/Controllers/AdminKelasMaster.php(54): App\Models\Admin\AdminKelasMasterModel->getAllKelasMasterWithKelasJenis('i\xD7', NULL)
#7 /Applications/XAMPP/xamppfiles/htdocs/pembelajaran/system/CodeIgniter.php(942): App\Controllers\AdminKelasMaster->KelasMaster('add', 'ZGY2ZWM4YzgtZWN...')
#8 /Applications/XAMPP/xamppfiles/htdocs/pembelajaran/system/CodeIgniter.php(502): CodeIgniter\CodeIgniter->runController(Object(App\Controllers\AdminKelasMaster))
#9 /Applications/XAMPP/xamppfiles/htdocs/pembelajaran/system/CodeIgniter.php(361): CodeIgniter\CodeIgniter->handleRequest(NULL, Object(Config\Cache), false)
#10 /Applications/XAMPP/xamppfiles/htdocs/pembelajaran/public/index.php(79): CodeIgniter\CodeIgniter->run()
#11 /Applications/XAMPP/xamppfiles/htdocs/pembelajaran/system/Commands/Server/rewrite.php(47): require_once('/Applications/X...')
#12 {main}
CRITICAL - 2024-01-12 03:16:35 --> Illegal mix of collations (utf8mb4_general_ci,IMPLICIT) and (utf8_general_ci,COERCIBLE) for operation '='
in SYSTEMPATH/Database/BaseConnection.php on line 647.
 1 SYSTEMPATH/Database/BaseBuilder.php(1615): CodeIgniter\Database\BaseConnection->query('SELECT `kelas_master`.*, `tahun_akademik`.`nama`, `kelas_jenis`.`nama_kelas`, `nama_prodi`, `tahun_akademik`.`jenis`
FROM `kelas_master`
JOIN `tahun_akademik` ON `kelas_master`.`tahun_akademik_id` = `tahun_akademik`.`id`
JOIN `kelas_jenis` ON `kelas_master`.`kelas_jenis_id` = `kelas_jenis`.`id`
JOIN `prodi` ON `kelas_master`.`prodi_id` = `prodi`.`id`
WHERE `tahun_akademik`.`status` = :tahun_akademik.status:
AND `prodi_id` = :prodi_id:', [...], false)
 2 SYSTEMPATH/Model.php(871): CodeIgniter\Database\BaseBuilder->get()
 3 APPPATH/Models/Admin/AdminKelasMasterModel.php(37): CodeIgniter\Model->__call('get', [])
 4 APPPATH/Controllers/AdminKelasMaster.php(54): App\Models\Admin\AdminKelasMasterModel->getAllKelasMasterWithKelasJenis('i×', null)
 5 SYSTEMPATH/CodeIgniter.php(942): App\Controllers\AdminKelasMaster->KelasMaster('add', 'ZGY2ZWM4YzgtZWNhMC00NTExLTkwY2UtYzE3ZDI4MmQzNmU3')
 6 SYSTEMPATH/CodeIgniter.php(502): CodeIgniter\CodeIgniter->runController(Object(App\Controllers\AdminKelasMaster))
 7 SYSTEMPATH/CodeIgniter.php(361): CodeIgniter\CodeIgniter->handleRequest(null, Object(Config\Cache), false)
 8 FCPATH/index.php(79): CodeIgniter\CodeIgniter->run()
 9 SYSTEMPATH/Commands/Server/rewrite.php(47): require_once('/Applications/XAMPP/xamppfiles/htdocs/pembelajaran/public/index.php')
INFO - 2024-01-12 03:16:35 --> Session: Class initialized using 'CodeIgniter\Session\Handlers\FileHandler' driver.
INFO - 2024-01-12 03:16:36 --> Session: Class initialized using 'CodeIgniter\Session\Handlers\FileHandler' driver.
INFO - 2024-01-12 03:16:36 --> Session: Class initialized using 'CodeIgniter\Session\Handlers\FileHandler' driver.
ERROR - 2024-01-12 03:16:36 --> mysqli_sql_exception: Illegal mix of collations (utf8mb4_general_ci,IMPLICIT) and (utf8_general_ci,COERCIBLE) for operation '=' in /Applications/XAMPP/xamppfiles/htdocs/pembelajaran/system/Database/MySQLi/Connection.php:306
Stack trace:
#0 /Applications/XAMPP/xamppfiles/htdocs/pembelajaran/system/Database/MySQLi/Connection.php(306): mysqli->query('SELECT `kelas_m...', 0)
#1 /Applications/XAMPP/xamppfiles/htdocs/pembelajaran/system/Database/BaseConnection.php(693): CodeIgniter\Database\MySQLi\Connection->execute('SELECT `kelas_m...')
#2 /Applications/XAMPP/xamppfiles/htdocs/pembelajaran/system/Database/BaseConnection.php(607): CodeIgniter\Database\BaseConnection->simpleQuery('SELECT `kelas_m...')
#3 /Applications/XAMPP/xamppfiles/htdocs/pembelajaran/system/Database/BaseBuilder.php(1615): CodeIgniter\Database\BaseConnection->query('SELECT `kelas_m...', Array, false)
#4 /Applications/XAMPP/xamppfiles/htdocs/pembelajaran/system/Model.php(871): CodeIgniter\Database\BaseBuilder->get()
#5 /Applications/XAMPP/xamppfiles/htdocs/pembelajaran/app/Models/Admin/AdminKelasMasterModel.php(37): CodeIgniter\Model->__call('get', Array)
#6 /Applications/XAMPP/xamppfiles/htdocs/pembelajaran/app/Controllers/AdminKelasMaster.php(54): App\Models\Admin\AdminKelasMasterModel->getAllKelasMasterWithKelasJenis('i\xD7', NULL)
#7 /Applications/XAMPP/xamppfiles/htdocs/pembelajaran/system/CodeIgniter.php(942): App\Controllers\AdminKelasMaster->KelasMaster('add', 'ZGY2ZWM4YzgtZWN...')
#8 /Applications/XAMPP/xamppfiles/htdocs/pembelajaran/system/CodeIgniter.php(502): CodeIgniter\CodeIgniter->runController(Object(App\Controllers\AdminKelasMaster))
#9 /Applications/XAMPP/xamppfiles/htdocs/pembelajaran/system/CodeIgniter.php(361): CodeIgniter\CodeIgniter->handleRequest(NULL, Object(Config\Cache), false)
#10 /Applications/XAMPP/xamppfiles/htdocs/pembelajaran/public/index.php(79): CodeIgniter\CodeIgniter->run()
#11 /Applications/XAMPP/xamppfiles/htdocs/pembelajaran/system/Commands/Server/rewrite.php(47): require_once('/Applications/X...')
#12 {main}
CRITICAL - 2024-01-12 03:16:36 --> Illegal mix of collations (utf8mb4_general_ci,IMPLICIT) and (utf8_general_ci,COERCIBLE) for operation '='
in SYSTEMPATH/Database/BaseConnection.php on line 647.
 1 SYSTEMPATH/Database/BaseBuilder.php(1615): CodeIgniter\Database\BaseConnection->query('SELECT `kelas_master`.*, `tahun_akademik`.`nama`, `kelas_jenis`.`nama_kelas`, `nama_prodi`, `tahun_akademik`.`jenis`
FROM `kelas_master`
JOIN `tahun_akademik` ON `kelas_master`.`tahun_akademik_id` = `tahun_akademik`.`id`
JOIN `kelas_jenis` ON `kelas_master`.`kelas_jenis_id` = `kelas_jenis`.`id`
JOIN `prodi` ON `kelas_master`.`prodi_id` = `prodi`.`id`
WHERE `tahun_akademik`.`status` = :tahun_akademik.status:
AND `prodi_id` = :prodi_id:', [...], false)
 2 SYSTEMPATH/Model.php(871): CodeIgniter\Database\BaseBuilder->get()
 3 APPPATH/Models/Admin/AdminKelasMasterModel.php(37): CodeIgniter\Model->__call('get', [])
 4 APPPATH/Controllers/AdminKelasMaster.php(54): App\Models\Admin\AdminKelasMasterModel->getAllKelasMasterWithKelasJenis('i×', null)
 5 SYSTEMPATH/CodeIgniter.php(942): App\Controllers\AdminKelasMaster->KelasMaster('add', 'ZGY2ZWM4YzgtZWNhMC00NTExLTkwY2UtYzE3ZDI4MmQzNmU3')
 6 SYSTEMPATH/CodeIgniter.php(502): CodeIgniter\CodeIgniter->runController(Object(App\Controllers\AdminKelasMaster))
 7 SYSTEMPATH/CodeIgniter.php(361): CodeIgniter\CodeIgniter->handleRequest(null, Object(Config\Cache), false)
 8 FCPATH/index.php(79): CodeIgniter\CodeIgniter->run()
 9 SYSTEMPATH/Commands/Server/rewrite.php(47): require_once('/Applications/XAMPP/xamppfiles/htdocs/pembelajaran/public/index.php')
INFO - 2024-01-12 03:16:54 --> Session: Class initialized using 'CodeIgniter\Session\Handlers\FileHandler' driver.
ERROR - 2024-01-12 03:16:54 --> mysqli_sql_exception: Illegal mix of collations (utf8mb4_general_ci,IMPLICIT) and (utf8_general_ci,COERCIBLE) for operation '=' in /Applications/XAMPP/xamppfiles/htdocs/pembelajaran/system/Database/MySQLi/Connection.php:306
Stack trace:
#0 /Applications/XAMPP/xamppfiles/htdocs/pembelajaran/system/Database/MySQLi/Connection.php(306): mysqli->query('SELECT `kelas_m...', 0)
#1 /Applications/XAMPP/xamppfiles/htdocs/pembelajaran/system/Database/BaseConnection.php(693): CodeIgniter\Database\MySQLi\Connection->execute('SELECT `kelas_m...')
#2 /Applications/XAMPP/xamppfiles/htdocs/pembelajaran/system/Database/BaseConnection.php(607): CodeIgniter\Database\BaseConnection->simpleQuery('SELECT `kelas_m...')
#3 /Applications/XAMPP/xamppfiles/htdocs/pembelajaran/system/Database/BaseBuilder.php(1615): CodeIgniter\Database\BaseConnection->query('SELECT `kelas_m...', Array, false)
#4 /Applications/XAMPP/xamppfiles/htdocs/pembelajaran/system/Model.php(871): CodeIgniter\Database\BaseBuilder->get()
#5 /Applications/XAMPP/xamppfiles/htdocs/pembelajaran/app/Models/Admin/AdminKelasMasterModel.php(37): CodeIgniter\Model->__call('get', Array)
#6 /Applications/XAMPP/xamppfiles/htdocs/pembelajaran/app/Controllers/AdminKelasMaster.php(54): App\Models\Admin\AdminKelasMasterModel->getAllKelasMasterWithKelasJenis('i\xD7', NULL)
#7 /Applications/XAMPP/xamppfiles/htdocs/pembelajaran/system/CodeIgniter.php(942): App\Controllers\AdminKelasMaster->KelasMaster('add', 'ZGY2ZWM4YzgtZWN...')
#8 /Applications/XAMPP/xamppfiles/htdocs/pembelajaran/system/CodeIgniter.php(502): CodeIgniter\CodeIgniter->runController(Object(App\Controllers\AdminKelasMaster))
#9 /Applications/XAMPP/xamppfiles/htdocs/pembelajaran/system/CodeIgniter.php(361): CodeIgniter\CodeIgniter->handleRequest(NULL, Object(Config\Cache), false)
#10 /Applications/XAMPP/xamppfiles/htdocs/pembelajaran/public/index.php(79): CodeIgniter\CodeIgniter->run()
#11 /Applications/XAMPP/xamppfiles/htdocs/pembelajaran/system/Commands/Server/rewrite.php(47): require_once('/Applications/X...')
#12 {main}
CRITICAL - 2024-01-12 03:16:54 --> Illegal mix of collations (utf8mb4_general_ci,IMPLICIT) and (utf8_general_ci,COERCIBLE) for operation '='
in SYSTEMPATH/Database/BaseConnection.php on line 647.
 1 SYSTEMPATH/Database/BaseBuilder.php(1615): CodeIgniter\Database\BaseConnection->query('SELECT `kelas_master`.*, `tahun_akademik`.`nama`, `kelas_jenis`.`nama_kelas`, `nama_prodi`, `tahun_akademik`.`jenis`
FROM `kelas_master`
JOIN `tahun_akademik` ON `kelas_master`.`tahun_akademik_id` = `tahun_akademik`.`id`
JOIN `kelas_jenis` ON `kelas_master`.`kelas_jenis_id` = `kelas_jenis`.`id`
JOIN `prodi` ON `kelas_master`.`prodi_id` = `prodi`.`id`
WHERE `tahun_akademik`.`status` = :tahun_akademik.status:
AND `prodi_id` = :prodi_id:', [...], false)
 2 SYSTEMPATH/Model.php(871): CodeIgniter\Database\BaseBuilder->get()
 3 APPPATH/Models/Admin/AdminKelasMasterModel.php(37): CodeIgniter\Model->__call('get', [])
 4 APPPATH/Controllers/AdminKelasMaster.php(54): App\Models\Admin\AdminKelasMasterModel->getAllKelasMasterWithKelasJenis('i×', null)
 5 SYSTEMPATH/CodeIgniter.php(942): App\Controllers\AdminKelasMaster->KelasMaster('add', 'ZGY2ZWM4YzgtZWNhMC00NTExLTkwY2UtYzE3ZDI4MmQzNmU3')
 6 SYSTEMPATH/CodeIgniter.php(502): CodeIgniter\CodeIgniter->runController(Object(App\Controllers\AdminKelasMaster))
 7 SYSTEMPATH/CodeIgniter.php(361): CodeIgniter\CodeIgniter->handleRequest(null, Object(Config\Cache), false)
 8 FCPATH/index.php(79): CodeIgniter\CodeIgniter->run()
 9 SYSTEMPATH/Commands/Server/rewrite.php(47): require_once('/Applications/XAMPP/xamppfiles/htdocs/pembelajaran/public/index.php')
INFO - 2024-01-12 03:16:58 --> Session: Class initialized using 'CodeIgniter\Session\Handlers\FileHandler' driver.
INFO - 2024-01-12 03:16:58 --> Session: Class initialized using 'CodeIgniter\Session\Handlers\FileHandler' driver.
INFO - 2024-01-12 03:16:59 --> Session: Class initialized using 'CodeIgniter\Session\Handlers\FileHandler' driver.
ERROR - 2024-01-12 03:16:59 --> mysqli_sql_exception: Illegal mix of collations (utf8mb4_general_ci,IMPLICIT) and (utf8_general_ci,COERCIBLE) for operation '=' in /Applications/XAMPP/xamppfiles/htdocs/pembelajaran/system/Database/MySQLi/Connection.php:306
Stack trace:
#0 /Applications/XAMPP/xamppfiles/htdocs/pembelajaran/system/Database/MySQLi/Connection.php(306): mysqli->query('SELECT `kelas_m...', 0)
#1 /Applications/XAMPP/xamppfiles/htdocs/pembelajaran/system/Database/BaseConnection.php(693): CodeIgniter\Database\MySQLi\Connection->execute('SELECT `kelas_m...')
#2 /Applications/XAMPP/xamppfiles/htdocs/pembelajaran/system/Database/BaseConnection.php(607): CodeIgniter\Database\BaseConnection->simpleQuery('SELECT `kelas_m...')
#3 /Applications/XAMPP/xamppfiles/htdocs/pembelajaran/system/Database/BaseBuilder.php(1615): CodeIgniter\Database\BaseConnection->query('SELECT `kelas_m...', Array, false)
#4 /Applications/XAMPP/xamppfiles/htdocs/pembelajaran/system/Model.php(871): CodeIgniter\Database\BaseBuilder->get()
#5 /Applications/XAMPP/xamppfiles/htdocs/pembelajaran/app/Models/Admin/AdminKelasMasterModel.php(37): CodeIgniter\Model->__call('get', Array)
#6 /Applications/XAMPP/xamppfiles/htdocs/pembelajaran/app/Controllers/AdminKelasMaster.php(54): App\Models\Admin\AdminKelasMasterModel->getAllKelasMasterWithKelasJenis('i\xD7', NULL)
#7 /Applications/XAMPP/xamppfiles/htdocs/pembelajaran/system/CodeIgniter.php(942): App\Controllers\AdminKelasMaster->KelasMaster('add', 'df6ec8c8-eca0-4...')
#8 /Applications/XAMPP/xamppfiles/htdocs/pembelajaran/system/CodeIgniter.php(502): CodeIgniter\CodeIgniter->runController(Object(App\Controllers\AdminKelasMaster))
#9 /Applications/XAMPP/xamppfiles/htdocs/pembelajaran/system/CodeIgniter.php(361): CodeIgniter\CodeIgniter->handleRequest(NULL, Object(Config\Cache), false)
#10 /Applications/XAMPP/xamppfiles/htdocs/pembelajaran/public/index.php(79): CodeIgniter\CodeIgniter->run()
#11 /Applications/XAMPP/xamppfiles/htdocs/pembelajaran/system/Commands/Server/rewrite.php(47): require_once('/Applications/X...')
#12 {main}
CRITICAL - 2024-01-12 03:16:59 --> Illegal mix of collations (utf8mb4_general_ci,IMPLICIT) and (utf8_general_ci,COERCIBLE) for operation '='
in SYSTEMPATH/Database/BaseConnection.php on line 647.
 1 SYSTEMPATH/Database/BaseBuilder.php(1615): CodeIgniter\Database\BaseConnection->query('SELECT `kelas_master`.*, `tahun_akademik`.`nama`, `kelas_jenis`.`nama_kelas`, `nama_prodi`, `tahun_akademik`.`jenis`
FROM `kelas_master`
JOIN `tahun_akademik` ON `kelas_master`.`tahun_akademik_id` = `tahun_akademik`.`id`
JOIN `kelas_jenis` ON `kelas_master`.`kelas_jenis_id` = `kelas_jenis`.`id`
JOIN `prodi` ON `kelas_master`.`prodi_id` = `prodi`.`id`
WHERE `tahun_akademik`.`status` = :tahun_akademik.status:
AND `prodi_id` = :prodi_id:', [...], false)
 2 SYSTEMPATH/Model.php(871): CodeIgniter\Database\BaseBuilder->get()
 3 APPPATH/Models/Admin/AdminKelasMasterModel.php(37): CodeIgniter\Model->__call('get', [])
 4 APPPATH/Controllers/AdminKelasMaster.php(54): App\Models\Admin\AdminKelasMasterModel->getAllKelasMasterWithKelasJenis('i×', null)
 5 SYSTEMPATH/CodeIgniter.php(942): App\Controllers\AdminKelasMaster->KelasMaster('add', 'df6ec8c8-eca0-4511-90ce-c17d282d36e7')
 6 SYSTEMPATH/CodeIgniter.php(502): CodeIgniter\CodeIgniter->runController(Object(App\Controllers\AdminKelasMaster))
 7 SYSTEMPATH/CodeIgniter.php(361): CodeIgniter\CodeIgniter->handleRequest(null, Object(Config\Cache), false)
 8 FCPATH/index.php(79): CodeIgniter\CodeIgniter->run()
 9 SYSTEMPATH/Commands/Server/rewrite.php(47): require_once('/Applications/XAMPP/xamppfiles/htdocs/pembelajaran/public/index.php')
INFO - 2024-01-12 03:22:15 --> Session: Class initialized using 'CodeIgniter\Session\Handlers\FileHandler' driver.
INFO - 2024-01-12 03:22:15 --> Session: Class initialized using 'CodeIgniter\Session\Handlers\FileHandler' driver.
INFO - 2024-01-12 03:22:17 --> Session: Class initialized using 'CodeIgniter\Session\Handlers\FileHandler' driver.
INFO - 2024-01-12 03:22:18 --> Session: Class initialized using 'CodeIgniter\Session\Handlers\FileHandler' driver.
INFO - 2024-01-12 03:22:25 --> Session: Class initialized using 'CodeIgniter\Session\Handlers\FileHandler' driver.
CRITICAL - 2024-01-12 03:22:25 --> Undefined array key "prodi_id"
in APPPATH/Controllers/AdminKelasMaster.php on line 63.
 1 APPPATH/Controllers/AdminKelasMaster.php(63): CodeIgniter\Debug\Exceptions->errorHandler(2, 'Undefined array key "prodi_id"', '/Applications/XAMPP/xamppfiles/htdocs/pembelajaran/app/Controllers/AdminKelasMaster.php', 63)
 2 SYSTEMPATH/CodeIgniter.php(942): App\Controllers\AdminKelasMaster->addKelasMaster('ZGY2ZWM4YzgtZWNhMC00NTExLTkwY2UtYzE3ZDI4MmQzNmU3')
 3 SYSTEMPATH/CodeIgniter.php(502): CodeIgniter\CodeIgniter->runController(Object(App\Controllers\AdminKelasMaster))
 4 SYSTEMPATH/CodeIgniter.php(361): CodeIgniter\CodeIgniter->handleRequest(null, Object(Config\Cache), false)
 5 FCPATH/index.php(79): CodeIgniter\CodeIgniter->run()
 6 SYSTEMPATH/Commands/Server/rewrite.php(47): require_once('/Applications/XAMPP/xamppfiles/htdocs/pembelajaran/public/index.php')
INFO - 2024-01-12 03:23:22 --> Session: Class initialized using 'CodeIgniter\Session\Handlers\FileHandler' driver.
CRITICAL - 2024-01-12 03:23:22 --> Call to a member function getAllKelasJenis() on null
in APPPATH/Controllers/AdminKelasMaster.php on line 67.
 1 SYSTEMPATH/CodeIgniter.php(942): App\Controllers\AdminKelasMaster->addKelasMaster('ZGY2ZWM4YzgtZWNhMC00NTExLTkwY2UtYzE3ZDI4MmQzNmU3')
 2 SYSTEMPATH/CodeIgniter.php(502): CodeIgniter\CodeIgniter->runController(Object(App\Controllers\AdminKelasMaster))
 3 SYSTEMPATH/CodeIgniter.php(361): CodeIgniter\CodeIgniter->handleRequest(null, Object(Config\Cache), false)
 4 FCPATH/index.php(79): CodeIgniter\CodeIgniter->run()
 5 SYSTEMPATH/Commands/Server/rewrite.php(47): require_once('/Applications/XAMPP/xamppfiles/htdocs/pembelajaran/public/index.php')
INFO - 2024-01-12 03:24:14 --> Session: Class initialized using 'CodeIgniter\Session\Handlers\FileHandler' driver.
CRITICAL - 2024-01-12 03:24:14 --> Call to a member function getAllKelasJenis() on null
in APPPATH/Controllers/AdminKelasMaster.php on line 67.
 1 SYSTEMPATH/CodeIgniter.php(942): App\Controllers\AdminKelasMaster->addKelasMaster('ZGY2ZWM4YzgtZWNhMC00NTExLTkwY2UtYzE3ZDI4MmQzNmU3')
 2 SYSTEMPATH/CodeIgniter.php(502): CodeIgniter\CodeIgniter->runController(Object(App\Controllers\AdminKelasMaster))
 3 SYSTEMPATH/CodeIgniter.php(361): CodeIgniter\CodeIgniter->handleRequest(null, Object(Config\Cache), false)
 4 FCPATH/index.php(79): CodeIgniter\CodeIgniter->run()
 5 SYSTEMPATH/Commands/Server/rewrite.php(47): require_once('/Applications/XAMPP/xamppfiles/htdocs/pembelajaran/public/index.php')
INFO - 2024-01-12 03:25:06 --> Session: Class initialized using 'CodeIgniter\Session\Handlers\FileHandler' driver.
INFO - 2024-01-12 03:25:07 --> Session: Class initialized using 'CodeIgniter\Session\Handlers\FileHandler' driver.
INFO - 2024-01-12 03:27:45 --> Session: Class initialized using 'CodeIgniter\Session\Handlers\FileHandler' driver.
INFO - 2024-01-12 03:27:45 --> Session: Class initialized using 'CodeIgniter\Session\Handlers\FileHandler' driver.
INFO - 2024-01-12 03:28:40 --> Session: Class initialized using 'CodeIgniter\Session\Handlers\FileHandler' driver.
CRITICAL - 2024-01-12 03:28:40 --> Cannot use object of type stdClass as array
in APPPATH/Views/konten/admin/master/kelas/master/add.php on line 22.
 1 SYSTEMPATH/View/View.php(228): include()
 2 SYSTEMPATH/View/View.php(231): CodeIgniter\View\View->CodeIgniter\View\{closure}()
 3 SYSTEMPATH/Common.php(1190): CodeIgniter\View\View->render('konten/admin/master/kelas/master/add', [], true)
 4 APPPATH/Controllers/AdminKelasMaster.php(70): view('konten/admin/master/kelas/master/add', [...])
 5 SYSTEMPATH/CodeIgniter.php(942): App\Controllers\AdminKelasMaster->addKelasMaster('ZGY2ZWM4YzgtZWNhMC00NTExLTkwY2UtYzE3ZDI4MmQzNmU3')
 6 SYSTEMPATH/CodeIgniter.php(502): CodeIgniter\CodeIgniter->runController(Object(App\Controllers\AdminKelasMaster))
 7 SYSTEMPATH/CodeIgniter.php(361): CodeIgniter\CodeIgniter->handleRequest(null, Object(Config\Cache), false)
 8 FCPATH/index.php(79): CodeIgniter\CodeIgniter->run()
 9 SYSTEMPATH/Commands/Server/rewrite.php(47): require_once('/Applications/XAMPP/xamppfiles/htdocs/pembelajaran/public/index.php')
INFO - 2024-01-12 03:28:52 --> Session: Class initialized using 'CodeIgniter\Session\Handlers\FileHandler' driver.
INFO - 2024-01-12 03:28:52 --> Session: Class initialized using 'CodeIgniter\Session\Handlers\FileHandler' driver.
INFO - 2024-01-12 03:29:08 --> Session: Class initialized using 'CodeIgniter\Session\Handlers\FileHandler' driver.
INFO - 2024-01-12 03:29:08 --> Session: Class initialized using 'CodeIgniter\Session\Handlers\FileHandler' driver.
INFO - 2024-01-12 03:29:32 --> Session: Class initialized using 'CodeIgniter\Session\Handlers\FileHandler' driver.
INFO - 2024-01-12 03:29:32 --> Session: Class initialized using 'CodeIgniter\Session\Handlers\FileHandler' driver.
INFO - 2024-01-12 03:29:51 --> Session: Class initialized using 'CodeIgniter\Session\Handlers\FileHandler' driver.
INFO - 2024-01-12 03:29:51 --> Session: Class initialized using 'CodeIgniter\Session\Handlers\FileHandler' driver.
INFO - 2024-01-12 03:29:54 --> Session: Class initialized using 'CodeIgniter\Session\Handlers\FileHandler' driver.
INFO - 2024-01-12 03:29:54 --> Session: Class initialized using 'CodeIgniter\Session\Handlers\FileHandler' driver.
INFO - 2024-01-12 03:29:56 --> Session: Class initialized using 'CodeIgniter\Session\Handlers\FileHandler' driver.
INFO - 2024-01-12 03:29:56 --> Session: Class initialized using 'CodeIgniter\Session\Handlers\FileHandler' driver.
INFO - 2024-01-12 03:29:56 --> Session: Class initialized using 'CodeIgniter\Session\Handlers\FileHandler' driver.
INFO - 2024-01-12 03:29:57 --> Session: Class initialized using 'CodeIgniter\Session\Handlers\FileHandler' driver.
INFO - 2024-01-12 03:32:10 --> Session: Class initialized using 'CodeIgniter\Session\Handlers\FileHandler' driver.
CRITICAL - 2024-01-12 03:32:10 --> Undefined property: stdClass::$prodi_id
in APPPATH/Views/konten/admin/master/kelas/master/add.php on line 28.
 1 APPPATH/Views/konten/admin/master/kelas/master/add.php(28): CodeIgniter\Debug\Exceptions->errorHandler(2, 'Undefined property: stdClass::$prodi_id', '/Applications/XAMPP/xamppfiles/htdocs/pembelajaran/app/Views/konten/admin/master/kelas/master/add.php', 28)
 2 SYSTEMPATH/View/View.php(228): include('/Applications/XAMPP/xamppfiles/htdocs/pembelajaran/app/Views/konten/admin/master/kelas/master/add.php')
 3 SYSTEMPATH/View/View.php(231): CodeIgniter\View\View->CodeIgniter\View\{closure}()
 4 SYSTEMPATH/Common.php(1190): CodeIgniter\View\View->render('konten/admin/master/kelas/master/add', [], true)
 5 APPPATH/Controllers/AdminKelasMaster.php(70): view('konten/admin/master/kelas/master/add', [...])
 6 SYSTEMPATH/CodeIgniter.php(942): App\Controllers\AdminKelasMaster->addKelasMaster('ZmRhNmVhM2QtMDRjNi00YTFlLThjYTQtNTBiNmMzZWU0YjRj')
 7 SYSTEMPATH/CodeIgniter.php(502): CodeIgniter\CodeIgniter->runController(Object(App\Controllers\AdminKelasMaster))
 8 SYSTEMPATH/CodeIgniter.php(361): CodeIgniter\CodeIgniter->handleRequest(null, Object(Config\Cache), false)
 9 FCPATH/index.php(79): CodeIgniter\CodeIgniter->run()
10 SYSTEMPATH/Commands/Server/rewrite.php(47): require_once('/Applications/XAMPP/xamppfiles/htdocs/pembelajaran/public/index.php')
INFO - 2024-01-12 03:32:21 --> Session: Class initialized using 'CodeIgniter\Session\Handlers\FileHandler' driver.
INFO - 2024-01-12 03:32:21 --> Session: Class initialized using 'CodeIgniter\Session\Handlers\FileHandler' driver.
INFO - 2024-01-12 03:32:28 --> Session: Class initialized using 'CodeIgniter\Session\Handlers\FileHandler' driver.
INFO - 2024-01-12 03:32:28 --> Session: Class initialized using 'CodeIgniter\Session\Handlers\FileHandler' driver.
INFO - 2024-01-12 03:32:32 --> Session: Class initialized using 'CodeIgniter\Session\Handlers\FileHandler' driver.
INFO - 2024-01-12 03:32:33 --> Session: Class initialized using 'CodeIgniter\Session\Handlers\FileHandler' driver.
INFO - 2024-01-12 03:33:18 --> Session: Class initialized using 'CodeIgniter\Session\Handlers\FileHandler' driver.
INFO - 2024-01-12 03:33:18 --> Session: Class initialized using 'CodeIgniter\Session\Handlers\FileHandler' driver.
INFO - 2024-01-12 03:33:20 --> Session: Class initialized using 'CodeIgniter\Session\Handlers\FileHandler' driver.
INFO - 2024-01-12 03:33:20 --> Session: Class initialized using 'CodeIgniter\Session\Handlers\FileHandler' driver.
INFO - 2024-01-12 03:33:23 --> Session: Class initialized using 'CodeIgniter\Session\Handlers\FileHandler' driver.
INFO - 2024-01-12 03:33:23 --> Session: Class initialized using 'CodeIgniter\Session\Handlers\FileHandler' driver.
INFO - 2024-01-12 03:33:25 --> Session: Class initialized using 'CodeIgniter\Session\Handlers\FileHandler' driver.
INFO - 2024-01-12 03:33:25 --> Session: Class initialized using 'CodeIgniter\Session\Handlers\FileHandler' driver.
INFO - 2024-01-12 03:33:27 --> Session: Class initialized using 'CodeIgniter\Session\Handlers\FileHandler' driver.
INFO - 2024-01-12 03:33:27 --> Session: Class initialized using 'CodeIgniter\Session\Handlers\FileHandler' driver.
INFO - 2024-01-12 03:33:28 --> Session: Class initialized using 'CodeIgniter\Session\Handlers\FileHandler' driver.
INFO - 2024-01-12 03:33:28 --> Session: Class initialized using 'CodeIgniter\Session\Handlers\FileHandler' driver.
INFO - 2024-01-12 03:33:29 --> Session: Class initialized using 'CodeIgniter\Session\Handlers\FileHandler' driver.
INFO - 2024-01-12 03:33:29 --> Session: Class initialized using 'CodeIgniter\Session\Handlers\FileHandler' driver.
INFO - 2024-01-12 03:33:41 --> Session: Class initialized using 'CodeIgniter\Session\Handlers\FileHandler' driver.
INFO - 2024-01-12 03:33:41 --> Session: Class initialized using 'CodeIgniter\Session\Handlers\FileHandler' driver.
INFO - 2024-01-12 03:33:42 --> Session: Class initialized using 'CodeIgniter\Session\Handlers\FileHandler' driver.
INFO - 2024-01-12 03:33:42 --> Session: Class initialized using 'CodeIgniter\Session\Handlers\FileHandler' driver.
INFO - 2024-01-12 03:33:44 --> Session: Class initialized using 'CodeIgniter\Session\Handlers\FileHandler' driver.
INFO - 2024-01-12 03:33:44 --> Session: Class initialized using 'CodeIgniter\Session\Handlers\FileHandler' driver.
INFO - 2024-01-12 03:33:48 --> Session: Class initialized using 'CodeIgniter\Session\Handlers\FileHandler' driver.
INFO - 2024-01-12 03:33:48 --> Session: Class initialized using 'CodeIgniter\Session\Handlers\FileHandler' driver.
INFO - 2024-01-12 03:34:26 --> Session: Class initialized using 'CodeIgniter\Session\Handlers\FileHandler' driver.
INFO - 2024-01-12 03:34:27 --> Session: Class initialized using 'CodeIgniter\Session\Handlers\FileHandler' driver.
INFO - 2024-01-12 03:34:28 --> Session: Class initialized using 'CodeIgniter\Session\Handlers\FileHandler' driver.
INFO - 2024-01-12 03:34:29 --> Session: Class initialized using 'CodeIgniter\Session\Handlers\FileHandler' driver.
INFO - 2024-01-12 03:34:35 --> Session: Class initialized using 'CodeIgniter\Session\Handlers\FileHandler' driver.
CRITICAL - 2024-01-12 03:34:35 --> Undefined array key "prodi_id"
in APPPATH/Controllers/AdminKelasMaster.php on line 122.
 1 APPPATH/Controllers/AdminKelasMaster.php(122): CodeIgniter\Debug\Exceptions->errorHandler(2, 'Undefined array key "prodi_id"', '/Applications/XAMPP/xamppfiles/htdocs/pembelajaran/app/Controllers/AdminKelasMaster.php', 122)
 2 SYSTEMPATH/CodeIgniter.php(942): App\Controllers\AdminKelasMaster->editKelasMaster('MWJhMjBkMjktZDVmZC00NDFmLTk3NWYtOWYwMjY4YmJkODgz')
 3 SYSTEMPATH/CodeIgniter.php(502): CodeIgniter\CodeIgniter->runController(Object(App\Controllers\AdminKelasMaster))
 4 SYSTEMPATH/CodeIgniter.php(361): CodeIgniter\CodeIgniter->handleRequest(null, Object(Config\Cache), false)
 5 FCPATH/index.php(79): CodeIgniter\CodeIgniter->run()
 6 SYSTEMPATH/Commands/Server/rewrite.php(47): require_once('/Applications/XAMPP/xamppfiles/htdocs/pembelajaran/public/index.php')
INFO - 2024-01-12 03:34:38 --> Session: Class initialized using 'CodeIgniter\Session\Handlers\FileHandler' driver.
INFO - 2024-01-12 03:34:38 --> Session: Class initialized using 'CodeIgniter\Session\Handlers\FileHandler' driver.
INFO - 2024-01-12 03:35:16 --> Session: Class initialized using 'CodeIgniter\Session\Handlers\FileHandler' driver.
INFO - 2024-01-12 03:35:17 --> Session: Class initialized using 'CodeIgniter\Session\Handlers\FileHandler' driver.
INFO - 2024-01-12 03:36:52 --> Session: Class initialized using 'CodeIgniter\Session\Handlers\FileHandler' driver.
INFO - 2024-01-12 03:36:53 --> Session: Class initialized using 'CodeIgniter\Session\Handlers\FileHandler' driver.
INFO - 2024-01-12 03:36:54 --> Session: Class initialized using 'CodeIgniter\Session\Handlers\FileHandler' driver.
INFO - 2024-01-12 03:36:55 --> Session: Class initialized using 'CodeIgniter\Session\Handlers\FileHandler' driver.
INFO - 2024-01-12 03:37:01 --> Session: Class initialized using 'CodeIgniter\Session\Handlers\FileHandler' driver.
INFO - 2024-01-12 03:37:01 --> Session: Class initialized using 'CodeIgniter\Session\Handlers\FileHandler' driver.
INFO - 2024-01-12 03:37:09 --> Session: Class initialized using 'CodeIgniter\Session\Handlers\FileHandler' driver.
INFO - 2024-01-12 03:37:22 --> Session: Class initialized using 'CodeIgniter\Session\Handlers\FileHandler' driver.
INFO - 2024-01-12 03:37:22 --> Session: Class initialized using 'CodeIgniter\Session\Handlers\FileHandler' driver.
INFO - 2024-01-12 03:37:24 --> Session: Class initialized using 'CodeIgniter\Session\Handlers\FileHandler' driver.
INFO - 2024-01-12 03:37:24 --> Session: Class initialized using 'CodeIgniter\Session\Handlers\FileHandler' driver.
INFO - 2024-01-12 03:37:32 --> Session: Class initialized using 'CodeIgniter\Session\Handlers\FileHandler' driver.
INFO - 2024-01-12 03:37:32 --> Session: Class initialized using 'CodeIgniter\Session\Handlers\FileHandler' driver.
INFO - 2024-01-12 03:37:51 --> Session: Class initialized using 'CodeIgniter\Session\Handlers\FileHandler' driver.
INFO - 2024-01-12 03:37:52 --> Session: Class initialized using 'CodeIgniter\Session\Handlers\FileHandler' driver.
INFO - 2024-01-12 03:37:55 --> Session: Class initialized using 'CodeIgniter\Session\Handlers\FileHandler' driver.
INFO - 2024-01-12 03:37:56 --> Session: Class initialized using 'CodeIgniter\Session\Handlers\FileHandler' driver.
INFO - 2024-01-12 03:41:14 --> Session: Class initialized using 'CodeIgniter\Session\Handlers\FileHandler' driver.
INFO - 2024-01-12 03:41:14 --> Session: Class initialized using 'CodeIgniter\Session\Handlers\FileHandler' driver.
INFO - 2024-01-12 03:41:37 --> Session: Class initialized using 'CodeIgniter\Session\Handlers\FileHandler' driver.
INFO - 2024-01-12 03:41:37 --> Session: Class initialized using 'CodeIgniter\Session\Handlers\FileHandler' driver.
INFO - 2024-01-12 03:41:48 --> Session: Class initialized using 'CodeIgniter\Session\Handlers\FileHandler' driver.
INFO - 2024-01-12 03:41:51 --> Session: Class initialized using 'CodeIgniter\Session\Handlers\FileHandler' driver.
INFO - 2024-01-12 03:41:51 --> Session: Class initialized using 'CodeIgniter\Session\Handlers\FileHandler' driver.
INFO - 2024-01-12 03:41:53 --> Session: Class initialized using 'CodeIgniter\Session\Handlers\FileHandler' driver.
INFO - 2024-01-12 03:41:53 --> Session: Class initialized using 'CodeIgniter\Session\Handlers\FileHandler' driver.
INFO - 2024-01-12 03:41:55 --> Session: Class initialized using 'CodeIgniter\Session\Handlers\FileHandler' driver.
INFO - 2024-01-12 03:41:55 --> Session: Class initialized using 'CodeIgniter\Session\Handlers\FileHandler' driver.
INFO - 2024-01-12 03:42:02 --> Session: Class initialized using 'CodeIgniter\Session\Handlers\FileHandler' driver.
INFO - 2024-01-12 03:42:40 --> Session: Class initialized using 'CodeIgniter\Session\Handlers\FileHandler' driver.
INFO - 2024-01-12 03:42:41 --> Session: Class initialized using 'CodeIgniter\Session\Handlers\FileHandler' driver.
INFO - 2024-01-12 03:42:42 --> Session: Class initialized using 'CodeIgniter\Session\Handlers\FileHandler' driver.
INFO - 2024-01-12 03:42:42 --> Session: Class initialized using 'CodeIgniter\Session\Handlers\FileHandler' driver.
INFO - 2024-01-12 03:42:45 --> Session: Class initialized using 'CodeIgniter\Session\Handlers\FileHandler' driver.
INFO - 2024-01-12 03:42:45 --> Session: Class initialized using 'CodeIgniter\Session\Handlers\FileHandler' driver.
INFO - 2024-01-12 03:42:56 --> Session: Class initialized using 'CodeIgniter\Session\Handlers\FileHandler' driver.
INFO - 2024-01-12 03:42:56 --> Session: Class initialized using 'CodeIgniter\Session\Handlers\FileHandler' driver.
INFO - 2024-01-12 03:42:56 --> Session: Class initialized using 'CodeIgniter\Session\Handlers\FileHandler' driver.
INFO - 2024-01-12 03:43:09 --> Session: Class initialized using 'CodeIgniter\Session\Handlers\FileHandler' driver.
INFO - 2024-01-12 03:43:40 --> Session: Class initialized using 'CodeIgniter\Session\Handlers\FileHandler' driver.
INFO - 2024-01-12 03:43:41 --> Session: Class initialized using 'CodeIgniter\Session\Handlers\FileHandler' driver.
INFO - 2024-01-12 03:43:43 --> Session: Class initialized using 'CodeIgniter\Session\Handlers\FileHandler' driver.
INFO - 2024-01-12 03:43:43 --> Session: Class initialized using 'CodeIgniter\Session\Handlers\FileHandler' driver.
INFO - 2024-01-12 03:48:01 --> Session: Class initialized using 'CodeIgniter\Session\Handlers\FileHandler' driver.
INFO - 2024-01-12 03:48:02 --> Session: Class initialized using 'CodeIgniter\Session\Handlers\FileHandler' driver.
INFO - 2024-01-12 03:48:05 --> Session: Class initialized using 'CodeIgniter\Session\Handlers\FileHandler' driver.
INFO - 2024-01-12 03:48:09 --> Session: Class initialized using 'CodeIgniter\Session\Handlers\FileHandler' driver.
INFO - 2024-01-12 03:48:09 --> Session: Class initialized using 'CodeIgniter\Session\Handlers\FileHandler' driver.
INFO - 2024-01-12 03:48:37 --> Session: Class initialized using 'CodeIgniter\Session\Handlers\FileHandler' driver.
INFO - 2024-01-12 03:48:37 --> Session: Class initialized using 'CodeIgniter\Session\Handlers\FileHandler' driver.
INFO - 2024-01-12 03:48:38 --> Session: Class initialized using 'CodeIgniter\Session\Handlers\FileHandler' driver.
INFO - 2024-01-12 03:48:39 --> Session: Class initialized using 'CodeIgniter\Session\Handlers\FileHandler' driver.
INFO - 2024-01-12 03:49:02 --> Session: Class initialized using 'CodeIgniter\Session\Handlers\FileHandler' driver.
INFO - 2024-01-12 03:49:02 --> Session: Class initialized using 'CodeIgniter\Session\Handlers\FileHandler' driver.
INFO - 2024-01-12 03:49:02 --> Session: Class initialized using 'CodeIgniter\Session\Handlers\FileHandler' driver.
INFO - 2024-01-12 03:52:11 --> Session: Class initialized using 'CodeIgniter\Session\Handlers\FileHandler' driver.
INFO - 2024-01-12 03:52:12 --> Session: Class initialized using 'CodeIgniter\Session\Handlers\FileHandler' driver.
INFO - 2024-01-12 03:52:13 --> Session: Class initialized using 'CodeIgniter\Session\Handlers\FileHandler' driver.
INFO - 2024-01-12 03:52:14 --> Session: Class initialized using 'CodeIgniter\Session\Handlers\FileHandler' driver.
INFO - 2024-01-12 03:52:32 --> Session: Class initialized using 'CodeIgniter\Session\Handlers\FileHandler' driver.
INFO - 2024-01-12 03:52:32 --> Session: Class initialized using 'CodeIgniter\Session\Handlers\FileHandler' driver.
INFO - 2024-01-12 03:53:07 --> Session: Class initialized using 'CodeIgniter\Session\Handlers\FileHandler' driver.
INFO - 2024-01-12 03:53:08 --> Session: Class initialized using 'CodeIgniter\Session\Handlers\FileHandler' driver.
INFO - 2024-01-12 03:54:15 --> Session: Class initialized using 'CodeIgniter\Session\Handlers\FileHandler' driver.
INFO - 2024-01-12 03:54:16 --> Session: Class initialized using 'CodeIgniter\Session\Handlers\FileHandler' driver.
INFO - 2024-01-12 03:54:22 --> Session: Class initialized using 'CodeIgniter\Session\Handlers\FileHandler' driver.
INFO - 2024-01-12 03:54:22 --> Session: Class initialized using 'CodeIgniter\Session\Handlers\FileHandler' driver.
INFO - 2024-01-12 03:54:27 --> Session: Class initialized using 'CodeIgniter\Session\Handlers\FileHandler' driver.
INFO - 2024-01-12 03:54:28 --> Session: Class initialized using 'CodeIgniter\Session\Handlers\FileHandler' driver.
INFO - 2024-01-12 03:54:29 --> Session: Class initialized using 'CodeIgniter\Session\Handlers\FileHandler' driver.
INFO - 2024-01-12 03:54:29 --> Session: Class initialized using 'CodeIgniter\Session\Handlers\FileHandler' driver.
INFO - 2024-01-12 03:54:30 --> Session: Class initialized using 'CodeIgniter\Session\Handlers\FileHandler' driver.
INFO - 2024-01-12 03:54:30 --> Session: Class initialized using 'CodeIgniter\Session\Handlers\FileHandler' driver.
INFO - 2024-01-12 03:54:31 --> Session: Class initialized using 'CodeIgniter\Session\Handlers\FileHandler' driver.
INFO - 2024-01-12 03:54:32 --> Session: Class initialized using 'CodeIgniter\Session\Handlers\FileHandler' driver.
INFO - 2024-01-12 03:54:36 --> Session: Class initialized using 'CodeIgniter\Session\Handlers\FileHandler' driver.
INFO - 2024-01-12 03:54:36 --> Session: Class initialized using 'CodeIgniter\Session\Handlers\FileHandler' driver.
INFO - 2024-01-12 03:54:55 --> Session: Class initialized using 'CodeIgniter\Session\Handlers\FileHandler' driver.
INFO - 2024-01-12 03:54:55 --> Session: Class initialized using 'CodeIgniter\Session\Handlers\FileHandler' driver.
INFO - 2024-01-12 03:55:33 --> Session: Class initialized using 'CodeIgniter\Session\Handlers\FileHandler' driver.
INFO - 2024-01-12 03:55:34 --> Session: Class initialized using 'CodeIgniter\Session\Handlers\FileHandler' driver.
INFO - 2024-01-12 03:55:36 --> Session: Class initialized using 'CodeIgniter\Session\Handlers\FileHandler' driver.
INFO - 2024-01-12 03:55:36 --> Session: Class initialized using 'CodeIgniter\Session\Handlers\FileHandler' driver.
INFO - 2024-01-12 03:55:39 --> Session: Class initialized using 'CodeIgniter\Session\Handlers\FileHandler' driver.
INFO - 2024-01-12 03:55:39 --> Session: Class initialized using 'CodeIgniter\Session\Handlers\FileHandler' driver.
INFO - 2024-01-12 03:56:00 --> Session: Class initialized using 'CodeIgniter\Session\Handlers\FileHandler' driver.
INFO - 2024-01-12 03:56:00 --> Session: Class initialized using 'CodeIgniter\Session\Handlers\FileHandler' driver.
INFO - 2024-01-12 03:56:01 --> Session: Class initialized using 'CodeIgniter\Session\Handlers\FileHandler' driver.
INFO - 2024-01-12 03:56:01 --> Session: Class initialized using 'CodeIgniter\Session\Handlers\FileHandler' driver.
INFO - 2024-01-12 03:56:37 --> Session: Class initialized using 'CodeIgniter\Session\Handlers\FileHandler' driver.
INFO - 2024-01-12 03:56:37 --> Session: Class initialized using 'CodeIgniter\Session\Handlers\FileHandler' driver.
INFO - 2024-01-12 03:56:40 --> Session: Class initialized using 'CodeIgniter\Session\Handlers\FileHandler' driver.
INFO - 2024-01-12 03:56:40 --> Session: Class initialized using 'CodeIgniter\Session\Handlers\FileHandler' driver.
INFO - 2024-01-12 03:56:59 --> Session: Class initialized using 'CodeIgniter\Session\Handlers\FileHandler' driver.
CRITICAL - 2024-01-12 03:56:59 --> Undefined array key "prodi_id"
in APPPATH/Controllers/AdminKelasMaster.php on line 123.
 1 APPPATH/Controllers/AdminKelasMaster.php(123): CodeIgniter\Debug\Exceptions->errorHandler(2, 'Undefined array key "prodi_id"', '/Applications/XAMPP/xamppfiles/htdocs/pembelajaran/app/Controllers/AdminKelasMaster.php', 123)
 2 SYSTEMPATH/CodeIgniter.php(942): App\Controllers\AdminKelasMaster->editKelasMaster('MWJhMjBkMjktZDVmZC00NDFmLTk3NWYtOWYwMjY4YmJkODgz')
 3 SYSTEMPATH/CodeIgniter.php(502): CodeIgniter\CodeIgniter->runController(Object(App\Controllers\AdminKelasMaster))
 4 SYSTEMPATH/CodeIgniter.php(361): CodeIgniter\CodeIgniter->handleRequest(null, Object(Config\Cache), false)
 5 FCPATH/index.php(79): CodeIgniter\CodeIgniter->run()
 6 SYSTEMPATH/Commands/Server/rewrite.php(47): require_once('/Applications/XAMPP/xamppfiles/htdocs/pembelajaran/public/index.php')
INFO - 2024-01-12 03:58:10 --> Session: Class initialized using 'CodeIgniter\Session\Handlers\FileHandler' driver.
CRITICAL - 2024-01-12 03:58:10 --> Cannot use object of type stdClass as array
in APPPATH/Controllers/AdminKelasMaster.php on line 123.
 1 SYSTEMPATH/CodeIgniter.php(942): App\Controllers\AdminKelasMaster->editKelasMaster('MWJhMjBkMjktZDVmZC00NDFmLTk3NWYtOWYwMjY4YmJkODgz')
 2 SYSTEMPATH/CodeIgniter.php(502): CodeIgniter\CodeIgniter->runController(Object(App\Controllers\AdminKelasMaster))
 3 SYSTEMPATH/CodeIgniter.php(361): CodeIgniter\CodeIgniter->handleRequest(null, Object(Config\Cache), false)
 4 FCPATH/index.php(79): CodeIgniter\CodeIgniter->run()
 5 SYSTEMPATH/Commands/Server/rewrite.php(47): require_once('/Applications/XAMPP/xamppfiles/htdocs/pembelajaran/public/index.php')
INFO - 2024-01-12 03:58:30 --> Session: Class initialized using 'CodeIgniter\Session\Handlers\FileHandler' driver.
CRITICAL - 2024-01-12 03:58:30 --> Call to a member function getAllKelasJenis() on null
in APPPATH/Controllers/AdminKelasMaster.php on line 127.
 1 SYSTEMPATH/CodeIgniter.php(942): App\Controllers\AdminKelasMaster->editKelasMaster('MWJhMjBkMjktZDVmZC00NDFmLTk3NWYtOWYwMjY4YmJkODgz')
 2 SYSTEMPATH/CodeIgniter.php(502): CodeIgniter\CodeIgniter->runController(Object(App\Controllers\AdminKelasMaster))
 3 SYSTEMPATH/CodeIgniter.php(361): CodeIgniter\CodeIgniter->handleRequest(null, Object(Config\Cache), false)
 4 FCPATH/index.php(79): CodeIgniter\CodeIgniter->run()
 5 SYSTEMPATH/Commands/Server/rewrite.php(47): require_once('/Applications/XAMPP/xamppfiles/htdocs/pembelajaran/public/index.php')
INFO - 2024-01-12 03:58:56 --> Session: Class initialized using 'CodeIgniter\Session\Handlers\FileHandler' driver.
INFO - 2024-01-12 03:59:20 --> Session: Class initialized using 'CodeIgniter\Session\Handlers\FileHandler' driver.
INFO - 2024-01-12 03:59:30 --> Session: Class initialized using 'CodeIgniter\Session\Handlers\FileHandler' driver.
CRITICAL - 2024-01-12 03:59:30 --> Call to a member function getAllKelasJenis() on null
in APPPATH/Controllers/AdminKelasMaster.php on line 127.
 1 SYSTEMPATH/CodeIgniter.php(942): App\Controllers\AdminKelasMaster->editKelasMaster('MWJhMjBkMjktZDVmZC00NDFmLTk3NWYtOWYwMjY4YmJkODgz')
 2 SYSTEMPATH/CodeIgniter.php(502): CodeIgniter\CodeIgniter->runController(Object(App\Controllers\AdminKelasMaster))
 3 SYSTEMPATH/CodeIgniter.php(361): CodeIgniter\CodeIgniter->handleRequest(null, Object(Config\Cache), false)
 4 FCPATH/index.php(79): CodeIgniter\CodeIgniter->run()
 5 SYSTEMPATH/Commands/Server/rewrite.php(47): require_once('/Applications/XAMPP/xamppfiles/htdocs/pembelajaran/public/index.php')
INFO - 2024-01-12 04:00:15 --> Session: Class initialized using 'CodeIgniter\Session\Handlers\FileHandler' driver.
INFO - 2024-01-12 04:00:16 --> Session: Class initialized using 'CodeIgniter\Session\Handlers\FileHandler' driver.
INFO - 2024-01-12 04:01:15 --> Session: Class initialized using 'CodeIgniter\Session\Handlers\FileHandler' driver.
CRITICAL - 2024-01-12 04:01:15 --> Undefined variable $kelas
in APPPATH/Views/konten/admin/master/kelas/master/edit.php on line 14.
 1 APPPATH/Views/konten/admin/master/kelas/master/edit.php(14): CodeIgniter\Debug\Exceptions->errorHandler(2, 'Undefined variable $kelas', '/Applications/XAMPP/xamppfiles/htdocs/pembelajaran/app/Views/konten/admin/master/kelas/master/edit.php', 14)
 2 SYSTEMPATH/View/View.php(228): include('/Applications/XAMPP/xamppfiles/htdocs/pembelajaran/app/Views/konten/admin/master/kelas/master/edit.php')
 3 SYSTEMPATH/View/View.php(231): CodeIgniter\View\View->CodeIgniter\View\{closure}()
 4 SYSTEMPATH/Common.php(1190): CodeIgniter\View\View->render('konten/admin/master/kelas/master/edit', [], true)
 5 APPPATH/Controllers/AdminKelasMaster.php(130): view('konten/admin/master/kelas/master/edit', [...])
 6 SYSTEMPATH/CodeIgniter.php(942): App\Controllers\AdminKelasMaster->editKelasMaster('MWJhMjBkMjktZDVmZC00NDFmLTk3NWYtOWYwMjY4YmJkODgz')
 7 SYSTEMPATH/CodeIgniter.php(502): CodeIgniter\CodeIgniter->runController(Object(App\Controllers\AdminKelasMaster))
 8 SYSTEMPATH/CodeIgniter.php(361): CodeIgniter\CodeIgniter->handleRequest(null, Object(Config\Cache), false)
 9 FCPATH/index.php(79): CodeIgniter\CodeIgniter->run()
10 SYSTEMPATH/Commands/Server/rewrite.php(47): require_once('/Applications/XAMPP/xamppfiles/htdocs/pembelajaran/public/index.php')
INFO - 2024-01-12 04:01:52 --> Session: Class initialized using 'CodeIgniter\Session\Handlers\FileHandler' driver.
INFO - 2024-01-12 04:01:52 --> Session: Class initialized using 'CodeIgniter\Session\Handlers\FileHandler' driver.
INFO - 2024-01-12 04:01:59 --> Session: Class initialized using 'CodeIgniter\Session\Handlers\FileHandler' driver.
INFO - 2024-01-12 04:01:59 --> Session: Class initialized using 'CodeIgniter\Session\Handlers\FileHandler' driver.
INFO - 2024-01-12 04:02:09 --> Session: Class initialized using 'CodeIgniter\Session\Handlers\FileHandler' driver.
INFO - 2024-01-12 04:02:09 --> Session: Class initialized using 'CodeIgniter\Session\Handlers\FileHandler' driver.
INFO - 2024-01-12 04:02:10 --> Session: Class initialized using 'CodeIgniter\Session\Handlers\FileHandler' driver.
INFO - 2024-01-12 04:02:11 --> Session: Class initialized using 'CodeIgniter\Session\Handlers\FileHandler' driver.
INFO - 2024-01-12 04:02:13 --> Session: Class initialized using 'CodeIgniter\Session\Handlers\FileHandler' driver.
INFO - 2024-01-12 04:02:14 --> Session: Class initialized using 'CodeIgniter\Session\Handlers\FileHandler' driver.
INFO - 2024-01-12 04:02:17 --> Session: Class initialized using 'CodeIgniter\Session\Handlers\FileHandler' driver.
INFO - 2024-01-12 04:02:17 --> Session: Class initialized using 'CodeIgniter\Session\Handlers\FileHandler' driver.
INFO - 2024-01-12 04:02:19 --> Session: Class initialized using 'CodeIgniter\Session\Handlers\FileHandler' driver.
INFO - 2024-01-12 04:02:19 --> Session: Class initialized using 'CodeIgniter\Session\Handlers\FileHandler' driver.
INFO - 2024-01-12 04:02:30 --> Session: Class initialized using 'CodeIgniter\Session\Handlers\FileHandler' driver.
INFO - 2024-01-12 04:02:30 --> Session: Class initialized using 'CodeIgniter\Session\Handlers\FileHandler' driver.
INFO - 2024-01-12 04:02:31 --> Session: Class initialized using 'CodeIgniter\Session\Handlers\FileHandler' driver.
INFO - 2024-01-12 04:02:31 --> Session: Class initialized using 'CodeIgniter\Session\Handlers\FileHandler' driver.
INFO - 2024-01-12 04:02:33 --> Session: Class initialized using 'CodeIgniter\Session\Handlers\FileHandler' driver.
INFO - 2024-01-12 04:02:33 --> Session: Class initialized using 'CodeIgniter\Session\Handlers\FileHandler' driver.
INFO - 2024-01-12 04:02:34 --> Session: Class initialized using 'CodeIgniter\Session\Handlers\FileHandler' driver.
INFO - 2024-01-12 04:02:34 --> Session: Class initialized using 'CodeIgniter\Session\Handlers\FileHandler' driver.
INFO - 2024-01-12 04:02:36 --> Session: Class initialized using 'CodeIgniter\Session\Handlers\FileHandler' driver.
INFO - 2024-01-12 04:02:36 --> Session: Class initialized using 'CodeIgniter\Session\Handlers\FileHandler' driver.
INFO - 2024-01-12 04:02:37 --> Session: Class initialized using 'CodeIgniter\Session\Handlers\FileHandler' driver.
INFO - 2024-01-12 04:02:37 --> Session: Class initialized using 'CodeIgniter\Session\Handlers\FileHandler' driver.
INFO - 2024-01-12 04:02:39 --> Session: Class initialized using 'CodeIgniter\Session\Handlers\FileHandler' driver.
INFO - 2024-01-12 04:02:39 --> Session: Class initialized using 'CodeIgniter\Session\Handlers\FileHandler' driver.
INFO - 2024-01-12 04:02:40 --> Session: Class initialized using 'CodeIgniter\Session\Handlers\FileHandler' driver.
INFO - 2024-01-12 04:02:40 --> Session: Class initialized using 'CodeIgniter\Session\Handlers\FileHandler' driver.
INFO - 2024-01-12 04:02:41 --> Session: Class initialized using 'CodeIgniter\Session\Handlers\FileHandler' driver.
INFO - 2024-01-12 04:02:42 --> Session: Class initialized using 'CodeIgniter\Session\Handlers\FileHandler' driver.
INFO - 2024-01-12 04:02:43 --> Session: Class initialized using 'CodeIgniter\Session\Handlers\FileHandler' driver.
INFO - 2024-01-12 04:02:43 --> Session: Class initialized using 'CodeIgniter\Session\Handlers\FileHandler' driver.
INFO - 2024-01-12 04:02:44 --> Session: Class initialized using 'CodeIgniter\Session\Handlers\FileHandler' driver.
INFO - 2024-01-12 04:02:45 --> Session: Class initialized using 'CodeIgniter\Session\Handlers\FileHandler' driver.
INFO - 2024-01-12 04:02:46 --> Session: Class initialized using 'CodeIgniter\Session\Handlers\FileHandler' driver.
INFO - 2024-01-12 04:02:46 --> Session: Class initialized using 'CodeIgniter\Session\Handlers\FileHandler' driver.
INFO - 2024-01-12 04:02:48 --> Session: Class initialized using 'CodeIgniter\Session\Handlers\FileHandler' driver.
INFO - 2024-01-12 04:02:49 --> Session: Class initialized using 'CodeIgniter\Session\Handlers\FileHandler' driver.
INFO - 2024-01-12 04:02:50 --> Session: Class initialized using 'CodeIgniter\Session\Handlers\FileHandler' driver.
INFO - 2024-01-12 04:02:51 --> Session: Class initialized using 'CodeIgniter\Session\Handlers\FileHandler' driver.
INFO - 2024-01-12 04:02:52 --> Session: Class initialized using 'CodeIgniter\Session\Handlers\FileHandler' driver.
INFO - 2024-01-12 04:02:52 --> Session: Class initialized using 'CodeIgniter\Session\Handlers\FileHandler' driver.
INFO - 2024-01-12 04:02:53 --> Session: Class initialized using 'CodeIgniter\Session\Handlers\FileHandler' driver.
INFO - 2024-01-12 04:02:54 --> Session: Class initialized using 'CodeIgniter\Session\Handlers\FileHandler' driver.
INFO - 2024-01-12 04:02:55 --> Session: Class initialized using 'CodeIgniter\Session\Handlers\FileHandler' driver.
INFO - 2024-01-12 04:02:55 --> Session: Class initialized using 'CodeIgniter\Session\Handlers\FileHandler' driver.
INFO - 2024-01-12 04:02:56 --> Session: Class initialized using 'CodeIgniter\Session\Handlers\FileHandler' driver.
INFO - 2024-01-12 04:02:56 --> Session: Class initialized using 'CodeIgniter\Session\Handlers\FileHandler' driver.
INFO - 2024-01-12 04:03:00 --> Session: Class initialized using 'CodeIgniter\Session\Handlers\FileHandler' driver.
INFO - 2024-01-12 04:03:00 --> Session: Class initialized using 'CodeIgniter\Session\Handlers\FileHandler' driver.
INFO - 2024-01-12 04:03:01 --> Session: Class initialized using 'CodeIgniter\Session\Handlers\FileHandler' driver.
INFO - 2024-01-12 04:03:02 --> Session: Class initialized using 'CodeIgniter\Session\Handlers\FileHandler' driver.
INFO - 2024-01-12 04:03:05 --> Session: Class initialized using 'CodeIgniter\Session\Handlers\FileHandler' driver.
INFO - 2024-01-12 04:03:06 --> Session: Class initialized using 'CodeIgniter\Session\Handlers\FileHandler' driver.
INFO - 2024-01-12 04:05:26 --> Session: Class initialized using 'CodeIgniter\Session\Handlers\FileHandler' driver.
INFO - 2024-01-12 04:05:26 --> Session: Class initialized using 'CodeIgniter\Session\Handlers\FileHandler' driver.
INFO - 2024-01-12 04:07:40 --> Session: Class initialized using 'CodeIgniter\Session\Handlers\FileHandler' driver.
INFO - 2024-01-12 04:07:40 --> Session: Class initialized using 'CodeIgniter\Session\Handlers\FileHandler' driver.
INFO - 2024-01-12 04:07:41 --> Session: Class initialized using 'CodeIgniter\Session\Handlers\FileHandler' driver.
INFO - 2024-01-12 04:07:41 --> Session: Class initialized using 'CodeIgniter\Session\Handlers\FileHandler' driver.
INFO - 2024-01-12 04:07:56 --> Session: Class initialized using 'CodeIgniter\Session\Handlers\FileHandler' driver.
INFO - 2024-01-12 04:07:57 --> Session: Class initialized using 'CodeIgniter\Session\Handlers\FileHandler' driver.
INFO - 2024-01-12 04:07:57 --> Session: Class initialized using 'CodeIgniter\Session\Handlers\FileHandler' driver.
INFO - 2024-01-12 04:07:58 --> Session: Class initialized using 'CodeIgniter\Session\Handlers\FileHandler' driver.
INFO - 2024-01-12 04:07:59 --> Session: Class initialized using 'CodeIgniter\Session\Handlers\FileHandler' driver.
INFO - 2024-01-12 04:08:15 --> Session: Class initialized using 'CodeIgniter\Session\Handlers\FileHandler' driver.
INFO - 2024-01-12 04:08:15 --> Session: Class initialized using 'CodeIgniter\Session\Handlers\FileHandler' driver.
INFO - 2024-01-12 04:08:16 --> Session: Class initialized using 'CodeIgniter\Session\Handlers\FileHandler' driver.
INFO - 2024-01-12 04:08:16 --> Session: Class initialized using 'CodeIgniter\Session\Handlers\FileHandler' driver.
INFO - 2024-01-12 04:08:17 --> Session: Class initialized using 'CodeIgniter\Session\Handlers\FileHandler' driver.
INFO - 2024-01-12 04:08:46 --> Session: Class initialized using 'CodeIgniter\Session\Handlers\FileHandler' driver.
INFO - 2024-01-12 04:08:46 --> Session: Class initialized using 'CodeIgniter\Session\Handlers\FileHandler' driver.
INFO - 2024-01-12 04:08:49 --> Session: Class initialized using 'CodeIgniter\Session\Handlers\FileHandler' driver.
INFO - 2024-01-12 04:08:49 --> Session: Class initialized using 'CodeIgniter\Session\Handlers\FileHandler' driver.
INFO - 2024-01-12 04:09:17 --> Session: Class initialized using 'CodeIgniter\Session\Handlers\FileHandler' driver.
INFO - 2024-01-12 04:09:17 --> Session: Class initialized using 'CodeIgniter\Session\Handlers\FileHandler' driver.
INFO - 2024-01-12 04:09:24 --> Session: Class initialized using 'CodeIgniter\Session\Handlers\FileHandler' driver.
INFO - 2024-01-12 04:09:25 --> Session: Class initialized using 'CodeIgniter\Session\Handlers\FileHandler' driver.
INFO - 2024-01-12 04:09:25 --> Session: Class initialized using 'CodeIgniter\Session\Handlers\FileHandler' driver.
INFO - 2024-01-12 04:09:28 --> Session: Class initialized using 'CodeIgniter\Session\Handlers\FileHandler' driver.
INFO - 2024-01-12 04:09:28 --> Session: Class initialized using 'CodeIgniter\Session\Handlers\FileHandler' driver.
INFO - 2024-01-12 04:09:29 --> Session: Class initialized using 'CodeIgniter\Session\Handlers\FileHandler' driver.
INFO - 2024-01-12 04:09:29 --> Session: Class initialized using 'CodeIgniter\Session\Handlers\FileHandler' driver.
INFO - 2024-01-12 04:09:30 --> Session: Class initialized using 'CodeIgniter\Session\Handlers\FileHandler' driver.
INFO - 2024-01-12 04:09:39 --> Session: Class initialized using 'CodeIgniter\Session\Handlers\FileHandler' driver.
INFO - 2024-01-12 04:09:39 --> Session: Class initialized using 'CodeIgniter\Session\Handlers\FileHandler' driver.
INFO - 2024-01-12 04:09:39 --> Session: Class initialized using 'CodeIgniter\Session\Handlers\FileHandler' driver.
INFO - 2024-01-12 04:09:40 --> Session: Class initialized using 'CodeIgniter\Session\Handlers\FileHandler' driver.
INFO - 2024-01-12 04:09:41 --> Session: Class initialized using 'CodeIgniter\Session\Handlers\FileHandler' driver.
INFO - 2024-01-12 04:11:07 --> Session: Class initialized using 'CodeIgniter\Session\Handlers\FileHandler' driver.
INFO - 2024-01-12 04:11:07 --> Session: Class initialized using 'CodeIgniter\Session\Handlers\FileHandler' driver.
INFO - 2024-01-12 04:11:08 --> Session: Class initialized using 'CodeIgniter\Session\Handlers\FileHandler' driver.
INFO - 2024-01-12 04:11:08 --> Session: Class initialized using 'CodeIgniter\Session\Handlers\FileHandler' driver.
INFO - 2024-01-12 04:11:09 --> Session: Class initialized using 'CodeIgniter\Session\Handlers\FileHandler' driver.
INFO - 2024-01-12 04:11:09 --> Session: Class initialized using 'CodeIgniter\Session\Handlers\FileHandler' driver.
INFO - 2024-01-12 04:11:09 --> Session: Class initialized using 'CodeIgniter\Session\Handlers\FileHandler' driver.
INFO - 2024-01-12 04:11:13 --> Session: Class initialized using 'CodeIgniter\Session\Handlers\FileHandler' driver.
INFO - 2024-01-12 04:11:13 --> Session: Class initialized using 'CodeIgniter\Session\Handlers\FileHandler' driver.
INFO - 2024-01-12 04:11:16 --> Session: Class initialized using 'CodeIgniter\Session\Handlers\FileHandler' driver.
INFO - 2024-01-12 04:11:16 --> Session: Class initialized using 'CodeIgniter\Session\Handlers\FileHandler' driver.
INFO - 2024-01-12 04:11:16 --> Session: Class initialized using 'CodeIgniter\Session\Handlers\FileHandler' driver.
INFO - 2024-01-12 04:11:19 --> Session: Class initialized using 'CodeIgniter\Session\Handlers\FileHandler' driver.
INFO - 2024-01-12 04:11:19 --> Session: Class initialized using 'CodeIgniter\Session\Handlers\FileHandler' driver.
INFO - 2024-01-12 04:11:23 --> Session: Class initialized using 'CodeIgniter\Session\Handlers\FileHandler' driver.
INFO - 2024-01-12 04:11:23 --> Session: Class initialized using 'CodeIgniter\Session\Handlers\FileHandler' driver.
INFO - 2024-01-12 04:11:24 --> Session: Class initialized using 'CodeIgniter\Session\Handlers\FileHandler' driver.
INFO - 2024-01-12 04:11:37 --> Session: Class initialized using 'CodeIgniter\Session\Handlers\FileHandler' driver.
INFO - 2024-01-12 04:11:37 --> Session: Class initialized using 'CodeIgniter\Session\Handlers\FileHandler' driver.
INFO - 2024-01-12 04:11:39 --> Session: Class initialized using 'CodeIgniter\Session\Handlers\FileHandler' driver.
INFO - 2024-01-12 04:11:39 --> Session: Class initialized using 'CodeIgniter\Session\Handlers\FileHandler' driver.
INFO - 2024-01-12 04:11:40 --> Session: Class initialized using 'CodeIgniter\Session\Handlers\FileHandler' driver.
INFO - 2024-01-12 04:11:40 --> Session: Class initialized using 'CodeIgniter\Session\Handlers\FileHandler' driver.
INFO - 2024-01-12 04:11:44 --> Session: Class initialized using 'CodeIgniter\Session\Handlers\FileHandler' driver.
INFO - 2024-01-12 04:11:44 --> Session: Class initialized using 'CodeIgniter\Session\Handlers\FileHandler' driver.
INFO - 2024-01-12 04:11:44 --> Session: Class initialized using 'CodeIgniter\Session\Handlers\FileHandler' driver.
INFO - 2024-01-12 04:11:50 --> Session: Class initialized using 'CodeIgniter\Session\Handlers\FileHandler' driver.
INFO - 2024-01-12 04:11:54 --> Session: Class initialized using 'CodeIgniter\Session\Handlers\FileHandler' driver.
INFO - 2024-01-12 04:11:55 --> Session: Class initialized using 'CodeIgniter\Session\Handlers\FileHandler' driver.
INFO - 2024-01-12 04:12:07 --> Session: Class initialized using 'CodeIgniter\Session\Handlers\FileHandler' driver.
INFO - 2024-01-12 04:12:07 --> Session: Class initialized using 'CodeIgniter\Session\Handlers\FileHandler' driver.
INFO - 2024-01-12 04:13:21 --> Session: Class initialized using 'CodeIgniter\Session\Handlers\FileHandler' driver.
INFO - 2024-01-12 04:13:22 --> Session: Class initialized using 'CodeIgniter\Session\Handlers\FileHandler' driver.
INFO - 2024-01-12 04:13:29 --> Session: Class initialized using 'CodeIgniter\Session\Handlers\FileHandler' driver.
INFO - 2024-01-12 04:13:29 --> Session: Class initialized using 'CodeIgniter\Session\Handlers\FileHandler' driver.
INFO - 2024-01-12 04:13:33 --> Session: Class initialized using 'CodeIgniter\Session\Handlers\FileHandler' driver.
INFO - 2024-01-12 04:13:34 --> Session: Class initialized using 'CodeIgniter\Session\Handlers\FileHandler' driver.
INFO - 2024-01-12 04:13:53 --> Session: Class initialized using 'CodeIgniter\Session\Handlers\FileHandler' driver.
INFO - 2024-01-12 04:13:53 --> Session: Class initialized using 'CodeIgniter\Session\Handlers\FileHandler' driver.
INFO - 2024-01-12 04:13:54 --> Session: Class initialized using 'CodeIgniter\Session\Handlers\FileHandler' driver.
INFO - 2024-01-12 04:13:56 --> Session: Class initialized using 'CodeIgniter\Session\Handlers\FileHandler' driver.
INFO - 2024-01-12 04:13:56 --> Session: Class initialized using 'CodeIgniter\Session\Handlers\FileHandler' driver.
INFO - 2024-01-12 04:13:57 --> Session: Class initialized using 'CodeIgniter\Session\Handlers\FileHandler' driver.
INFO - 2024-01-12 04:13:57 --> Session: Class initialized using 'CodeIgniter\Session\Handlers\FileHandler' driver.
INFO - 2024-01-12 04:14:03 --> Session: Class initialized using 'CodeIgniter\Session\Handlers\FileHandler' driver.
INFO - 2024-01-12 04:14:03 --> Session: Class initialized using 'CodeIgniter\Session\Handlers\FileHandler' driver.
INFO - 2024-01-12 04:14:08 --> Session: Class initialized using 'CodeIgniter\Session\Handlers\FileHandler' driver.
INFO - 2024-01-12 04:14:11 --> Session: Class initialized using 'CodeIgniter\Session\Handlers\FileHandler' driver.
INFO - 2024-01-12 04:14:12 --> Session: Class initialized using 'CodeIgniter\Session\Handlers\FileHandler' driver.
INFO - 2024-01-12 04:14:23 --> Session: Class initialized using 'CodeIgniter\Session\Handlers\FileHandler' driver.
INFO - 2024-01-12 04:14:25 --> Session: Class initialized using 'CodeIgniter\Session\Handlers\FileHandler' driver.
INFO - 2024-01-12 04:14:25 --> Session: Class initialized using 'CodeIgniter\Session\Handlers\FileHandler' driver.
INFO - 2024-01-12 04:14:27 --> Session: Class initialized using 'CodeIgniter\Session\Handlers\FileHandler' driver.
INFO - 2024-01-12 04:14:39 --> Session: Class initialized using 'CodeIgniter\Session\Handlers\FileHandler' driver.
INFO - 2024-01-12 04:14:39 --> Session: Class initialized using 'CodeIgniter\Session\Handlers\FileHandler' driver.
INFO - 2024-01-12 04:14:40 --> Session: Class initialized using 'CodeIgniter\Session\Handlers\FileHandler' driver.
INFO - 2024-01-12 04:14:41 --> Session: Class initialized using 'CodeIgniter\Session\Handlers\FileHandler' driver.
INFO - 2024-01-12 05:57:47 --> Session: Class initialized using 'CodeIgniter\Session\Handlers\FileHandler' driver.
INFO - 2024-01-12 05:57:47 --> Session: Class initialized using 'CodeIgniter\Session\Handlers\FileHandler' driver.
INFO - 2024-01-12 05:57:49 --> Session: Class initialized using 'CodeIgniter\Session\Handlers\FileHandler' driver.
INFO - 2024-01-12 05:57:49 --> Session: Class initialized using 'CodeIgniter\Session\Handlers\FileHandler' driver.
INFO - 2024-01-12 05:59:27 --> Session: Class initialized using 'CodeIgniter\Session\Handlers\FileHandler' driver.
INFO - 2024-01-12 05:59:27 --> Session: Class initialized using 'CodeIgniter\Session\Handlers\FileHandler' driver.
INFO - 2024-01-12 05:59:28 --> Session: Class initialized using 'CodeIgniter\Session\Handlers\FileHandler' driver.
INFO - 2024-01-12 05:59:29 --> Session: Class initialized using 'CodeIgniter\Session\Handlers\FileHandler' driver.
INFO - 2024-01-12 06:02:22 --> Session: Class initialized using 'CodeIgniter\Session\Handlers\FileHandler' driver.
INFO - 2024-01-12 06:02:23 --> Session: Class initialized using 'CodeIgniter\Session\Handlers\FileHandler' driver.
INFO - 2024-01-12 06:02:24 --> Session: Class initialized using 'CodeIgniter\Session\Handlers\FileHandler' driver.
INFO - 2024-01-12 06:02:25 --> Session: Class initialized using 'CodeIgniter\Session\Handlers\FileHandler' driver.
INFO - 2024-01-12 06:02:27 --> Session: Class initialized using 'CodeIgniter\Session\Handlers\FileHandler' driver.
INFO - 2024-01-12 06:02:27 --> Session: Class initialized using 'CodeIgniter\Session\Handlers\FileHandler' driver.
INFO - 2024-01-12 06:02:27 --> Session: Class initialized using 'CodeIgniter\Session\Handlers\FileHandler' driver.
INFO - 2024-01-12 06:02:37 --> Session: Class initialized using 'CodeIgniter\Session\Handlers\FileHandler' driver.
INFO - 2024-01-12 06:02:37 --> Session: Class initialized using 'CodeIgniter\Session\Handlers\FileHandler' driver.
INFO - 2024-01-12 06:02:37 --> Session: Class initialized using 'CodeIgniter\Session\Handlers\FileHandler' driver.
INFO - 2024-01-12 06:03:17 --> Session: Class initialized using 'CodeIgniter\Session\Handlers\FileHandler' driver.
INFO - 2024-01-12 06:03:17 --> Session: Class initialized using 'CodeIgniter\Session\Handlers\FileHandler' driver.
INFO - 2024-01-12 06:03:18 --> Session: Class initialized using 'CodeIgniter\Session\Handlers\FileHandler' driver.
INFO - 2024-01-12 06:03:19 --> Session: Class initialized using 'CodeIgniter\Session\Handlers\FileHandler' driver.
INFO - 2024-01-12 06:03:19 --> Session: Class initialized using 'CodeIgniter\Session\Handlers\FileHandler' driver.
INFO - 2024-01-12 06:03:35 --> Session: Class initialized using 'CodeIgniter\Session\Handlers\FileHandler' driver.
INFO - 2024-01-12 06:03:35 --> Session: Class initialized using 'CodeIgniter\Session\Handlers\FileHandler' driver.
INFO - 2024-01-12 06:04:13 --> Session: Class initialized using 'CodeIgniter\Session\Handlers\FileHandler' driver.
INFO - 2024-01-12 06:04:14 --> Session: Class initialized using 'CodeIgniter\Session\Handlers\FileHandler' driver.
INFO - 2024-01-12 06:04:19 --> Session: Class initialized using 'CodeIgniter\Session\Handlers\FileHandler' driver.
INFO - 2024-01-12 06:04:35 --> Session: Class initialized using 'CodeIgniter\Session\Handlers\FileHandler' driver.
INFO - 2024-01-12 06:04:36 --> Session: Class initialized using 'CodeIgniter\Session\Handlers\FileHandler' driver.
INFO - 2024-01-12 06:04:43 --> Session: Class initialized using 'CodeIgniter\Session\Handlers\FileHandler' driver.
INFO - 2024-01-12 06:05:17 --> Session: Class initialized using 'CodeIgniter\Session\Handlers\FileHandler' driver.
INFO - 2024-01-12 06:05:18 --> Session: Class initialized using 'CodeIgniter\Session\Handlers\FileHandler' driver.
INFO - 2024-01-12 06:05:19 --> Session: Class initialized using 'CodeIgniter\Session\Handlers\FileHandler' driver.
INFO - 2024-01-12 06:05:19 --> Session: Class initialized using 'CodeIgniter\Session\Handlers\FileHandler' driver.
INFO - 2024-01-12 06:05:20 --> Session: Class initialized using 'CodeIgniter\Session\Handlers\FileHandler' driver.
INFO - 2024-01-12 06:05:22 --> Session: Class initialized using 'CodeIgniter\Session\Handlers\FileHandler' driver.
INFO - 2024-01-12 06:05:22 --> Session: Class initialized using 'CodeIgniter\Session\Handlers\FileHandler' driver.
INFO - 2024-01-12 06:05:25 --> Session: Class initialized using 'CodeIgniter\Session\Handlers\FileHandler' driver.
INFO - 2024-01-12 06:05:25 --> Session: Class initialized using 'CodeIgniter\Session\Handlers\FileHandler' driver.
INFO - 2024-01-12 06:05:26 --> Session: Class initialized using 'CodeIgniter\Session\Handlers\FileHandler' driver.
INFO - 2024-01-12 06:05:29 --> Session: Class initialized using 'CodeIgniter\Session\Handlers\FileHandler' driver.
INFO - 2024-01-12 06:05:29 --> Session: Class initialized using 'CodeIgniter\Session\Handlers\FileHandler' driver.
INFO - 2024-01-12 06:05:33 --> Session: Class initialized using 'CodeIgniter\Session\Handlers\FileHandler' driver.
INFO - 2024-01-12 06:05:33 --> Session: Class initialized using 'CodeIgniter\Session\Handlers\FileHandler' driver.
INFO - 2024-01-12 06:05:33 --> Session: Class initialized using 'CodeIgniter\Session\Handlers\FileHandler' driver.
INFO - 2024-01-12 06:05:34 --> Session: Class initialized using 'CodeIgniter\Session\Handlers\FileHandler' driver.
INFO - 2024-01-12 06:05:35 --> Session: Class initialized using 'CodeIgniter\Session\Handlers\FileHandler' driver.
INFO - 2024-01-12 06:05:37 --> Session: Class initialized using 'CodeIgniter\Session\Handlers\FileHandler' driver.
INFO - 2024-01-12 06:05:37 --> Session: Class initialized using 'CodeIgniter\Session\Handlers\FileHandler' driver.
INFO - 2024-01-12 06:05:37 --> Session: Class initialized using 'CodeIgniter\Session\Handlers\FileHandler' driver.
INFO - 2024-01-12 06:05:38 --> Session: Class initialized using 'CodeIgniter\Session\Handlers\FileHandler' driver.
INFO - 2024-01-12 06:05:39 --> Session: Class initialized using 'CodeIgniter\Session\Handlers\FileHandler' driver.
INFO - 2024-01-12 06:05:41 --> Session: Class initialized using 'CodeIgniter\Session\Handlers\FileHandler' driver.
INFO - 2024-01-12 06:05:41 --> Session: Class initialized using 'CodeIgniter\Session\Handlers\FileHandler' driver.
INFO - 2024-01-12 06:05:41 --> Session: Class initialized using 'CodeIgniter\Session\Handlers\FileHandler' driver.
INFO - 2024-01-12 06:10:06 --> Session: Class initialized using 'CodeIgniter\Session\Handlers\FileHandler' driver.
INFO - 2024-01-12 06:10:06 --> Session: Class initialized using 'CodeIgniter\Session\Handlers\FileHandler' driver.
INFO - 2024-01-12 06:10:08 --> Session: Class initialized using 'CodeIgniter\Session\Handlers\FileHandler' driver.
INFO - 2024-01-12 06:10:08 --> Session: Class initialized using 'CodeIgniter\Session\Handlers\FileHandler' driver.
INFO - 2024-01-12 06:10:49 --> Session: Class initialized using 'CodeIgniter\Session\Handlers\FileHandler' driver.
INFO - 2024-01-12 06:10:49 --> Session: Class initialized using 'CodeIgniter\Session\Handlers\FileHandler' driver.
INFO - 2024-01-12 06:10:57 --> Session: Class initialized using 'CodeIgniter\Session\Handlers\FileHandler' driver.
INFO - 2024-01-12 06:11:00 --> Session: Class initialized using 'CodeIgniter\Session\Handlers\FileHandler' driver.
INFO - 2024-01-12 06:11:01 --> Session: Class initialized using 'CodeIgniter\Session\Handlers\FileHandler' driver.
INFO - 2024-01-12 06:11:12 --> Session: Class initialized using 'CodeIgniter\Session\Handlers\FileHandler' driver.
INFO - 2024-01-12 06:11:14 --> Session: Class initialized using 'CodeIgniter\Session\Handlers\FileHandler' driver.
INFO - 2024-01-12 06:11:14 --> Session: Class initialized using 'CodeIgniter\Session\Handlers\FileHandler' driver.
INFO - 2024-01-12 06:11:47 --> Session: Class initialized using 'CodeIgniter\Session\Handlers\FileHandler' driver.
INFO - 2024-01-12 06:11:48 --> Session: Class initialized using 'CodeIgniter\Session\Handlers\FileHandler' driver.
INFO - 2024-01-12 06:12:01 --> Session: Class initialized using 'CodeIgniter\Session\Handlers\FileHandler' driver.
INFO - 2024-01-12 06:12:01 --> Session: Class initialized using 'CodeIgniter\Session\Handlers\FileHandler' driver.
INFO - 2024-01-12 06:13:32 --> Session: Class initialized using 'CodeIgniter\Session\Handlers\FileHandler' driver.
INFO - 2024-01-12 06:13:34 --> Session: Class initialized using 'CodeIgniter\Session\Handlers\FileHandler' driver.
INFO - 2024-01-12 06:13:34 --> Session: Class initialized using 'CodeIgniter\Session\Handlers\FileHandler' driver.
INFO - 2024-01-12 06:13:34 --> Session: Class initialized using 'CodeIgniter\Session\Handlers\FileHandler' driver.
INFO - 2024-01-12 06:13:35 --> Session: Class initialized using 'CodeIgniter\Session\Handlers\FileHandler' driver.
INFO - 2024-01-12 06:13:36 --> Session: Class initialized using 'CodeIgniter\Session\Handlers\FileHandler' driver.
INFO - 2024-01-12 06:13:38 --> Session: Class initialized using 'CodeIgniter\Session\Handlers\FileHandler' driver.
INFO - 2024-01-12 06:13:38 --> Session: Class initialized using 'CodeIgniter\Session\Handlers\FileHandler' driver.
INFO - 2024-01-12 06:13:39 --> Session: Class initialized using 'CodeIgniter\Session\Handlers\FileHandler' driver.
INFO - 2024-01-12 06:13:39 --> Session: Class initialized using 'CodeIgniter\Session\Handlers\FileHandler' driver.
INFO - 2024-01-12 06:13:50 --> Session: Class initialized using 'CodeIgniter\Session\Handlers\FileHandler' driver.
INFO - 2024-01-12 06:13:50 --> Session: Class initialized using 'CodeIgniter\Session\Handlers\FileHandler' driver.
INFO - 2024-01-12 06:14:04 --> Session: Class initialized using 'CodeIgniter\Session\Handlers\FileHandler' driver.
INFO - 2024-01-12 06:15:06 --> Session: Class initialized using 'CodeIgniter\Session\Handlers\FileHandler' driver.
INFO - 2024-01-12 06:15:09 --> Session: Class initialized using 'CodeIgniter\Session\Handlers\FileHandler' driver.
ERROR - 2024-01-12 06:15:09 --> mysqli_sql_exception: Unknown column 'kelas_master.semster' in 'order clause' in /Applications/XAMPP/xamppfiles/htdocs/pembelajaran/system/Database/MySQLi/Connection.php:306
Stack trace:
#0 /Applications/XAMPP/xamppfiles/htdocs/pembelajaran/system/Database/MySQLi/Connection.php(306): mysqli->query('SELECT `kelas_m...', 0)
#1 /Applications/XAMPP/xamppfiles/htdocs/pembelajaran/system/Database/BaseConnection.php(693): CodeIgniter\Database\MySQLi\Connection->execute('SELECT `kelas_m...')
#2 /Applications/XAMPP/xamppfiles/htdocs/pembelajaran/system/Database/BaseConnection.php(607): CodeIgniter\Database\BaseConnection->simpleQuery('SELECT `kelas_m...')
#3 /Applications/XAMPP/xamppfiles/htdocs/pembelajaran/system/Database/BaseBuilder.php(1615): CodeIgniter\Database\BaseConnection->query('SELECT `kelas_m...', Array, false)
#4 /Applications/XAMPP/xamppfiles/htdocs/pembelajaran/system/Model.php(871): CodeIgniter\Database\BaseBuilder->get()
#5 /Applications/XAMPP/xamppfiles/htdocs/pembelajaran/app/Models/Kps/KpsKelasMasterModel.php(41): CodeIgniter\Model->__call('get', Array)
#6 /Applications/XAMPP/xamppfiles/htdocs/pembelajaran/app/Controllers/KpsJadwal.php(117): App\Models\Kps\KpsKelasMasterModel->getAllKelasMasterWithKelasJenis(NULL, NULL)
#7 /Applications/XAMPP/xamppfiles/htdocs/pembelajaran/system/CodeIgniter.php(942): App\Controllers\KpsJadwal->tampilkelas()
#8 /Applications/XAMPP/xamppfiles/htdocs/pembelajaran/system/CodeIgniter.php(502): CodeIgniter\CodeIgniter->runController(Object(App\Controllers\KpsJadwal))
#9 /Applications/XAMPP/xamppfiles/htdocs/pembelajaran/system/CodeIgniter.php(361): CodeIgniter\CodeIgniter->handleRequest(NULL, Object(Config\Cache), false)
#10 /Applications/XAMPP/xamppfiles/htdocs/pembelajaran/public/index.php(79): CodeIgniter\CodeIgniter->run()
#11 /Applications/XAMPP/xamppfiles/htdocs/pembelajaran/system/Commands/Server/rewrite.php(47): require_once('/Applications/X...')
#12 {main}
CRITICAL - 2024-01-12 06:15:09 --> Unknown column 'kelas_master.semster' in 'order clause'
in SYSTEMPATH/Database/BaseConnection.php on line 647.
 1 SYSTEMPATH/Database/BaseBuilder.php(1615): CodeIgniter\Database\BaseConnection->query('SELECT `kelas_master`.*, `tahun_akademik`.`nama`, `tahun_akademik`.`jenis`, `kelas_jenis`.`nama_kelas`, `prodi`.`nama_prodi`
FROM `kelas_master`
JOIN `tahun_akademik` ON `kelas_master`.`tahun_akademik_id` = `tahun_akademik`.`id`
JOIN `kelas_jenis` ON `kelas_master`.`kelas_jenis_id` = `kelas_jenis`.`id`
JOIN `prodi` ON `kelas_master`.`prodi_id` = `prodi`.`id`
WHERE `tahun_akademik`.`status` = :tahun_akademik.status:
AND `kelas_master`.`prodi_id` = :kelas_master.prodi_id:
ORDER BY `kelas_master`.`semster`', [...], false)
 2 SYSTEMPATH/Model.php(871): CodeIgniter\Database\BaseBuilder->get()
 3 APPPATH/Models/Kps/KpsKelasMasterModel.php(41): CodeIgniter\Model->__call('get', [])
 4 APPPATH/Controllers/KpsJadwal.php(117): App\Models\Kps\KpsKelasMasterModel->getAllKelasMasterWithKelasJenis(null, null)
 5 SYSTEMPATH/CodeIgniter.php(942): App\Controllers\KpsJadwal->tampilkelas()
 6 SYSTEMPATH/CodeIgniter.php(502): CodeIgniter\CodeIgniter->runController(Object(App\Controllers\KpsJadwal))
 7 SYSTEMPATH/CodeIgniter.php(361): CodeIgniter\CodeIgniter->handleRequest(null, Object(Config\Cache), false)
 8 FCPATH/index.php(79): CodeIgniter\CodeIgniter->run()
 9 SYSTEMPATH/Commands/Server/rewrite.php(47): require_once('/Applications/XAMPP/xamppfiles/htdocs/pembelajaran/public/index.php')
INFO - 2024-01-12 06:15:17 --> Session: Class initialized using 'CodeIgniter\Session\Handlers\FileHandler' driver.
INFO - 2024-01-12 06:15:17 --> Session: Class initialized using 'CodeIgniter\Session\Handlers\FileHandler' driver.
INFO - 2024-01-12 06:16:47 --> Session: Class initialized using 'CodeIgniter\Session\Handlers\FileHandler' driver.
INFO - 2024-01-12 06:16:48 --> Session: Class initialized using 'CodeIgniter\Session\Handlers\FileHandler' driver.
INFO - 2024-01-12 06:17:34 --> Session: Class initialized using 'CodeIgniter\Session\Handlers\FileHandler' driver.
INFO - 2024-01-12 06:17:34 --> Session: Class initialized using 'CodeIgniter\Session\Handlers\FileHandler' driver.
INFO - 2024-01-12 06:17:36 --> Session: Class initialized using 'CodeIgniter\Session\Handlers\FileHandler' driver.
INFO - 2024-01-12 06:17:38 --> Session: Class initialized using 'CodeIgniter\Session\Handlers\FileHandler' driver.
INFO - 2024-01-12 06:17:38 --> Session: Class initialized using 'CodeIgniter\Session\Handlers\FileHandler' driver.
INFO - 2024-01-12 06:17:39 --> Session: Class initialized using 'CodeIgniter\Session\Handlers\FileHandler' driver.
INFO - 2024-01-12 06:17:41 --> Session: Class initialized using 'CodeIgniter\Session\Handlers\FileHandler' driver.
INFO - 2024-01-12 06:17:41 --> Session: Class initialized using 'CodeIgniter\Session\Handlers\FileHandler' driver.
INFO - 2024-01-12 06:17:43 --> Session: Class initialized using 'CodeIgniter\Session\Handlers\FileHandler' driver.
INFO - 2024-01-12 06:17:45 --> Session: Class initialized using 'CodeIgniter\Session\Handlers\FileHandler' driver.
INFO - 2024-01-12 06:17:45 --> Session: Class initialized using 'CodeIgniter\Session\Handlers\FileHandler' driver.
INFO - 2024-01-12 06:17:46 --> Session: Class initialized using 'CodeIgniter\Session\Handlers\FileHandler' driver.
INFO - 2024-01-12 06:17:47 --> Session: Class initialized using 'CodeIgniter\Session\Handlers\FileHandler' driver.
INFO - 2024-01-12 06:17:52 --> Session: Class initialized using 'CodeIgniter\Session\Handlers\FileHandler' driver.
INFO - 2024-01-12 06:17:53 --> Session: Class initialized using 'CodeIgniter\Session\Handlers\FileHandler' driver.
INFO - 2024-01-12 06:17:54 --> Session: Class initialized using 'CodeIgniter\Session\Handlers\FileHandler' driver.
INFO - 2024-01-12 06:18:02 --> Session: Class initialized using 'CodeIgniter\Session\Handlers\FileHandler' driver.
INFO - 2024-01-12 06:18:03 --> Session: Class initialized using 'CodeIgniter\Session\Handlers\FileHandler' driver.
INFO - 2024-01-12 06:18:04 --> Session: Class initialized using 'CodeIgniter\Session\Handlers\FileHandler' driver.
INFO - 2024-01-12 06:18:05 --> Session: Class initialized using 'CodeIgniter\Session\Handlers\FileHandler' driver.
INFO - 2024-01-12 06:18:41 --> Session: Class initialized using 'CodeIgniter\Session\Handlers\FileHandler' driver.
INFO - 2024-01-12 06:18:53 --> Session: Class initialized using 'CodeIgniter\Session\Handlers\FileHandler' driver.
INFO - 2024-01-12 06:19:18 --> Session: Class initialized using 'CodeIgniter\Session\Handlers\FileHandler' driver.
INFO - 2024-01-12 06:19:18 --> Session: Class initialized using 'CodeIgniter\Session\Handlers\FileHandler' driver.
INFO - 2024-01-12 06:19:21 --> Session: Class initialized using 'CodeIgniter\Session\Handlers\FileHandler' driver.
INFO - 2024-01-12 06:20:22 --> Session: Class initialized using 'CodeIgniter\Session\Handlers\FileHandler' driver.
INFO - 2024-01-12 06:20:45 --> Session: Class initialized using 'CodeIgniter\Session\Handlers\FileHandler' driver.
INFO - 2024-01-12 06:21:07 --> Session: Class initialized using 'CodeIgniter\Session\Handlers\FileHandler' driver.
INFO - 2024-01-12 06:21:11 --> Session: Class initialized using 'CodeIgniter\Session\Handlers\FileHandler' driver.
INFO - 2024-01-12 06:21:14 --> Session: Class initialized using 'CodeIgniter\Session\Handlers\FileHandler' driver.
INFO - 2024-01-12 06:21:33 --> Session: Class initialized using 'CodeIgniter\Session\Handlers\FileHandler' driver.
INFO - 2024-01-12 06:21:34 --> Session: Class initialized using 'CodeIgniter\Session\Handlers\FileHandler' driver.
INFO - 2024-01-12 06:21:44 --> Session: Class initialized using 'CodeIgniter\Session\Handlers\FileHandler' driver.
INFO - 2024-01-12 06:21:44 --> Session: Class initialized using 'CodeIgniter\Session\Handlers\FileHandler' driver.
INFO - 2024-01-12 06:21:46 --> Session: Class initialized using 'CodeIgniter\Session\Handlers\FileHandler' driver.
INFO - 2024-01-12 06:21:48 --> Session: Class initialized using 'CodeIgniter\Session\Handlers\FileHandler' driver.
INFO - 2024-01-12 06:22:03 --> Session: Class initialized using 'CodeIgniter\Session\Handlers\FileHandler' driver.
INFO - 2024-01-12 06:50:10 --> Session: Class initialized using 'CodeIgniter\Session\Handlers\FileHandler' driver.
INFO - 2024-01-12 06:50:17 --> Session: Class initialized using 'CodeIgniter\Session\Handlers\FileHandler' driver.
INFO - 2024-01-12 07:02:47 --> Session: Class initialized using 'CodeIgniter\Session\Handlers\FileHandler' driver.
INFO - 2024-01-12 07:03:01 --> Session: Class initialized using 'CodeIgniter\Session\Handlers\FileHandler' driver.
INFO - 2024-01-12 07:03:09 --> Session: Class initialized using 'CodeIgniter\Session\Handlers\FileHandler' driver.
INFO - 2024-01-12 07:03:13 --> Session: Class initialized using 'CodeIgniter\Session\Handlers\FileHandler' driver.
INFO - 2024-01-12 07:03:16 --> Session: Class initialized using 'CodeIgniter\Session\Handlers\FileHandler' driver.
INFO - 2024-01-12 07:03:18 --> Session: Class initialized using 'CodeIgniter\Session\Handlers\FileHandler' driver.
INFO - 2024-01-12 07:03:19 --> Session: Class initialized using 'CodeIgniter\Session\Handlers\FileHandler' driver.
INFO - 2024-01-12 07:03:23 --> Session: Class initialized using 'CodeIgniter\Session\Handlers\FileHandler' driver.
INFO - 2024-01-12 07:03:24 --> Session: Class initialized using 'CodeIgniter\Session\Handlers\FileHandler' driver.
INFO - 2024-01-12 07:03:25 --> Session: Class initialized using 'CodeIgniter\Session\Handlers\FileHandler' driver.
INFO - 2024-01-12 07:03:27 --> Session: Class initialized using 'CodeIgniter\Session\Handlers\FileHandler' driver.
INFO - 2024-01-12 07:03:42 --> Session: Class initialized using 'CodeIgniter\Session\Handlers\FileHandler' driver.
INFO - 2024-01-12 07:04:14 --> Session: Class initialized using 'CodeIgniter\Session\Handlers\FileHandler' driver.
INFO - 2024-01-12 07:04:15 --> Session: Class initialized using 'CodeIgniter\Session\Handlers\FileHandler' driver.
INFO - 2024-01-12 07:04:23 --> Session: Class initialized using 'CodeIgniter\Session\Handlers\FileHandler' driver.
INFO - 2024-01-12 07:04:28 --> Session: Class initialized using 'CodeIgniter\Session\Handlers\FileHandler' driver.
INFO - 2024-01-12 07:04:29 --> Session: Class initialized using 'CodeIgniter\Session\Handlers\FileHandler' driver.
INFO - 2024-01-12 07:04:31 --> Session: Class initialized using 'CodeIgniter\Session\Handlers\FileHandler' driver.
INFO - 2024-01-12 07:04:31 --> Session: Class initialized using 'CodeIgniter\Session\Handlers\FileHandler' driver.
INFO - 2024-01-12 07:04:32 --> Session: Class initialized using 'CodeIgniter\Session\Handlers\FileHandler' driver.
INFO - 2024-01-12 07:04:34 --> Session: Class initialized using 'CodeIgniter\Session\Handlers\FileHandler' driver.
INFO - 2024-01-12 07:04:59 --> Session: Class initialized using 'CodeIgniter\Session\Handlers\FileHandler' driver.
INFO - 2024-01-12 07:07:01 --> Session: Class initialized using 'CodeIgniter\Session\Handlers\FileHandler' driver.
INFO - 2024-01-12 07:08:37 --> Session: Class initialized using 'CodeIgniter\Session\Handlers\FileHandler' driver.
INFO - 2024-01-12 07:08:38 --> Session: Class initialized using 'CodeIgniter\Session\Handlers\FileHandler' driver.
INFO - 2024-01-12 07:08:40 --> Session: Class initialized using 'CodeIgniter\Session\Handlers\FileHandler' driver.
INFO - 2024-01-12 07:08:43 --> Session: Class initialized using 'CodeIgniter\Session\Handlers\FileHandler' driver.
INFO - 2024-01-12 07:08:44 --> Session: Class initialized using 'CodeIgniter\Session\Handlers\FileHandler' driver.
INFO - 2024-01-12 07:09:54 --> Session: Class initialized using 'CodeIgniter\Session\Handlers\FileHandler' driver.
INFO - 2024-01-12 07:09:54 --> Session: Class initialized using 'CodeIgniter\Session\Handlers\FileHandler' driver.
INFO - 2024-01-12 07:09:57 --> Session: Class initialized using 'CodeIgniter\Session\Handlers\FileHandler' driver.
INFO - 2024-01-12 07:09:57 --> Session: Class initialized using 'CodeIgniter\Session\Handlers\FileHandler' driver.
INFO - 2024-01-12 07:09:57 --> Session: Class initialized using 'CodeIgniter\Session\Handlers\FileHandler' driver.
INFO - 2024-01-12 07:12:21 --> Session: Class initialized using 'CodeIgniter\Session\Handlers\FileHandler' driver.
INFO - 2024-01-12 07:12:21 --> Session: Class initialized using 'CodeIgniter\Session\Handlers\FileHandler' driver.
INFO - 2024-01-12 07:12:33 --> Session: Class initialized using 'CodeIgniter\Session\Handlers\FileHandler' driver.
INFO - 2024-01-12 07:12:34 --> Session: Class initialized using 'CodeIgniter\Session\Handlers\FileHandler' driver.
INFO - 2024-01-12 07:12:35 --> Session: Class initialized using 'CodeIgniter\Session\Handlers\FileHandler' driver.
INFO - 2024-01-12 07:12:35 --> Session: Class initialized using 'CodeIgniter\Session\Handlers\FileHandler' driver.
INFO - 2024-01-12 07:12:36 --> Session: Class initialized using 'CodeIgniter\Session\Handlers\FileHandler' driver.
INFO - 2024-01-12 07:12:37 --> Session: Class initialized using 'CodeIgniter\Session\Handlers\FileHandler' driver.
INFO - 2024-01-12 07:12:39 --> Session: Class initialized using 'CodeIgniter\Session\Handlers\FileHandler' driver.
INFO - 2024-01-12 07:12:40 --> Session: Class initialized using 'CodeIgniter\Session\Handlers\FileHandler' driver.
INFO - 2024-01-12 07:12:41 --> Session: Class initialized using 'CodeIgniter\Session\Handlers\FileHandler' driver.
INFO - 2024-01-12 07:12:42 --> Session: Class initialized using 'CodeIgniter\Session\Handlers\FileHandler' driver.
INFO - 2024-01-12 07:12:47 --> Session: Class initialized using 'CodeIgniter\Session\Handlers\FileHandler' driver.
INFO - 2024-01-12 07:12:47 --> Session: Class initialized using 'CodeIgniter\Session\Handlers\FileHandler' driver.
INFO - 2024-01-12 07:12:49 --> Session: Class initialized using 'CodeIgniter\Session\Handlers\FileHandler' driver.
INFO - 2024-01-12 07:12:50 --> Session: Class initialized using 'CodeIgniter\Session\Handlers\FileHandler' driver.
INFO - 2024-01-12 07:12:50 --> Session: Class initialized using 'CodeIgniter\Session\Handlers\FileHandler' driver.
INFO - 2024-01-12 07:12:52 --> Session: Class initialized using 'CodeIgniter\Session\Handlers\FileHandler' driver.
INFO - 2024-01-12 07:13:03 --> Session: Class initialized using 'CodeIgniter\Session\Handlers\FileHandler' driver.
INFO - 2024-01-12 07:13:04 --> Session: Class initialized using 'CodeIgniter\Session\Handlers\FileHandler' driver.
INFO - 2024-01-12 07:13:05 --> Session: Class initialized using 'CodeIgniter\Session\Handlers\FileHandler' driver.
INFO - 2024-01-12 07:13:06 --> Session: Class initialized using 'CodeIgniter\Session\Handlers\FileHandler' driver.
INFO - 2024-01-12 07:13:18 --> Session: Class initialized using 'CodeIgniter\Session\Handlers\FileHandler' driver.
INFO - 2024-01-12 07:13:27 --> Session: Class initialized using 'CodeIgniter\Session\Handlers\FileHandler' driver.
INFO - 2024-01-12 07:13:27 --> Session: Class initialized using 'CodeIgniter\Session\Handlers\FileHandler' driver.
INFO - 2024-01-12 07:13:30 --> Session: Class initialized using 'CodeIgniter\Session\Handlers\FileHandler' driver.
INFO - 2024-01-12 07:13:31 --> Session: Class initialized using 'CodeIgniter\Session\Handlers\FileHandler' driver.
INFO - 2024-01-12 07:13:32 --> Session: Class initialized using 'CodeIgniter\Session\Handlers\FileHandler' driver.
INFO - 2024-01-12 07:13:32 --> Session: Class initialized using 'CodeIgniter\Session\Handlers\FileHandler' driver.
CRITICAL - 2024-01-12 07:13:32 --> foreach() argument must be of type array|object, null given
in APPPATH/Controllers/KpsMateri.php on line 66.
 1 APPPATH/Controllers/KpsMateri.php(66): CodeIgniter\Debug\Exceptions->errorHandler(2, 'foreach() argument must be of type array|object, null given', '/Applications/XAMPP/xamppfiles/htdocs/pembelajaran/app/Controllers/KpsMateri.php', 66)
 2 SYSTEMPATH/CodeIgniter.php(942): App\Controllers\KpsMateri->update()
 3 SYSTEMPATH/CodeIgniter.php(502): CodeIgniter\CodeIgniter->runController(Object(App\Controllers\KpsMateri))
 4 SYSTEMPATH/CodeIgniter.php(361): CodeIgniter\CodeIgniter->handleRequest(null, Object(Config\Cache), false)
 5 FCPATH/index.php(79): CodeIgniter\CodeIgniter->run()
 6 SYSTEMPATH/Commands/Server/rewrite.php(47): require_once('/Applications/XAMPP/xamppfiles/htdocs/pembelajaran/public/index.php')
INFO - 2024-01-12 07:13:35 --> Session: Class initialized using 'CodeIgniter\Session\Handlers\FileHandler' driver.
INFO - 2024-01-12 07:13:35 --> Session: Class initialized using 'CodeIgniter\Session\Handlers\FileHandler' driver.
INFO - 2024-01-12 07:13:40 --> Session: Class initialized using 'CodeIgniter\Session\Handlers\FileHandler' driver.
INFO - 2024-01-12 07:15:08 --> Session: Class initialized using 'CodeIgniter\Session\Handlers\FileHandler' driver.
INFO - 2024-01-12 07:15:08 --> Session: Class initialized using 'CodeIgniter\Session\Handlers\FileHandler' driver.
INFO - 2024-01-12 07:15:09 --> Session: Class initialized using 'CodeIgniter\Session\Handlers\FileHandler' driver.
INFO - 2024-01-12 07:15:10 --> Session: Class initialized using 'CodeIgniter\Session\Handlers\FileHandler' driver.
INFO - 2024-01-12 07:15:10 --> Session: Class initialized using 'CodeIgniter\Session\Handlers\FileHandler' driver.
INFO - 2024-01-12 07:15:13 --> Session: Class initialized using 'CodeIgniter\Session\Handlers\FileHandler' driver.
INFO - 2024-01-12 07:15:19 --> Session: Class initialized using 'CodeIgniter\Session\Handlers\FileHandler' driver.
INFO - 2024-01-12 07:15:19 --> Session: Class initialized using 'CodeIgniter\Session\Handlers\FileHandler' driver.
INFO - 2024-01-12 07:15:21 --> Session: Class initialized using 'CodeIgniter\Session\Handlers\FileHandler' driver.
INFO - 2024-01-12 07:15:23 --> Session: Class initialized using 'CodeIgniter\Session\Handlers\FileHandler' driver.
INFO - 2024-01-12 07:15:23 --> Session: Class initialized using 'CodeIgniter\Session\Handlers\FileHandler' driver.
INFO - 2024-01-12 07:24:42 --> Session: Class initialized using 'CodeIgniter\Session\Handlers\FileHandler' driver.
INFO - 2024-01-12 07:24:45 --> Session: Class initialized using 'CodeIgniter\Session\Handlers\FileHandler' driver.
INFO - 2024-01-12 07:24:45 --> Session: Class initialized using 'CodeIgniter\Session\Handlers\FileHandler' driver.
INFO - 2024-01-12 07:24:48 --> Session: Class initialized using 'CodeIgniter\Session\Handlers\FileHandler' driver.
INFO - 2024-01-12 07:24:50 --> Session: Class initialized using 'CodeIgniter\Session\Handlers\FileHandler' driver.
INFO - 2024-01-12 07:24:50 --> Session: Class initialized using 'CodeIgniter\Session\Handlers\FileHandler' driver.
INFO - 2024-01-12 07:27:39 --> Session: Class initialized using 'CodeIgniter\Session\Handlers\FileHandler' driver.
INFO - 2024-01-12 07:27:52 --> Session: Class initialized using 'CodeIgniter\Session\Handlers\FileHandler' driver.
INFO - 2024-01-12 07:27:57 --> Session: Class initialized using 'CodeIgniter\Session\Handlers\FileHandler' driver.
INFO - 2024-01-12 07:27:57 --> Session: Class initialized using 'CodeIgniter\Session\Handlers\FileHandler' driver.
INFO - 2024-01-12 07:28:16 --> Session: Class initialized using 'CodeIgniter\Session\Handlers\FileHandler' driver.
INFO - 2024-01-12 07:28:17 --> Session: Class initialized using 'CodeIgniter\Session\Handlers\FileHandler' driver.
INFO - 2024-01-12 07:28:17 --> Session: Class initialized using 'CodeIgniter\Session\Handlers\FileHandler' driver.
INFO - 2024-01-12 07:28:19 --> Session: Class initialized using 'CodeIgniter\Session\Handlers\FileHandler' driver.
INFO - 2024-01-12 07:28:20 --> Session: Class initialized using 'CodeIgniter\Session\Handlers\FileHandler' driver.
INFO - 2024-01-12 07:28:21 --> Session: Class initialized using 'CodeIgniter\Session\Handlers\FileHandler' driver.
INFO - 2024-01-12 07:28:22 --> Session: Class initialized using 'CodeIgniter\Session\Handlers\FileHandler' driver.
INFO - 2024-01-12 07:28:22 --> Session: Class initialized using 'CodeIgniter\Session\Handlers\FileHandler' driver.
INFO - 2024-01-12 07:28:22 --> Session: Class initialized using 'CodeIgniter\Session\Handlers\FileHandler' driver.
INFO - 2024-01-12 07:28:23 --> Session: Class initialized using 'CodeIgniter\Session\Handlers\FileHandler' driver.
INFO - 2024-01-12 07:28:23 --> Session: Class initialized using 'CodeIgniter\Session\Handlers\FileHandler' driver.
INFO - 2024-01-12 07:28:24 --> Session: Class initialized using 'CodeIgniter\Session\Handlers\FileHandler' driver.
INFO - 2024-01-12 07:28:26 --> Session: Class initialized using 'CodeIgniter\Session\Handlers\FileHandler' driver.
INFO - 2024-01-12 07:28:26 --> Session: Class initialized using 'CodeIgniter\Session\Handlers\FileHandler' driver.
INFO - 2024-01-12 07:28:32 --> Session: Class initialized using 'CodeIgniter\Session\Handlers\FileHandler' driver.
INFO - 2024-01-12 07:28:33 --> Session: Class initialized using 'CodeIgniter\Session\Handlers\FileHandler' driver.
INFO - 2024-01-12 07:28:38 --> Session: Class initialized using 'CodeIgniter\Session\Handlers\FileHandler' driver.
INFO - 2024-01-12 07:28:39 --> Session: Class initialized using 'CodeIgniter\Session\Handlers\FileHandler' driver.
INFO - 2024-01-12 07:28:44 --> Session: Class initialized using 'CodeIgniter\Session\Handlers\FileHandler' driver.
INFO - 2024-01-12 07:28:44 --> Session: Class initialized using 'CodeIgniter\Session\Handlers\FileHandler' driver.
INFO - 2024-01-12 07:28:46 --> Session: Class initialized using 'CodeIgniter\Session\Handlers\FileHandler' driver.
INFO - 2024-01-12 07:28:47 --> Session: Class initialized using 'CodeIgniter\Session\Handlers\FileHandler' driver.
INFO - 2024-01-12 07:28:47 --> Session: Class initialized using 'CodeIgniter\Session\Handlers\FileHandler' driver.
INFO - 2024-01-12 07:28:55 --> Session: Class initialized using 'CodeIgniter\Session\Handlers\FileHandler' driver.
INFO - 2024-01-12 07:28:55 --> Session: Class initialized using 'CodeIgniter\Session\Handlers\FileHandler' driver.
INFO - 2024-01-12 07:29:02 --> Session: Class initialized using 'CodeIgniter\Session\Handlers\FileHandler' driver.
INFO - 2024-01-12 07:29:02 --> Session: Class initialized using 'CodeIgniter\Session\Handlers\FileHandler' driver.
INFO - 2024-01-12 07:29:04 --> Session: Class initialized using 'CodeIgniter\Session\Handlers\FileHandler' driver.
INFO - 2024-01-12 07:29:05 --> Session: Class initialized using 'CodeIgniter\Session\Handlers\FileHandler' driver.
INFO - 2024-01-12 07:29:23 --> Session: Class initialized using 'CodeIgniter\Session\Handlers\FileHandler' driver.
INFO - 2024-01-12 07:29:23 --> Session: Class initialized using 'CodeIgniter\Session\Handlers\FileHandler' driver.
INFO - 2024-01-12 07:29:30 --> Session: Class initialized using 'CodeIgniter\Session\Handlers\FileHandler' driver.
INFO - 2024-01-12 07:29:30 --> Session: Class initialized using 'CodeIgniter\Session\Handlers\FileHandler' driver.
INFO - 2024-01-12 07:29:34 --> Session: Class initialized using 'CodeIgniter\Session\Handlers\FileHandler' driver.
INFO - 2024-01-12 07:29:34 --> Session: Class initialized using 'CodeIgniter\Session\Handlers\FileHandler' driver.
INFO - 2024-01-12 07:29:34 --> Session: Class initialized using 'CodeIgniter\Session\Handlers\FileHandler' driver.
INFO - 2024-01-12 07:29:36 --> Session: Class initialized using 'CodeIgniter\Session\Handlers\FileHandler' driver.
INFO - 2024-01-12 07:29:36 --> Session: Class initialized using 'CodeIgniter\Session\Handlers\FileHandler' driver.
INFO - 2024-01-12 07:29:37 --> Session: Class initialized using 'CodeIgniter\Session\Handlers\FileHandler' driver.
INFO - 2024-01-12 07:29:37 --> Session: Class initialized using 'CodeIgniter\Session\Handlers\FileHandler' driver.
INFO - 2024-01-12 07:29:39 --> Session: Class initialized using 'CodeIgniter\Session\Handlers\FileHandler' driver.
INFO - 2024-01-12 07:29:40 --> Session: Class initialized using 'CodeIgniter\Session\Handlers\FileHandler' driver.
INFO - 2024-01-12 07:29:41 --> Session: Class initialized using 'CodeIgniter\Session\Handlers\FileHandler' driver.
INFO - 2024-01-12 07:29:42 --> Session: Class initialized using 'CodeIgniter\Session\Handlers\FileHandler' driver.
INFO - 2024-01-12 07:29:43 --> Session: Class initialized using 'CodeIgniter\Session\Handlers\FileHandler' driver.
INFO - 2024-01-12 07:29:46 --> Session: Class initialized using 'CodeIgniter\Session\Handlers\FileHandler' driver.
INFO - 2024-01-12 07:29:53 --> Session: Class initialized using 'CodeIgniter\Session\Handlers\FileHandler' driver.
INFO - 2024-01-12 07:30:00 --> Session: Class initialized using 'CodeIgniter\Session\Handlers\FileHandler' driver.
INFO - 2024-01-12 07:30:00 --> Session: Class initialized using 'CodeIgniter\Session\Handlers\FileHandler' driver.
INFO - 2024-01-12 07:30:03 --> Session: Class initialized using 'CodeIgniter\Session\Handlers\FileHandler' driver.
INFO - 2024-01-12 07:30:08 --> Session: Class initialized using 'CodeIgniter\Session\Handlers\FileHandler' driver.
INFO - 2024-01-12 07:30:08 --> Session: Class initialized using 'CodeIgniter\Session\Handlers\FileHandler' driver.
INFO - 2024-01-12 07:30:12 --> Session: Class initialized using 'CodeIgniter\Session\Handlers\FileHandler' driver.
INFO - 2024-01-12 07:30:12 --> Session: Class initialized using 'CodeIgniter\Session\Handlers\FileHandler' driver.
INFO - 2024-01-12 07:30:15 --> Session: Class initialized using 'CodeIgniter\Session\Handlers\FileHandler' driver.
INFO - 2024-01-12 07:30:16 --> Session: Class initialized using 'CodeIgniter\Session\Handlers\FileHandler' driver.
INFO - 2024-01-12 07:30:17 --> Session: Class initialized using 'CodeIgniter\Session\Handlers\FileHandler' driver.
INFO - 2024-01-12 07:30:23 --> Session: Class initialized using 'CodeIgniter\Session\Handlers\FileHandler' driver.
INFO - 2024-01-12 07:30:23 --> Session: Class initialized using 'CodeIgniter\Session\Handlers\FileHandler' driver.
INFO - 2024-01-12 07:30:27 --> Session: Class initialized using 'CodeIgniter\Session\Handlers\FileHandler' driver.
INFO - 2024-01-12 07:30:27 --> Session: Class initialized using 'CodeIgniter\Session\Handlers\FileHandler' driver.
INFO - 2024-01-12 07:30:31 --> Session: Class initialized using 'CodeIgniter\Session\Handlers\FileHandler' driver.
INFO - 2024-01-12 07:30:31 --> Session: Class initialized using 'CodeIgniter\Session\Handlers\FileHandler' driver.
INFO - 2024-01-12 07:30:35 --> Session: Class initialized using 'CodeIgniter\Session\Handlers\FileHandler' driver.
INFO - 2024-01-12 07:30:35 --> Session: Class initialized using 'CodeIgniter\Session\Handlers\FileHandler' driver.
INFO - 2024-01-12 07:31:12 --> Session: Class initialized using 'CodeIgniter\Session\Handlers\FileHandler' driver.
INFO - 2024-01-12 07:31:12 --> Session: Class initialized using 'CodeIgniter\Session\Handlers\FileHandler' driver.
CRITICAL - 2024-01-12 07:31:12 --> Trying to access array offset on value of type null
in APPPATH/Views/layout/page.php on line 122.
 1 APPPATH/Views/layout/page.php(122): CodeIgniter\Debug\Exceptions->errorHandler(2, 'Trying to access array offset on value of type null', '/Applications/XAMPP/xamppfiles/htdocs/pembelajaran/app/Views/layout/page.php', 122)
 2 SYSTEMPATH/View/View.php(228): include('/Applications/XAMPP/xamppfiles/htdocs/pembelajaran/app/Views/layout/page.php')
 3 SYSTEMPATH/View/View.php(231): CodeIgniter\View\View->CodeIgniter\View\{closure}()
 4 SYSTEMPATH/View/View.php(244): CodeIgniter\View\View->render('layout/page', [], true)
 5 SYSTEMPATH/Common.php(1190): CodeIgniter\View\View->render('konten/dosen/dashboard/index', [], true)
 6 APPPATH/Controllers/DosenDashboard.php(18): view('konten/dosen/dashboard/index')
 7 SYSTEMPATH/CodeIgniter.php(942): App\Controllers\DosenDashboard->index()
 8 SYSTEMPATH/CodeIgniter.php(502): CodeIgniter\CodeIgniter->runController(Object(App\Controllers\DosenDashboard))
 9 SYSTEMPATH/CodeIgniter.php(361): CodeIgniter\CodeIgniter->handleRequest(null, Object(Config\Cache), false)
10 FCPATH/index.php(79): CodeIgniter\CodeIgniter->run()
11 SYSTEMPATH/Commands/Server/rewrite.php(47): require_once('/Applications/XAMPP/xamppfiles/htdocs/pembelajaran/public/index.php')
INFO - 2024-01-12 07:32:06 --> Session: Class initialized using 'CodeIgniter\Session\Handlers\FileHandler' driver.
INFO - 2024-01-12 07:32:10 --> Session: Class initialized using 'CodeIgniter\Session\Handlers\FileHandler' driver.
INFO - 2024-01-12 07:32:10 --> Session: Class initialized using 'CodeIgniter\Session\Handlers\FileHandler' driver.
CRITICAL - 2024-01-12 07:32:10 --> Trying to access array offset on value of type null
in APPPATH/Views/layout/page.php on line 122.
 1 APPPATH/Views/layout/page.php(122): CodeIgniter\Debug\Exceptions->errorHandler(2, 'Trying to access array offset on value of type null', '/Applications/XAMPP/xamppfiles/htdocs/pembelajaran/app/Views/layout/page.php', 122)
 2 SYSTEMPATH/View/View.php(228): include('/Applications/XAMPP/xamppfiles/htdocs/pembelajaran/app/Views/layout/page.php')
 3 SYSTEMPATH/View/View.php(231): CodeIgniter\View\View->CodeIgniter\View\{closure}()
 4 SYSTEMPATH/View/View.php(244): CodeIgniter\View\View->render('layout/page', [], true)
 5 SYSTEMPATH/Common.php(1190): CodeIgniter\View\View->render('konten/dosen/dashboard/index', [], true)
 6 APPPATH/Controllers/DosenDashboard.php(18): view('konten/dosen/dashboard/index')
 7 SYSTEMPATH/CodeIgniter.php(942): App\Controllers\DosenDashboard->index()
 8 SYSTEMPATH/CodeIgniter.php(502): CodeIgniter\CodeIgniter->runController(Object(App\Controllers\DosenDashboard))
 9 SYSTEMPATH/CodeIgniter.php(361): CodeIgniter\CodeIgniter->handleRequest(null, Object(Config\Cache), false)
10 FCPATH/index.php(79): CodeIgniter\CodeIgniter->run()
11 SYSTEMPATH/Commands/Server/rewrite.php(47): require_once('/Applications/XAMPP/xamppfiles/htdocs/pembelajaran/public/index.php')
INFO - 2024-01-12 07:32:15 --> Session: Class initialized using 'CodeIgniter\Session\Handlers\FileHandler' driver.
INFO - 2024-01-12 07:32:15 --> Session: Class initialized using 'CodeIgniter\Session\Handlers\FileHandler' driver.
INFO - 2024-01-12 07:32:20 --> Session: Class initialized using 'CodeIgniter\Session\Handlers\FileHandler' driver.
INFO - 2024-01-12 07:32:20 --> Session: Class initialized using 'CodeIgniter\Session\Handlers\FileHandler' driver.
INFO - 2024-01-12 07:32:21 --> Session: Class initialized using 'CodeIgniter\Session\Handlers\FileHandler' driver.
INFO - 2024-01-12 07:32:25 --> Session: Class initialized using 'CodeIgniter\Session\Handlers\FileHandler' driver.
INFO - 2024-01-12 07:32:27 --> Session: Class initialized using 'CodeIgniter\Session\Handlers\FileHandler' driver.
INFO - 2024-01-12 07:39:42 --> Session: Class initialized using 'CodeIgniter\Session\Handlers\FileHandler' driver.
INFO - 2024-01-12 07:39:42 --> Session: Class initialized using 'CodeIgniter\Session\Handlers\FileHandler' driver.
INFO - 2024-01-12 07:39:44 --> Session: Class initialized using 'CodeIgniter\Session\Handlers\FileHandler' driver.
INFO - 2024-01-12 07:39:45 --> Session: Class initialized using 'CodeIgniter\Session\Handlers\FileHandler' driver.
INFO - 2024-01-12 07:39:47 --> Session: Class initialized using 'CodeIgniter\Session\Handlers\FileHandler' driver.
INFO - 2024-01-12 07:39:50 --> Session: Class initialized using 'CodeIgniter\Session\Handlers\FileHandler' driver.
INFO - 2024-01-12 07:39:52 --> Session: Class initialized using 'CodeIgniter\Session\Handlers\FileHandler' driver.
INFO - 2024-01-12 07:42:07 --> Session: Class initialized using 'CodeIgniter\Session\Handlers\FileHandler' driver.
INFO - 2024-01-12 07:48:20 --> Session: Class initialized using 'CodeIgniter\Session\Handlers\FileHandler' driver.
INFO - 2024-01-12 07:48:35 --> Session: Class initialized using 'CodeIgniter\Session\Handlers\FileHandler' driver.
INFO - 2024-01-12 07:48:59 --> Session: Class initialized using 'CodeIgniter\Session\Handlers\FileHandler' driver.
INFO - 2024-01-12 07:49:10 --> Session: Class initialized using 'CodeIgniter\Session\Handlers\FileHandler' driver.
INFO - 2024-01-12 07:49:36 --> Session: Class initialized using 'CodeIgniter\Session\Handlers\FileHandler' driver.
INFO - 2024-01-12 07:49:37 --> Session: Class initialized using 'CodeIgniter\Session\Handlers\FileHandler' driver.
INFO - 2024-01-12 07:50:08 --> Session: Class initialized using 'CodeIgniter\Session\Handlers\FileHandler' driver.
CRITICAL - 2024-01-12 07:50:08 --> Undefined array key "nama_gedung"
in APPPATH/Views/konten/dosen/jadwal/index.php on line 70.
 1 APPPATH/Views/konten/dosen/jadwal/index.php(70): CodeIgniter\Debug\Exceptions->errorHandler(2, 'Undefined array key "nama_gedung"', '/Applications/XAMPP/xamppfiles/htdocs/pembelajaran/app/Views/konten/dosen/jadwal/index.php', 70)
 2 SYSTEMPATH/View/View.php(228): include('/Applications/XAMPP/xamppfiles/htdocs/pembelajaran/app/Views/konten/dosen/jadwal/index.php')
 3 SYSTEMPATH/View/View.php(231): CodeIgniter\View\View->CodeIgniter\View\{closure}()
 4 SYSTEMPATH/Common.php(1190): CodeIgniter\View\View->render('konten/dosen/jadwal/index', [], true)
 5 APPPATH/Controllers/DosenJadwal.php(33): view('konten/dosen/jadwal/index', [...])
 6 SYSTEMPATH/CodeIgniter.php(942): App\Controllers\DosenJadwal->index()
 7 SYSTEMPATH/CodeIgniter.php(502): CodeIgniter\CodeIgniter->runController(Object(App\Controllers\DosenJadwal))
 8 SYSTEMPATH/CodeIgniter.php(361): CodeIgniter\CodeIgniter->handleRequest(null, Object(Config\Cache), false)
 9 FCPATH/index.php(79): CodeIgniter\CodeIgniter->run()
10 SYSTEMPATH/Commands/Server/rewrite.php(47): require_once('/Applications/XAMPP/xamppfiles/htdocs/pembelajaran/public/index.php')
INFO - 2024-01-12 07:50:55 --> Session: Class initialized using 'CodeIgniter\Session\Handlers\FileHandler' driver.
INFO - 2024-01-12 07:51:29 --> Session: Class initialized using 'CodeIgniter\Session\Handlers\FileHandler' driver.
INFO - 2024-01-12 07:52:10 --> Session: Class initialized using 'CodeIgniter\Session\Handlers\FileHandler' driver.
INFO - 2024-01-12 07:52:32 --> Session: Class initialized using 'CodeIgniter\Session\Handlers\FileHandler' driver.
INFO - 2024-01-12 07:53:21 --> Session: Class initialized using 'CodeIgniter\Session\Handlers\FileHandler' driver.
INFO - 2024-01-12 07:53:48 --> Session: Class initialized using 'CodeIgniter\Session\Handlers\FileHandler' driver.
INFO - 2024-01-12 07:55:58 --> Session: Class initialized using 'CodeIgniter\Session\Handlers\FileHandler' driver.
INFO - 2024-01-12 07:55:59 --> Session: Class initialized using 'CodeIgniter\Session\Handlers\FileHandler' driver.
INFO - 2024-01-12 07:56:03 --> Session: Class initialized using 'CodeIgniter\Session\Handlers\FileHandler' driver.
INFO - 2024-01-12 07:56:05 --> Session: Class initialized using 'CodeIgniter\Session\Handlers\FileHandler' driver.
INFO - 2024-01-12 07:56:06 --> Session: Class initialized using 'CodeIgniter\Session\Handlers\FileHandler' driver.
INFO - 2024-01-12 07:56:10 --> Session: Class initialized using 'CodeIgniter\Session\Handlers\FileHandler' driver.
INFO - 2024-01-12 07:56:11 --> Session: Class initialized using 'CodeIgniter\Session\Handlers\FileHandler' driver.
INFO - 2024-01-12 07:56:50 --> Session: Class initialized using 'CodeIgniter\Session\Handlers\FileHandler' driver.
INFO - 2024-01-12 07:56:51 --> Session: Class initialized using 'CodeIgniter\Session\Handlers\FileHandler' driver.
INFO - 2024-01-12 07:58:51 --> Session: Class initialized using 'CodeIgniter\Session\Handlers\FileHandler' driver.
INFO - 2024-01-12 07:58:52 --> Session: Class initialized using 'CodeIgniter\Session\Handlers\FileHandler' driver.
INFO - 2024-01-12 07:58:52 --> Session: Class initialized using 'CodeIgniter\Session\Handlers\FileHandler' driver.
INFO - 2024-01-12 07:58:53 --> Session: Class initialized using 'CodeIgniter\Session\Handlers\FileHandler' driver.
INFO - 2024-01-12 07:58:53 --> Session: Class initialized using 'CodeIgniter\Session\Handlers\FileHandler' driver.
INFO - 2024-01-12 07:58:54 --> Session: Class initialized using 'CodeIgniter\Session\Handlers\FileHandler' driver.
INFO - 2024-01-12 07:58:54 --> Session: Class initialized using 'CodeIgniter\Session\Handlers\FileHandler' driver.
INFO - 2024-01-12 07:58:56 --> Session: Class initialized using 'CodeIgniter\Session\Handlers\FileHandler' driver.
INFO - 2024-01-12 07:58:57 --> Session: Class initialized using 'CodeIgniter\Session\Handlers\FileHandler' driver.
INFO - 2024-01-12 08:00:10 --> Session: Class initialized using 'CodeIgniter\Session\Handlers\FileHandler' driver.
ERROR - 2024-01-12 08:00:10 --> mysqli_sql_exception: Illegal mix of collations (utf8mb4_general_ci,IMPLICIT) and (utf8_general_ci,COERCIBLE) for operation '=' in /Applications/XAMPP/xamppfiles/htdocs/pembelajaran/system/Database/MySQLi/Connection.php:306
Stack trace:
#0 /Applications/XAMPP/xamppfiles/htdocs/pembelajaran/system/Database/MySQLi/Connection.php(306): mysqli->query('SELECT `jadwal_...', 0)
#1 /Applications/XAMPP/xamppfiles/htdocs/pembelajaran/system/Database/BaseConnection.php(693): CodeIgniter\Database\MySQLi\Connection->execute('SELECT `jadwal_...')
#2 /Applications/XAMPP/xamppfiles/htdocs/pembelajaran/system/Database/BaseConnection.php(607): CodeIgniter\Database\BaseConnection->simpleQuery('SELECT `jadwal_...')
#3 /Applications/XAMPP/xamppfiles/htdocs/pembelajaran/system/Database/BaseBuilder.php(1615): CodeIgniter\Database\BaseConnection->query('SELECT `jadwal_...', Array, false)
#4 /Applications/XAMPP/xamppfiles/htdocs/pembelajaran/app/Models/Dosen/MateriModel.php(58): CodeIgniter\Database\BaseBuilder->get()
#5 /Applications/XAMPP/xamppfiles/htdocs/pembelajaran/app/Controllers/DosenMateri.php(32): App\Models\Dosen\MateriModel->getMateriByJadwal('\xF1\xD6\xDF\xE3\x9Dy\xF3\xBFy\xE1\xF7vk~8...')
#6 /Applications/XAMPP/xamppfiles/htdocs/pembelajaran/system/CodeIgniter.php(942): App\Controllers\DosenMateri->index()
#7 /Applications/XAMPP/xamppfiles/htdocs/pembelajaran/system/CodeIgniter.php(502): CodeIgniter\CodeIgniter->runController(Object(App\Controllers\DosenMateri))
#8 /Applications/XAMPP/xamppfiles/htdocs/pembelajaran/system/CodeIgniter.php(361): CodeIgniter\CodeIgniter->handleRequest(NULL, Object(Config\Cache), false)
#9 /Applications/XAMPP/xamppfiles/htdocs/pembelajaran/public/index.php(79): CodeIgniter\CodeIgniter->run()
#10 /Applications/XAMPP/xamppfiles/htdocs/pembelajaran/system/Commands/Server/rewrite.php(47): require_once('/Applications/X...')
#11 {main}
CRITICAL - 2024-01-12 08:00:10 --> Illegal mix of collations (utf8mb4_general_ci,IMPLICIT) and (utf8_general_ci,COERCIBLE) for operation '='
in SYSTEMPATH/Database/BaseConnection.php on line 647.
 1 SYSTEMPATH/Database/BaseBuilder.php(1615): CodeIgniter\Database\BaseConnection->query('SELECT `jadwal_kuliah_dosen`.`id`, `tahun_akademik`.`nama` as `tahun_akademik_nama`, `matakuliah`.`nama_mk`, `matakuliah`.`kode_mk`, `jadwal_kuliah`.`semester`, `jadwal_kuliah`.`sks`, `jadwal_kuliah`.`jenis_jadwal`, `jadwal_kuliah`.`hari`, `jadwal_kuliah`.`jam_mulai`, `jadwal_kuliah`.`jam_selesai`, `jadwal_kuliah`.`id`, `jadwal_kuliah`.`tahun_akademik_id`, `jadwal_kuliah`.`matakuliah_id`
FROM `jadwal_kuliah_dosen`
JOIN `jadwal_kuliah` ON `jadwal_kuliah`.`id` = `jadwal_kuliah_dosen`.`jadwal_kuliah_id`
JOIN `dosen` ON `jadwal_kuliah_dosen`.`dosen_id` = `dosen`.`id`
JOIN `tahun_akademik` ON `tahun_akademik`.`id` = `jadwal_kuliah`.`tahun_akademik_id`
JOIN `matakuliah` ON `matakuliah`.`id` = `jadwal_kuliah`.`matakuliah_id`
WHERE `dosen`.`nip` = :dosen.nip:
AND `tahun_akademik`.`id` = :tahun_akademik.id:
GROUP BY `jadwal_kuliah`.`jenis_jadwal`, `matakuliah`.`id`, `tahun_akademik`.`id`
ORDER BY `matakuliah`.`kode_mk` ASC', [...], false)
 2 APPPATH/Models/Dosen/MateriModel.php(58): CodeIgniter\Database\BaseBuilder->get()
 3 APPPATH/Controllers/DosenMateri.php(32): App\Models\Dosen\MateriModel->getMateriByJadwal('ñÖßãyó¿yá÷vk~8ß}÷ovå÷ú')
 4 SYSTEMPATH/CodeIgniter.php(942): App\Controllers\DosenMateri->index()
 5 SYSTEMPATH/CodeIgniter.php(502): CodeIgniter\CodeIgniter->runController(Object(App\Controllers\DosenMateri))
 6 SYSTEMPATH/CodeIgniter.php(361): CodeIgniter\CodeIgniter->handleRequest(null, Object(Config\Cache), false)
 7 FCPATH/index.php(79): CodeIgniter\CodeIgniter->run()
 8 SYSTEMPATH/Commands/Server/rewrite.php(47): require_once('/Applications/XAMPP/xamppfiles/htdocs/pembelajaran/public/index.php')
INFO - 2024-01-12 08:00:35 --> Session: Class initialized using 'CodeIgniter\Session\Handlers\FileHandler' driver.
INFO - 2024-01-12 08:00:35 --> Session: Class initialized using 'CodeIgniter\Session\Handlers\FileHandler' driver.
INFO - 2024-01-12 08:00:36 --> Session: Class initialized using 'CodeIgniter\Session\Handlers\FileHandler' driver.
INFO - 2024-01-12 08:00:36 --> Session: Class initialized using 'CodeIgniter\Session\Handlers\FileHandler' driver.
INFO - 2024-01-12 08:00:37 --> Session: Class initialized using 'CodeIgniter\Session\Handlers\FileHandler' driver.
INFO - 2024-01-12 08:00:38 --> Session: Class initialized using 'CodeIgniter\Session\Handlers\FileHandler' driver.
INFO - 2024-01-12 08:00:38 --> Session: Class initialized using 'CodeIgniter\Session\Handlers\FileHandler' driver.
INFO - 2024-01-12 08:00:39 --> Session: Class initialized using 'CodeIgniter\Session\Handlers\FileHandler' driver.
INFO - 2024-01-12 08:00:41 --> Session: Class initialized using 'CodeIgniter\Session\Handlers\FileHandler' driver.
INFO - 2024-01-12 08:00:42 --> Session: Class initialized using 'CodeIgniter\Session\Handlers\FileHandler' driver.
INFO - 2024-01-12 08:00:45 --> Session: Class initialized using 'CodeIgniter\Session\Handlers\FileHandler' driver.
INFO - 2024-01-12 08:00:45 --> Session: Class initialized using 'CodeIgniter\Session\Handlers\FileHandler' driver.
INFO - 2024-01-12 08:01:50 --> Session: Class initialized using 'CodeIgniter\Session\Handlers\FileHandler' driver.
ERROR - 2024-01-12 08:01:50 --> mysqli_sql_exception: Unknown column 'jadwal_kuliah_dosen' in 'on clause' in /Applications/XAMPP/xamppfiles/htdocs/pembelajaran/system/Database/MySQLi/Connection.php:306
Stack trace:
#0 /Applications/XAMPP/xamppfiles/htdocs/pembelajaran/system/Database/MySQLi/Connection.php(306): mysqli->query('SELECT `jadwal_...', 0)
#1 /Applications/XAMPP/xamppfiles/htdocs/pembelajaran/system/Database/BaseConnection.php(693): CodeIgniter\Database\MySQLi\Connection->execute('SELECT `jadwal_...')
#2 /Applications/XAMPP/xamppfiles/htdocs/pembelajaran/system/Database/BaseConnection.php(607): CodeIgniter\Database\BaseConnection->simpleQuery('SELECT `jadwal_...')
#3 /Applications/XAMPP/xamppfiles/htdocs/pembelajaran/system/Database/BaseBuilder.php(1615): CodeIgniter\Database\BaseConnection->query('SELECT `jadwal_...', Array, false)
#4 /Applications/XAMPP/xamppfiles/htdocs/pembelajaran/app/Models/Dosen/MateriModel.php(58): CodeIgniter\Database\BaseBuilder->get()
#5 /Applications/XAMPP/xamppfiles/htdocs/pembelajaran/app/Controllers/DosenMateri.php(32): App\Models\Dosen\MateriModel->getMateriByJadwal('')
#6 /Applications/XAMPP/xamppfiles/htdocs/pembelajaran/system/CodeIgniter.php(942): App\Controllers\DosenMateri->index()
#7 /Applications/XAMPP/xamppfiles/htdocs/pembelajaran/system/CodeIgniter.php(502): CodeIgniter\CodeIgniter->runController(Object(App\Controllers\DosenMateri))
#8 /Applications/XAMPP/xamppfiles/htdocs/pembelajaran/system/CodeIgniter.php(361): CodeIgniter\CodeIgniter->handleRequest(NULL, Object(Config\Cache), false)
#9 /Applications/XAMPP/xamppfiles/htdocs/pembelajaran/public/index.php(79): CodeIgniter\CodeIgniter->run()
#10 /Applications/XAMPP/xamppfiles/htdocs/pembelajaran/system/Commands/Server/rewrite.php(47): require_once('/Applications/X...')
#11 {main}
CRITICAL - 2024-01-12 08:01:50 --> Unknown column 'jadwal_kuliah_dosen' in 'on clause'
in SYSTEMPATH/Database/BaseConnection.php on line 647.
 1 SYSTEMPATH/Database/BaseBuilder.php(1615): CodeIgniter\Database\BaseConnection->query('SELECT `jadwal_kuliah_dosen`.`id`, `tahun_akademik`.`nama` as `tahun_akademik_nama`, `matakuliah`.`nama_mk`, `matakuliah`.`kode_mk`, `jadwal_kuliah`.`semester`, `jadwal_kuliah`.`sks`, `jadwal_kuliah`.`jenis_jadwal`, `jadwal_kuliah`.`hari`, `jadwal_kuliah`.`jam_mulai`, `jadwal_kuliah`.`jam_selesai`, `jadwal_kuliah`.`id`, `jadwal_kuliah`.`tahun_akademik_id`, `jadwal_kuliah`.`matakuliah_id`
FROM `jadwal_kuliah_dosen`
JOIN `jadwal_kuliah` ON `jadwal_kuliah`.`id` = `jadwal_kuliah_dosen`.`jadwal_kuliah_id` AND `jadwal_kuliah_dosen` = \'pj\'
JOIN `dosen` ON `jadwal_kuliah_dosen`.`dosen_id` = `dosen`.`id`
JOIN `tahun_akademik` ON `tahun_akademik`.`id` = `jadwal_kuliah`.`tahun_akademik_id`
JOIN `matakuliah` ON `matakuliah`.`id` = `jadwal_kuliah`.`matakuliah_id`
WHERE `dosen`.`nip` = :dosen.nip:
AND `tahun_akademik`.`status` = :tahun_akademik.status:
GROUP BY `jadwal_kuliah`.`jenis_jadwal`, `matakuliah`.`id`, `tahun_akademik`.`id`
ORDER BY `matakuliah`.`kode_mk` ASC', [...], false)
 2 APPPATH/Models/Dosen/MateriModel.php(58): CodeIgniter\Database\BaseBuilder->get()
 3 APPPATH/Controllers/DosenMateri.php(32): App\Models\Dosen\MateriModel->getMateriByJadwal('')
 4 SYSTEMPATH/CodeIgniter.php(942): App\Controllers\DosenMateri->index()
 5 SYSTEMPATH/CodeIgniter.php(502): CodeIgniter\CodeIgniter->runController(Object(App\Controllers\DosenMateri))
 6 SYSTEMPATH/CodeIgniter.php(361): CodeIgniter\CodeIgniter->handleRequest(null, Object(Config\Cache), false)
 7 FCPATH/index.php(79): CodeIgniter\CodeIgniter->run()
 8 SYSTEMPATH/Commands/Server/rewrite.php(47): require_once('/Applications/XAMPP/xamppfiles/htdocs/pembelajaran/public/index.php')
INFO - 2024-01-12 08:01:53 --> Session: Class initialized using 'CodeIgniter\Session\Handlers\FileHandler' driver.
ERROR - 2024-01-12 08:01:53 --> mysqli_sql_exception: Unknown column 'jadwal_kuliah_dosen' in 'on clause' in /Applications/XAMPP/xamppfiles/htdocs/pembelajaran/system/Database/MySQLi/Connection.php:306
Stack trace:
#0 /Applications/XAMPP/xamppfiles/htdocs/pembelajaran/system/Database/MySQLi/Connection.php(306): mysqli->query('SELECT `jadwal_...', 0)
#1 /Applications/XAMPP/xamppfiles/htdocs/pembelajaran/system/Database/BaseConnection.php(693): CodeIgniter\Database\MySQLi\Connection->execute('SELECT `jadwal_...')
#2 /Applications/XAMPP/xamppfiles/htdocs/pembelajaran/system/Database/BaseConnection.php(607): CodeIgniter\Database\BaseConnection->simpleQuery('SELECT `jadwal_...')
#3 /Applications/XAMPP/xamppfiles/htdocs/pembelajaran/system/Database/BaseBuilder.php(1615): CodeIgniter\Database\BaseConnection->query('SELECT `jadwal_...', Array, false)
#4 /Applications/XAMPP/xamppfiles/htdocs/pembelajaran/app/Models/Dosen/MateriModel.php(58): CodeIgniter\Database\BaseBuilder->get()
#5 /Applications/XAMPP/xamppfiles/htdocs/pembelajaran/app/Controllers/DosenMateri.php(32): App\Models\Dosen\MateriModel->getMateriByJadwal('8dbf4515-8795-4...')
#6 /Applications/XAMPP/xamppfiles/htdocs/pembelajaran/system/CodeIgniter.php(942): App\Controllers\DosenMateri->index()
#7 /Applications/XAMPP/xamppfiles/htdocs/pembelajaran/system/CodeIgniter.php(502): CodeIgniter\CodeIgniter->runController(Object(App\Controllers\DosenMateri))
#8 /Applications/XAMPP/xamppfiles/htdocs/pembelajaran/system/CodeIgniter.php(361): CodeIgniter\CodeIgniter->handleRequest(NULL, Object(Config\Cache), false)
#9 /Applications/XAMPP/xamppfiles/htdocs/pembelajaran/public/index.php(79): CodeIgniter\CodeIgniter->run()
#10 /Applications/XAMPP/xamppfiles/htdocs/pembelajaran/system/Commands/Server/rewrite.php(47): require_once('/Applications/X...')
#11 {main}
CRITICAL - 2024-01-12 08:01:53 --> Unknown column 'jadwal_kuliah_dosen' in 'on clause'
in SYSTEMPATH/Database/BaseConnection.php on line 647.
 1 SYSTEMPATH/Database/BaseBuilder.php(1615): CodeIgniter\Database\BaseConnection->query('SELECT `jadwal_kuliah_dosen`.`id`, `tahun_akademik`.`nama` as `tahun_akademik_nama`, `matakuliah`.`nama_mk`, `matakuliah`.`kode_mk`, `jadwal_kuliah`.`semester`, `jadwal_kuliah`.`sks`, `jadwal_kuliah`.`jenis_jadwal`, `jadwal_kuliah`.`hari`, `jadwal_kuliah`.`jam_mulai`, `jadwal_kuliah`.`jam_selesai`, `jadwal_kuliah`.`id`, `jadwal_kuliah`.`tahun_akademik_id`, `jadwal_kuliah`.`matakuliah_id`
FROM `jadwal_kuliah_dosen`
JOIN `jadwal_kuliah` ON `jadwal_kuliah`.`id` = `jadwal_kuliah_dosen`.`jadwal_kuliah_id` AND `jadwal_kuliah_dosen` = \'pj\'
JOIN `dosen` ON `jadwal_kuliah_dosen`.`dosen_id` = `dosen`.`id`
JOIN `tahun_akademik` ON `tahun_akademik`.`id` = `jadwal_kuliah`.`tahun_akademik_id`
JOIN `matakuliah` ON `matakuliah`.`id` = `jadwal_kuliah`.`matakuliah_id`
WHERE `dosen`.`nip` = :dosen.nip:
AND `tahun_akademik`.`id` = :tahun_akademik.id:
GROUP BY `jadwal_kuliah`.`jenis_jadwal`, `matakuliah`.`id`, `tahun_akademik`.`id`
ORDER BY `matakuliah`.`kode_mk` ASC', [...], false)
 2 APPPATH/Models/Dosen/MateriModel.php(58): CodeIgniter\Database\BaseBuilder->get()
 3 APPPATH/Controllers/DosenMateri.php(32): App\Models\Dosen\MateriModel->getMateriByJadwal('8dbf4515-8795-4fd2-a344-330f92925ff6')
 4 SYSTEMPATH/CodeIgniter.php(942): App\Controllers\DosenMateri->index()
 5 SYSTEMPATH/CodeIgniter.php(502): CodeIgniter\CodeIgniter->runController(Object(App\Controllers\DosenMateri))
 6 SYSTEMPATH/CodeIgniter.php(361): CodeIgniter\CodeIgniter->handleRequest(null, Object(Config\Cache), false)
 7 FCPATH/index.php(79): CodeIgniter\CodeIgniter->run()
 8 SYSTEMPATH/Commands/Server/rewrite.php(47): require_once('/Applications/XAMPP/xamppfiles/htdocs/pembelajaran/public/index.php')
INFO - 2024-01-12 08:01:54 --> Session: Class initialized using 'CodeIgniter\Session\Handlers\FileHandler' driver.
ERROR - 2024-01-12 08:01:54 --> mysqli_sql_exception: Unknown column 'jadwal_kuliah_dosen' in 'on clause' in /Applications/XAMPP/xamppfiles/htdocs/pembelajaran/system/Database/MySQLi/Connection.php:306
Stack trace:
#0 /Applications/XAMPP/xamppfiles/htdocs/pembelajaran/system/Database/MySQLi/Connection.php(306): mysqli->query('SELECT `jadwal_...', 0)
#1 /Applications/XAMPP/xamppfiles/htdocs/pembelajaran/system/Database/BaseConnection.php(693): CodeIgniter\Database\MySQLi\Connection->execute('SELECT `jadwal_...')
#2 /Applications/XAMPP/xamppfiles/htdocs/pembelajaran/system/Database/BaseConnection.php(607): CodeIgniter\Database\BaseConnection->simpleQuery('SELECT `jadwal_...')
#3 /Applications/XAMPP/xamppfiles/htdocs/pembelajaran/system/Database/BaseBuilder.php(1615): CodeIgniter\Database\BaseConnection->query('SELECT `jadwal_...', Array, false)
#4 /Applications/XAMPP/xamppfiles/htdocs/pembelajaran/app/Models/Dosen/MateriModel.php(58): CodeIgniter\Database\BaseBuilder->get()
#5 /Applications/XAMPP/xamppfiles/htdocs/pembelajaran/app/Controllers/DosenMateri.php(32): App\Models\Dosen\MateriModel->getMateriByJadwal('')
#6 /Applications/XAMPP/xamppfiles/htdocs/pembelajaran/system/CodeIgniter.php(942): App\Controllers\DosenMateri->index()
#7 /Applications/XAMPP/xamppfiles/htdocs/pembelajaran/system/CodeIgniter.php(502): CodeIgniter\CodeIgniter->runController(Object(App\Controllers\DosenMateri))
#8 /Applications/XAMPP/xamppfiles/htdocs/pembelajaran/system/CodeIgniter.php(361): CodeIgniter\CodeIgniter->handleRequest(NULL, Object(Config\Cache), false)
#9 /Applications/XAMPP/xamppfiles/htdocs/pembelajaran/public/index.php(79): CodeIgniter\CodeIgniter->run()
#10 /Applications/XAMPP/xamppfiles/htdocs/pembelajaran/system/Commands/Server/rewrite.php(47): require_once('/Applications/X...')
#11 {main}
CRITICAL - 2024-01-12 08:01:54 --> Unknown column 'jadwal_kuliah_dosen' in 'on clause'
in SYSTEMPATH/Database/BaseConnection.php on line 647.
 1 SYSTEMPATH/Database/BaseBuilder.php(1615): CodeIgniter\Database\BaseConnection->query('SELECT `jadwal_kuliah_dosen`.`id`, `tahun_akademik`.`nama` as `tahun_akademik_nama`, `matakuliah`.`nama_mk`, `matakuliah`.`kode_mk`, `jadwal_kuliah`.`semester`, `jadwal_kuliah`.`sks`, `jadwal_kuliah`.`jenis_jadwal`, `jadwal_kuliah`.`hari`, `jadwal_kuliah`.`jam_mulai`, `jadwal_kuliah`.`jam_selesai`, `jadwal_kuliah`.`id`, `jadwal_kuliah`.`tahun_akademik_id`, `jadwal_kuliah`.`matakuliah_id`
FROM `jadwal_kuliah_dosen`
JOIN `jadwal_kuliah` ON `jadwal_kuliah`.`id` = `jadwal_kuliah_dosen`.`jadwal_kuliah_id` AND `jadwal_kuliah_dosen` = \'pj\'
JOIN `dosen` ON `jadwal_kuliah_dosen`.`dosen_id` = `dosen`.`id`
JOIN `tahun_akademik` ON `tahun_akademik`.`id` = `jadwal_kuliah`.`tahun_akademik_id`
JOIN `matakuliah` ON `matakuliah`.`id` = `jadwal_kuliah`.`matakuliah_id`
WHERE `dosen`.`nip` = :dosen.nip:
AND `tahun_akademik`.`status` = :tahun_akademik.status:
GROUP BY `jadwal_kuliah`.`jenis_jadwal`, `matakuliah`.`id`, `tahun_akademik`.`id`
ORDER BY `matakuliah`.`kode_mk` ASC', [...], false)
 2 APPPATH/Models/Dosen/MateriModel.php(58): CodeIgniter\Database\BaseBuilder->get()
 3 APPPATH/Controllers/DosenMateri.php(32): App\Models\Dosen\MateriModel->getMateriByJadwal('')
 4 SYSTEMPATH/CodeIgniter.php(942): App\Controllers\DosenMateri->index()
 5 SYSTEMPATH/CodeIgniter.php(502): CodeIgniter\CodeIgniter->runController(Object(App\Controllers\DosenMateri))
 6 SYSTEMPATH/CodeIgniter.php(361): CodeIgniter\CodeIgniter->handleRequest(null, Object(Config\Cache), false)
 7 FCPATH/index.php(79): CodeIgniter\CodeIgniter->run()
 8 SYSTEMPATH/Commands/Server/rewrite.php(47): require_once('/Applications/XAMPP/xamppfiles/htdocs/pembelajaran/public/index.php')
INFO - 2024-01-12 08:02:32 --> Session: Class initialized using 'CodeIgniter\Session\Handlers\FileHandler' driver.
INFO - 2024-01-12 08:02:32 --> Session: Class initialized using 'CodeIgniter\Session\Handlers\FileHandler' driver.
INFO - 2024-01-12 08:02:38 --> Session: Class initialized using 'CodeIgniter\Session\Handlers\FileHandler' driver.
INFO - 2024-01-12 08:03:21 --> Session: Class initialized using 'CodeIgniter\Session\Handlers\FileHandler' driver.
INFO - 2024-01-12 08:03:21 --> Session: Class initialized using 'CodeIgniter\Session\Handlers\FileHandler' driver.
INFO - 2024-01-12 08:03:24 --> Session: Class initialized using 'CodeIgniter\Session\Handlers\FileHandler' driver.
INFO - 2024-01-12 08:03:36 --> Session: Class initialized using 'CodeIgniter\Session\Handlers\FileHandler' driver.
INFO - 2024-01-12 08:03:36 --> Session: Class initialized using 'CodeIgniter\Session\Handlers\FileHandler' driver.
INFO - 2024-01-12 08:03:42 --> Session: Class initialized using 'CodeIgniter\Session\Handlers\FileHandler' driver.
INFO - 2024-01-12 08:03:42 --> Session: Class initialized using 'CodeIgniter\Session\Handlers\FileHandler' driver.
INFO - 2024-01-12 08:03:43 --> Session: Class initialized using 'CodeIgniter\Session\Handlers\FileHandler' driver.
INFO - 2024-01-12 08:03:57 --> Session: Class initialized using 'CodeIgniter\Session\Handlers\FileHandler' driver.
INFO - 2024-01-12 08:03:58 --> Session: Class initialized using 'CodeIgniter\Session\Handlers\FileHandler' driver.
INFO - 2024-01-12 08:06:42 --> Session: Class initialized using 'CodeIgniter\Session\Handlers\FileHandler' driver.
CRITICAL - 2024-01-12 08:06:42 --> Call to undefined method CodeIgniter\Database\MySQLi\Builder::getRow()
in APPPATH/Controllers/DosenMateri.php on line 34.
 1 SYSTEMPATH/CodeIgniter.php(942): App\Controllers\DosenMateri->index()
 2 SYSTEMPATH/CodeIgniter.php(502): CodeIgniter\CodeIgniter->runController(Object(App\Controllers\DosenMateri))
 3 SYSTEMPATH/CodeIgniter.php(361): CodeIgniter\CodeIgniter->handleRequest(null, Object(Config\Cache), false)
 4 FCPATH/index.php(79): CodeIgniter\CodeIgniter->run()
 5 SYSTEMPATH/Commands/Server/rewrite.php(47): require_once('/Applications/XAMPP/xamppfiles/htdocs/pembelajaran/public/index.php')
INFO - 2024-01-12 08:06:55 --> Session: Class initialized using 'CodeIgniter\Session\Handlers\FileHandler' driver.
CRITICAL - 2024-01-12 08:06:55 --> Attempt to read property "id" on null
in APPPATH/Views/konten/dosen/jadwal/materi.php on line 17.
 1 APPPATH/Views/konten/dosen/jadwal/materi.php(17): CodeIgniter\Debug\Exceptions->errorHandler(2, 'Attempt to read property "id" on null', '/Applications/XAMPP/xamppfiles/htdocs/pembelajaran/app/Views/konten/dosen/jadwal/materi.php', 17)
 2 SYSTEMPATH/View/View.php(228): include('/Applications/XAMPP/xamppfiles/htdocs/pembelajaran/app/Views/konten/dosen/jadwal/materi.php')
 3 SYSTEMPATH/View/View.php(231): CodeIgniter\View\View->CodeIgniter\View\{closure}()
 4 SYSTEMPATH/Common.php(1190): CodeIgniter\View\View->render('konten/dosen/jadwal/materi', [], true)
 5 APPPATH/Controllers/DosenMateri.php(36): view('konten/dosen/jadwal/materi', [...])
 6 SYSTEMPATH/CodeIgniter.php(942): App\Controllers\DosenMateri->index()
 7 SYSTEMPATH/CodeIgniter.php(502): CodeIgniter\CodeIgniter->runController(Object(App\Controllers\DosenMateri))
 8 SYSTEMPATH/CodeIgniter.php(361): CodeIgniter\CodeIgniter->handleRequest(null, Object(Config\Cache), false)
 9 FCPATH/index.php(79): CodeIgniter\CodeIgniter->run()
10 SYSTEMPATH/Commands/Server/rewrite.php(47): require_once('/Applications/XAMPP/xamppfiles/htdocs/pembelajaran/public/index.php')
INFO - 2024-01-12 08:07:16 --> Session: Class initialized using 'CodeIgniter\Session\Handlers\FileHandler' driver.
CRITICAL - 2024-01-12 08:07:16 --> Attempt to read property "id" on null
in APPPATH/Views/konten/dosen/jadwal/materi.php on line 17.
 1 APPPATH/Views/konten/dosen/jadwal/materi.php(17): CodeIgniter\Debug\Exceptions->errorHandler(2, 'Attempt to read property "id" on null', '/Applications/XAMPP/xamppfiles/htdocs/pembelajaran/app/Views/konten/dosen/jadwal/materi.php', 17)
 2 SYSTEMPATH/View/View.php(228): include('/Applications/XAMPP/xamppfiles/htdocs/pembelajaran/app/Views/konten/dosen/jadwal/materi.php')
 3 SYSTEMPATH/View/View.php(231): CodeIgniter\View\View->CodeIgniter\View\{closure}()
 4 SYSTEMPATH/Common.php(1190): CodeIgniter\View\View->render('konten/dosen/jadwal/materi', [], true)
 5 APPPATH/Controllers/DosenMateri.php(36): view('konten/dosen/jadwal/materi', [...])
 6 SYSTEMPATH/CodeIgniter.php(942): App\Controllers\DosenMateri->index()
 7 SYSTEMPATH/CodeIgniter.php(502): CodeIgniter\CodeIgniter->runController(Object(App\Controllers\DosenMateri))
 8 SYSTEMPATH/CodeIgniter.php(361): CodeIgniter\CodeIgniter->handleRequest(null, Object(Config\Cache), false)
 9 FCPATH/index.php(79): CodeIgniter\CodeIgniter->run()
10 SYSTEMPATH/Commands/Server/rewrite.php(47): require_once('/Applications/XAMPP/xamppfiles/htdocs/pembelajaran/public/index.php')
INFO - 2024-01-12 08:07:17 --> Session: Class initialized using 'CodeIgniter\Session\Handlers\FileHandler' driver.
CRITICAL - 2024-01-12 08:07:17 --> Attempt to read property "id" on null
in APPPATH/Views/konten/dosen/jadwal/materi.php on line 17.
 1 APPPATH/Views/konten/dosen/jadwal/materi.php(17): CodeIgniter\Debug\Exceptions->errorHandler(2, 'Attempt to read property "id" on null', '/Applications/XAMPP/xamppfiles/htdocs/pembelajaran/app/Views/konten/dosen/jadwal/materi.php', 17)
 2 SYSTEMPATH/View/View.php(228): include('/Applications/XAMPP/xamppfiles/htdocs/pembelajaran/app/Views/konten/dosen/jadwal/materi.php')
 3 SYSTEMPATH/View/View.php(231): CodeIgniter\View\View->CodeIgniter\View\{closure}()
 4 SYSTEMPATH/Common.php(1190): CodeIgniter\View\View->render('konten/dosen/jadwal/materi', [], true)
 5 APPPATH/Controllers/DosenMateri.php(36): view('konten/dosen/jadwal/materi', [...])
 6 SYSTEMPATH/CodeIgniter.php(942): App\Controllers\DosenMateri->index()
 7 SYSTEMPATH/CodeIgniter.php(502): CodeIgniter\CodeIgniter->runController(Object(App\Controllers\DosenMateri))
 8 SYSTEMPATH/CodeIgniter.php(361): CodeIgniter\CodeIgniter->handleRequest(null, Object(Config\Cache), false)
 9 FCPATH/index.php(79): CodeIgniter\CodeIgniter->run()
10 SYSTEMPATH/Commands/Server/rewrite.php(47): require_once('/Applications/XAMPP/xamppfiles/htdocs/pembelajaran/public/index.php')
INFO - 2024-01-12 08:07:39 --> Session: Class initialized using 'CodeIgniter\Session\Handlers\FileHandler' driver.
INFO - 2024-01-12 08:08:12 --> Session: Class initialized using 'CodeIgniter\Session\Handlers\FileHandler' driver.
INFO - 2024-01-12 08:08:20 --> Session: Class initialized using 'CodeIgniter\Session\Handlers\FileHandler' driver.
INFO - 2024-01-12 08:08:21 --> Session: Class initialized using 'CodeIgniter\Session\Handlers\FileHandler' driver.
INFO - 2024-01-12 08:08:26 --> Session: Class initialized using 'CodeIgniter\Session\Handlers\FileHandler' driver.
INFO - 2024-01-12 08:08:27 --> Session: Class initialized using 'CodeIgniter\Session\Handlers\FileHandler' driver.
INFO - 2024-01-12 08:08:48 --> Session: Class initialized using 'CodeIgniter\Session\Handlers\FileHandler' driver.
INFO - 2024-01-12 08:08:58 --> Session: Class initialized using 'CodeIgniter\Session\Handlers\FileHandler' driver.
INFO - 2024-01-12 08:09:10 --> Session: Class initialized using 'CodeIgniter\Session\Handlers\FileHandler' driver.
INFO - 2024-01-12 08:09:10 --> Session: Class initialized using 'CodeIgniter\Session\Handlers\FileHandler' driver.
INFO - 2024-01-12 08:09:11 --> Session: Class initialized using 'CodeIgniter\Session\Handlers\FileHandler' driver.
INFO - 2024-01-12 08:09:31 --> Session: Class initialized using 'CodeIgniter\Session\Handlers\FileHandler' driver.
INFO - 2024-01-12 08:09:32 --> Session: Class initialized using 'CodeIgniter\Session\Handlers\FileHandler' driver.
INFO - 2024-01-12 08:09:33 --> Session: Class initialized using 'CodeIgniter\Session\Handlers\FileHandler' driver.
INFO - 2024-01-12 08:10:49 --> Session: Class initialized using 'CodeIgniter\Session\Handlers\FileHandler' driver.
INFO - 2024-01-12 08:10:49 --> Session: Class initialized using 'CodeIgniter\Session\Handlers\FileHandler' driver.
INFO - 2024-01-12 08:10:51 --> Session: Class initialized using 'CodeIgniter\Session\Handlers\FileHandler' driver.
INFO - 2024-01-12 08:10:52 --> Session: Class initialized using 'CodeIgniter\Session\Handlers\FileHandler' driver.
INFO - 2024-01-12 08:10:52 --> Session: Class initialized using 'CodeIgniter\Session\Handlers\FileHandler' driver.
INFO - 2024-01-12 08:11:22 --> Session: Class initialized using 'CodeIgniter\Session\Handlers\FileHandler' driver.
INFO - 2024-01-12 08:11:23 --> Session: Class initialized using 'CodeIgniter\Session\Handlers\FileHandler' driver.
INFO - 2024-01-12 08:12:08 --> Session: Class initialized using 'CodeIgniter\Session\Handlers\FileHandler' driver.
CRITICAL - 2024-01-12 08:12:08 --> Undefined variable $thaktif
in APPPATH/Views/konten/dosen/jadwal/index.php on line 29.
 1 APPPATH/Views/konten/dosen/jadwal/index.php(29): CodeIgniter\Debug\Exceptions->errorHandler(2, 'Undefined variable $thaktif', '/Applications/XAMPP/xamppfiles/htdocs/pembelajaran/app/Views/konten/dosen/jadwal/index.php', 29)
 2 SYSTEMPATH/View/View.php(228): include('/Applications/XAMPP/xamppfiles/htdocs/pembelajaran/app/Views/konten/dosen/jadwal/index.php')
 3 SYSTEMPATH/View/View.php(231): CodeIgniter\View\View->CodeIgniter\View\{closure}()
 4 SYSTEMPATH/Common.php(1190): CodeIgniter\View\View->render('konten/dosen/jadwal/index', [], true)
 5 APPPATH/Controllers/DosenJadwal.php(33): view('konten/dosen/jadwal/index', [...])
 6 SYSTEMPATH/CodeIgniter.php(942): App\Controllers\DosenJadwal->index()
 7 SYSTEMPATH/CodeIgniter.php(502): CodeIgniter\CodeIgniter->runController(Object(App\Controllers\DosenJadwal))
 8 SYSTEMPATH/CodeIgniter.php(361): CodeIgniter\CodeIgniter->handleRequest(null, Object(Config\Cache), false)
 9 FCPATH/index.php(79): CodeIgniter\CodeIgniter->run()
10 SYSTEMPATH/Commands/Server/rewrite.php(47): require_once('/Applications/XAMPP/xamppfiles/htdocs/pembelajaran/public/index.php')
INFO - 2024-01-12 08:12:41 --> Session: Class initialized using 'CodeIgniter\Session\Handlers\FileHandler' driver.
INFO - 2024-01-12 08:13:23 --> Session: Class initialized using 'CodeIgniter\Session\Handlers\FileHandler' driver.
INFO - 2024-01-12 08:13:39 --> Session: Class initialized using 'CodeIgniter\Session\Handlers\FileHandler' driver.
INFO - 2024-01-12 08:13:51 --> Session: Class initialized using 'CodeIgniter\Session\Handlers\FileHandler' driver.
INFO - 2024-01-12 08:14:00 --> Session: Class initialized using 'CodeIgniter\Session\Handlers\FileHandler' driver.
INFO - 2024-01-12 08:14:06 --> Session: Class initialized using 'CodeIgniter\Session\Handlers\FileHandler' driver.
INFO - 2024-01-12 08:14:07 --> Session: Class initialized using 'CodeIgniter\Session\Handlers\FileHandler' driver.
INFO - 2024-01-12 08:16:36 --> Session: Class initialized using 'CodeIgniter\Session\Handlers\FileHandler' driver.
INFO - 2024-01-12 08:17:55 --> Session: Class initialized using 'CodeIgniter\Session\Handlers\FileHandler' driver.
INFO - 2024-01-12 08:18:01 --> Session: Class initialized using 'CodeIgniter\Session\Handlers\FileHandler' driver.
INFO - 2024-01-12 08:18:03 --> Session: Class initialized using 'CodeIgniter\Session\Handlers\FileHandler' driver.
INFO - 2024-01-12 08:18:03 --> Session: Class initialized using 'CodeIgniter\Session\Handlers\FileHandler' driver.
INFO - 2024-01-12 08:21:12 --> Session: Class initialized using 'CodeIgniter\Session\Handlers\FileHandler' driver.
INFO - 2024-01-12 08:21:16 --> Session: Class initialized using 'CodeIgniter\Session\Handlers\FileHandler' driver.
INFO - 2024-01-12 08:21:43 --> Session: Class initialized using 'CodeIgniter\Session\Handlers\FileHandler' driver.
INFO - 2024-01-12 08:21:45 --> Session: Class initialized using 'CodeIgniter\Session\Handlers\FileHandler' driver.
INFO - 2024-01-12 08:21:48 --> Session: Class initialized using 'CodeIgniter\Session\Handlers\FileHandler' driver.
INFO - 2024-01-12 08:21:49 --> Session: Class initialized using 'CodeIgniter\Session\Handlers\FileHandler' driver.
INFO - 2024-01-12 08:21:53 --> Session: Class initialized using 'CodeIgniter\Session\Handlers\FileHandler' driver.
INFO - 2024-01-12 08:22:03 --> Session: Class initialized using 'CodeIgniter\Session\Handlers\FileHandler' driver.
INFO - 2024-01-12 08:22:03 --> Session: Class initialized using 'CodeIgniter\Session\Handlers\FileHandler' driver.
INFO - 2024-01-12 08:22:07 --> Session: Class initialized using 'CodeIgniter\Session\Handlers\FileHandler' driver.
INFO - 2024-01-12 08:22:17 --> Session: Class initialized using 'CodeIgniter\Session\Handlers\FileHandler' driver.
INFO - 2024-01-12 08:22:30 --> Session: Class initialized using 'CodeIgniter\Session\Handlers\FileHandler' driver.
INFO - 2024-01-12 08:22:31 --> Session: Class initialized using 'CodeIgniter\Session\Handlers\FileHandler' driver.
INFO - 2024-01-12 08:22:34 --> Session: Class initialized using 'CodeIgniter\Session\Handlers\FileHandler' driver.
INFO - 2024-01-12 08:23:12 --> Session: Class initialized using 'CodeIgniter\Session\Handlers\FileHandler' driver.
INFO - 2024-01-12 08:23:15 --> Session: Class initialized using 'CodeIgniter\Session\Handlers\FileHandler' driver.
INFO - 2024-01-12 08:23:16 --> Session: Class initialized using 'CodeIgniter\Session\Handlers\FileHandler' driver.
INFO - 2024-01-12 08:23:28 --> Session: Class initialized using 'CodeIgniter\Session\Handlers\FileHandler' driver.
INFO - 2024-01-12 08:23:28 --> Session: Class initialized using 'CodeIgniter\Session\Handlers\FileHandler' driver.
INFO - 2024-01-12 08:23:34 --> Session: Class initialized using 'CodeIgniter\Session\Handlers\FileHandler' driver.
INFO - 2024-01-12 08:23:46 --> Session: Class initialized using 'CodeIgniter\Session\Handlers\FileHandler' driver.
INFO - 2024-01-12 08:23:46 --> Session: Class initialized using 'CodeIgniter\Session\Handlers\FileHandler' driver.
INFO - 2024-01-12 08:24:16 --> Session: Class initialized using 'CodeIgniter\Session\Handlers\FileHandler' driver.
INFO - 2024-01-12 08:24:17 --> Session: Class initialized using 'CodeIgniter\Session\Handlers\FileHandler' driver.
INFO - 2024-01-12 08:24:25 --> Session: Class initialized using 'CodeIgniter\Session\Handlers\FileHandler' driver.
INFO - 2024-01-12 08:24:25 --> Session: Class initialized using 'CodeIgniter\Session\Handlers\FileHandler' driver.
INFO - 2024-01-12 08:24:31 --> Session: Class initialized using 'CodeIgniter\Session\Handlers\FileHandler' driver.
INFO - 2024-01-12 08:24:31 --> Session: Class initialized using 'CodeIgniter\Session\Handlers\FileHandler' driver.
INFO - 2024-01-12 08:25:11 --> Session: Class initialized using 'CodeIgniter\Session\Handlers\FileHandler' driver.
INFO - 2024-01-12 08:25:11 --> Session: Class initialized using 'CodeIgniter\Session\Handlers\FileHandler' driver.
INFO - 2024-01-12 08:26:01 --> Session: Class initialized using 'CodeIgniter\Session\Handlers\FileHandler' driver.
INFO - 2024-01-12 08:26:01 --> Session: Class initialized using 'CodeIgniter\Session\Handlers\FileHandler' driver.
INFO - 2024-01-12 08:26:02 --> Session: Class initialized using 'CodeIgniter\Session\Handlers\FileHandler' driver.
INFO - 2024-01-12 08:26:02 --> Session: Class initialized using 'CodeIgniter\Session\Handlers\FileHandler' driver.
INFO - 2024-01-12 08:26:03 --> Session: Class initialized using 'CodeIgniter\Session\Handlers\FileHandler' driver.
INFO - 2024-01-12 08:26:03 --> Session: Class initialized using 'CodeIgniter\Session\Handlers\FileHandler' driver.
INFO - 2024-01-12 08:26:13 --> Session: Class initialized using 'CodeIgniter\Session\Handlers\FileHandler' driver.
INFO - 2024-01-12 08:26:14 --> Session: Class initialized using 'CodeIgniter\Session\Handlers\FileHandler' driver.
INFO - 2024-01-12 08:26:20 --> Session: Class initialized using 'CodeIgniter\Session\Handlers\FileHandler' driver.
INFO - 2024-01-12 08:26:20 --> Session: Class initialized using 'CodeIgniter\Session\Handlers\FileHandler' driver.
INFO - 2024-01-12 08:26:22 --> Session: Class initialized using 'CodeIgniter\Session\Handlers\FileHandler' driver.
INFO - 2024-01-12 08:26:23 --> Session: Class initialized using 'CodeIgniter\Session\Handlers\FileHandler' driver.
INFO - 2024-01-12 08:26:24 --> Session: Class initialized using 'CodeIgniter\Session\Handlers\FileHandler' driver.
INFO - 2024-01-12 08:26:24 --> Session: Class initialized using 'CodeIgniter\Session\Handlers\FileHandler' driver.
INFO - 2024-01-12 08:26:25 --> Session: Class initialized using 'CodeIgniter\Session\Handlers\FileHandler' driver.
INFO - 2024-01-12 08:26:25 --> Session: Class initialized using 'CodeIgniter\Session\Handlers\FileHandler' driver.
INFO - 2024-01-12 08:26:27 --> Session: Class initialized using 'CodeIgniter\Session\Handlers\FileHandler' driver.
INFO - 2024-01-12 08:26:27 --> Session: Class initialized using 'CodeIgniter\Session\Handlers\FileHandler' driver.
INFO - 2024-01-12 08:26:28 --> Session: Class initialized using 'CodeIgniter\Session\Handlers\FileHandler' driver.
INFO - 2024-01-12 08:26:28 --> Session: Class initialized using 'CodeIgniter\Session\Handlers\FileHandler' driver.
INFO - 2024-01-12 08:26:33 --> Session: Class initialized using 'CodeIgniter\Session\Handlers\FileHandler' driver.
INFO - 2024-01-12 08:26:34 --> Session: Class initialized using 'CodeIgniter\Session\Handlers\FileHandler' driver.
INFO - 2024-01-12 08:27:43 --> Session: Class initialized using 'CodeIgniter\Session\Handlers\FileHandler' driver.
INFO - 2024-01-12 08:27:45 --> Session: Class initialized using 'CodeIgniter\Session\Handlers\FileHandler' driver.
INFO - 2024-01-12 08:27:48 --> Session: Class initialized using 'CodeIgniter\Session\Handlers\FileHandler' driver.
INFO - 2024-01-12 08:27:51 --> Session: Class initialized using 'CodeIgniter\Session\Handlers\FileHandler' driver.
INFO - 2024-01-12 08:27:52 --> Session: Class initialized using 'CodeIgniter\Session\Handlers\FileHandler' driver.
INFO - 2024-01-12 08:27:52 --> Session: Class initialized using 'CodeIgniter\Session\Handlers\FileHandler' driver.
INFO - 2024-01-12 08:27:54 --> Session: Class initialized using 'CodeIgniter\Session\Handlers\FileHandler' driver.
INFO - 2024-01-12 08:27:54 --> Session: Class initialized using 'CodeIgniter\Session\Handlers\FileHandler' driver.
INFO - 2024-01-12 08:27:56 --> Session: Class initialized using 'CodeIgniter\Session\Handlers\FileHandler' driver.
INFO - 2024-01-12 08:27:57 --> Session: Class initialized using 'CodeIgniter\Session\Handlers\FileHandler' driver.
INFO - 2024-01-12 08:28:18 --> Session: Class initialized using 'CodeIgniter\Session\Handlers\FileHandler' driver.
INFO - 2024-01-12 08:28:18 --> Session: Class initialized using 'CodeIgniter\Session\Handlers\FileHandler' driver.
INFO - 2024-01-12 08:28:19 --> Session: Class initialized using 'CodeIgniter\Session\Handlers\FileHandler' driver.
INFO - 2024-01-12 08:28:19 --> Session: Class initialized using 'CodeIgniter\Session\Handlers\FileHandler' driver.
INFO - 2024-01-12 08:28:21 --> Session: Class initialized using 'CodeIgniter\Session\Handlers\FileHandler' driver.
INFO - 2024-01-12 08:28:22 --> Session: Class initialized using 'CodeIgniter\Session\Handlers\FileHandler' driver.
INFO - 2024-01-12 08:28:25 --> Session: Class initialized using 'CodeIgniter\Session\Handlers\FileHandler' driver.
INFO - 2024-01-12 08:28:26 --> Session: Class initialized using 'CodeIgniter\Session\Handlers\FileHandler' driver.
INFO - 2024-01-12 08:29:45 --> Session: Class initialized using 'CodeIgniter\Session\Handlers\FileHandler' driver.
INFO - 2024-01-12 08:29:46 --> Session: Class initialized using 'CodeIgniter\Session\Handlers\FileHandler' driver.
INFO - 2024-01-12 08:29:49 --> Session: Class initialized using 'CodeIgniter\Session\Handlers\FileHandler' driver.
INFO - 2024-01-12 08:29:49 --> Session: Class initialized using 'CodeIgniter\Session\Handlers\FileHandler' driver.
INFO - 2024-01-12 08:30:03 --> Session: Class initialized using 'CodeIgniter\Session\Handlers\FileHandler' driver.
INFO - 2024-01-12 08:30:04 --> Session: Class initialized using 'CodeIgniter\Session\Handlers\FileHandler' driver.
INFO - 2024-01-12 08:30:06 --> Session: Class initialized using 'CodeIgniter\Session\Handlers\FileHandler' driver.
INFO - 2024-01-12 08:30:06 --> Session: Class initialized using 'CodeIgniter\Session\Handlers\FileHandler' driver.
INFO - 2024-01-12 08:30:07 --> Session: Class initialized using 'CodeIgniter\Session\Handlers\FileHandler' driver.
INFO - 2024-01-12 08:30:07 --> Session: Class initialized using 'CodeIgniter\Session\Handlers\FileHandler' driver.
INFO - 2024-01-12 08:30:09 --> Session: Class initialized using 'CodeIgniter\Session\Handlers\FileHandler' driver.
INFO - 2024-01-12 08:30:09 --> Session: Class initialized using 'CodeIgniter\Session\Handlers\FileHandler' driver.
INFO - 2024-01-12 08:31:57 --> Session: Class initialized using 'CodeIgniter\Session\Handlers\FileHandler' driver.
INFO - 2024-01-12 08:31:58 --> Session: Class initialized using 'CodeIgniter\Session\Handlers\FileHandler' driver.
INFO - 2024-01-12 08:31:59 --> Session: Class initialized using 'CodeIgniter\Session\Handlers\FileHandler' driver.
INFO - 2024-01-12 08:31:59 --> Session: Class initialized using 'CodeIgniter\Session\Handlers\FileHandler' driver.
INFO - 2024-01-12 08:32:02 --> Session: Class initialized using 'CodeIgniter\Session\Handlers\FileHandler' driver.
INFO - 2024-01-12 08:32:02 --> Session: Class initialized using 'CodeIgniter\Session\Handlers\FileHandler' driver.
INFO - 2024-01-12 08:32:03 --> Session: Class initialized using 'CodeIgniter\Session\Handlers\FileHandler' driver.
INFO - 2024-01-12 08:32:04 --> Session: Class initialized using 'CodeIgniter\Session\Handlers\FileHandler' driver.
INFO - 2024-01-12 08:32:06 --> Session: Class initialized using 'CodeIgniter\Session\Handlers\FileHandler' driver.
INFO - 2024-01-12 08:32:06 --> Session: Class initialized using 'CodeIgniter\Session\Handlers\FileHandler' driver.
INFO - 2024-01-12 08:32:13 --> Session: Class initialized using 'CodeIgniter\Session\Handlers\FileHandler' driver.
INFO - 2024-01-12 08:32:13 --> Session: Class initialized using 'CodeIgniter\Session\Handlers\FileHandler' driver.
INFO - 2024-01-12 08:34:07 --> Session: Class initialized using 'CodeIgniter\Session\Handlers\FileHandler' driver.
INFO - 2024-01-12 08:34:07 --> Session: Class initialized using 'CodeIgniter\Session\Handlers\FileHandler' driver.
INFO - 2024-01-12 08:34:07 --> Session: Class initialized using 'CodeIgniter\Session\Handlers\FileHandler' driver.
INFO - 2024-01-12 08:34:12 --> Session: Class initialized using 'CodeIgniter\Session\Handlers\FileHandler' driver.
INFO - 2024-01-12 08:34:15 --> Session: Class initialized using 'CodeIgniter\Session\Handlers\FileHandler' driver.
INFO - 2024-01-12 08:34:15 --> Session: Class initialized using 'CodeIgniter\Session\Handlers\FileHandler' driver.
INFO - 2024-01-12 08:34:16 --> Session: Class initialized using 'CodeIgniter\Session\Handlers\FileHandler' driver.
INFO - 2024-01-12 08:34:18 --> Session: Class initialized using 'CodeIgniter\Session\Handlers\FileHandler' driver.
INFO - 2024-01-12 09:03:06 --> Session: Class initialized using 'CodeIgniter\Session\Handlers\FileHandler' driver.
INFO - 2024-01-12 09:03:06 --> Session: Class initialized using 'CodeIgniter\Session\Handlers\FileHandler' driver.
INFO - 2024-01-12 09:03:06 --> Session: Class initialized using 'CodeIgniter\Session\Handlers\FileHandler' driver.
INFO - 2024-01-12 09:03:08 --> Session: Class initialized using 'CodeIgniter\Session\Handlers\FileHandler' driver.
INFO - 2024-01-12 09:03:19 --> Session: Class initialized using 'CodeIgniter\Session\Handlers\FileHandler' driver.
CRITICAL - 2024-01-12 09:03:19 --> Allowed fields must be specified for model: "App\Models\Dosen\MateriModel"
in SYSTEMPATH/BaseModel.php on line 1257.
 1 SYSTEMPATH/BaseModel.php(1257): CodeIgniter\Database\Exceptions\DataException::forInvalidAllowedFields('App\\Models\\Dosen\\MateriModel')
 2 SYSTEMPATH/BaseModel.php(925): CodeIgniter\BaseModel->doProtectFields([...])
 3 SYSTEMPATH/Model.php(776): CodeIgniter\BaseModel->update(null, [...])
 4 APPPATH/Models/Dosen/MateriModel.php(91): CodeIgniter\Model->update()
 5 APPPATH/Controllers/DosenMateri.php(162): App\Models\Dosen\MateriModel->updateData('91ca87e6-b561-41bf-8c6e-5cce0cc58fbb', [...])
 6 SYSTEMPATH/CodeIgniter.php(942): App\Controllers\DosenMateri->editSave('$1')
 7 SYSTEMPATH/CodeIgniter.php(502): CodeIgniter\CodeIgniter->runController(Object(App\Controllers\DosenMateri))
 8 SYSTEMPATH/CodeIgniter.php(361): CodeIgniter\CodeIgniter->handleRequest(null, Object(Config\Cache), false)
 9 FCPATH/index.php(79): CodeIgniter\CodeIgniter->run()
10 SYSTEMPATH/Commands/Server/rewrite.php(47): require_once('/Applications/XAMPP/xamppfiles/htdocs/pembelajaran/public/index.php')
INFO - 2024-01-12 09:03:20 --> Session: Class initialized using 'CodeIgniter\Session\Handlers\FileHandler' driver.
CRITICAL - 2024-01-12 09:03:20 --> Allowed fields must be specified for model: "App\Models\Dosen\MateriModel"
in SYSTEMPATH/BaseModel.php on line 1257.
 1 SYSTEMPATH/BaseModel.php(1257): CodeIgniter\Database\Exceptions\DataException::forInvalidAllowedFields('App\\Models\\Dosen\\MateriModel')
 2 SYSTEMPATH/BaseModel.php(925): CodeIgniter\BaseModel->doProtectFields([...])
 3 SYSTEMPATH/Model.php(776): CodeIgniter\BaseModel->update(null, [...])
 4 APPPATH/Models/Dosen/MateriModel.php(91): CodeIgniter\Model->update()
 5 APPPATH/Controllers/DosenMateri.php(162): App\Models\Dosen\MateriModel->updateData('91ca87e6-b561-41bf-8c6e-5cce0cc58fbb', [...])
 6 SYSTEMPATH/CodeIgniter.php(942): App\Controllers\DosenMateri->editSave('$1')
 7 SYSTEMPATH/CodeIgniter.php(502): CodeIgniter\CodeIgniter->runController(Object(App\Controllers\DosenMateri))
 8 SYSTEMPATH/CodeIgniter.php(361): CodeIgniter\CodeIgniter->handleRequest(null, Object(Config\Cache), false)
 9 FCPATH/index.php(79): CodeIgniter\CodeIgniter->run()
10 SYSTEMPATH/Commands/Server/rewrite.php(47): require_once('/Applications/XAMPP/xamppfiles/htdocs/pembelajaran/public/index.php')
INFO - 2024-01-12 09:03:21 --> Session: Class initialized using 'CodeIgniter\Session\Handlers\FileHandler' driver.
CRITICAL - 2024-01-12 09:03:21 --> Allowed fields must be specified for model: "App\Models\Dosen\MateriModel"
in SYSTEMPATH/BaseModel.php on line 1257.
 1 SYSTEMPATH/BaseModel.php(1257): CodeIgniter\Database\Exceptions\DataException::forInvalidAllowedFields('App\\Models\\Dosen\\MateriModel')
 2 SYSTEMPATH/BaseModel.php(925): CodeIgniter\BaseModel->doProtectFields([...])
 3 SYSTEMPATH/Model.php(776): CodeIgniter\BaseModel->update(null, [...])
 4 APPPATH/Models/Dosen/MateriModel.php(91): CodeIgniter\Model->update()
 5 APPPATH/Controllers/DosenMateri.php(162): App\Models\Dosen\MateriModel->updateData('91ca87e6-b561-41bf-8c6e-5cce0cc58fbb', [...])
 6 SYSTEMPATH/CodeIgniter.php(942): App\Controllers\DosenMateri->editSave('$1')
 7 SYSTEMPATH/CodeIgniter.php(502): CodeIgniter\CodeIgniter->runController(Object(App\Controllers\DosenMateri))
 8 SYSTEMPATH/CodeIgniter.php(361): CodeIgniter\CodeIgniter->handleRequest(null, Object(Config\Cache), false)
 9 FCPATH/index.php(79): CodeIgniter\CodeIgniter->run()
10 SYSTEMPATH/Commands/Server/rewrite.php(47): require_once('/Applications/XAMPP/xamppfiles/htdocs/pembelajaran/public/index.php')
INFO - 2024-01-12 09:03:26 --> Session: Class initialized using 'CodeIgniter\Session\Handlers\FileHandler' driver.
CRITICAL - 2024-01-12 09:03:26 --> Allowed fields must be specified for model: "App\Models\Dosen\MateriModel"
in SYSTEMPATH/BaseModel.php on line 1257.
 1 SYSTEMPATH/BaseModel.php(1257): CodeIgniter\Database\Exceptions\DataException::forInvalidAllowedFields('App\\Models\\Dosen\\MateriModel')
 2 SYSTEMPATH/BaseModel.php(925): CodeIgniter\BaseModel->doProtectFields([...])
 3 SYSTEMPATH/Model.php(776): CodeIgniter\BaseModel->update(null, [...])
 4 APPPATH/Models/Dosen/MateriModel.php(91): CodeIgniter\Model->update()
 5 APPPATH/Controllers/DosenMateri.php(162): App\Models\Dosen\MateriModel->updateData('91ca87e6-b561-41bf-8c6e-5cce0cc58fbb', [...])
 6 SYSTEMPATH/CodeIgniter.php(942): App\Controllers\DosenMateri->editSave('$1')
 7 SYSTEMPATH/CodeIgniter.php(502): CodeIgniter\CodeIgniter->runController(Object(App\Controllers\DosenMateri))
 8 SYSTEMPATH/CodeIgniter.php(361): CodeIgniter\CodeIgniter->handleRequest(null, Object(Config\Cache), false)
 9 FCPATH/index.php(79): CodeIgniter\CodeIgniter->run()
10 SYSTEMPATH/Commands/Server/rewrite.php(47): require_once('/Applications/XAMPP/xamppfiles/htdocs/pembelajaran/public/index.php')
INFO - 2024-01-12 09:03:26 --> Session: Class initialized using 'CodeIgniter\Session\Handlers\FileHandler' driver.
CRITICAL - 2024-01-12 09:03:26 --> Allowed fields must be specified for model: "App\Models\Dosen\MateriModel"
in SYSTEMPATH/BaseModel.php on line 1257.
 1 SYSTEMPATH/BaseModel.php(1257): CodeIgniter\Database\Exceptions\DataException::forInvalidAllowedFields('App\\Models\\Dosen\\MateriModel')
 2 SYSTEMPATH/BaseModel.php(925): CodeIgniter\BaseModel->doProtectFields([...])
 3 SYSTEMPATH/Model.php(776): CodeIgniter\BaseModel->update(null, [...])
 4 APPPATH/Models/Dosen/MateriModel.php(91): CodeIgniter\Model->update()
 5 APPPATH/Controllers/DosenMateri.php(162): App\Models\Dosen\MateriModel->updateData('91ca87e6-b561-41bf-8c6e-5cce0cc58fbb', [...])
 6 SYSTEMPATH/CodeIgniter.php(942): App\Controllers\DosenMateri->editSave('$1')
 7 SYSTEMPATH/CodeIgniter.php(502): CodeIgniter\CodeIgniter->runController(Object(App\Controllers\DosenMateri))
 8 SYSTEMPATH/CodeIgniter.php(361): CodeIgniter\CodeIgniter->handleRequest(null, Object(Config\Cache), false)
 9 FCPATH/index.php(79): CodeIgniter\CodeIgniter->run()
10 SYSTEMPATH/Commands/Server/rewrite.php(47): require_once('/Applications/XAMPP/xamppfiles/htdocs/pembelajaran/public/index.php')
INFO - 2024-01-12 09:06:03 --> Session: Class initialized using 'CodeIgniter\Session\Handlers\FileHandler' driver.
INFO - 2024-01-12 09:06:04 --> Session: Class initialized using 'CodeIgniter\Session\Handlers\FileHandler' driver.
INFO - 2024-01-12 09:06:06 --> Session: Class initialized using 'CodeIgniter\Session\Handlers\FileHandler' driver.
INFO - 2024-01-12 09:06:09 --> Session: Class initialized using 'CodeIgniter\Session\Handlers\FileHandler' driver.
CRITICAL - 2024-01-12 09:06:09 --> Allowed fields must be specified for model: "App\Models\Dosen\MateriModel"
in SYSTEMPATH/BaseModel.php on line 1257.
 1 SYSTEMPATH/BaseModel.php(1257): CodeIgniter\Database\Exceptions\DataException::forInvalidAllowedFields('App\\Models\\Dosen\\MateriModel')
 2 SYSTEMPATH/BaseModel.php(925): CodeIgniter\BaseModel->doProtectFields([...])
 3 SYSTEMPATH/Model.php(776): CodeIgniter\BaseModel->update(null, [...])
 4 APPPATH/Models/Dosen/MateriModel.php(91): CodeIgniter\Model->update()
 5 APPPATH/Controllers/DosenMateri.php(162): App\Models\Dosen\MateriModel->updateData('91ca87e6-b561-41bf-8c6e-5cce0cc58fbb', [...])
 6 SYSTEMPATH/CodeIgniter.php(942): App\Controllers\DosenMateri->editSave('$1')
 7 SYSTEMPATH/CodeIgniter.php(502): CodeIgniter\CodeIgniter->runController(Object(App\Controllers\DosenMateri))
 8 SYSTEMPATH/CodeIgniter.php(361): CodeIgniter\CodeIgniter->handleRequest(null, Object(Config\Cache), false)
 9 FCPATH/index.php(79): CodeIgniter\CodeIgniter->run()
10 SYSTEMPATH/Commands/Server/rewrite.php(47): require_once('/Applications/XAMPP/xamppfiles/htdocs/pembelajaran/public/index.php')
INFO - 2024-01-12 09:06:48 --> Session: Class initialized using 'CodeIgniter\Session\Handlers\FileHandler' driver.
INFO - 2024-01-12 09:06:49 --> Session: Class initialized using 'CodeIgniter\Session\Handlers\FileHandler' driver.
INFO - 2024-01-12 09:06:50 --> Session: Class initialized using 'CodeIgniter\Session\Handlers\FileHandler' driver.
INFO - 2024-01-12 09:06:54 --> Session: Class initialized using 'CodeIgniter\Session\Handlers\FileHandler' driver.
INFO - 2024-01-12 09:06:57 --> Session: Class initialized using 'CodeIgniter\Session\Handlers\FileHandler' driver.
INFO - 2024-01-12 09:06:57 --> Session: Class initialized using 'CodeIgniter\Session\Handlers\FileHandler' driver.
INFO - 2024-01-12 09:06:58 --> Session: Class initialized using 'CodeIgniter\Session\Handlers\FileHandler' driver.
INFO - 2024-01-12 09:07:01 --> Session: Class initialized using 'CodeIgniter\Session\Handlers\FileHandler' driver.
INFO - 2024-01-12 09:07:05 --> Session: Class initialized using 'CodeIgniter\Session\Handlers\FileHandler' driver.
INFO - 2024-01-12 09:07:05 --> Session: Class initialized using 'CodeIgniter\Session\Handlers\FileHandler' driver.
INFO - 2024-01-12 09:07:06 --> Session: Class initialized using 'CodeIgniter\Session\Handlers\FileHandler' driver.
INFO - 2024-01-12 09:07:13 --> Session: Class initialized using 'CodeIgniter\Session\Handlers\FileHandler' driver.
INFO - 2024-01-12 09:07:17 --> Session: Class initialized using 'CodeIgniter\Session\Handlers\FileHandler' driver.
INFO - 2024-01-12 09:07:17 --> Session: Class initialized using 'CodeIgniter\Session\Handlers\FileHandler' driver.
INFO - 2024-01-12 09:07:18 --> Session: Class initialized using 'CodeIgniter\Session\Handlers\FileHandler' driver.
INFO - 2024-01-12 09:07:21 --> Session: Class initialized using 'CodeIgniter\Session\Handlers\FileHandler' driver.
INFO - 2024-01-12 09:07:23 --> Session: Class initialized using 'CodeIgniter\Session\Handlers\FileHandler' driver.
INFO - 2024-01-12 09:07:23 --> Session: Class initialized using 'CodeIgniter\Session\Handlers\FileHandler' driver.
INFO - 2024-01-12 09:07:24 --> Session: Class initialized using 'CodeIgniter\Session\Handlers\FileHandler' driver.
INFO - 2024-01-12 09:08:00 --> Session: Class initialized using 'CodeIgniter\Session\Handlers\FileHandler' driver.
INFO - 2024-01-12 09:08:00 --> Session: Class initialized using 'CodeIgniter\Session\Handlers\FileHandler' driver.
INFO - 2024-01-12 09:08:09 --> Session: Class initialized using 'CodeIgniter\Session\Handlers\FileHandler' driver.
INFO - 2024-01-12 09:08:13 --> Session: Class initialized using 'CodeIgniter\Session\Handlers\FileHandler' driver.
INFO - 2024-01-12 09:08:13 --> Session: Class initialized using 'CodeIgniter\Session\Handlers\FileHandler' driver.
INFO - 2024-01-12 09:08:17 --> Session: Class initialized using 'CodeIgniter\Session\Handlers\FileHandler' driver.
INFO - 2024-01-12 09:08:19 --> Session: Class initialized using 'CodeIgniter\Session\Handlers\FileHandler' driver.
INFO - 2024-01-12 09:08:19 --> Session: Class initialized using 'CodeIgniter\Session\Handlers\FileHandler' driver.
INFO - 2024-01-12 09:08:21 --> Session: Class initialized using 'CodeIgniter\Session\Handlers\FileHandler' driver.
INFO - 2024-01-12 09:08:21 --> Session: Class initialized using 'CodeIgniter\Session\Handlers\FileHandler' driver.
INFO - 2024-01-12 09:08:22 --> Session: Class initialized using 'CodeIgniter\Session\Handlers\FileHandler' driver.
INFO - 2024-01-12 09:08:23 --> Session: Class initialized using 'CodeIgniter\Session\Handlers\FileHandler' driver.
INFO - 2024-01-12 09:08:25 --> Session: Class initialized using 'CodeIgniter\Session\Handlers\FileHandler' driver.
INFO - 2024-01-12 09:08:26 --> Session: Class initialized using 'CodeIgniter\Session\Handlers\FileHandler' driver.
INFO - 2024-01-12 09:08:27 --> Session: Class initialized using 'CodeIgniter\Session\Handlers\FileHandler' driver.
INFO - 2024-01-12 09:08:28 --> Session: Class initialized using 'CodeIgniter\Session\Handlers\FileHandler' driver.
INFO - 2024-01-12 09:08:29 --> Session: Class initialized using 'CodeIgniter\Session\Handlers\FileHandler' driver.
INFO - 2024-01-12 09:08:30 --> Session: Class initialized using 'CodeIgniter\Session\Handlers\FileHandler' driver.
INFO - 2024-01-12 09:08:30 --> Session: Class initialized using 'CodeIgniter\Session\Handlers\FileHandler' driver.
INFO - 2024-01-12 09:08:40 --> Session: Class initialized using 'CodeIgniter\Session\Handlers\FileHandler' driver.
INFO - 2024-01-12 09:08:40 --> Session: Class initialized using 'CodeIgniter\Session\Handlers\FileHandler' driver.
INFO - 2024-01-12 09:08:46 --> Session: Class initialized using 'CodeIgniter\Session\Handlers\FileHandler' driver.
INFO - 2024-01-12 09:08:47 --> Session: Class initialized using 'CodeIgniter\Session\Handlers\FileHandler' driver.
INFO - 2024-01-12 09:08:48 --> Session: Class initialized using 'CodeIgniter\Session\Handlers\FileHandler' driver.
INFO - 2024-01-12 09:08:50 --> Session: Class initialized using 'CodeIgniter\Session\Handlers\FileHandler' driver.
INFO - 2024-01-12 09:08:57 --> Session: Class initialized using 'CodeIgniter\Session\Handlers\FileHandler' driver.
INFO - 2024-01-12 09:08:58 --> Session: Class initialized using 'CodeIgniter\Session\Handlers\FileHandler' driver.
INFO - 2024-01-12 09:10:10 --> Session: Class initialized using 'CodeIgniter\Session\Handlers\FileHandler' driver.
INFO - 2024-01-12 09:10:11 --> Session: Class initialized using 'CodeIgniter\Session\Handlers\FileHandler' driver.
INFO - 2024-01-12 09:10:22 --> Session: Class initialized using 'CodeIgniter\Session\Handlers\FileHandler' driver.
INFO - 2024-01-12 09:10:22 --> Session: Class initialized using 'CodeIgniter\Session\Handlers\FileHandler' driver.
INFO - 2024-01-12 09:10:31 --> Session: Class initialized using 'CodeIgniter\Session\Handlers\FileHandler' driver.
INFO - 2024-01-12 09:10:33 --> Session: Class initialized using 'CodeIgniter\Session\Handlers\FileHandler' driver.
INFO - 2024-01-12 09:10:33 --> Session: Class initialized using 'CodeIgniter\Session\Handlers\FileHandler' driver.
INFO - 2024-01-12 09:11:03 --> Session: Class initialized using 'CodeIgniter\Session\Handlers\FileHandler' driver.
INFO - 2024-01-12 09:11:04 --> Session: Class initialized using 'CodeIgniter\Session\Handlers\FileHandler' driver.
INFO - 2024-01-12 09:11:24 --> Session: Class initialized using 'CodeIgniter\Session\Handlers\FileHandler' driver.
INFO - 2024-01-12 09:11:25 --> Session: Class initialized using 'CodeIgniter\Session\Handlers\FileHandler' driver.
INFO - 2024-01-12 09:12:34 --> Session: Class initialized using 'CodeIgniter\Session\Handlers\FileHandler' driver.
INFO - 2024-01-12 09:12:34 --> Session: Class initialized using 'CodeIgniter\Session\Handlers\FileHandler' driver.
INFO - 2024-01-12 09:12:51 --> Session: Class initialized using 'CodeIgniter\Session\Handlers\FileHandler' driver.
INFO - 2024-01-12 09:12:52 --> Session: Class initialized using 'CodeIgniter\Session\Handlers\FileHandler' driver.
INFO - 2024-01-12 09:13:05 --> Session: Class initialized using 'CodeIgniter\Session\Handlers\FileHandler' driver.
INFO - 2024-01-12 09:13:05 --> Session: Class initialized using 'CodeIgniter\Session\Handlers\FileHandler' driver.
INFO - 2024-01-12 09:13:18 --> Session: Class initialized using 'CodeIgniter\Session\Handlers\FileHandler' driver.
INFO - 2024-01-12 09:13:19 --> Session: Class initialized using 'CodeIgniter\Session\Handlers\FileHandler' driver.
INFO - 2024-01-12 09:13:49 --> Session: Class initialized using 'CodeIgniter\Session\Handlers\FileHandler' driver.
INFO - 2024-01-12 09:13:49 --> Session: Class initialized using 'CodeIgniter\Session\Handlers\FileHandler' driver.
INFO - 2024-01-12 09:14:38 --> Session: Class initialized using 'CodeIgniter\Session\Handlers\FileHandler' driver.
INFO - 2024-01-12 09:14:38 --> Session: Class initialized using 'CodeIgniter\Session\Handlers\FileHandler' driver.
INFO - 2024-01-12 09:17:32 --> Session: Class initialized using 'CodeIgniter\Session\Handlers\FileHandler' driver.
INFO - 2024-01-12 09:17:32 --> Session: Class initialized using 'CodeIgniter\Session\Handlers\FileHandler' driver.
INFO - 2024-01-12 09:25:13 --> Session: Class initialized using 'CodeIgniter\Session\Handlers\FileHandler' driver.
INFO - 2024-01-12 09:25:13 --> Session: Class initialized using 'CodeIgniter\Session\Handlers\FileHandler' driver.
INFO - 2024-01-12 09:30:07 --> Session: Class initialized using 'CodeIgniter\Session\Handlers\FileHandler' driver.
INFO - 2024-01-12 09:30:07 --> Session: Class initialized using 'CodeIgniter\Session\Handlers\FileHandler' driver.
INFO - 2024-01-12 09:30:22 --> Session: Class initialized using 'CodeIgniter\Session\Handlers\FileHandler' driver.
INFO - 2024-01-12 09:30:22 --> Session: Class initialized using 'CodeIgniter\Session\Handlers\FileHandler' driver.
INFO - 2024-01-12 09:30:22 --> Session: Class initialized using 'CodeIgniter\Session\Handlers\FileHandler' driver.
INFO - 2024-01-12 09:34:20 --> Session: Class initialized using 'CodeIgniter\Session\Handlers\FileHandler' driver.
INFO - 2024-01-12 09:34:21 --> Session: Class initialized using 'CodeIgniter\Session\Handlers\FileHandler' driver.
INFO - 2024-01-12 09:34:40 --> Session: Class initialized using 'CodeIgniter\Session\Handlers\FileHandler' driver.
INFO - 2024-01-12 09:34:41 --> Session: Class initialized using 'CodeIgniter\Session\Handlers\FileHandler' driver.
INFO - 2024-01-12 09:34:55 --> Session: Class initialized using 'CodeIgniter\Session\Handlers\FileHandler' driver.
INFO - 2024-01-12 09:34:55 --> Session: Class initialized using 'CodeIgniter\Session\Handlers\FileHandler' driver.
INFO - 2024-01-12 09:34:55 --> Session: Class initialized using 'CodeIgniter\Session\Handlers\FileHandler' driver.
INFO - 2024-01-12 09:36:17 --> Session: Class initialized using 'CodeIgniter\Session\Handlers\FileHandler' driver.
INFO - 2024-01-12 09:36:17 --> Session: Class initialized using 'CodeIgniter\Session\Handlers\FileHandler' driver.
INFO - 2024-01-12 09:36:31 --> Session: Class initialized using 'CodeIgniter\Session\Handlers\FileHandler' driver.
INFO - 2024-01-12 09:36:31 --> Session: Class initialized using 'CodeIgniter\Session\Handlers\FileHandler' driver.
INFO - 2024-01-12 09:36:32 --> Session: Class initialized using 'CodeIgniter\Session\Handlers\FileHandler' driver.
INFO - 2024-01-12 09:37:05 --> Session: Class initialized using 'CodeIgniter\Session\Handlers\FileHandler' driver.
INFO - 2024-01-12 09:37:06 --> Session: Class initialized using 'CodeIgniter\Session\Handlers\FileHandler' driver.
INFO - 2024-01-12 09:40:47 --> Session: Class initialized using 'CodeIgniter\Session\Handlers\FileHandler' driver.
INFO - 2024-01-12 09:40:47 --> Session: Class initialized using 'CodeIgniter\Session\Handlers\FileHandler' driver.
INFO - 2024-01-12 09:40:48 --> Session: Class initialized using 'CodeIgniter\Session\Handlers\FileHandler' driver.
INFO - 2024-01-12 09:47:02 --> Session: Class initialized using 'CodeIgniter\Session\Handlers\FileHandler' driver.
INFO - 2024-01-12 09:47:02 --> Session: Class initialized using 'CodeIgniter\Session\Handlers\FileHandler' driver.
INFO - 2024-01-12 09:47:12 --> Session: Class initialized using 'CodeIgniter\Session\Handlers\FileHandler' driver.
INFO - 2024-01-12 09:47:16 --> Session: Class initialized using 'CodeIgniter\Session\Handlers\FileHandler' driver.
INFO - 2024-01-12 09:47:17 --> Session: Class initialized using 'CodeIgniter\Session\Handlers\FileHandler' driver.
INFO - 2024-01-12 09:47:56 --> Session: Class initialized using 'CodeIgniter\Session\Handlers\FileHandler' driver.
INFO - 2024-01-12 09:47:57 --> Session: Class initialized using 'CodeIgniter\Session\Handlers\FileHandler' driver.
INFO - 2024-01-12 09:48:14 --> Session: Class initialized using 'CodeIgniter\Session\Handlers\FileHandler' driver.
INFO - 2024-01-12 09:48:14 --> Session: Class initialized using 'CodeIgniter\Session\Handlers\FileHandler' driver.
INFO - 2024-01-12 09:48:15 --> Session: Class initialized using 'CodeIgniter\Session\Handlers\FileHandler' driver.
INFO - 2024-01-12 09:49:11 --> Session: Class initialized using 'CodeIgniter\Session\Handlers\FileHandler' driver.
INFO - 2024-01-12 09:49:29 --> Session: Class initialized using 'CodeIgniter\Session\Handlers\FileHandler' driver.
INFO - 2024-01-12 09:49:30 --> Session: Class initialized using 'CodeIgniter\Session\Handlers\FileHandler' driver.
INFO - 2024-01-12 09:49:30 --> Session: Class initialized using 'CodeIgniter\Session\Handlers\FileHandler' driver.
INFO - 2024-01-12 09:49:42 --> Session: Class initialized using 'CodeIgniter\Session\Handlers\FileHandler' driver.
INFO - 2024-01-12 09:49:44 --> Session: Class initialized using 'CodeIgniter\Session\Handlers\FileHandler' driver.
INFO - 2024-01-12 09:49:45 --> Session: Class initialized using 'CodeIgniter\Session\Handlers\FileHandler' driver.
INFO - 2024-01-12 09:49:46 --> Session: Class initialized using 'CodeIgniter\Session\Handlers\FileHandler' driver.
INFO - 2024-01-12 09:49:48 --> Session: Class initialized using 'CodeIgniter\Session\Handlers\FileHandler' driver.
INFO - 2024-01-12 09:49:48 --> Session: Class initialized using 'CodeIgniter\Session\Handlers\FileHandler' driver.
INFO - 2024-01-12 09:49:50 --> Session: Class initialized using 'CodeIgniter\Session\Handlers\FileHandler' driver.
INFO - 2024-01-12 09:57:43 --> Session: Class initialized using 'CodeIgniter\Session\Handlers\FileHandler' driver.
INFO - 2024-01-12 09:57:44 --> Session: Class initialized using 'CodeIgniter\Session\Handlers\FileHandler' driver.
INFO - 2024-01-12 09:57:45 --> Session: Class initialized using 'CodeIgniter\Session\Handlers\FileHandler' driver.
INFO - 2024-01-12 09:57:51 --> Session: Class initialized using 'CodeIgniter\Session\Handlers\FileHandler' driver.
INFO - 2024-01-12 09:57:51 --> Session: Class initialized using 'CodeIgniter\Session\Handlers\FileHandler' driver.
INFO - 2024-01-12 09:59:50 --> Session: Class initialized using 'CodeIgniter\Session\Handlers\FileHandler' driver.
INFO - 2024-01-12 09:59:50 --> Session: Class initialized using 'CodeIgniter\Session\Handlers\FileHandler' driver.
INFO - 2024-01-12 10:00:03 --> Session: Class initialized using 'CodeIgniter\Session\Handlers\FileHandler' driver.
INFO - 2024-01-12 10:00:03 --> Session: Class initialized using 'CodeIgniter\Session\Handlers\FileHandler' driver.
INFO - 2024-01-12 10:00:46 --> Session: Class initialized using 'CodeIgniter\Session\Handlers\FileHandler' driver.
INFO - 2024-01-12 10:00:46 --> Session: Class initialized using 'CodeIgniter\Session\Handlers\FileHandler' driver.
INFO - 2024-01-12 10:02:22 --> Session: Class initialized using 'CodeIgniter\Session\Handlers\FileHandler' driver.
INFO - 2024-01-12 10:02:22 --> Session: Class initialized using 'CodeIgniter\Session\Handlers\FileHandler' driver.
INFO - 2024-01-12 10:02:32 --> Session: Class initialized using 'CodeIgniter\Session\Handlers\FileHandler' driver.
INFO - 2024-01-12 10:02:33 --> Session: Class initialized using 'CodeIgniter\Session\Handlers\FileHandler' driver.
INFO - 2024-01-12 10:04:06 --> Session: Class initialized using 'CodeIgniter\Session\Handlers\FileHandler' driver.
INFO - 2024-01-12 10:04:07 --> Session: Class initialized using 'CodeIgniter\Session\Handlers\FileHandler' driver.
INFO - 2024-01-12 10:04:58 --> Session: Class initialized using 'CodeIgniter\Session\Handlers\FileHandler' driver.
INFO - 2024-01-12 10:04:58 --> Session: Class initialized using 'CodeIgniter\Session\Handlers\FileHandler' driver.
INFO - 2024-01-12 10:05:05 --> Session: Class initialized using 'CodeIgniter\Session\Handlers\FileHandler' driver.
INFO - 2024-01-12 10:05:05 --> Session: Class initialized using 'CodeIgniter\Session\Handlers\FileHandler' driver.
INFO - 2024-01-12 10:05:41 --> Session: Class initialized using 'CodeIgniter\Session\Handlers\FileHandler' driver.
INFO - 2024-01-12 10:05:42 --> Session: Class initialized using 'CodeIgniter\Session\Handlers\FileHandler' driver.
INFO - 2024-01-12 10:05:59 --> Session: Class initialized using 'CodeIgniter\Session\Handlers\FileHandler' driver.
INFO - 2024-01-12 10:05:59 --> Session: Class initialized using 'CodeIgniter\Session\Handlers\FileHandler' driver.
INFO - 2024-01-12 10:06:06 --> Session: Class initialized using 'CodeIgniter\Session\Handlers\FileHandler' driver.
INFO - 2024-01-12 10:06:06 --> Session: Class initialized using 'CodeIgniter\Session\Handlers\FileHandler' driver.
INFO - 2024-01-12 10:06:08 --> Session: Class initialized using 'CodeIgniter\Session\Handlers\FileHandler' driver.
INFO - 2024-01-12 10:06:08 --> Session: Class initialized using 'CodeIgniter\Session\Handlers\FileHandler' driver.
INFO - 2024-01-12 10:06:10 --> Session: Class initialized using 'CodeIgniter\Session\Handlers\FileHandler' driver.
INFO - 2024-01-12 10:06:11 --> Session: Class initialized using 'CodeIgniter\Session\Handlers\FileHandler' driver.
INFO - 2024-01-12 10:06:14 --> Session: Class initialized using 'CodeIgniter\Session\Handlers\FileHandler' driver.
INFO - 2024-01-12 10:06:15 --> Session: Class initialized using 'CodeIgniter\Session\Handlers\FileHandler' driver.
INFO - 2024-01-12 10:06:16 --> Session: Class initialized using 'CodeIgniter\Session\Handlers\FileHandler' driver.
INFO - 2024-01-12 10:06:31 --> Session: Class initialized using 'CodeIgniter\Session\Handlers\FileHandler' driver.
INFO - 2024-01-12 10:06:32 --> Session: Class initialized using 'CodeIgniter\Session\Handlers\FileHandler' driver.
INFO - 2024-01-12 10:06:32 --> Session: Class initialized using 'CodeIgniter\Session\Handlers\FileHandler' driver.
INFO - 2024-01-12 10:06:33 --> Session: Class initialized using 'CodeIgniter\Session\Handlers\FileHandler' driver.
INFO - 2024-01-12 10:06:35 --> Session: Class initialized using 'CodeIgniter\Session\Handlers\FileHandler' driver.
INFO - 2024-01-12 10:06:35 --> Session: Class initialized using 'CodeIgniter\Session\Handlers\FileHandler' driver.
INFO - 2024-01-12 10:09:55 --> Session: Class initialized using 'CodeIgniter\Session\Handlers\FileHandler' driver.
INFO - 2024-01-12 10:09:56 --> Session: Class initialized using 'CodeIgniter\Session\Handlers\FileHandler' driver.
INFO - 2024-01-12 10:09:57 --> Session: Class initialized using 'CodeIgniter\Session\Handlers\FileHandler' driver.
INFO - 2024-01-12 10:09:58 --> Session: Class initialized using 'CodeIgniter\Session\Handlers\FileHandler' driver.
INFO - 2024-01-12 10:10:14 --> Session: Class initialized using 'CodeIgniter\Session\Handlers\FileHandler' driver.
INFO - 2024-01-12 10:10:17 --> Session: Class initialized using 'CodeIgniter\Session\Handlers\FileHandler' driver.
INFO - 2024-01-12 10:10:17 --> Session: Class initialized using 'CodeIgniter\Session\Handlers\FileHandler' driver.
INFO - 2024-01-12 10:10:56 --> Session: Class initialized using 'CodeIgniter\Session\Handlers\FileHandler' driver.
INFO - 2024-01-12 10:10:57 --> Session: Class initialized using 'CodeIgniter\Session\Handlers\FileHandler' driver.
INFO - 2024-01-12 10:10:58 --> Session: Class initialized using 'CodeIgniter\Session\Handlers\FileHandler' driver.
INFO - 2024-01-12 10:10:59 --> Session: Class initialized using 'CodeIgniter\Session\Handlers\FileHandler' driver.
INFO - 2024-01-12 10:12:07 --> Session: Class initialized using 'CodeIgniter\Session\Handlers\FileHandler' driver.
INFO - 2024-01-12 10:12:08 --> Session: Class initialized using 'CodeIgniter\Session\Handlers\FileHandler' driver.
INFO - 2024-01-12 10:12:11 --> Session: Class initialized using 'CodeIgniter\Session\Handlers\FileHandler' driver.
INFO - 2024-01-12 10:12:11 --> Session: Class initialized using 'CodeIgniter\Session\Handlers\FileHandler' driver.
INFO - 2024-01-12 10:12:13 --> Session: Class initialized using 'CodeIgniter\Session\Handlers\FileHandler' driver.
INFO - 2024-01-12 10:12:14 --> Session: Class initialized using 'CodeIgniter\Session\Handlers\FileHandler' driver.
INFO - 2024-01-12 10:12:38 --> Session: Class initialized using 'CodeIgniter\Session\Handlers\FileHandler' driver.
INFO - 2024-01-12 10:12:39 --> Session: Class initialized using 'CodeIgniter\Session\Handlers\FileHandler' driver.
INFO - 2024-01-12 10:12:46 --> Session: Class initialized using 'CodeIgniter\Session\Handlers\FileHandler' driver.
INFO - 2024-01-12 10:13:23 --> Session: Class initialized using 'CodeIgniter\Session\Handlers\FileHandler' driver.
INFO - 2024-01-12 10:13:47 --> Session: Class initialized using 'CodeIgniter\Session\Handlers\FileHandler' driver.
INFO - 2024-01-12 10:14:36 --> Session: Class initialized using 'CodeIgniter\Session\Handlers\FileHandler' driver.
INFO - 2024-01-12 10:14:39 --> Session: Class initialized using 'CodeIgniter\Session\Handlers\FileHandler' driver.
INFO - 2024-01-12 10:14:41 --> Session: Class initialized using 'CodeIgniter\Session\Handlers\FileHandler' driver.
INFO - 2024-01-12 10:14:41 --> Session: Class initialized using 'CodeIgniter\Session\Handlers\FileHandler' driver.
INFO - 2024-01-12 10:15:05 --> Session: Class initialized using 'CodeIgniter\Session\Handlers\FileHandler' driver.
INFO - 2024-01-12 10:15:07 --> Session: Class initialized using 'CodeIgniter\Session\Handlers\FileHandler' driver.
INFO - 2024-01-12 10:15:07 --> Session: Class initialized using 'CodeIgniter\Session\Handlers\FileHandler' driver.
INFO - 2024-01-12 10:15:56 --> Session: Class initialized using 'CodeIgniter\Session\Handlers\FileHandler' driver.
INFO - 2024-01-12 10:15:57 --> Session: Class initialized using 'CodeIgniter\Session\Handlers\FileHandler' driver.
INFO - 2024-01-12 10:15:58 --> Session: Class initialized using 'CodeIgniter\Session\Handlers\FileHandler' driver.
INFO - 2024-01-12 10:16:41 --> Session: Class initialized using 'CodeIgniter\Session\Handlers\FileHandler' driver.
INFO - 2024-01-12 10:16:44 --> Session: Class initialized using 'CodeIgniter\Session\Handlers\FileHandler' driver.
INFO - 2024-01-12 10:16:44 --> Session: Class initialized using 'CodeIgniter\Session\Handlers\FileHandler' driver.
INFO - 2024-01-12 10:17:02 --> Session: Class initialized using 'CodeIgniter\Session\Handlers\FileHandler' driver.
INFO - 2024-01-12 10:17:05 --> Session: Class initialized using 'CodeIgniter\Session\Handlers\FileHandler' driver.
INFO - 2024-01-12 10:17:05 --> Session: Class initialized using 'CodeIgniter\Session\Handlers\FileHandler' driver.
INFO - 2024-01-12 10:17:07 --> Session: Class initialized using 'CodeIgniter\Session\Handlers\FileHandler' driver.
INFO - 2024-01-12 10:17:11 --> Session: Class initialized using 'CodeIgniter\Session\Handlers\FileHandler' driver.
INFO - 2024-01-12 10:17:12 --> Session: Class initialized using 'CodeIgniter\Session\Handlers\FileHandler' driver.
INFO - 2024-01-12 10:17:13 --> Session: Class initialized using 'CodeIgniter\Session\Handlers\FileHandler' driver.
INFO - 2024-01-12 10:17:15 --> Session: Class initialized using 'CodeIgniter\Session\Handlers\FileHandler' driver.
INFO - 2024-01-12 10:17:15 --> Session: Class initialized using 'CodeIgniter\Session\Handlers\FileHandler' driver.
INFO - 2024-01-12 10:18:10 --> Session: Class initialized using 'CodeIgniter\Session\Handlers\FileHandler' driver.
INFO - 2024-01-12 10:18:10 --> Session: Class initialized using 'CodeIgniter\Session\Handlers\FileHandler' driver.
INFO - 2024-01-12 10:18:12 --> Session: Class initialized using 'CodeIgniter\Session\Handlers\FileHandler' driver.
INFO - 2024-01-12 10:18:12 --> Session: Class initialized using 'CodeIgniter\Session\Handlers\FileHandler' driver.
INFO - 2024-01-12 10:18:47 --> Session: Class initialized using 'CodeIgniter\Session\Handlers\FileHandler' driver.
INFO - 2024-01-12 10:18:48 --> Session: Class initialized using 'CodeIgniter\Session\Handlers\FileHandler' driver.
INFO - 2024-01-12 10:18:51 --> Session: Class initialized using 'CodeIgniter\Session\Handlers\FileHandler' driver.
INFO - 2024-01-12 10:18:51 --> Session: Class initialized using 'CodeIgniter\Session\Handlers\FileHandler' driver.
INFO - 2024-01-12 22:53:41 --> Session: Class initialized using 'CodeIgniter\Session\Handlers\FileHandler' driver.
INFO - 2024-01-12 22:53:41 --> Session: Class initialized using 'CodeIgniter\Session\Handlers\FileHandler' driver.
INFO - 2024-01-12 22:53:45 --> Session: Class initialized using 'CodeIgniter\Session\Handlers\FileHandler' driver.
INFO - 2024-01-12 22:53:45 --> Session: Class initialized using 'CodeIgniter\Session\Handlers\FileHandler' driver.
INFO - 2024-01-12 22:53:46 --> Session: Class initialized using 'CodeIgniter\Session\Handlers\FileHandler' driver.
INFO - 2024-01-12 22:53:47 --> Session: Class initialized using 'CodeIgniter\Session\Handlers\FileHandler' driver.
INFO - 2024-01-12 22:53:47 --> Session: Class initialized using 'CodeIgniter\Session\Handlers\FileHandler' driver.
INFO - 2024-01-12 22:54:14 --> Session: Class initialized using 'CodeIgniter\Session\Handlers\FileHandler' driver.
INFO - 2024-01-12 22:54:14 --> Session: Class initialized using 'CodeIgniter\Session\Handlers\FileHandler' driver.
INFO - 2024-01-12 22:54:19 --> Session: Class initialized using 'CodeIgniter\Session\Handlers\FileHandler' driver.
INFO - 2024-01-12 22:54:19 --> Session: Class initialized using 'CodeIgniter\Session\Handlers\FileHandler' driver.
INFO - 2024-01-12 22:54:20 --> Session: Class initialized using 'CodeIgniter\Session\Handlers\FileHandler' driver.
INFO - 2024-01-12 22:54:21 --> Session: Class initialized using 'CodeIgniter\Session\Handlers\FileHandler' driver.
INFO - 2024-01-12 22:54:22 --> Session: Class initialized using 'CodeIgniter\Session\Handlers\FileHandler' driver.
INFO - 2024-01-12 22:54:26 --> Session: Class initialized using 'CodeIgniter\Session\Handlers\FileHandler' driver.
INFO - 2024-01-12 22:54:26 --> Session: Class initialized using 'CodeIgniter\Session\Handlers\FileHandler' driver.
INFO - 2024-01-12 22:54:26 --> Session: Class initialized using 'CodeIgniter\Session\Handlers\FileHandler' driver.
INFO - 2024-01-12 22:54:27 --> Session: Class initialized using 'CodeIgniter\Session\Handlers\FileHandler' driver.
INFO - 2024-01-12 22:54:27 --> Session: Class initialized using 'CodeIgniter\Session\Handlers\FileHandler' driver.
INFO - 2024-01-12 22:54:27 --> Session: Class initialized using 'CodeIgniter\Session\Handlers\FileHandler' driver.
INFO - 2024-01-12 22:54:29 --> Session: Class initialized using 'CodeIgniter\Session\Handlers\FileHandler' driver.
INFO - 2024-01-12 22:54:29 --> Session: Class initialized using 'CodeIgniter\Session\Handlers\FileHandler' driver.
INFO - 2024-01-12 22:54:30 --> Session: Class initialized using 'CodeIgniter\Session\Handlers\FileHandler' driver.
INFO - 2024-01-12 22:54:30 --> Session: Class initialized using 'CodeIgniter\Session\Handlers\FileHandler' driver.
INFO - 2024-01-12 22:54:49 --> Session: Class initialized using 'CodeIgniter\Session\Handlers\FileHandler' driver.
INFO - 2024-01-12 22:54:49 --> Session: Class initialized using 'CodeIgniter\Session\Handlers\FileHandler' driver.
INFO - 2024-01-12 22:54:50 --> Session: Class initialized using 'CodeIgniter\Session\Handlers\FileHandler' driver.
INFO - 2024-01-12 22:54:50 --> Session: Class initialized using 'CodeIgniter\Session\Handlers\FileHandler' driver.
INFO - 2024-01-12 22:54:55 --> Session: Class initialized using 'CodeIgniter\Session\Handlers\FileHandler' driver.
INFO - 2024-01-12 22:54:56 --> Session: Class initialized using 'CodeIgniter\Session\Handlers\FileHandler' driver.
INFO - 2024-01-12 22:55:00 --> Session: Class initialized using 'CodeIgniter\Session\Handlers\FileHandler' driver.
INFO - 2024-01-12 22:55:00 --> Session: Class initialized using 'CodeIgniter\Session\Handlers\FileHandler' driver.
INFO - 2024-01-12 22:55:05 --> Session: Class initialized using 'CodeIgniter\Session\Handlers\FileHandler' driver.
INFO - 2024-01-12 22:55:06 --> Session: Class initialized using 'CodeIgniter\Session\Handlers\FileHandler' driver.
INFO - 2024-01-12 22:55:08 --> Session: Class initialized using 'CodeIgniter\Session\Handlers\FileHandler' driver.
INFO - 2024-01-12 22:55:08 --> Session: Class initialized using 'CodeIgniter\Session\Handlers\FileHandler' driver.
INFO - 2024-01-12 22:55:52 --> Session: Class initialized using 'CodeIgniter\Session\Handlers\FileHandler' driver.
INFO - 2024-01-12 22:55:58 --> Session: Class initialized using 'CodeIgniter\Session\Handlers\FileHandler' driver.
INFO - 2024-01-12 22:55:59 --> Session: Class initialized using 'CodeIgniter\Session\Handlers\FileHandler' driver.
INFO - 2024-01-12 22:58:51 --> Session: Class initialized using 'CodeIgniter\Session\Handlers\FileHandler' driver.
INFO - 2024-01-12 22:59:07 --> Session: Class initialized using 'CodeIgniter\Session\Handlers\FileHandler' driver.
INFO - 2024-01-12 22:59:07 --> Session: Class initialized using 'CodeIgniter\Session\Handlers\FileHandler' driver.
INFO - 2024-01-12 22:59:32 --> Session: Class initialized using 'CodeIgniter\Session\Handlers\FileHandler' driver.
INFO - 2024-01-12 22:59:35 --> Session: Class initialized using 'CodeIgniter\Session\Handlers\FileHandler' driver.
INFO - 2024-01-12 22:59:35 --> Session: Class initialized using 'CodeIgniter\Session\Handlers\FileHandler' driver.
INFO - 2024-01-12 23:00:21 --> Session: Class initialized using 'CodeIgniter\Session\Handlers\FileHandler' driver.
INFO - 2024-01-12 23:00:22 --> Session: Class initialized using 'CodeIgniter\Session\Handlers\FileHandler' driver.
INFO - 2024-01-12 23:01:11 --> Session: Class initialized using 'CodeIgniter\Session\Handlers\FileHandler' driver.
INFO - 2024-01-12 23:01:12 --> Session: Class initialized using 'CodeIgniter\Session\Handlers\FileHandler' driver.
INFO - 2024-01-12 23:01:14 --> Session: Class initialized using 'CodeIgniter\Session\Handlers\FileHandler' driver.
INFO - 2024-01-12 23:01:14 --> Session: Class initialized using 'CodeIgniter\Session\Handlers\FileHandler' driver.
INFO - 2024-01-12 23:01:15 --> Session: Class initialized using 'CodeIgniter\Session\Handlers\FileHandler' driver.
INFO - 2024-01-12 23:01:16 --> Session: Class initialized using 'CodeIgniter\Session\Handlers\FileHandler' driver.
INFO - 2024-01-12 23:01:17 --> Session: Class initialized using 'CodeIgniter\Session\Handlers\FileHandler' driver.
INFO - 2024-01-12 23:01:18 --> Session: Class initialized using 'CodeIgniter\Session\Handlers\FileHandler' driver.
INFO - 2024-01-12 23:01:20 --> Session: Class initialized using 'CodeIgniter\Session\Handlers\FileHandler' driver.
INFO - 2024-01-12 23:01:21 --> Session: Class initialized using 'CodeIgniter\Session\Handlers\FileHandler' driver.
INFO - 2024-01-12 23:01:57 --> Session: Class initialized using 'CodeIgniter\Session\Handlers\FileHandler' driver.
INFO - 2024-01-12 23:01:57 --> Session: Class initialized using 'CodeIgniter\Session\Handlers\FileHandler' driver.
INFO - 2024-01-12 23:01:58 --> Session: Class initialized using 'CodeIgniter\Session\Handlers\FileHandler' driver.
INFO - 2024-01-12 23:01:58 --> Session: Class initialized using 'CodeIgniter\Session\Handlers\FileHandler' driver.
INFO - 2024-01-12 23:01:59 --> Session: Class initialized using 'CodeIgniter\Session\Handlers\FileHandler' driver.
INFO - 2024-01-12 23:01:59 --> Session: Class initialized using 'CodeIgniter\Session\Handlers\FileHandler' driver.
INFO - 2024-01-12 23:02:03 --> Session: Class initialized using 'CodeIgniter\Session\Handlers\FileHandler' driver.
INFO - 2024-01-12 23:02:03 --> Session: Class initialized using 'CodeIgniter\Session\Handlers\FileHandler' driver.
INFO - 2024-01-12 23:02:26 --> Session: Class initialized using 'CodeIgniter\Session\Handlers\FileHandler' driver.
INFO - 2024-01-12 23:02:27 --> Session: Class initialized using 'CodeIgniter\Session\Handlers\FileHandler' driver.
INFO - 2024-01-12 23:02:30 --> Session: Class initialized using 'CodeIgniter\Session\Handlers\FileHandler' driver.
INFO - 2024-01-12 23:02:33 --> Session: Class initialized using 'CodeIgniter\Session\Handlers\FileHandler' driver.
INFO - 2024-01-12 23:02:33 --> Session: Class initialized using 'CodeIgniter\Session\Handlers\FileHandler' driver.
INFO - 2024-01-12 23:02:54 --> Session: Class initialized using 'CodeIgniter\Session\Handlers\FileHandler' driver.
INFO - 2024-01-12 23:02:55 --> Session: Class initialized using 'CodeIgniter\Session\Handlers\FileHandler' driver.
INFO - 2024-01-12 23:03:13 --> Session: Class initialized using 'CodeIgniter\Session\Handlers\FileHandler' driver.
INFO - 2024-01-12 23:03:13 --> Session: Class initialized using 'CodeIgniter\Session\Handlers\FileHandler' driver.
INFO - 2024-01-12 23:03:52 --> Session: Class initialized using 'CodeIgniter\Session\Handlers\FileHandler' driver.
INFO - 2024-01-12 23:03:52 --> Session: Class initialized using 'CodeIgniter\Session\Handlers\FileHandler' driver.
INFO - 2024-01-12 23:04:29 --> Session: Class initialized using 'CodeIgniter\Session\Handlers\FileHandler' driver.
INFO - 2024-01-12 23:04:30 --> Session: Class initialized using 'CodeIgniter\Session\Handlers\FileHandler' driver.
