INFO - 2024-01-22 00:31:52 --> Session: Class initialized using 'CodeIgniter\Session\Handlers\FileHandler' driver.
INFO - 2024-01-22 00:31:52 --> Session: Class initialized using 'CodeIgniter\Session\Handlers\FileHandler' driver.
INFO - 2024-01-22 00:32:00 --> Session: Class initialized using 'CodeIgniter\Session\Handlers\FileHandler' driver.
INFO - 2024-01-22 00:32:00 --> Session: Class initialized using 'CodeIgniter\Session\Handlers\FileHandler' driver.
INFO - 2024-01-22 00:32:01 --> Session: Class initialized using 'CodeIgniter\Session\Handlers\FileHandler' driver.
INFO - 2024-01-22 00:32:03 --> Session: Class initialized using 'CodeIgniter\Session\Handlers\FileHandler' driver.
INFO - 2024-01-22 00:32:03 --> Session: Class initialized using 'CodeIgniter\Session\Handlers\FileHandler' driver.
INFO - 2024-01-22 00:44:59 --> Session: Class initialized using 'CodeIgniter\Session\Handlers\FileHandler' driver.
INFO - 2024-01-22 00:45:00 --> Session: Class initialized using 'CodeIgniter\Session\Handlers\FileHandler' driver.
INFO - 2024-01-22 00:49:31 --> Session: Class initialized using 'CodeIgniter\Session\Handlers\FileHandler' driver.
INFO - 2024-01-22 00:49:32 --> Session: Class initialized using 'CodeIgniter\Session\Handlers\FileHandler' driver.
INFO - 2024-01-22 00:50:09 --> Session: Class initialized using 'CodeIgniter\Session\Handlers\FileHandler' driver.
INFO - 2024-01-22 00:50:09 --> Session: Class initialized using 'CodeIgniter\Session\Handlers\FileHandler' driver.
INFO - 2024-01-22 00:50:10 --> Session: Class initialized using 'CodeIgniter\Session\Handlers\FileHandler' driver.
INFO - 2024-01-22 00:50:10 --> Session: Class initialized using 'CodeIgniter\Session\Handlers\FileHandler' driver.
INFO - 2024-01-22 00:50:11 --> Session: Class initialized using 'CodeIgniter\Session\Handlers\FileHandler' driver.
INFO - 2024-01-22 00:50:13 --> Session: Class initialized using 'CodeIgniter\Session\Handlers\FileHandler' driver.
INFO - 2024-01-22 00:50:14 --> Session: Class initialized using 'CodeIgniter\Session\Handlers\FileHandler' driver.
INFO - 2024-01-22 00:50:19 --> Session: Class initialized using 'CodeIgniter\Session\Handlers\FileHandler' driver.
INFO - 2024-01-22 00:50:19 --> Session: Class initialized using 'CodeIgniter\Session\Handlers\FileHandler' driver.
INFO - 2024-01-22 00:50:19 --> Session: Class initialized using 'CodeIgniter\Session\Handlers\FileHandler' driver.
INFO - 2024-01-22 00:51:26 --> Session: Class initialized using 'CodeIgniter\Session\Handlers\FileHandler' driver.
INFO - 2024-01-22 00:51:26 --> Session: Class initialized using 'CodeIgniter\Session\Handlers\FileHandler' driver.
INFO - 2024-01-22 00:51:41 --> Session: Class initialized using 'CodeIgniter\Session\Handlers\FileHandler' driver.
INFO - 2024-01-22 00:52:15 --> Session: Class initialized using 'CodeIgniter\Session\Handlers\FileHandler' driver.
INFO - 2024-01-22 00:52:15 --> Session: Class initialized using 'CodeIgniter\Session\Handlers\FileHandler' driver.
INFO - 2024-01-22 00:52:17 --> Session: Class initialized using 'CodeIgniter\Session\Handlers\FileHandler' driver.
INFO - 2024-01-22 00:52:24 --> Session: Class initialized using 'CodeIgniter\Session\Handlers\FileHandler' driver.
INFO - 2024-01-22 00:52:25 --> Session: Class initialized using 'CodeIgniter\Session\Handlers\FileHandler' driver.
INFO - 2024-01-22 00:52:25 --> Session: Class initialized using 'CodeIgniter\Session\Handlers\FileHandler' driver.
INFO - 2024-01-22 00:52:26 --> Session: Class initialized using 'CodeIgniter\Session\Handlers\FileHandler' driver.
INFO - 2024-01-22 00:52:31 --> Session: Class initialized using 'CodeIgniter\Session\Handlers\FileHandler' driver.
INFO - 2024-01-22 00:56:50 --> Session: Class initialized using 'CodeIgniter\Session\Handlers\FileHandler' driver.
INFO - 2024-01-22 00:56:51 --> Session: Class initialized using 'CodeIgniter\Session\Handlers\FileHandler' driver.
INFO - 2024-01-22 00:56:52 --> Session: Class initialized using 'CodeIgniter\Session\Handlers\FileHandler' driver.
INFO - 2024-01-22 00:56:54 --> Session: Class initialized using 'CodeIgniter\Session\Handlers\FileHandler' driver.
INFO - 2024-01-22 00:56:55 --> Session: Class initialized using 'CodeIgniter\Session\Handlers\FileHandler' driver.
INFO - 2024-01-22 00:56:57 --> Session: Class initialized using 'CodeIgniter\Session\Handlers\FileHandler' driver.
INFO - 2024-01-22 00:56:57 --> Session: Class initialized using 'CodeIgniter\Session\Handlers\FileHandler' driver.
INFO - 2024-01-22 00:57:07 --> Session: Class initialized using 'CodeIgniter\Session\Handlers\FileHandler' driver.
INFO - 2024-01-22 00:58:07 --> Session: Class initialized using 'CodeIgniter\Session\Handlers\FileHandler' driver.
INFO - 2024-01-22 00:58:07 --> Session: Class initialized using 'CodeIgniter\Session\Handlers\FileHandler' driver.
INFO - 2024-01-22 00:58:08 --> Session: Class initialized using 'CodeIgniter\Session\Handlers\FileHandler' driver.
INFO - 2024-01-22 00:58:09 --> Session: Class initialized using 'CodeIgniter\Session\Handlers\FileHandler' driver.
INFO - 2024-01-22 00:58:15 --> Session: Class initialized using 'CodeIgniter\Session\Handlers\FileHandler' driver.
INFO - 2024-01-22 00:58:15 --> Session: Class initialized using 'CodeIgniter\Session\Handlers\FileHandler' driver.
INFO - 2024-01-22 00:58:16 --> Session: Class initialized using 'CodeIgniter\Session\Handlers\FileHandler' driver.
INFO - 2024-01-22 00:59:26 --> Session: Class initialized using 'CodeIgniter\Session\Handlers\FileHandler' driver.
INFO - 2024-01-22 00:59:27 --> Session: Class initialized using 'CodeIgniter\Session\Handlers\FileHandler' driver.
INFO - 2024-01-22 00:59:28 --> Session: Class initialized using 'CodeIgniter\Session\Handlers\FileHandler' driver.
INFO - 2024-01-22 00:59:28 --> Session: Class initialized using 'CodeIgniter\Session\Handlers\FileHandler' driver.
INFO - 2024-01-22 00:59:34 --> Session: Class initialized using 'CodeIgniter\Session\Handlers\FileHandler' driver.
INFO - 2024-01-22 00:59:34 --> Session: Class initialized using 'CodeIgniter\Session\Handlers\FileHandler' driver.
INFO - 2024-01-22 00:59:35 --> Session: Class initialized using 'CodeIgniter\Session\Handlers\FileHandler' driver.
INFO - 2024-01-22 01:01:26 --> Session: Class initialized using 'CodeIgniter\Session\Handlers\FileHandler' driver.
INFO - 2024-01-22 01:01:27 --> Session: Class initialized using 'CodeIgniter\Session\Handlers\FileHandler' driver.
INFO - 2024-01-22 01:01:27 --> Session: Class initialized using 'CodeIgniter\Session\Handlers\FileHandler' driver.
INFO - 2024-01-22 01:01:28 --> Session: Class initialized using 'CodeIgniter\Session\Handlers\FileHandler' driver.
INFO - 2024-01-22 01:01:32 --> Session: Class initialized using 'CodeIgniter\Session\Handlers\FileHandler' driver.
INFO - 2024-01-22 01:02:16 --> Session: Class initialized using 'CodeIgniter\Session\Handlers\FileHandler' driver.
INFO - 2024-01-22 01:02:16 --> Session: Class initialized using 'CodeIgniter\Session\Handlers\FileHandler' driver.
INFO - 2024-01-22 01:02:18 --> Session: Class initialized using 'CodeIgniter\Session\Handlers\FileHandler' driver.
INFO - 2024-01-22 01:02:19 --> Session: Class initialized using 'CodeIgniter\Session\Handlers\FileHandler' driver.
INFO - 2024-01-22 01:02:24 --> Session: Class initialized using 'CodeIgniter\Session\Handlers\FileHandler' driver.
INFO - 2024-01-22 01:04:58 --> Session: Class initialized using 'CodeIgniter\Session\Handlers\FileHandler' driver.
INFO - 2024-01-22 01:04:59 --> Session: Class initialized using 'CodeIgniter\Session\Handlers\FileHandler' driver.
INFO - 2024-01-22 01:05:02 --> Session: Class initialized using 'CodeIgniter\Session\Handlers\FileHandler' driver.
INFO - 2024-01-22 01:12:06 --> Session: Class initialized using 'CodeIgniter\Session\Handlers\FileHandler' driver.
INFO - 2024-01-22 01:12:07 --> Session: Class initialized using 'CodeIgniter\Session\Handlers\FileHandler' driver.
INFO - 2024-01-22 01:12:08 --> Session: Class initialized using 'CodeIgniter\Session\Handlers\FileHandler' driver.
INFO - 2024-01-22 01:12:34 --> Session: Class initialized using 'CodeIgniter\Session\Handlers\FileHandler' driver.
INFO - 2024-01-22 01:12:34 --> Session: Class initialized using 'CodeIgniter\Session\Handlers\FileHandler' driver.
INFO - 2024-01-22 01:12:35 --> Session: Class initialized using 'CodeIgniter\Session\Handlers\FileHandler' driver.
INFO - 2024-01-22 01:12:43 --> Session: Class initialized using 'CodeIgniter\Session\Handlers\FileHandler' driver.
INFO - 2024-01-22 01:12:44 --> Session: Class initialized using 'CodeIgniter\Session\Handlers\FileHandler' driver.
INFO - 2024-01-22 01:12:45 --> Session: Class initialized using 'CodeIgniter\Session\Handlers\FileHandler' driver.
INFO - 2024-01-22 01:15:00 --> Session: Class initialized using 'CodeIgniter\Session\Handlers\FileHandler' driver.
INFO - 2024-01-22 01:15:01 --> Session: Class initialized using 'CodeIgniter\Session\Handlers\FileHandler' driver.
INFO - 2024-01-22 01:15:06 --> Session: Class initialized using 'CodeIgniter\Session\Handlers\FileHandler' driver.
INFO - 2024-01-22 01:16:52 --> Session: Class initialized using 'CodeIgniter\Session\Handlers\FileHandler' driver.
INFO - 2024-01-22 01:16:53 --> Session: Class initialized using 'CodeIgniter\Session\Handlers\FileHandler' driver.
INFO - 2024-01-22 01:16:56 --> Session: Class initialized using 'CodeIgniter\Session\Handlers\FileHandler' driver.
INFO - 2024-01-22 01:18:58 --> Session: Class initialized using 'CodeIgniter\Session\Handlers\FileHandler' driver.
INFO - 2024-01-22 01:18:58 --> Session: Class initialized using 'CodeIgniter\Session\Handlers\FileHandler' driver.
INFO - 2024-01-22 01:18:59 --> Session: Class initialized using 'CodeIgniter\Session\Handlers\FileHandler' driver.
INFO - 2024-01-22 01:19:00 --> Session: Class initialized using 'CodeIgniter\Session\Handlers\FileHandler' driver.
INFO - 2024-01-22 01:19:04 --> Session: Class initialized using 'CodeIgniter\Session\Handlers\FileHandler' driver.
INFO - 2024-01-22 01:19:15 --> Session: Class initialized using 'CodeIgniter\Session\Handlers\FileHandler' driver.
INFO - 2024-01-22 01:19:16 --> Session: Class initialized using 'CodeIgniter\Session\Handlers\FileHandler' driver.
INFO - 2024-01-22 01:19:16 --> Session: Class initialized using 'CodeIgniter\Session\Handlers\FileHandler' driver.
INFO - 2024-01-22 01:19:17 --> Session: Class initialized using 'CodeIgniter\Session\Handlers\FileHandler' driver.
INFO - 2024-01-22 01:19:18 --> Session: Class initialized using 'CodeIgniter\Session\Handlers\FileHandler' driver.
INFO - 2024-01-22 01:20:41 --> Session: Class initialized using 'CodeIgniter\Session\Handlers\FileHandler' driver.
INFO - 2024-01-22 01:20:42 --> Session: Class initialized using 'CodeIgniter\Session\Handlers\FileHandler' driver.
INFO - 2024-01-22 01:20:46 --> Session: Class initialized using 'CodeIgniter\Session\Handlers\FileHandler' driver.
INFO - 2024-01-22 01:21:11 --> Session: Class initialized using 'CodeIgniter\Session\Handlers\FileHandler' driver.
INFO - 2024-01-22 01:21:12 --> Session: Class initialized using 'CodeIgniter\Session\Handlers\FileHandler' driver.
INFO - 2024-01-22 01:21:13 --> Session: Class initialized using 'CodeIgniter\Session\Handlers\FileHandler' driver.
INFO - 2024-01-22 01:21:14 --> Session: Class initialized using 'CodeIgniter\Session\Handlers\FileHandler' driver.
INFO - 2024-01-22 01:21:22 --> Session: Class initialized using 'CodeIgniter\Session\Handlers\FileHandler' driver.
INFO - 2024-01-22 01:23:09 --> Session: Class initialized using 'CodeIgniter\Session\Handlers\FileHandler' driver.
INFO - 2024-01-22 01:23:09 --> Session: Class initialized using 'CodeIgniter\Session\Handlers\FileHandler' driver.
INFO - 2024-01-22 01:23:11 --> Session: Class initialized using 'CodeIgniter\Session\Handlers\FileHandler' driver.
CRITICAL - 2024-01-22 01:23:11 --> Call to a member function getErrorString() on null
in APPPATH/Controllers/MahasiswaPraktikPengganti.php on line 79.
 1 SYSTEMPATH/CodeIgniter.php(942): App\Controllers\MahasiswaPraktikPengganti->ajukanStore()
 2 SYSTEMPATH/CodeIgniter.php(502): CodeIgniter\CodeIgniter->runController(Object(App\Controllers\MahasiswaPraktikPengganti))
 3 SYSTEMPATH/CodeIgniter.php(361): CodeIgniter\CodeIgniter->handleRequest(null, Object(Config\Cache), false)
 4 FCPATH/index.php(79): CodeIgniter\CodeIgniter->run()
 5 SYSTEMPATH/Commands/Server/rewrite.php(47): require_once('/Applications/XAMPP/xamppfiles/htdocs/pembelajaran/public/index.php')
INFO - 2024-01-22 01:29:21 --> Session: Class initialized using 'CodeIgniter\Session\Handlers\FileHandler' driver.
INFO - 2024-01-22 01:29:21 --> Session: Class initialized using 'CodeIgniter\Session\Handlers\FileHandler' driver.
INFO - 2024-01-22 01:29:22 --> Session: Class initialized using 'CodeIgniter\Session\Handlers\FileHandler' driver.
INFO - 2024-01-22 01:29:22 --> Session: Class initialized using 'CodeIgniter\Session\Handlers\FileHandler' driver.
INFO - 2024-01-22 01:29:27 --> Session: Class initialized using 'CodeIgniter\Session\Handlers\FileHandler' driver.
INFO - 2024-01-22 01:29:27 --> Session: Class initialized using 'CodeIgniter\Session\Handlers\FileHandler' driver.
INFO - 2024-01-22 01:29:27 --> Session: Class initialized using 'CodeIgniter\Session\Handlers\FileHandler' driver.
INFO - 2024-01-22 01:30:58 --> Session: Class initialized using 'CodeIgniter\Session\Handlers\FileHandler' driver.
INFO - 2024-01-22 01:30:58 --> Session: Class initialized using 'CodeIgniter\Session\Handlers\FileHandler' driver.
INFO - 2024-01-22 01:30:59 --> Session: Class initialized using 'CodeIgniter\Session\Handlers\FileHandler' driver.
INFO - 2024-01-22 01:30:59 --> Session: Class initialized using 'CodeIgniter\Session\Handlers\FileHandler' driver.
INFO - 2024-01-22 01:31:06 --> Session: Class initialized using 'CodeIgniter\Session\Handlers\FileHandler' driver.
INFO - 2024-01-22 01:31:06 --> Session: Class initialized using 'CodeIgniter\Session\Handlers\FileHandler' driver.
INFO - 2024-01-22 01:31:06 --> Session: Class initialized using 'CodeIgniter\Session\Handlers\FileHandler' driver.
INFO - 2024-01-22 01:31:58 --> Session: Class initialized using 'CodeIgniter\Session\Handlers\FileHandler' driver.
INFO - 2024-01-22 01:31:58 --> Session: Class initialized using 'CodeIgniter\Session\Handlers\FileHandler' driver.
INFO - 2024-01-22 01:31:59 --> Session: Class initialized using 'CodeIgniter\Session\Handlers\FileHandler' driver.
INFO - 2024-01-22 01:32:00 --> Session: Class initialized using 'CodeIgniter\Session\Handlers\FileHandler' driver.
INFO - 2024-01-22 01:32:07 --> Session: Class initialized using 'CodeIgniter\Session\Handlers\FileHandler' driver.
INFO - 2024-01-22 01:32:24 --> Session: Class initialized using 'CodeIgniter\Session\Handlers\FileHandler' driver.
INFO - 2024-01-22 01:32:24 --> Session: Class initialized using 'CodeIgniter\Session\Handlers\FileHandler' driver.
INFO - 2024-01-22 01:32:26 --> Session: Class initialized using 'CodeIgniter\Session\Handlers\FileHandler' driver.
INFO - 2024-01-22 01:32:34 --> Session: Class initialized using 'CodeIgniter\Session\Handlers\FileHandler' driver.
INFO - 2024-01-22 01:32:34 --> Session: Class initialized using 'CodeIgniter\Session\Handlers\FileHandler' driver.
INFO - 2024-01-22 01:32:35 --> Session: Class initialized using 'CodeIgniter\Session\Handlers\FileHandler' driver.
INFO - 2024-01-22 01:32:48 --> Session: Class initialized using 'CodeIgniter\Session\Handlers\FileHandler' driver.
INFO - 2024-01-22 01:32:49 --> Session: Class initialized using 'CodeIgniter\Session\Handlers\FileHandler' driver.
INFO - 2024-01-22 01:32:50 --> Session: Class initialized using 'CodeIgniter\Session\Handlers\FileHandler' driver.
INFO - 2024-01-22 01:33:44 --> Session: Class initialized using 'CodeIgniter\Session\Handlers\FileHandler' driver.
INFO - 2024-01-22 01:33:44 --> Session: Class initialized using 'CodeIgniter\Session\Handlers\FileHandler' driver.
INFO - 2024-01-22 01:33:45 --> Session: Class initialized using 'CodeIgniter\Session\Handlers\FileHandler' driver.
INFO - 2024-01-22 01:34:21 --> Session: Class initialized using 'CodeIgniter\Session\Handlers\FileHandler' driver.
INFO - 2024-01-22 01:34:21 --> Session: Class initialized using 'CodeIgniter\Session\Handlers\FileHandler' driver.
INFO - 2024-01-22 01:34:22 --> Session: Class initialized using 'CodeIgniter\Session\Handlers\FileHandler' driver.
INFO - 2024-01-22 01:34:39 --> Session: Class initialized using 'CodeIgniter\Session\Handlers\FileHandler' driver.
INFO - 2024-01-22 01:34:39 --> Session: Class initialized using 'CodeIgniter\Session\Handlers\FileHandler' driver.
INFO - 2024-01-22 01:34:40 --> Session: Class initialized using 'CodeIgniter\Session\Handlers\FileHandler' driver.
INFO - 2024-01-22 01:36:04 --> Session: Class initialized using 'CodeIgniter\Session\Handlers\FileHandler' driver.
INFO - 2024-01-22 01:36:04 --> Session: Class initialized using 'CodeIgniter\Session\Handlers\FileHandler' driver.
INFO - 2024-01-22 01:36:05 --> Session: Class initialized using 'CodeIgniter\Session\Handlers\FileHandler' driver.
INFO - 2024-01-22 01:36:05 --> Session: Class initialized using 'CodeIgniter\Session\Handlers\FileHandler' driver.
INFO - 2024-01-22 01:36:10 --> Session: Class initialized using 'CodeIgniter\Session\Handlers\FileHandler' driver.
INFO - 2024-01-22 01:36:10 --> Session: Class initialized using 'CodeIgniter\Session\Handlers\FileHandler' driver.
INFO - 2024-01-22 01:36:11 --> Session: Class initialized using 'CodeIgniter\Session\Handlers\FileHandler' driver.
INFO - 2024-01-22 01:36:19 --> Session: Class initialized using 'CodeIgniter\Session\Handlers\FileHandler' driver.
INFO - 2024-01-22 01:36:19 --> Session: Class initialized using 'CodeIgniter\Session\Handlers\FileHandler' driver.
INFO - 2024-01-22 01:36:55 --> Session: Class initialized using 'CodeIgniter\Session\Handlers\FileHandler' driver.
INFO - 2024-01-22 01:36:55 --> Session: Class initialized using 'CodeIgniter\Session\Handlers\FileHandler' driver.
INFO - 2024-01-22 01:37:05 --> Session: Class initialized using 'CodeIgniter\Session\Handlers\FileHandler' driver.
INFO - 2024-01-22 01:37:05 --> Session: Class initialized using 'CodeIgniter\Session\Handlers\FileHandler' driver.
INFO - 2024-01-22 01:37:06 --> Session: Class initialized using 'CodeIgniter\Session\Handlers\FileHandler' driver.
INFO - 2024-01-22 01:37:09 --> Session: Class initialized using 'CodeIgniter\Session\Handlers\FileHandler' driver.
INFO - 2024-01-22 01:37:09 --> Session: Class initialized using 'CodeIgniter\Session\Handlers\FileHandler' driver.
INFO - 2024-01-22 01:37:09 --> Session: Class initialized using 'CodeIgniter\Session\Handlers\FileHandler' driver.
INFO - 2024-01-22 01:37:10 --> Session: Class initialized using 'CodeIgniter\Session\Handlers\FileHandler' driver.
INFO - 2024-01-22 01:37:17 --> Session: Class initialized using 'CodeIgniter\Session\Handlers\FileHandler' driver.
INFO - 2024-01-22 01:37:21 --> Session: Class initialized using 'CodeIgniter\Session\Handlers\FileHandler' driver.
INFO - 2024-01-22 01:37:21 --> Session: Class initialized using 'CodeIgniter\Session\Handlers\FileHandler' driver.
INFO - 2024-01-22 01:38:23 --> Session: Class initialized using 'CodeIgniter\Session\Handlers\FileHandler' driver.
INFO - 2024-01-22 01:38:23 --> Session: Class initialized using 'CodeIgniter\Session\Handlers\FileHandler' driver.
INFO - 2024-01-22 01:38:25 --> Session: Class initialized using 'CodeIgniter\Session\Handlers\FileHandler' driver.
INFO - 2024-01-22 01:38:25 --> Session: Class initialized using 'CodeIgniter\Session\Handlers\FileHandler' driver.
INFO - 2024-01-22 01:38:36 --> Session: Class initialized using 'CodeIgniter\Session\Handlers\FileHandler' driver.
INFO - 2024-01-22 01:38:36 --> Session: Class initialized using 'CodeIgniter\Session\Handlers\FileHandler' driver.
INFO - 2024-01-22 01:38:48 --> Session: Class initialized using 'CodeIgniter\Session\Handlers\FileHandler' driver.
INFO - 2024-01-22 01:38:48 --> Session: Class initialized using 'CodeIgniter\Session\Handlers\FileHandler' driver.
INFO - 2024-01-22 01:38:49 --> Session: Class initialized using 'CodeIgniter\Session\Handlers\FileHandler' driver.
INFO - 2024-01-22 01:38:49 --> Session: Class initialized using 'CodeIgniter\Session\Handlers\FileHandler' driver.
INFO - 2024-01-22 01:39:04 --> Session: Class initialized using 'CodeIgniter\Session\Handlers\FileHandler' driver.
INFO - 2024-01-22 01:39:04 --> Session: Class initialized using 'CodeIgniter\Session\Handlers\FileHandler' driver.
INFO - 2024-01-22 01:39:59 --> Session: Class initialized using 'CodeIgniter\Session\Handlers\FileHandler' driver.
INFO - 2024-01-22 01:39:59 --> Session: Class initialized using 'CodeIgniter\Session\Handlers\FileHandler' driver.
INFO - 2024-01-22 01:39:59 --> Session: Class initialized using 'CodeIgniter\Session\Handlers\FileHandler' driver.
INFO - 2024-01-22 01:40:29 --> Session: Class initialized using 'CodeIgniter\Session\Handlers\FileHandler' driver.
INFO - 2024-01-22 01:40:29 --> Session: Class initialized using 'CodeIgniter\Session\Handlers\FileHandler' driver.
INFO - 2024-01-22 01:40:34 --> Session: Class initialized using 'CodeIgniter\Session\Handlers\FileHandler' driver.
INFO - 2024-01-22 01:40:34 --> Session: Class initialized using 'CodeIgniter\Session\Handlers\FileHandler' driver.
INFO - 2024-01-22 01:40:39 --> Session: Class initialized using 'CodeIgniter\Session\Handlers\FileHandler' driver.
INFO - 2024-01-22 01:40:39 --> Session: Class initialized using 'CodeIgniter\Session\Handlers\FileHandler' driver.
INFO - 2024-01-22 01:40:42 --> Session: Class initialized using 'CodeIgniter\Session\Handlers\FileHandler' driver.
INFO - 2024-01-22 01:40:42 --> Session: Class initialized using 'CodeIgniter\Session\Handlers\FileHandler' driver.
INFO - 2024-01-22 01:40:43 --> Session: Class initialized using 'CodeIgniter\Session\Handlers\FileHandler' driver.
INFO - 2024-01-22 01:40:44 --> Session: Class initialized using 'CodeIgniter\Session\Handlers\FileHandler' driver.
INFO - 2024-01-22 01:41:06 --> Session: Class initialized using 'CodeIgniter\Session\Handlers\FileHandler' driver.
INFO - 2024-01-22 01:41:11 --> Session: Class initialized using 'CodeIgniter\Session\Handlers\FileHandler' driver.
INFO - 2024-01-22 01:41:11 --> Session: Class initialized using 'CodeIgniter\Session\Handlers\FileHandler' driver.
INFO - 2024-01-22 01:41:12 --> Session: Class initialized using 'CodeIgniter\Session\Handlers\FileHandler' driver.
INFO - 2024-01-22 01:41:21 --> Session: Class initialized using 'CodeIgniter\Session\Handlers\FileHandler' driver.
INFO - 2024-01-22 01:41:21 --> Session: Class initialized using 'CodeIgniter\Session\Handlers\FileHandler' driver.
INFO - 2024-01-22 01:41:26 --> Session: Class initialized using 'CodeIgniter\Session\Handlers\FileHandler' driver.
INFO - 2024-01-22 01:41:27 --> Session: Class initialized using 'CodeIgniter\Session\Handlers\FileHandler' driver.
INFO - 2024-01-22 01:41:48 --> Session: Class initialized using 'CodeIgniter\Session\Handlers\FileHandler' driver.
INFO - 2024-01-22 01:41:48 --> Session: Class initialized using 'CodeIgniter\Session\Handlers\FileHandler' driver.
INFO - 2024-01-22 01:41:50 --> Session: Class initialized using 'CodeIgniter\Session\Handlers\FileHandler' driver.
INFO - 2024-01-22 01:41:51 --> Session: Class initialized using 'CodeIgniter\Session\Handlers\FileHandler' driver.
INFO - 2024-01-22 01:41:52 --> Session: Class initialized using 'CodeIgniter\Session\Handlers\FileHandler' driver.
INFO - 2024-01-22 01:41:53 --> Session: Class initialized using 'CodeIgniter\Session\Handlers\FileHandler' driver.
INFO - 2024-01-22 01:41:57 --> Session: Class initialized using 'CodeIgniter\Session\Handlers\FileHandler' driver.
INFO - 2024-01-22 01:41:57 --> Session: Class initialized using 'CodeIgniter\Session\Handlers\FileHandler' driver.
INFO - 2024-01-22 01:42:00 --> Session: Class initialized using 'CodeIgniter\Session\Handlers\FileHandler' driver.
INFO - 2024-01-22 01:42:01 --> Session: Class initialized using 'CodeIgniter\Session\Handlers\FileHandler' driver.
INFO - 2024-01-22 01:42:03 --> Session: Class initialized using 'CodeIgniter\Session\Handlers\FileHandler' driver.
INFO - 2024-01-22 01:42:04 --> Session: Class initialized using 'CodeIgniter\Session\Handlers\FileHandler' driver.
INFO - 2024-01-22 01:42:05 --> Session: Class initialized using 'CodeIgniter\Session\Handlers\FileHandler' driver.
INFO - 2024-01-22 01:42:05 --> Session: Class initialized using 'CodeIgniter\Session\Handlers\FileHandler' driver.
INFO - 2024-01-22 01:42:27 --> Session: Class initialized using 'CodeIgniter\Session\Handlers\FileHandler' driver.
INFO - 2024-01-22 01:42:27 --> Session: Class initialized using 'CodeIgniter\Session\Handlers\FileHandler' driver.
INFO - 2024-01-22 01:42:29 --> Session: Class initialized using 'CodeIgniter\Session\Handlers\FileHandler' driver.
INFO - 2024-01-22 01:46:07 --> Session: Class initialized using 'CodeIgniter\Session\Handlers\FileHandler' driver.
INFO - 2024-01-22 01:46:07 --> Session: Class initialized using 'CodeIgniter\Session\Handlers\FileHandler' driver.
INFO - 2024-01-22 01:46:23 --> Session: Class initialized using 'CodeIgniter\Session\Handlers\FileHandler' driver.
INFO - 2024-01-22 01:46:23 --> Session: Class initialized using 'CodeIgniter\Session\Handlers\FileHandler' driver.
INFO - 2024-01-22 01:55:26 --> Session: Class initialized using 'CodeIgniter\Session\Handlers\FileHandler' driver.
INFO - 2024-01-22 01:55:27 --> Session: Class initialized using 'CodeIgniter\Session\Handlers\FileHandler' driver.
INFO - 2024-01-22 01:55:28 --> Session: Class initialized using 'CodeIgniter\Session\Handlers\FileHandler' driver.
INFO - 2024-01-22 01:55:28 --> Session: Class initialized using 'CodeIgniter\Session\Handlers\FileHandler' driver.
INFO - 2024-01-22 01:55:30 --> Session: Class initialized using 'CodeIgniter\Session\Handlers\FileHandler' driver.
INFO - 2024-01-22 01:55:31 --> Session: Class initialized using 'CodeIgniter\Session\Handlers\FileHandler' driver.
INFO - 2024-01-22 01:55:33 --> Session: Class initialized using 'CodeIgniter\Session\Handlers\FileHandler' driver.
INFO - 2024-01-22 01:55:34 --> Session: Class initialized using 'CodeIgniter\Session\Handlers\FileHandler' driver.
INFO - 2024-01-22 01:55:35 --> Session: Class initialized using 'CodeIgniter\Session\Handlers\FileHandler' driver.
INFO - 2024-01-22 01:55:35 --> Session: Class initialized using 'CodeIgniter\Session\Handlers\FileHandler' driver.
INFO - 2024-01-22 01:55:53 --> Session: Class initialized using 'CodeIgniter\Session\Handlers\FileHandler' driver.
INFO - 2024-01-22 01:55:53 --> Session: Class initialized using 'CodeIgniter\Session\Handlers\FileHandler' driver.
INFO - 2024-01-22 01:55:55 --> Session: Class initialized using 'CodeIgniter\Session\Handlers\FileHandler' driver.
INFO - 2024-01-22 01:55:55 --> Session: Class initialized using 'CodeIgniter\Session\Handlers\FileHandler' driver.
INFO - 2024-01-22 01:55:57 --> Session: Class initialized using 'CodeIgniter\Session\Handlers\FileHandler' driver.
INFO - 2024-01-22 01:55:57 --> Session: Class initialized using 'CodeIgniter\Session\Handlers\FileHandler' driver.
INFO - 2024-01-22 01:55:59 --> Session: Class initialized using 'CodeIgniter\Session\Handlers\FileHandler' driver.
INFO - 2024-01-22 01:55:59 --> Session: Class initialized using 'CodeIgniter\Session\Handlers\FileHandler' driver.
INFO - 2024-01-22 01:57:07 --> Session: Class initialized using 'CodeIgniter\Session\Handlers\FileHandler' driver.
INFO - 2024-01-22 01:57:08 --> Session: Class initialized using 'CodeIgniter\Session\Handlers\FileHandler' driver.
INFO - 2024-01-22 01:57:39 --> Session: Class initialized using 'CodeIgniter\Session\Handlers\FileHandler' driver.
INFO - 2024-01-22 01:57:39 --> Session: Class initialized using 'CodeIgniter\Session\Handlers\FileHandler' driver.
INFO - 2024-01-22 01:58:34 --> Session: Class initialized using 'CodeIgniter\Session\Handlers\FileHandler' driver.
INFO - 2024-01-22 01:58:34 --> Session: Class initialized using 'CodeIgniter\Session\Handlers\FileHandler' driver.
INFO - 2024-01-22 01:58:39 --> Session: Class initialized using 'CodeIgniter\Session\Handlers\FileHandler' driver.
INFO - 2024-01-22 01:58:40 --> Session: Class initialized using 'CodeIgniter\Session\Handlers\FileHandler' driver.
INFO - 2024-01-22 01:58:41 --> Session: Class initialized using 'CodeIgniter\Session\Handlers\FileHandler' driver.
INFO - 2024-01-22 01:58:43 --> Session: Class initialized using 'CodeIgniter\Session\Handlers\FileHandler' driver.
INFO - 2024-01-22 01:58:44 --> Session: Class initialized using 'CodeIgniter\Session\Handlers\FileHandler' driver.
INFO - 2024-01-22 01:58:47 --> Session: Class initialized using 'CodeIgniter\Session\Handlers\FileHandler' driver.
INFO - 2024-01-22 01:58:58 --> Session: Class initialized using 'CodeIgniter\Session\Handlers\FileHandler' driver.
INFO - 2024-01-22 01:58:59 --> Session: Class initialized using 'CodeIgniter\Session\Handlers\FileHandler' driver.
INFO - 2024-01-22 02:00:22 --> Session: Class initialized using 'CodeIgniter\Session\Handlers\FileHandler' driver.
INFO - 2024-01-22 02:00:23 --> Session: Class initialized using 'CodeIgniter\Session\Handlers\FileHandler' driver.
INFO - 2024-01-22 02:00:23 --> Session: Class initialized using 'CodeIgniter\Session\Handlers\FileHandler' driver.
INFO - 2024-01-22 02:00:24 --> Session: Class initialized using 'CodeIgniter\Session\Handlers\FileHandler' driver.
INFO - 2024-01-22 02:00:26 --> Session: Class initialized using 'CodeIgniter\Session\Handlers\FileHandler' driver.
INFO - 2024-01-22 02:00:26 --> Session: Class initialized using 'CodeIgniter\Session\Handlers\FileHandler' driver.
INFO - 2024-01-22 02:00:29 --> Session: Class initialized using 'CodeIgniter\Session\Handlers\FileHandler' driver.
INFO - 2024-01-22 02:00:29 --> Session: Class initialized using 'CodeIgniter\Session\Handlers\FileHandler' driver.
INFO - 2024-01-22 02:00:53 --> Session: Class initialized using 'CodeIgniter\Session\Handlers\FileHandler' driver.
INFO - 2024-01-22 02:01:00 --> Session: Class initialized using 'CodeIgniter\Session\Handlers\FileHandler' driver.
INFO - 2024-01-22 02:01:05 --> Session: Class initialized using 'CodeIgniter\Session\Handlers\FileHandler' driver.
INFO - 2024-01-22 02:01:05 --> Session: Class initialized using 'CodeIgniter\Session\Handlers\FileHandler' driver.
INFO - 2024-01-22 02:01:06 --> Session: Class initialized using 'CodeIgniter\Session\Handlers\FileHandler' driver.
INFO - 2024-01-22 02:01:11 --> Session: Class initialized using 'CodeIgniter\Session\Handlers\FileHandler' driver.
INFO - 2024-01-22 02:01:11 --> Session: Class initialized using 'CodeIgniter\Session\Handlers\FileHandler' driver.
INFO - 2024-01-22 02:01:15 --> Session: Class initialized using 'CodeIgniter\Session\Handlers\FileHandler' driver.
INFO - 2024-01-22 02:01:15 --> Session: Class initialized using 'CodeIgniter\Session\Handlers\FileHandler' driver.
INFO - 2024-01-22 02:01:19 --> Session: Class initialized using 'CodeIgniter\Session\Handlers\FileHandler' driver.
INFO - 2024-01-22 02:01:19 --> Session: Class initialized using 'CodeIgniter\Session\Handlers\FileHandler' driver.
INFO - 2024-01-22 02:01:28 --> Session: Class initialized using 'CodeIgniter\Session\Handlers\FileHandler' driver.
INFO - 2024-01-22 02:01:28 --> Session: Class initialized using 'CodeIgniter\Session\Handlers\FileHandler' driver.
INFO - 2024-01-22 02:05:44 --> Session: Class initialized using 'CodeIgniter\Session\Handlers\FileHandler' driver.
INFO - 2024-01-22 02:07:27 --> Session: Class initialized using 'CodeIgniter\Session\Handlers\FileHandler' driver.
INFO - 2024-01-22 02:07:36 --> Session: Class initialized using 'CodeIgniter\Session\Handlers\FileHandler' driver.
CRITICAL - 2024-01-22 02:07:36 --> Undefined variable $jam_mulai
in APPPATH/Views/konten/dosen/proses/manual-absen.php on line 67.
 1 APPPATH/Views/konten/dosen/proses/manual-absen.php(67): CodeIgniter\Debug\Exceptions->errorHandler(2, 'Undefined variable $jam_mulai', '/Applications/XAMPP/xamppfiles/htdocs/pembelajaran/app/Views/konten/dosen/proses/manual-absen.php', 67)
 2 SYSTEMPATH/View/View.php(228): include('/Applications/XAMPP/xamppfiles/htdocs/pembelajaran/app/Views/konten/dosen/proses/manual-absen.php')
 3 SYSTEMPATH/View/View.php(231): CodeIgniter\View\View->CodeIgniter\View\{closure}()
 4 SYSTEMPATH/Common.php(1190): CodeIgniter\View\View->render('konten/dosen/proses/manual-absen', [], true)
 5 APPPATH/Controllers/DosenProses.php(105): view('konten/dosen/proses/manual-absen', [...])
 6 SYSTEMPATH/CodeIgniter.php(942): App\Controllers\DosenProses->manualAbsen('M2YzMTAzNTEtZTM4Mi00ZWU5LWIxNmQtY2UxZDI0YjE2NmVh')
 7 SYSTEMPATH/CodeIgniter.php(502): CodeIgniter\CodeIgniter->runController(Object(App\Controllers\DosenProses))
 8 SYSTEMPATH/CodeIgniter.php(361): CodeIgniter\CodeIgniter->handleRequest(null, Object(Config\Cache), false)
 9 FCPATH/index.php(79): CodeIgniter\CodeIgniter->run()
10 SYSTEMPATH/Commands/Server/rewrite.php(47): require_once('/Applications/XAMPP/xamppfiles/htdocs/pembelajaran/public/index.php')
INFO - 2024-01-22 02:08:17 --> Session: Class initialized using 'CodeIgniter\Session\Handlers\FileHandler' driver.
INFO - 2024-01-22 02:08:17 --> Session: Class initialized using 'CodeIgniter\Session\Handlers\FileHandler' driver.
INFO - 2024-01-22 02:08:29 --> Session: Class initialized using 'CodeIgniter\Session\Handlers\FileHandler' driver.
INFO - 2024-01-22 02:08:30 --> Session: Class initialized using 'CodeIgniter\Session\Handlers\FileHandler' driver.
INFO - 2024-01-22 02:12:15 --> Session: Class initialized using 'CodeIgniter\Session\Handlers\FileHandler' driver.
INFO - 2024-01-22 02:12:15 --> Session: Class initialized using 'CodeIgniter\Session\Handlers\FileHandler' driver.
INFO - 2024-01-22 02:12:54 --> Session: Class initialized using 'CodeIgniter\Session\Handlers\FileHandler' driver.
INFO - 2024-01-22 02:12:55 --> Session: Class initialized using 'CodeIgniter\Session\Handlers\FileHandler' driver.
INFO - 2024-01-22 02:13:00 --> Session: Class initialized using 'CodeIgniter\Session\Handlers\FileHandler' driver.
INFO - 2024-01-22 02:13:01 --> Session: Class initialized using 'CodeIgniter\Session\Handlers\FileHandler' driver.
INFO - 2024-01-22 02:15:24 --> Session: Class initialized using 'CodeIgniter\Session\Handlers\FileHandler' driver.
INFO - 2024-01-22 02:15:24 --> Session: Class initialized using 'CodeIgniter\Session\Handlers\FileHandler' driver.
INFO - 2024-01-22 02:16:40 --> Session: Class initialized using 'CodeIgniter\Session\Handlers\FileHandler' driver.
INFO - 2024-01-22 02:16:41 --> Session: Class initialized using 'CodeIgniter\Session\Handlers\FileHandler' driver.
INFO - 2024-01-22 02:16:42 --> Session: Class initialized using 'CodeIgniter\Session\Handlers\FileHandler' driver.
INFO - 2024-01-22 02:16:42 --> Session: Class initialized using 'CodeIgniter\Session\Handlers\FileHandler' driver.
INFO - 2024-01-22 02:16:49 --> Session: Class initialized using 'CodeIgniter\Session\Handlers\FileHandler' driver.
INFO - 2024-01-22 02:16:49 --> Session: Class initialized using 'CodeIgniter\Session\Handlers\FileHandler' driver.
INFO - 2024-01-22 02:17:42 --> Session: Class initialized using 'CodeIgniter\Session\Handlers\FileHandler' driver.
INFO - 2024-01-22 02:17:42 --> Session: Class initialized using 'CodeIgniter\Session\Handlers\FileHandler' driver.
INFO - 2024-01-22 02:17:44 --> Session: Class initialized using 'CodeIgniter\Session\Handlers\FileHandler' driver.
INFO - 2024-01-22 02:17:45 --> Session: Class initialized using 'CodeIgniter\Session\Handlers\FileHandler' driver.
INFO - 2024-01-22 02:17:47 --> Session: Class initialized using 'CodeIgniter\Session\Handlers\FileHandler' driver.
INFO - 2024-01-22 02:17:47 --> Session: Class initialized using 'CodeIgniter\Session\Handlers\FileHandler' driver.
INFO - 2024-01-22 02:17:48 --> Session: Class initialized using 'CodeIgniter\Session\Handlers\FileHandler' driver.
INFO - 2024-01-22 02:17:49 --> Session: Class initialized using 'CodeIgniter\Session\Handlers\FileHandler' driver.
INFO - 2024-01-22 02:17:50 --> Session: Class initialized using 'CodeIgniter\Session\Handlers\FileHandler' driver.
INFO - 2024-01-22 02:17:51 --> Session: Class initialized using 'CodeIgniter\Session\Handlers\FileHandler' driver.
INFO - 2024-01-22 02:18:14 --> Session: Class initialized using 'CodeIgniter\Session\Handlers\FileHandler' driver.
INFO - 2024-01-22 02:18:15 --> Session: Class initialized using 'CodeIgniter\Session\Handlers\FileHandler' driver.
INFO - 2024-01-22 02:19:15 --> Session: Class initialized using 'CodeIgniter\Session\Handlers\FileHandler' driver.
INFO - 2024-01-22 02:19:16 --> Session: Class initialized using 'CodeIgniter\Session\Handlers\FileHandler' driver.
INFO - 2024-01-22 02:19:36 --> Session: Class initialized using 'CodeIgniter\Session\Handlers\FileHandler' driver.
INFO - 2024-01-22 02:19:36 --> Session: Class initialized using 'CodeIgniter\Session\Handlers\FileHandler' driver.
INFO - 2024-01-22 02:19:43 --> Session: Class initialized using 'CodeIgniter\Session\Handlers\FileHandler' driver.
INFO - 2024-01-22 02:19:44 --> Session: Class initialized using 'CodeIgniter\Session\Handlers\FileHandler' driver.
INFO - 2024-01-22 02:19:48 --> Session: Class initialized using 'CodeIgniter\Session\Handlers\FileHandler' driver.
INFO - 2024-01-22 02:19:48 --> Session: Class initialized using 'CodeIgniter\Session\Handlers\FileHandler' driver.
INFO - 2024-01-22 02:19:58 --> Session: Class initialized using 'CodeIgniter\Session\Handlers\FileHandler' driver.
INFO - 2024-01-22 02:19:58 --> Session: Class initialized using 'CodeIgniter\Session\Handlers\FileHandler' driver.
INFO - 2024-01-22 02:21:19 --> Session: Class initialized using 'CodeIgniter\Session\Handlers\FileHandler' driver.
INFO - 2024-01-22 02:21:20 --> Session: Class initialized using 'CodeIgniter\Session\Handlers\FileHandler' driver.
INFO - 2024-01-22 02:22:11 --> Session: Class initialized using 'CodeIgniter\Session\Handlers\FileHandler' driver.
INFO - 2024-01-22 02:22:11 --> Session: Class initialized using 'CodeIgniter\Session\Handlers\FileHandler' driver.
INFO - 2024-01-22 02:22:24 --> Session: Class initialized using 'CodeIgniter\Session\Handlers\FileHandler' driver.
INFO - 2024-01-22 02:22:25 --> Session: Class initialized using 'CodeIgniter\Session\Handlers\FileHandler' driver.
INFO - 2024-01-22 02:22:26 --> Session: Class initialized using 'CodeIgniter\Session\Handlers\FileHandler' driver.
INFO - 2024-01-22 02:22:27 --> Session: Class initialized using 'CodeIgniter\Session\Handlers\FileHandler' driver.
INFO - 2024-01-22 02:22:28 --> Session: Class initialized using 'CodeIgniter\Session\Handlers\FileHandler' driver.
INFO - 2024-01-22 02:22:28 --> Session: Class initialized using 'CodeIgniter\Session\Handlers\FileHandler' driver.
INFO - 2024-01-22 02:22:30 --> Session: Class initialized using 'CodeIgniter\Session\Handlers\FileHandler' driver.
INFO - 2024-01-22 02:22:31 --> Session: Class initialized using 'CodeIgniter\Session\Handlers\FileHandler' driver.
INFO - 2024-01-22 02:22:31 --> Session: Class initialized using 'CodeIgniter\Session\Handlers\FileHandler' driver.
INFO - 2024-01-22 02:22:32 --> Session: Class initialized using 'CodeIgniter\Session\Handlers\FileHandler' driver.
INFO - 2024-01-22 02:22:33 --> Session: Class initialized using 'CodeIgniter\Session\Handlers\FileHandler' driver.
INFO - 2024-01-22 02:30:25 --> Session: Class initialized using 'CodeIgniter\Session\Handlers\FileHandler' driver.
INFO - 2024-01-22 02:30:25 --> Session: Class initialized using 'CodeIgniter\Session\Handlers\FileHandler' driver.
INFO - 2024-01-22 02:30:27 --> Session: Class initialized using 'CodeIgniter\Session\Handlers\FileHandler' driver.
INFO - 2024-01-22 02:30:27 --> Session: Class initialized using 'CodeIgniter\Session\Handlers\FileHandler' driver.
INFO - 2024-01-22 02:30:40 --> Session: Class initialized using 'CodeIgniter\Session\Handlers\FileHandler' driver.
INFO - 2024-01-22 02:30:40 --> Session: Class initialized using 'CodeIgniter\Session\Handlers\FileHandler' driver.
INFO - 2024-01-22 02:30:45 --> Session: Class initialized using 'CodeIgniter\Session\Handlers\FileHandler' driver.
INFO - 2024-01-22 02:30:45 --> Session: Class initialized using 'CodeIgniter\Session\Handlers\FileHandler' driver.
INFO - 2024-01-22 02:30:48 --> Session: Class initialized using 'CodeIgniter\Session\Handlers\FileHandler' driver.
INFO - 2024-01-22 02:30:48 --> Session: Class initialized using 'CodeIgniter\Session\Handlers\FileHandler' driver.
INFO - 2024-01-22 02:33:00 --> Session: Class initialized using 'CodeIgniter\Session\Handlers\FileHandler' driver.
INFO - 2024-01-22 02:33:00 --> Session: Class initialized using 'CodeIgniter\Session\Handlers\FileHandler' driver.
INFO - 2024-01-22 02:33:01 --> Session: Class initialized using 'CodeIgniter\Session\Handlers\FileHandler' driver.
INFO - 2024-01-22 02:33:06 --> Session: Class initialized using 'CodeIgniter\Session\Handlers\FileHandler' driver.
INFO - 2024-01-22 02:33:06 --> Session: Class initialized using 'CodeIgniter\Session\Handlers\FileHandler' driver.
INFO - 2024-01-22 02:33:07 --> Session: Class initialized using 'CodeIgniter\Session\Handlers\FileHandler' driver.
INFO - 2024-01-22 02:33:12 --> Session: Class initialized using 'CodeIgniter\Session\Handlers\FileHandler' driver.
INFO - 2024-01-22 02:33:12 --> Session: Class initialized using 'CodeIgniter\Session\Handlers\FileHandler' driver.
INFO - 2024-01-22 02:33:13 --> Session: Class initialized using 'CodeIgniter\Session\Handlers\FileHandler' driver.
INFO - 2024-01-22 02:37:42 --> Session: Class initialized using 'CodeIgniter\Session\Handlers\FileHandler' driver.
INFO - 2024-01-22 02:37:42 --> Session: Class initialized using 'CodeIgniter\Session\Handlers\FileHandler' driver.
INFO - 2024-01-22 02:37:47 --> Session: Class initialized using 'CodeIgniter\Session\Handlers\FileHandler' driver.
INFO - 2024-01-22 02:37:48 --> Session: Class initialized using 'CodeIgniter\Session\Handlers\FileHandler' driver.
INFO - 2024-01-22 02:38:24 --> Session: Class initialized using 'CodeIgniter\Session\Handlers\FileHandler' driver.
INFO - 2024-01-22 02:38:24 --> Session: Class initialized using 'CodeIgniter\Session\Handlers\FileHandler' driver.
INFO - 2024-01-22 02:38:50 --> Session: Class initialized using 'CodeIgniter\Session\Handlers\FileHandler' driver.
INFO - 2024-01-22 02:38:50 --> Session: Class initialized using 'CodeIgniter\Session\Handlers\FileHandler' driver.
INFO - 2024-01-22 02:39:12 --> Session: Class initialized using 'CodeIgniter\Session\Handlers\FileHandler' driver.
INFO - 2024-01-22 02:39:13 --> Session: Class initialized using 'CodeIgniter\Session\Handlers\FileHandler' driver.
INFO - 2024-01-22 02:39:16 --> Session: Class initialized using 'CodeIgniter\Session\Handlers\FileHandler' driver.
INFO - 2024-01-22 02:39:16 --> Session: Class initialized using 'CodeIgniter\Session\Handlers\FileHandler' driver.
INFO - 2024-01-22 02:39:20 --> Session: Class initialized using 'CodeIgniter\Session\Handlers\FileHandler' driver.
INFO - 2024-01-22 02:39:20 --> Session: Class initialized using 'CodeIgniter\Session\Handlers\FileHandler' driver.
INFO - 2024-01-22 02:39:21 --> Session: Class initialized using 'CodeIgniter\Session\Handlers\FileHandler' driver.
INFO - 2024-01-22 02:39:21 --> Session: Class initialized using 'CodeIgniter\Session\Handlers\FileHandler' driver.
INFO - 2024-01-22 02:39:25 --> Session: Class initialized using 'CodeIgniter\Session\Handlers\FileHandler' driver.
INFO - 2024-01-22 02:39:25 --> Session: Class initialized using 'CodeIgniter\Session\Handlers\FileHandler' driver.
INFO - 2024-01-22 02:39:26 --> Session: Class initialized using 'CodeIgniter\Session\Handlers\FileHandler' driver.
INFO - 2024-01-22 02:39:26 --> Session: Class initialized using 'CodeIgniter\Session\Handlers\FileHandler' driver.
INFO - 2024-01-22 02:39:27 --> Session: Class initialized using 'CodeIgniter\Session\Handlers\FileHandler' driver.
INFO - 2024-01-22 02:39:29 --> Session: Class initialized using 'CodeIgniter\Session\Handlers\FileHandler' driver.
INFO - 2024-01-22 02:39:29 --> Session: Class initialized using 'CodeIgniter\Session\Handlers\FileHandler' driver.
INFO - 2024-01-22 02:56:02 --> Session: Class initialized using 'CodeIgniter\Session\Handlers\FileHandler' driver.
INFO - 2024-01-22 02:56:03 --> Session: Class initialized using 'CodeIgniter\Session\Handlers\FileHandler' driver.
INFO - 2024-01-22 02:56:08 --> Session: Class initialized using 'CodeIgniter\Session\Handlers\FileHandler' driver.
INFO - 2024-01-22 02:56:09 --> Session: Class initialized using 'CodeIgniter\Session\Handlers\FileHandler' driver.
INFO - 2024-01-22 02:56:17 --> Session: Class initialized using 'CodeIgniter\Session\Handlers\FileHandler' driver.
INFO - 2024-01-22 02:56:18 --> Session: Class initialized using 'CodeIgniter\Session\Handlers\FileHandler' driver.
INFO - 2024-01-22 02:56:19 --> Session: Class initialized using 'CodeIgniter\Session\Handlers\FileHandler' driver.
INFO - 2024-01-22 02:56:20 --> Session: Class initialized using 'CodeIgniter\Session\Handlers\FileHandler' driver.
INFO - 2024-01-22 02:56:21 --> Session: Class initialized using 'CodeIgniter\Session\Handlers\FileHandler' driver.
INFO - 2024-01-22 02:56:23 --> Session: Class initialized using 'CodeIgniter\Session\Handlers\FileHandler' driver.
INFO - 2024-01-22 02:56:24 --> Session: Class initialized using 'CodeIgniter\Session\Handlers\FileHandler' driver.
INFO - 2024-01-22 02:56:25 --> Session: Class initialized using 'CodeIgniter\Session\Handlers\FileHandler' driver.
INFO - 2024-01-22 02:58:17 --> Session: Class initialized using 'CodeIgniter\Session\Handlers\FileHandler' driver.
INFO - 2024-01-22 02:58:17 --> Session: Class initialized using 'CodeIgniter\Session\Handlers\FileHandler' driver.
INFO - 2024-01-22 02:58:19 --> Session: Class initialized using 'CodeIgniter\Session\Handlers\FileHandler' driver.
INFO - 2024-01-22 02:59:37 --> Session: Class initialized using 'CodeIgniter\Session\Handlers\FileHandler' driver.
INFO - 2024-01-22 03:06:05 --> Session: Class initialized using 'CodeIgniter\Session\Handlers\FileHandler' driver.
INFO - 2024-01-22 03:06:16 --> Session: Class initialized using 'CodeIgniter\Session\Handlers\FileHandler' driver.
INFO - 2024-01-22 03:08:20 --> Session: Class initialized using 'CodeIgniter\Session\Handlers\FileHandler' driver.
INFO - 2024-01-22 03:08:26 --> Session: Class initialized using 'CodeIgniter\Session\Handlers\FileHandler' driver.
INFO - 2024-01-22 03:18:38 --> Session: Class initialized using 'CodeIgniter\Session\Handlers\FileHandler' driver.
CRITICAL - 2024-01-22 03:18:38 --> Undefined property: App\Controllers\Laporan::$db
in APPPATH/Controllers/Laporan.php on line 41.
 1 APPPATH/Controllers/Laporan.php(41): CodeIgniter\Debug\Exceptions->errorHandler(2, 'Undefined property: App\\Controllers\\Laporan::$db', '/Applications/XAMPP/xamppfiles/htdocs/pembelajaran/app/Controllers/Laporan.php', 41)
 2 SYSTEMPATH/CodeIgniter.php(942): App\Controllers\Laporan->laporan('MTcxYjBlNDEtOWYwMi00ZjlhLTlmOWMtMjZlOTM0ZmJhODI0')
 3 SYSTEMPATH/CodeIgniter.php(502): CodeIgniter\CodeIgniter->runController(Object(App\Controllers\Laporan))
 4 SYSTEMPATH/CodeIgniter.php(361): CodeIgniter\CodeIgniter->handleRequest(null, Object(Config\Cache), false)
 5 FCPATH/index.php(79): CodeIgniter\CodeIgniter->run()
 6 SYSTEMPATH/Commands/Server/rewrite.php(47): require_once('/Applications/XAMPP/xamppfiles/htdocs/pembelajaran/public/index.php')
INFO - 2024-01-22 03:18:59 --> Session: Class initialized using 'CodeIgniter\Session\Handlers\FileHandler' driver.
CRITICAL - 2024-01-22 03:18:59 --> Cannot use object of type stdClass as array
in APPPATH/Views/konten/download/laporan/perkuliahan/perkuliahan.php on line 104.
 1 SYSTEMPATH/View/View.php(228): include()
 2 SYSTEMPATH/View/View.php(231): CodeIgniter\View\View->CodeIgniter\View\{closure}()
 3 SYSTEMPATH/Common.php(1190): CodeIgniter\View\View->render('konten/download/laporan/perkuliahan/perkuliahan', [], true)
 4 APPPATH/Controllers/Laporan.php(47): view('konten/download/laporan/perkuliahan/perkuliahan', [...])
 5 SYSTEMPATH/CodeIgniter.php(942): App\Controllers\Laporan->laporan('MTcxYjBlNDEtOWYwMi00ZjlhLTlmOWMtMjZlOTM0ZmJhODI0')
 6 SYSTEMPATH/CodeIgniter.php(502): CodeIgniter\CodeIgniter->runController(Object(App\Controllers\Laporan))
 7 SYSTEMPATH/CodeIgniter.php(361): CodeIgniter\CodeIgniter->handleRequest(null, Object(Config\Cache), false)
 8 FCPATH/index.php(79): CodeIgniter\CodeIgniter->run()
 9 SYSTEMPATH/Commands/Server/rewrite.php(47): require_once('/Applications/XAMPP/xamppfiles/htdocs/pembelajaran/public/index.php')
INFO - 2024-01-22 03:19:30 --> Session: Class initialized using 'CodeIgniter\Session\Handlers\FileHandler' driver.
INFO - 2024-01-22 03:19:31 --> Session: Class initialized using 'CodeIgniter\Session\Handlers\FileHandler' driver.
INFO - 2024-01-22 03:20:04 --> Session: Class initialized using 'CodeIgniter\Session\Handlers\FileHandler' driver.
INFO - 2024-01-22 03:20:26 --> Session: Class initialized using 'CodeIgniter\Session\Handlers\FileHandler' driver.
INFO - 2024-01-22 03:20:27 --> Session: Class initialized using 'CodeIgniter\Session\Handlers\FileHandler' driver.
INFO - 2024-01-22 03:20:28 --> Session: Class initialized using 'CodeIgniter\Session\Handlers\FileHandler' driver.
INFO - 2024-01-22 03:20:54 --> Session: Class initialized using 'CodeIgniter\Session\Handlers\FileHandler' driver.
INFO - 2024-01-22 03:21:05 --> Session: Class initialized using 'CodeIgniter\Session\Handlers\FileHandler' driver.
INFO - 2024-01-22 03:21:32 --> Session: Class initialized using 'CodeIgniter\Session\Handlers\FileHandler' driver.
CRITICAL - 2024-01-22 03:21:32 --> Object of class stdClass could not be converted to string
in APPPATH/Views/konten/download/laporan/perkuliahan/praktik.php on line 73.
 1 SYSTEMPATH/View/View.php(228): include()
 2 SYSTEMPATH/View/View.php(231): CodeIgniter\View\View->CodeIgniter\View\{closure}()
 3 SYSTEMPATH/Common.php(1190): CodeIgniter\View\View->render('konten/download/laporan/perkuliahan/praktik', [], true)
 4 APPPATH/Controllers/Laporan.php(52): view('konten/download/laporan/perkuliahan/praktik')
 5 SYSTEMPATH/CodeIgniter.php(942): App\Controllers\Laporan->laporan('NjRkNTc1ODctMWEwZC00OTJjLWE2NjEtYmQ2Njk1ZDE0OWIz')
 6 SYSTEMPATH/CodeIgniter.php(502): CodeIgniter\CodeIgniter->runController(Object(App\Controllers\Laporan))
 7 SYSTEMPATH/CodeIgniter.php(361): CodeIgniter\CodeIgniter->handleRequest(null, Object(Config\Cache), false)
 8 FCPATH/index.php(79): CodeIgniter\CodeIgniter->run()
 9 SYSTEMPATH/Commands/Server/rewrite.php(47): require_once('/Applications/XAMPP/xamppfiles/htdocs/pembelajaran/public/index.php')
INFO - 2024-01-22 03:21:41 --> Session: Class initialized using 'CodeIgniter\Session\Handlers\FileHandler' driver.
CRITICAL - 2024-01-22 03:21:41 --> Object of class stdClass could not be converted to string
in APPPATH/Views/konten/download/laporan/perkuliahan/praktik.php on line 73.
 1 SYSTEMPATH/View/View.php(228): include()
 2 SYSTEMPATH/View/View.php(231): CodeIgniter\View\View->CodeIgniter\View\{closure}()
 3 SYSTEMPATH/Common.php(1190): CodeIgniter\View\View->render('konten/download/laporan/perkuliahan/praktik', [], true)
 4 APPPATH/Controllers/Laporan.php(52): view('konten/download/laporan/perkuliahan/praktik')
 5 SYSTEMPATH/CodeIgniter.php(942): App\Controllers\Laporan->laporan('NjRkNTc1ODctMWEwZC00OTJjLWE2NjEtYmQ2Njk1ZDE0OWIz')
 6 SYSTEMPATH/CodeIgniter.php(502): CodeIgniter\CodeIgniter->runController(Object(App\Controllers\Laporan))
 7 SYSTEMPATH/CodeIgniter.php(361): CodeIgniter\CodeIgniter->handleRequest(null, Object(Config\Cache), false)
 8 FCPATH/index.php(79): CodeIgniter\CodeIgniter->run()
 9 SYSTEMPATH/Commands/Server/rewrite.php(47): require_once('/Applications/XAMPP/xamppfiles/htdocs/pembelajaran/public/index.php')
INFO - 2024-01-22 03:22:18 --> Session: Class initialized using 'CodeIgniter\Session\Handlers\FileHandler' driver.
INFO - 2024-01-22 03:22:38 --> Session: Class initialized using 'CodeIgniter\Session\Handlers\FileHandler' driver.
INFO - 2024-01-22 03:22:38 --> Session: Class initialized using 'CodeIgniter\Session\Handlers\FileHandler' driver.
INFO - 2024-01-22 03:30:17 --> Session: Class initialized using 'CodeIgniter\Session\Handlers\FileHandler' driver.
INFO - 2024-01-22 05:46:09 --> Session: Class initialized using 'CodeIgniter\Session\Handlers\FileHandler' driver.
INFO - 2024-01-22 05:46:09 --> Session: Class initialized using 'CodeIgniter\Session\Handlers\FileHandler' driver.
INFO - 2024-01-22 05:46:17 --> Session: Class initialized using 'CodeIgniter\Session\Handlers\FileHandler' driver.
INFO - 2024-01-22 05:46:17 --> Session: Class initialized using 'CodeIgniter\Session\Handlers\FileHandler' driver.
INFO - 2024-01-22 05:46:17 --> Session: Class initialized using 'CodeIgniter\Session\Handlers\FileHandler' driver.
INFO - 2024-01-22 05:47:52 --> Session: Class initialized using 'CodeIgniter\Session\Handlers\FileHandler' driver.
INFO - 2024-01-22 05:47:52 --> Session: Class initialized using 'CodeIgniter\Session\Handlers\FileHandler' driver.
INFO - 2024-01-22 05:47:57 --> Session: Class initialized using 'CodeIgniter\Session\Handlers\FileHandler' driver.
INFO - 2024-01-22 05:47:57 --> Session: Class initialized using 'CodeIgniter\Session\Handlers\FileHandler' driver.
INFO - 2024-01-22 05:48:01 --> Session: Class initialized using 'CodeIgniter\Session\Handlers\FileHandler' driver.
INFO - 2024-01-22 05:48:01 --> Session: Class initialized using 'CodeIgniter\Session\Handlers\FileHandler' driver.
INFO - 2024-01-22 05:48:01 --> Session: Class initialized using 'CodeIgniter\Session\Handlers\FileHandler' driver.
INFO - 2024-01-22 05:48:16 --> Session: Class initialized using 'CodeIgniter\Session\Handlers\FileHandler' driver.
INFO - 2024-01-22 05:48:16 --> Session: Class initialized using 'CodeIgniter\Session\Handlers\FileHandler' driver.
INFO - 2024-01-22 05:48:17 --> Session: Class initialized using 'CodeIgniter\Session\Handlers\FileHandler' driver.
INFO - 2024-01-22 05:48:18 --> Session: Class initialized using 'CodeIgniter\Session\Handlers\FileHandler' driver.
INFO - 2024-01-22 05:48:21 --> Session: Class initialized using 'CodeIgniter\Session\Handlers\FileHandler' driver.
INFO - 2024-01-22 05:48:22 --> Session: Class initialized using 'CodeIgniter\Session\Handlers\FileHandler' driver.
INFO - 2024-01-22 05:51:11 --> Session: Class initialized using 'CodeIgniter\Session\Handlers\FileHandler' driver.
INFO - 2024-01-22 05:51:11 --> Session: Class initialized using 'CodeIgniter\Session\Handlers\FileHandler' driver.
INFO - 2024-01-22 05:51:13 --> Session: Class initialized using 'CodeIgniter\Session\Handlers\FileHandler' driver.
INFO - 2024-01-22 05:51:13 --> Session: Class initialized using 'CodeIgniter\Session\Handlers\FileHandler' driver.
INFO - 2024-01-22 05:52:20 --> Session: Class initialized using 'CodeIgniter\Session\Handlers\FileHandler' driver.
INFO - 2024-01-22 05:52:20 --> Session: Class initialized using 'CodeIgniter\Session\Handlers\FileHandler' driver.
INFO - 2024-01-22 05:52:32 --> Session: Class initialized using 'CodeIgniter\Session\Handlers\FileHandler' driver.
INFO - 2024-01-22 05:52:33 --> Session: Class initialized using 'CodeIgniter\Session\Handlers\FileHandler' driver.
INFO - 2024-01-22 05:52:33 --> Session: Class initialized using 'CodeIgniter\Session\Handlers\FileHandler' driver.
INFO - 2024-01-22 05:52:34 --> Session: Class initialized using 'CodeIgniter\Session\Handlers\FileHandler' driver.
INFO - 2024-01-22 05:52:34 --> Session: Class initialized using 'CodeIgniter\Session\Handlers\FileHandler' driver.
INFO - 2024-01-22 05:52:34 --> Session: Class initialized using 'CodeIgniter\Session\Handlers\FileHandler' driver.
INFO - 2024-01-22 05:52:36 --> Session: Class initialized using 'CodeIgniter\Session\Handlers\FileHandler' driver.
INFO - 2024-01-22 05:52:36 --> Session: Class initialized using 'CodeIgniter\Session\Handlers\FileHandler' driver.
INFO - 2024-01-22 05:52:37 --> Session: Class initialized using 'CodeIgniter\Session\Handlers\FileHandler' driver.
INFO - 2024-01-22 05:52:37 --> Session: Class initialized using 'CodeIgniter\Session\Handlers\FileHandler' driver.
INFO - 2024-01-22 05:52:48 --> Session: Class initialized using 'CodeIgniter\Session\Handlers\FileHandler' driver.
INFO - 2024-01-22 05:52:48 --> Session: Class initialized using 'CodeIgniter\Session\Handlers\FileHandler' driver.
INFO - 2024-01-22 05:52:49 --> Session: Class initialized using 'CodeIgniter\Session\Handlers\FileHandler' driver.
INFO - 2024-01-22 05:52:50 --> Session: Class initialized using 'CodeIgniter\Session\Handlers\FileHandler' driver.
INFO - 2024-01-22 05:53:46 --> Session: Class initialized using 'CodeIgniter\Session\Handlers\FileHandler' driver.
INFO - 2024-01-22 05:53:46 --> Session: Class initialized using 'CodeIgniter\Session\Handlers\FileHandler' driver.
INFO - 2024-01-22 05:54:02 --> Session: Class initialized using 'CodeIgniter\Session\Handlers\FileHandler' driver.
INFO - 2024-01-22 05:54:02 --> Session: Class initialized using 'CodeIgniter\Session\Handlers\FileHandler' driver.
INFO - 2024-01-22 05:57:24 --> Session: Class initialized using 'CodeIgniter\Session\Handlers\FileHandler' driver.
CRITICAL - 2024-01-22 05:57:24 --> Undefined variable $jurusan
in APPPATH/Views/konten/admin/master/adminjurusan/add.php on line 44.
 1 APPPATH/Views/konten/admin/master/adminjurusan/add.php(44): CodeIgniter\Debug\Exceptions->errorHandler(2, 'Undefined variable $jurusan', '/Applications/XAMPP/xamppfiles/htdocs/pembelajaran/app/Views/konten/admin/master/adminjurusan/add.php', 44)
 2 SYSTEMPATH/View/View.php(228): include('/Applications/XAMPP/xamppfiles/htdocs/pembelajaran/app/Views/konten/admin/master/adminjurusan/add.php')
 3 SYSTEMPATH/View/View.php(231): CodeIgniter\View\View->CodeIgniter\View\{closure}()
 4 SYSTEMPATH/Common.php(1190): CodeIgniter\View\View->render('konten/admin/master/adminjurusan/add', [], true)
 5 APPPATH/Controllers/AdminMaster.php(826): view('konten/admin/master/adminjurusan/add', [...])
 6 SYSTEMPATH/CodeIgniter.php(942): App\Controllers\AdminMaster->addAdminJurusan()
 7 SYSTEMPATH/CodeIgniter.php(502): CodeIgniter\CodeIgniter->runController(Object(App\Controllers\AdminMaster))
 8 SYSTEMPATH/CodeIgniter.php(361): CodeIgniter\CodeIgniter->handleRequest(null, Object(Config\Cache), false)
 9 FCPATH/index.php(79): CodeIgniter\CodeIgniter->run()
10 SYSTEMPATH/Commands/Server/rewrite.php(47): require_once('/Applications/XAMPP/xamppfiles/htdocs/pembelajaran/public/index.php')
INFO - 2024-01-22 05:57:51 --> Session: Class initialized using 'CodeIgniter\Session\Handlers\FileHandler' driver.
CRITICAL - 2024-01-22 05:57:51 --> Undefined variable $jurusan
in APPPATH/Views/konten/admin/master/adminjurusan/add.php on line 44.
 1 APPPATH/Views/konten/admin/master/adminjurusan/add.php(44): CodeIgniter\Debug\Exceptions->errorHandler(2, 'Undefined variable $jurusan', '/Applications/XAMPP/xamppfiles/htdocs/pembelajaran/app/Views/konten/admin/master/adminjurusan/add.php', 44)
 2 SYSTEMPATH/View/View.php(228): include('/Applications/XAMPP/xamppfiles/htdocs/pembelajaran/app/Views/konten/admin/master/adminjurusan/add.php')
 3 SYSTEMPATH/View/View.php(231): CodeIgniter\View\View->CodeIgniter\View\{closure}()
 4 SYSTEMPATH/Common.php(1190): CodeIgniter\View\View->render('konten/admin/master/adminjurusan/add', [], true)
 5 APPPATH/Controllers/AdminMaster.php(826): view('konten/admin/master/adminjurusan/add', [...])
 6 SYSTEMPATH/CodeIgniter.php(942): App\Controllers\AdminMaster->addAdminJurusan()
 7 SYSTEMPATH/CodeIgniter.php(502): CodeIgniter\CodeIgniter->runController(Object(App\Controllers\AdminMaster))
 8 SYSTEMPATH/CodeIgniter.php(361): CodeIgniter\CodeIgniter->handleRequest(null, Object(Config\Cache), false)
 9 FCPATH/index.php(79): CodeIgniter\CodeIgniter->run()
10 SYSTEMPATH/Commands/Server/rewrite.php(47): require_once('/Applications/XAMPP/xamppfiles/htdocs/pembelajaran/public/index.php')
INFO - 2024-01-22 05:57:53 --> Session: Class initialized using 'CodeIgniter\Session\Handlers\FileHandler' driver.
CRITICAL - 2024-01-22 05:57:53 --> Undefined variable $jurusan
in APPPATH/Views/konten/admin/master/adminjurusan/add.php on line 44.
 1 APPPATH/Views/konten/admin/master/adminjurusan/add.php(44): CodeIgniter\Debug\Exceptions->errorHandler(2, 'Undefined variable $jurusan', '/Applications/XAMPP/xamppfiles/htdocs/pembelajaran/app/Views/konten/admin/master/adminjurusan/add.php', 44)
 2 SYSTEMPATH/View/View.php(228): include('/Applications/XAMPP/xamppfiles/htdocs/pembelajaran/app/Views/konten/admin/master/adminjurusan/add.php')
 3 SYSTEMPATH/View/View.php(231): CodeIgniter\View\View->CodeIgniter\View\{closure}()
 4 SYSTEMPATH/Common.php(1190): CodeIgniter\View\View->render('konten/admin/master/adminjurusan/add', [], true)
 5 APPPATH/Controllers/AdminMaster.php(826): view('konten/admin/master/adminjurusan/add', [...])
 6 SYSTEMPATH/CodeIgniter.php(942): App\Controllers\AdminMaster->addAdminJurusan()
 7 SYSTEMPATH/CodeIgniter.php(502): CodeIgniter\CodeIgniter->runController(Object(App\Controllers\AdminMaster))
 8 SYSTEMPATH/CodeIgniter.php(361): CodeIgniter\CodeIgniter->handleRequest(null, Object(Config\Cache), false)
 9 FCPATH/index.php(79): CodeIgniter\CodeIgniter->run()
10 SYSTEMPATH/Commands/Server/rewrite.php(47): require_once('/Applications/XAMPP/xamppfiles/htdocs/pembelajaran/public/index.php')
INFO - 2024-01-22 05:57:59 --> Session: Class initialized using 'CodeIgniter\Session\Handlers\FileHandler' driver.
CRITICAL - 2024-01-22 05:57:59 --> Undefined array key "nama_prodi"
in APPPATH/Views/konten/admin/master/adminjurusan/add.php on line 45.
 1 APPPATH/Views/konten/admin/master/adminjurusan/add.php(45): CodeIgniter\Debug\Exceptions->errorHandler(2, 'Undefined array key "nama_prodi"', '/Applications/XAMPP/xamppfiles/htdocs/pembelajaran/app/Views/konten/admin/master/adminjurusan/add.php', 45)
 2 SYSTEMPATH/View/View.php(228): include('/Applications/XAMPP/xamppfiles/htdocs/pembelajaran/app/Views/konten/admin/master/adminjurusan/add.php')
 3 SYSTEMPATH/View/View.php(231): CodeIgniter\View\View->CodeIgniter\View\{closure}()
 4 SYSTEMPATH/Common.php(1190): CodeIgniter\View\View->render('konten/admin/master/adminjurusan/add', [], true)
 5 APPPATH/Controllers/AdminMaster.php(826): view('konten/admin/master/adminjurusan/add', [...])
 6 SYSTEMPATH/CodeIgniter.php(942): App\Controllers\AdminMaster->addAdminJurusan()
 7 SYSTEMPATH/CodeIgniter.php(502): CodeIgniter\CodeIgniter->runController(Object(App\Controllers\AdminMaster))
 8 SYSTEMPATH/CodeIgniter.php(361): CodeIgniter\CodeIgniter->handleRequest(null, Object(Config\Cache), false)
 9 FCPATH/index.php(79): CodeIgniter\CodeIgniter->run()
10 SYSTEMPATH/Commands/Server/rewrite.php(47): require_once('/Applications/XAMPP/xamppfiles/htdocs/pembelajaran/public/index.php')
INFO - 2024-01-22 05:58:17 --> Session: Class initialized using 'CodeIgniter\Session\Handlers\FileHandler' driver.
INFO - 2024-01-22 05:58:17 --> Session: Class initialized using 'CodeIgniter\Session\Handlers\FileHandler' driver.
INFO - 2024-01-22 05:59:03 --> Session: Class initialized using 'CodeIgniter\Session\Handlers\FileHandler' driver.
INFO - 2024-01-22 05:59:04 --> Session: Class initialized using 'CodeIgniter\Session\Handlers\FileHandler' driver.
INFO - 2024-01-22 05:59:04 --> Session: Class initialized using 'CodeIgniter\Session\Handlers\FileHandler' driver.
INFO - 2024-01-22 06:02:44 --> Session: Class initialized using 'CodeIgniter\Session\Handlers\FileHandler' driver.
INFO - 2024-01-22 06:02:45 --> Session: Class initialized using 'CodeIgniter\Session\Handlers\FileHandler' driver.
INFO - 2024-01-22 06:03:15 --> Session: Class initialized using 'CodeIgniter\Session\Handlers\FileHandler' driver.
INFO - 2024-01-22 06:03:15 --> Session: Class initialized using 'CodeIgniter\Session\Handlers\FileHandler' driver.
INFO - 2024-01-22 06:03:19 --> Session: Class initialized using 'CodeIgniter\Session\Handlers\FileHandler' driver.
INFO - 2024-01-22 06:03:19 --> Session: Class initialized using 'CodeIgniter\Session\Handlers\FileHandler' driver.
INFO - 2024-01-22 06:03:19 --> Session: Class initialized using 'CodeIgniter\Session\Handlers\FileHandler' driver.
INFO - 2024-01-22 06:03:20 --> Session: Class initialized using 'CodeIgniter\Session\Handlers\FileHandler' driver.
INFO - 2024-01-22 06:03:21 --> Session: Class initialized using 'CodeIgniter\Session\Handlers\FileHandler' driver.
INFO - 2024-01-22 06:03:22 --> Session: Class initialized using 'CodeIgniter\Session\Handlers\FileHandler' driver.
INFO - 2024-01-22 06:03:22 --> Session: Class initialized using 'CodeIgniter\Session\Handlers\FileHandler' driver.
INFO - 2024-01-22 06:04:40 --> Session: Class initialized using 'CodeIgniter\Session\Handlers\FileHandler' driver.
INFO - 2024-01-22 06:04:40 --> Session: Class initialized using 'CodeIgniter\Session\Handlers\FileHandler' driver.
INFO - 2024-01-22 06:05:36 --> Session: Class initialized using 'CodeIgniter\Session\Handlers\FileHandler' driver.
INFO - 2024-01-22 06:05:36 --> Session: Class initialized using 'CodeIgniter\Session\Handlers\FileHandler' driver.
CRITICAL - 2024-01-22 06:05:36 --> Trying to access array offset on value of type null
in APPPATH/Views/layout/page.php on line 128.
 1 APPPATH/Views/layout/page.php(128): CodeIgniter\Debug\Exceptions->errorHandler(2, 'Trying to access array offset on value of type null', '/Applications/XAMPP/xamppfiles/htdocs/pembelajaran/app/Views/layout/page.php', 128)
 2 SYSTEMPATH/View/View.php(228): include('/Applications/XAMPP/xamppfiles/htdocs/pembelajaran/app/Views/layout/page.php')
 3 SYSTEMPATH/View/View.php(231): CodeIgniter\View\View->CodeIgniter\View\{closure}()
 4 SYSTEMPATH/View/View.php(244): CodeIgniter\View\View->render('layout/page', [], true)
 5 SYSTEMPATH/Common.php(1190): CodeIgniter\View\View->render('konten/adminJurusan/dashboard/index', [], true)
 6 APPPATH/Controllers/AdminJurusanDashboard.php(12): view('konten/adminJurusan/dashboard/index', [...])
 7 SYSTEMPATH/CodeIgniter.php(942): App\Controllers\AdminJurusanDashboard->index()
 8 SYSTEMPATH/CodeIgniter.php(502): CodeIgniter\CodeIgniter->runController(Object(App\Controllers\AdminJurusanDashboard))
 9 SYSTEMPATH/CodeIgniter.php(361): CodeIgniter\CodeIgniter->handleRequest(null, Object(Config\Cache), false)
10 FCPATH/index.php(79): CodeIgniter\CodeIgniter->run()
11 SYSTEMPATH/Commands/Server/rewrite.php(47): require_once('/Applications/XAMPP/xamppfiles/htdocs/pembelajaran/public/index.php')
INFO - 2024-01-22 06:07:23 --> Session: Class initialized using 'CodeIgniter\Session\Handlers\FileHandler' driver.
INFO - 2024-01-22 06:07:26 --> Session: Class initialized using 'CodeIgniter\Session\Handlers\FileHandler' driver.
INFO - 2024-01-22 06:07:26 --> Session: Class initialized using 'CodeIgniter\Session\Handlers\FileHandler' driver.
INFO - 2024-01-22 06:07:33 --> Session: Class initialized using 'CodeIgniter\Session\Handlers\FileHandler' driver.
INFO - 2024-01-22 06:07:33 --> Session: Class initialized using 'CodeIgniter\Session\Handlers\FileHandler' driver.
INFO - 2024-01-22 06:07:33 --> Session: Class initialized using 'CodeIgniter\Session\Handlers\FileHandler' driver.
INFO - 2024-01-22 06:07:35 --> Session: Class initialized using 'CodeIgniter\Session\Handlers\FileHandler' driver.
INFO - 2024-01-22 06:07:37 --> Session: Class initialized using 'CodeIgniter\Session\Handlers\FileHandler' driver.
INFO - 2024-01-22 06:07:37 --> Session: Class initialized using 'CodeIgniter\Session\Handlers\FileHandler' driver.
INFO - 2024-01-22 06:09:12 --> Session: Class initialized using 'CodeIgniter\Session\Handlers\FileHandler' driver.
INFO - 2024-01-22 06:09:12 --> Session: Class initialized using 'CodeIgniter\Session\Handlers\FileHandler' driver.
INFO - 2024-01-22 06:09:35 --> Session: Class initialized using 'CodeIgniter\Session\Handlers\FileHandler' driver.
INFO - 2024-01-22 06:09:35 --> Session: Class initialized using 'CodeIgniter\Session\Handlers\FileHandler' driver.
INFO - 2024-01-22 06:09:38 --> Session: Class initialized using 'CodeIgniter\Session\Handlers\FileHandler' driver.
INFO - 2024-01-22 06:09:38 --> Session: Class initialized using 'CodeIgniter\Session\Handlers\FileHandler' driver.
INFO - 2024-01-22 06:13:36 --> Session: Class initialized using 'CodeIgniter\Session\Handlers\FileHandler' driver.
INFO - 2024-01-22 06:13:36 --> Session: Class initialized using 'CodeIgniter\Session\Handlers\FileHandler' driver.
INFO - 2024-01-22 06:16:35 --> Session: Class initialized using 'CodeIgniter\Session\Handlers\FileHandler' driver.
INFO - 2024-01-22 06:16:35 --> Session: Class initialized using 'CodeIgniter\Session\Handlers\FileHandler' driver.
INFO - 2024-01-22 06:17:27 --> Session: Class initialized using 'CodeIgniter\Session\Handlers\FileHandler' driver.
INFO - 2024-01-22 06:17:27 --> Session: Class initialized using 'CodeIgniter\Session\Handlers\FileHandler' driver.
INFO - 2024-01-22 06:17:27 --> Session: Class initialized using 'CodeIgniter\Session\Handlers\FileHandler' driver.
INFO - 2024-01-22 06:19:39 --> Session: Class initialized using 'CodeIgniter\Session\Handlers\FileHandler' driver.
INFO - 2024-01-22 06:19:40 --> Session: Class initialized using 'CodeIgniter\Session\Handlers\FileHandler' driver.
INFO - 2024-01-22 06:19:42 --> Session: Class initialized using 'CodeIgniter\Session\Handlers\FileHandler' driver.
INFO - 2024-01-22 06:19:42 --> Session: Class initialized using 'CodeIgniter\Session\Handlers\FileHandler' driver.
INFO - 2024-01-22 06:19:44 --> Session: Class initialized using 'CodeIgniter\Session\Handlers\FileHandler' driver.
INFO - 2024-01-22 06:19:44 --> Session: Class initialized using 'CodeIgniter\Session\Handlers\FileHandler' driver.
INFO - 2024-01-22 06:23:40 --> Session: Class initialized using 'CodeIgniter\Session\Handlers\FileHandler' driver.
INFO - 2024-01-22 06:23:40 --> Session: Class initialized using 'CodeIgniter\Session\Handlers\FileHandler' driver.
INFO - 2024-01-22 06:23:45 --> Session: Class initialized using 'CodeIgniter\Session\Handlers\FileHandler' driver.
INFO - 2024-01-22 06:23:46 --> Session: Class initialized using 'CodeIgniter\Session\Handlers\FileHandler' driver.
INFO - 2024-01-22 06:23:48 --> Session: Class initialized using 'CodeIgniter\Session\Handlers\FileHandler' driver.
INFO - 2024-01-22 06:23:48 --> Session: Class initialized using 'CodeIgniter\Session\Handlers\FileHandler' driver.
INFO - 2024-01-22 06:23:49 --> Session: Class initialized using 'CodeIgniter\Session\Handlers\FileHandler' driver.
INFO - 2024-01-22 06:23:50 --> Session: Class initialized using 'CodeIgniter\Session\Handlers\FileHandler' driver.
INFO - 2024-01-22 06:23:57 --> Session: Class initialized using 'CodeIgniter\Session\Handlers\FileHandler' driver.
INFO - 2024-01-22 06:23:57 --> Session: Class initialized using 'CodeIgniter\Session\Handlers\FileHandler' driver.
INFO - 2024-01-22 06:24:05 --> Session: Class initialized using 'CodeIgniter\Session\Handlers\FileHandler' driver.
INFO - 2024-01-22 06:24:05 --> Session: Class initialized using 'CodeIgniter\Session\Handlers\FileHandler' driver.
INFO - 2024-01-22 06:24:07 --> Session: Class initialized using 'CodeIgniter\Session\Handlers\FileHandler' driver.
INFO - 2024-01-22 06:24:07 --> Session: Class initialized using 'CodeIgniter\Session\Handlers\FileHandler' driver.
INFO - 2024-01-22 06:24:33 --> Session: Class initialized using 'CodeIgniter\Session\Handlers\FileHandler' driver.
INFO - 2024-01-22 06:24:33 --> Session: Class initialized using 'CodeIgniter\Session\Handlers\FileHandler' driver.
INFO - 2024-01-22 06:24:45 --> Session: Class initialized using 'CodeIgniter\Session\Handlers\FileHandler' driver.
INFO - 2024-01-22 06:24:46 --> Session: Class initialized using 'CodeIgniter\Session\Handlers\FileHandler' driver.
INFO - 2024-01-22 06:24:47 --> Session: Class initialized using 'CodeIgniter\Session\Handlers\FileHandler' driver.
INFO - 2024-01-22 06:24:47 --> Session: Class initialized using 'CodeIgniter\Session\Handlers\FileHandler' driver.
INFO - 2024-01-22 06:24:49 --> Session: Class initialized using 'CodeIgniter\Session\Handlers\FileHandler' driver.
INFO - 2024-01-22 06:24:49 --> Session: Class initialized using 'CodeIgniter\Session\Handlers\FileHandler' driver.
INFO - 2024-01-22 06:49:47 --> Session: Class initialized using 'CodeIgniter\Session\Handlers\FileHandler' driver.
INFO - 2024-01-22 06:49:47 --> Session: Class initialized using 'CodeIgniter\Session\Handlers\FileHandler' driver.
INFO - 2024-01-22 06:49:51 --> Session: Class initialized using 'CodeIgniter\Session\Handlers\FileHandler' driver.
INFO - 2024-01-22 06:49:51 --> Session: Class initialized using 'CodeIgniter\Session\Handlers\FileHandler' driver.
INFO - 2024-01-22 06:49:58 --> Session: Class initialized using 'CodeIgniter\Session\Handlers\FileHandler' driver.
INFO - 2024-01-22 06:49:58 --> Session: Class initialized using 'CodeIgniter\Session\Handlers\FileHandler' driver.
INFO - 2024-01-22 06:49:58 --> Session: Class initialized using 'CodeIgniter\Session\Handlers\FileHandler' driver.
INFO - 2024-01-22 06:50:07 --> Session: Class initialized using 'CodeIgniter\Session\Handlers\FileHandler' driver.
INFO - 2024-01-22 06:50:08 --> Session: Class initialized using 'CodeIgniter\Session\Handlers\FileHandler' driver.
INFO - 2024-01-22 06:50:37 --> Session: Class initialized using 'CodeIgniter\Session\Handlers\FileHandler' driver.
INFO - 2024-01-22 06:50:42 --> Session: Class initialized using 'CodeIgniter\Session\Handlers\FileHandler' driver.
INFO - 2024-01-22 06:50:43 --> Session: Class initialized using 'CodeIgniter\Session\Handlers\FileHandler' driver.
INFO - 2024-01-22 06:50:44 --> Session: Class initialized using 'CodeIgniter\Session\Handlers\FileHandler' driver.
INFO - 2024-01-22 06:50:45 --> Session: Class initialized using 'CodeIgniter\Session\Handlers\FileHandler' driver.
INFO - 2024-01-22 06:50:48 --> Session: Class initialized using 'CodeIgniter\Session\Handlers\FileHandler' driver.
INFO - 2024-01-22 06:50:48 --> Session: Class initialized using 'CodeIgniter\Session\Handlers\FileHandler' driver.
INFO - 2024-01-22 06:50:49 --> Session: Class initialized using 'CodeIgniter\Session\Handlers\FileHandler' driver.
INFO - 2024-01-22 06:50:50 --> Session: Class initialized using 'CodeIgniter\Session\Handlers\FileHandler' driver.
INFO - 2024-01-22 06:50:57 --> Session: Class initialized using 'CodeIgniter\Session\Handlers\FileHandler' driver.
INFO - 2024-01-22 06:50:58 --> Session: Class initialized using 'CodeIgniter\Session\Handlers\FileHandler' driver.
INFO - 2024-01-22 06:51:17 --> Session: Class initialized using 'CodeIgniter\Session\Handlers\FileHandler' driver.
INFO - 2024-01-22 06:51:17 --> Session: Class initialized using 'CodeIgniter\Session\Handlers\FileHandler' driver.
INFO - 2024-01-22 06:51:28 --> Session: Class initialized using 'CodeIgniter\Session\Handlers\FileHandler' driver.
INFO - 2024-01-22 06:51:29 --> Session: Class initialized using 'CodeIgniter\Session\Handlers\FileHandler' driver.
INFO - 2024-01-22 06:51:38 --> Session: Class initialized using 'CodeIgniter\Session\Handlers\FileHandler' driver.
INFO - 2024-01-22 06:51:39 --> Session: Class initialized using 'CodeIgniter\Session\Handlers\FileHandler' driver.
INFO - 2024-01-22 06:51:40 --> Session: Class initialized using 'CodeIgniter\Session\Handlers\FileHandler' driver.
INFO - 2024-01-22 06:51:41 --> Session: Class initialized using 'CodeIgniter\Session\Handlers\FileHandler' driver.
INFO - 2024-01-22 06:51:43 --> Session: Class initialized using 'CodeIgniter\Session\Handlers\FileHandler' driver.
INFO - 2024-01-22 06:51:44 --> Session: Class initialized using 'CodeIgniter\Session\Handlers\FileHandler' driver.
INFO - 2024-01-22 06:51:49 --> Session: Class initialized using 'CodeIgniter\Session\Handlers\FileHandler' driver.
INFO - 2024-01-22 06:51:50 --> Session: Class initialized using 'CodeIgniter\Session\Handlers\FileHandler' driver.
INFO - 2024-01-22 06:51:51 --> Session: Class initialized using 'CodeIgniter\Session\Handlers\FileHandler' driver.
INFO - 2024-01-22 06:51:52 --> Session: Class initialized using 'CodeIgniter\Session\Handlers\FileHandler' driver.
INFO - 2024-01-22 06:51:57 --> Session: Class initialized using 'CodeIgniter\Session\Handlers\FileHandler' driver.
INFO - 2024-01-22 06:51:57 --> Session: Class initialized using 'CodeIgniter\Session\Handlers\FileHandler' driver.
INFO - 2024-01-22 06:52:08 --> Session: Class initialized using 'CodeIgniter\Session\Handlers\FileHandler' driver.
INFO - 2024-01-22 06:52:09 --> Session: Class initialized using 'CodeIgniter\Session\Handlers\FileHandler' driver.
INFO - 2024-01-22 06:52:16 --> Session: Class initialized using 'CodeIgniter\Session\Handlers\FileHandler' driver.
INFO - 2024-01-22 06:52:17 --> Session: Class initialized using 'CodeIgniter\Session\Handlers\FileHandler' driver.
INFO - 2024-01-22 06:52:28 --> Session: Class initialized using 'CodeIgniter\Session\Handlers\FileHandler' driver.
INFO - 2024-01-22 06:52:29 --> Session: Class initialized using 'CodeIgniter\Session\Handlers\FileHandler' driver.
INFO - 2024-01-22 06:52:30 --> Session: Class initialized using 'CodeIgniter\Session\Handlers\FileHandler' driver.
INFO - 2024-01-22 06:52:31 --> Session: Class initialized using 'CodeIgniter\Session\Handlers\FileHandler' driver.
INFO - 2024-01-22 06:52:35 --> Session: Class initialized using 'CodeIgniter\Session\Handlers\FileHandler' driver.
INFO - 2024-01-22 06:52:36 --> Session: Class initialized using 'CodeIgniter\Session\Handlers\FileHandler' driver.
INFO - 2024-01-22 06:52:37 --> Session: Class initialized using 'CodeIgniter\Session\Handlers\FileHandler' driver.
INFO - 2024-01-22 06:52:38 --> Session: Class initialized using 'CodeIgniter\Session\Handlers\FileHandler' driver.
INFO - 2024-01-22 06:52:41 --> Session: Class initialized using 'CodeIgniter\Session\Handlers\FileHandler' driver.
INFO - 2024-01-22 06:52:41 --> Session: Class initialized using 'CodeIgniter\Session\Handlers\FileHandler' driver.
INFO - 2024-01-22 06:52:42 --> Session: Class initialized using 'CodeIgniter\Session\Handlers\FileHandler' driver.
INFO - 2024-01-22 06:52:42 --> Session: Class initialized using 'CodeIgniter\Session\Handlers\FileHandler' driver.
INFO - 2024-01-22 06:52:43 --> Session: Class initialized using 'CodeIgniter\Session\Handlers\FileHandler' driver.
INFO - 2024-01-22 06:52:47 --> Session: Class initialized using 'CodeIgniter\Session\Handlers\FileHandler' driver.
INFO - 2024-01-22 06:52:47 --> Session: Class initialized using 'CodeIgniter\Session\Handlers\FileHandler' driver.
INFO - 2024-01-22 06:52:48 --> Session: Class initialized using 'CodeIgniter\Session\Handlers\FileHandler' driver.
INFO - 2024-01-22 06:52:54 --> Session: Class initialized using 'CodeIgniter\Session\Handlers\FileHandler' driver.
INFO - 2024-01-22 06:52:55 --> Session: Class initialized using 'CodeIgniter\Session\Handlers\FileHandler' driver.
INFO - 2024-01-22 06:53:17 --> Session: Class initialized using 'CodeIgniter\Session\Handlers\FileHandler' driver.
INFO - 2024-01-22 06:53:17 --> Session: Class initialized using 'CodeIgniter\Session\Handlers\FileHandler' driver.
INFO - 2024-01-22 06:53:26 --> Session: Class initialized using 'CodeIgniter\Session\Handlers\FileHandler' driver.
INFO - 2024-01-22 06:53:26 --> Session: Class initialized using 'CodeIgniter\Session\Handlers\FileHandler' driver.
INFO - 2024-01-22 06:53:26 --> Session: Class initialized using 'CodeIgniter\Session\Handlers\FileHandler' driver.
INFO - 2024-01-22 06:53:28 --> Session: Class initialized using 'CodeIgniter\Session\Handlers\FileHandler' driver.
INFO - 2024-01-22 06:53:29 --> Session: Class initialized using 'CodeIgniter\Session\Handlers\FileHandler' driver.
INFO - 2024-01-22 06:57:37 --> Session: Class initialized using 'CodeIgniter\Session\Handlers\FileHandler' driver.
INFO - 2024-01-22 06:57:37 --> Session: Class initialized using 'CodeIgniter\Session\Handlers\FileHandler' driver.
INFO - 2024-01-22 06:58:05 --> Session: Class initialized using 'CodeIgniter\Session\Handlers\FileHandler' driver.
INFO - 2024-01-22 06:58:05 --> Session: Class initialized using 'CodeIgniter\Session\Handlers\FileHandler' driver.
INFO - 2024-01-22 06:58:07 --> Session: Class initialized using 'CodeIgniter\Session\Handlers\FileHandler' driver.
INFO - 2024-01-22 06:58:08 --> Session: Class initialized using 'CodeIgniter\Session\Handlers\FileHandler' driver.
INFO - 2024-01-22 06:58:08 --> Session: Class initialized using 'CodeIgniter\Session\Handlers\FileHandler' driver.
INFO - 2024-01-22 06:58:09 --> Session: Class initialized using 'CodeIgniter\Session\Handlers\FileHandler' driver.
INFO - 2024-01-22 07:05:03 --> Session: Class initialized using 'CodeIgniter\Session\Handlers\FileHandler' driver.
INFO - 2024-01-22 07:05:04 --> Session: Class initialized using 'CodeIgniter\Session\Handlers\FileHandler' driver.
INFO - 2024-01-22 07:05:06 --> Session: Class initialized using 'CodeIgniter\Session\Handlers\FileHandler' driver.
INFO - 2024-01-22 07:05:06 --> Session: Class initialized using 'CodeIgniter\Session\Handlers\FileHandler' driver.
INFO - 2024-01-22 07:07:43 --> Session: Class initialized using 'CodeIgniter\Session\Handlers\FileHandler' driver.
INFO - 2024-01-22 07:07:44 --> Session: Class initialized using 'CodeIgniter\Session\Handlers\FileHandler' driver.
INFO - 2024-01-22 07:07:46 --> Session: Class initialized using 'CodeIgniter\Session\Handlers\FileHandler' driver.
INFO - 2024-01-22 07:07:47 --> Session: Class initialized using 'CodeIgniter\Session\Handlers\FileHandler' driver.
INFO - 2024-01-22 07:07:48 --> Session: Class initialized using 'CodeIgniter\Session\Handlers\FileHandler' driver.
INFO - 2024-01-22 07:07:49 --> Session: Class initialized using 'CodeIgniter\Session\Handlers\FileHandler' driver.
INFO - 2024-01-22 07:07:49 --> Session: Class initialized using 'CodeIgniter\Session\Handlers\FileHandler' driver.
INFO - 2024-01-22 07:07:51 --> Session: Class initialized using 'CodeIgniter\Session\Handlers\FileHandler' driver.
INFO - 2024-01-22 07:07:52 --> Session: Class initialized using 'CodeIgniter\Session\Handlers\FileHandler' driver.
INFO - 2024-01-22 07:08:42 --> Session: Class initialized using 'CodeIgniter\Session\Handlers\FileHandler' driver.
INFO - 2024-01-22 07:08:43 --> Session: Class initialized using 'CodeIgniter\Session\Handlers\FileHandler' driver.
INFO - 2024-01-22 07:08:45 --> Session: Class initialized using 'CodeIgniter\Session\Handlers\FileHandler' driver.
INFO - 2024-01-22 07:08:45 --> Session: Class initialized using 'CodeIgniter\Session\Handlers\FileHandler' driver.
INFO - 2024-01-22 07:08:47 --> Session: Class initialized using 'CodeIgniter\Session\Handlers\FileHandler' driver.
INFO - 2024-01-22 07:08:48 --> Session: Class initialized using 'CodeIgniter\Session\Handlers\FileHandler' driver.
INFO - 2024-01-22 07:11:02 --> Session: Class initialized using 'CodeIgniter\Session\Handlers\FileHandler' driver.
INFO - 2024-01-22 07:11:03 --> Session: Class initialized using 'CodeIgniter\Session\Handlers\FileHandler' driver.
INFO - 2024-01-22 07:11:04 --> Session: Class initialized using 'CodeIgniter\Session\Handlers\FileHandler' driver.
INFO - 2024-01-22 07:11:05 --> Session: Class initialized using 'CodeIgniter\Session\Handlers\FileHandler' driver.
INFO - 2024-01-22 07:11:08 --> Session: Class initialized using 'CodeIgniter\Session\Handlers\FileHandler' driver.
INFO - 2024-01-22 07:11:09 --> Session: Class initialized using 'CodeIgniter\Session\Handlers\FileHandler' driver.
INFO - 2024-01-22 07:11:14 --> Session: Class initialized using 'CodeIgniter\Session\Handlers\FileHandler' driver.
INFO - 2024-01-22 07:11:14 --> Session: Class initialized using 'CodeIgniter\Session\Handlers\FileHandler' driver.
INFO - 2024-01-22 07:11:16 --> Session: Class initialized using 'CodeIgniter\Session\Handlers\FileHandler' driver.
INFO - 2024-01-22 07:11:17 --> Session: Class initialized using 'CodeIgniter\Session\Handlers\FileHandler' driver.
INFO - 2024-01-22 07:11:18 --> Session: Class initialized using 'CodeIgniter\Session\Handlers\FileHandler' driver.
INFO - 2024-01-22 07:11:19 --> Session: Class initialized using 'CodeIgniter\Session\Handlers\FileHandler' driver.
INFO - 2024-01-22 07:11:20 --> Session: Class initialized using 'CodeIgniter\Session\Handlers\FileHandler' driver.
INFO - 2024-01-22 07:11:21 --> Session: Class initialized using 'CodeIgniter\Session\Handlers\FileHandler' driver.
INFO - 2024-01-22 07:11:23 --> Session: Class initialized using 'CodeIgniter\Session\Handlers\FileHandler' driver.
INFO - 2024-01-22 07:11:24 --> Session: Class initialized using 'CodeIgniter\Session\Handlers\FileHandler' driver.
INFO - 2024-01-22 07:11:34 --> Session: Class initialized using 'CodeIgniter\Session\Handlers\FileHandler' driver.
INFO - 2024-01-22 07:11:35 --> Session: Class initialized using 'CodeIgniter\Session\Handlers\FileHandler' driver.
INFO - 2024-01-22 07:11:44 --> Session: Class initialized using 'CodeIgniter\Session\Handlers\FileHandler' driver.
INFO - 2024-01-22 07:11:45 --> Session: Class initialized using 'CodeIgniter\Session\Handlers\FileHandler' driver.
INFO - 2024-01-22 07:11:46 --> Session: Class initialized using 'CodeIgniter\Session\Handlers\FileHandler' driver.
INFO - 2024-01-22 07:11:47 --> Session: Class initialized using 'CodeIgniter\Session\Handlers\FileHandler' driver.
INFO - 2024-01-22 07:11:59 --> Session: Class initialized using 'CodeIgniter\Session\Handlers\FileHandler' driver.
INFO - 2024-01-22 07:11:59 --> Session: Class initialized using 'CodeIgniter\Session\Handlers\FileHandler' driver.
INFO - 2024-01-22 07:12:30 --> Session: Class initialized using 'CodeIgniter\Session\Handlers\FileHandler' driver.
INFO - 2024-01-22 07:12:30 --> Session: Class initialized using 'CodeIgniter\Session\Handlers\FileHandler' driver.
INFO - 2024-01-22 07:13:18 --> Session: Class initialized using 'CodeIgniter\Session\Handlers\FileHandler' driver.
INFO - 2024-01-22 07:13:19 --> Session: Class initialized using 'CodeIgniter\Session\Handlers\FileHandler' driver.
INFO - 2024-01-22 07:14:18 --> Session: Class initialized using 'CodeIgniter\Session\Handlers\FileHandler' driver.
INFO - 2024-01-22 07:14:19 --> Session: Class initialized using 'CodeIgniter\Session\Handlers\FileHandler' driver.
INFO - 2024-01-22 07:14:24 --> Session: Class initialized using 'CodeIgniter\Session\Handlers\FileHandler' driver.
INFO - 2024-01-22 07:14:25 --> Session: Class initialized using 'CodeIgniter\Session\Handlers\FileHandler' driver.
INFO - 2024-01-22 07:14:27 --> Session: Class initialized using 'CodeIgniter\Session\Handlers\FileHandler' driver.
INFO - 2024-01-22 07:14:27 --> Session: Class initialized using 'CodeIgniter\Session\Handlers\FileHandler' driver.
INFO - 2024-01-22 07:14:29 --> Session: Class initialized using 'CodeIgniter\Session\Handlers\FileHandler' driver.
INFO - 2024-01-22 07:14:30 --> Session: Class initialized using 'CodeIgniter\Session\Handlers\FileHandler' driver.
INFO - 2024-01-22 07:14:31 --> Session: Class initialized using 'CodeIgniter\Session\Handlers\FileHandler' driver.
INFO - 2024-01-22 07:14:32 --> Session: Class initialized using 'CodeIgniter\Session\Handlers\FileHandler' driver.
INFO - 2024-01-22 07:14:35 --> Session: Class initialized using 'CodeIgniter\Session\Handlers\FileHandler' driver.
INFO - 2024-01-22 07:14:35 --> Session: Class initialized using 'CodeIgniter\Session\Handlers\FileHandler' driver.
INFO - 2024-01-22 07:14:39 --> Session: Class initialized using 'CodeIgniter\Session\Handlers\FileHandler' driver.
INFO - 2024-01-22 07:14:40 --> Session: Class initialized using 'CodeIgniter\Session\Handlers\FileHandler' driver.
INFO - 2024-01-22 07:14:41 --> Session: Class initialized using 'CodeIgniter\Session\Handlers\FileHandler' driver.
INFO - 2024-01-22 07:14:42 --> Session: Class initialized using 'CodeIgniter\Session\Handlers\FileHandler' driver.
INFO - 2024-01-22 07:14:43 --> Session: Class initialized using 'CodeIgniter\Session\Handlers\FileHandler' driver.
INFO - 2024-01-22 07:14:44 --> Session: Class initialized using 'CodeIgniter\Session\Handlers\FileHandler' driver.
INFO - 2024-01-22 07:14:45 --> Session: Class initialized using 'CodeIgniter\Session\Handlers\FileHandler' driver.
INFO - 2024-01-22 07:14:46 --> Session: Class initialized using 'CodeIgniter\Session\Handlers\FileHandler' driver.
INFO - 2024-01-22 07:14:51 --> Session: Class initialized using 'CodeIgniter\Session\Handlers\FileHandler' driver.
INFO - 2024-01-22 07:14:51 --> Session: Class initialized using 'CodeIgniter\Session\Handlers\FileHandler' driver.
INFO - 2024-01-22 07:15:08 --> Session: Class initialized using 'CodeIgniter\Session\Handlers\FileHandler' driver.
INFO - 2024-01-22 07:15:09 --> Session: Class initialized using 'CodeIgniter\Session\Handlers\FileHandler' driver.
INFO - 2024-01-22 07:15:48 --> Session: Class initialized using 'CodeIgniter\Session\Handlers\FileHandler' driver.
INFO - 2024-01-22 07:15:48 --> Session: Class initialized using 'CodeIgniter\Session\Handlers\FileHandler' driver.
INFO - 2024-01-22 07:18:10 --> Session: Class initialized using 'CodeIgniter\Session\Handlers\FileHandler' driver.
INFO - 2024-01-22 07:18:10 --> Session: Class initialized using 'CodeIgniter\Session\Handlers\FileHandler' driver.
INFO - 2024-01-22 07:19:35 --> Session: Class initialized using 'CodeIgniter\Session\Handlers\FileHandler' driver.
INFO - 2024-01-22 07:19:36 --> Session: Class initialized using 'CodeIgniter\Session\Handlers\FileHandler' driver.
INFO - 2024-01-22 07:19:39 --> Session: Class initialized using 'CodeIgniter\Session\Handlers\FileHandler' driver.
INFO - 2024-01-22 07:19:40 --> Session: Class initialized using 'CodeIgniter\Session\Handlers\FileHandler' driver.
INFO - 2024-01-22 07:23:13 --> Session: Class initialized using 'CodeIgniter\Session\Handlers\FileHandler' driver.
INFO - 2024-01-22 07:23:14 --> Session: Class initialized using 'CodeIgniter\Session\Handlers\FileHandler' driver.
INFO - 2024-01-22 07:23:15 --> Session: Class initialized using 'CodeIgniter\Session\Handlers\FileHandler' driver.
INFO - 2024-01-22 07:23:16 --> Session: Class initialized using 'CodeIgniter\Session\Handlers\FileHandler' driver.
INFO - 2024-01-22 07:25:32 --> Session: Class initialized using 'CodeIgniter\Session\Handlers\FileHandler' driver.
INFO - 2024-01-22 07:25:33 --> Session: Class initialized using 'CodeIgniter\Session\Handlers\FileHandler' driver.
INFO - 2024-01-22 07:25:43 --> Session: Class initialized using 'CodeIgniter\Session\Handlers\FileHandler' driver.
INFO - 2024-01-22 07:25:44 --> Session: Class initialized using 'CodeIgniter\Session\Handlers\FileHandler' driver.
INFO - 2024-01-22 07:26:38 --> Session: Class initialized using 'CodeIgniter\Session\Handlers\FileHandler' driver.
INFO - 2024-01-22 07:26:39 --> Session: Class initialized using 'CodeIgniter\Session\Handlers\FileHandler' driver.
INFO - 2024-01-22 07:26:45 --> Session: Class initialized using 'CodeIgniter\Session\Handlers\FileHandler' driver.
INFO - 2024-01-22 07:26:45 --> Session: Class initialized using 'CodeIgniter\Session\Handlers\FileHandler' driver.
INFO - 2024-01-22 07:31:44 --> Session: Class initialized using 'CodeIgniter\Session\Handlers\FileHandler' driver.
INFO - 2024-01-22 07:31:44 --> Session: Class initialized using 'CodeIgniter\Session\Handlers\FileHandler' driver.
INFO - 2024-01-22 07:32:13 --> Session: Class initialized using 'CodeIgniter\Session\Handlers\FileHandler' driver.
INFO - 2024-01-22 07:32:14 --> Session: Class initialized using 'CodeIgniter\Session\Handlers\FileHandler' driver.
INFO - 2024-01-22 07:32:24 --> Session: Class initialized using 'CodeIgniter\Session\Handlers\FileHandler' driver.
INFO - 2024-01-22 07:32:24 --> Session: Class initialized using 'CodeIgniter\Session\Handlers\FileHandler' driver.
INFO - 2024-01-22 07:32:33 --> Session: Class initialized using 'CodeIgniter\Session\Handlers\FileHandler' driver.
INFO - 2024-01-22 07:32:34 --> Session: Class initialized using 'CodeIgniter\Session\Handlers\FileHandler' driver.
INFO - 2024-01-22 07:32:34 --> Session: Class initialized using 'CodeIgniter\Session\Handlers\FileHandler' driver.
INFO - 2024-01-22 07:32:35 --> Session: Class initialized using 'CodeIgniter\Session\Handlers\FileHandler' driver.
INFO - 2024-01-22 07:33:31 --> Session: Class initialized using 'CodeIgniter\Session\Handlers\FileHandler' driver.
INFO - 2024-01-22 07:33:32 --> Session: Class initialized using 'CodeIgniter\Session\Handlers\FileHandler' driver.
INFO - 2024-01-22 07:33:42 --> Session: Class initialized using 'CodeIgniter\Session\Handlers\FileHandler' driver.
INFO - 2024-01-22 07:33:42 --> Session: Class initialized using 'CodeIgniter\Session\Handlers\FileHandler' driver.
INFO - 2024-01-22 07:34:07 --> Session: Class initialized using 'CodeIgniter\Session\Handlers\FileHandler' driver.
INFO - 2024-01-22 07:34:07 --> Session: Class initialized using 'CodeIgniter\Session\Handlers\FileHandler' driver.
INFO - 2024-01-22 07:34:09 --> Session: Class initialized using 'CodeIgniter\Session\Handlers\FileHandler' driver.
INFO - 2024-01-22 07:34:09 --> Session: Class initialized using 'CodeIgniter\Session\Handlers\FileHandler' driver.
INFO - 2024-01-22 07:34:13 --> Session: Class initialized using 'CodeIgniter\Session\Handlers\FileHandler' driver.
INFO - 2024-01-22 07:34:13 --> Session: Class initialized using 'CodeIgniter\Session\Handlers\FileHandler' driver.
INFO - 2024-01-22 07:34:18 --> Session: Class initialized using 'CodeIgniter\Session\Handlers\FileHandler' driver.
INFO - 2024-01-22 07:34:18 --> Session: Class initialized using 'CodeIgniter\Session\Handlers\FileHandler' driver.
INFO - 2024-01-22 08:03:25 --> Session: Class initialized using 'CodeIgniter\Session\Handlers\FileHandler' driver.
INFO - 2024-01-22 08:03:25 --> Session: Class initialized using 'CodeIgniter\Session\Handlers\FileHandler' driver.
INFO - 2024-01-22 08:03:27 --> Session: Class initialized using 'CodeIgniter\Session\Handlers\FileHandler' driver.
INFO - 2024-01-22 08:03:27 --> Session: Class initialized using 'CodeIgniter\Session\Handlers\FileHandler' driver.
INFO - 2024-01-22 08:03:27 --> Session: Class initialized using 'CodeIgniter\Session\Handlers\FileHandler' driver.
INFO - 2024-01-22 08:03:28 --> Session: Class initialized using 'CodeIgniter\Session\Handlers\FileHandler' driver.
INFO - 2024-01-22 08:03:29 --> Session: Class initialized using 'CodeIgniter\Session\Handlers\FileHandler' driver.
INFO - 2024-01-22 08:03:30 --> Session: Class initialized using 'CodeIgniter\Session\Handlers\FileHandler' driver.
INFO - 2024-01-22 08:03:31 --> Session: Class initialized using 'CodeIgniter\Session\Handlers\FileHandler' driver.
INFO - 2024-01-22 08:03:31 --> Session: Class initialized using 'CodeIgniter\Session\Handlers\FileHandler' driver.
INFO - 2024-01-22 08:03:33 --> Session: Class initialized using 'CodeIgniter\Session\Handlers\FileHandler' driver.
INFO - 2024-01-22 08:03:33 --> Session: Class initialized using 'CodeIgniter\Session\Handlers\FileHandler' driver.
INFO - 2024-01-22 08:03:39 --> Session: Class initialized using 'CodeIgniter\Session\Handlers\FileHandler' driver.
INFO - 2024-01-22 08:03:39 --> Session: Class initialized using 'CodeIgniter\Session\Handlers\FileHandler' driver.
INFO - 2024-01-22 08:05:25 --> Session: Class initialized using 'CodeIgniter\Session\Handlers\FileHandler' driver.
INFO - 2024-01-22 08:05:25 --> Session: Class initialized using 'CodeIgniter\Session\Handlers\FileHandler' driver.
INFO - 2024-01-22 08:09:36 --> Session: Class initialized using 'CodeIgniter\Session\Handlers\FileHandler' driver.
CRITICAL - 2024-01-22 08:09:36 --> whereNotIn() expects $values to be of type array or closure
in SYSTEMPATH/Database/BaseBuilder.php on line 939.
 1 SYSTEMPATH/Database/BaseBuilder.php(852): CodeIgniter\Database\BaseBuilder->_whereIn('absensi_mahasiswa.id', 'SELECT `absensi_mahasiswa_id`
FROM `p_pengganti_detail`', true, 'AND ', false)
 2 SYSTEMPATH/Model.php(871): CodeIgniter\Database\BaseBuilder->whereNotIn('absensi_mahasiswa.id', 'SELECT `absensi_mahasiswa_id`
FROM `p_pengganti_detail`', false)
 3 APPPATH/Models/Mahasiswa/AbsenModel.php(54): CodeIgniter\Model->__call('whereNotIn', [...])
 4 APPPATH/Controllers/MahasiswaPraktikPengganti.php(34): App\Models\Mahasiswa\AbsenModel->getPraktikPenggantiBeluPengajuan()
 5 SYSTEMPATH/CodeIgniter.php(942): App\Controllers\MahasiswaPraktikPengganti->ajukan()
 6 SYSTEMPATH/CodeIgniter.php(502): CodeIgniter\CodeIgniter->runController(Object(App\Controllers\MahasiswaPraktikPengganti))
 7 SYSTEMPATH/CodeIgniter.php(361): CodeIgniter\CodeIgniter->handleRequest(null, Object(Config\Cache), false)
 8 FCPATH/index.php(79): CodeIgniter\CodeIgniter->run()
 9 SYSTEMPATH/Commands/Server/rewrite.php(47): require_once('/Applications/XAMPP/xamppfiles/htdocs/pembelajaran/public/index.php')
INFO - 2024-01-22 08:10:27 --> Session: Class initialized using 'CodeIgniter\Session\Handlers\FileHandler' driver.
CRITICAL - 2024-01-22 08:10:27 --> whereIn() expects $values to be of type array or closure
in SYSTEMPATH/Database/BaseBuilder.php on line 939.
 1 SYSTEMPATH/Database/BaseBuilder.php(826): CodeIgniter\Database\BaseBuilder->_whereIn('absensi_mahasiswa_id', 'SELECT `absensi_mahasiswa_id`
FROM `p_pengganti_detail`', false, 'AND ', false)
 2 APPPATH/Models/Mahasiswa/AbsenModel.php(55): CodeIgniter\Database\BaseBuilder->whereIn('absensi_mahasiswa_id', 'SELECT `absensi_mahasiswa_id`
FROM `p_pengganti_detail`', false)
 3 SYSTEMPATH/Database/BaseBuilder.php(3505): App\Models\Mahasiswa\AbsenModel->App\Models\Mahasiswa\{closure}(Object(CodeIgniter\Database\MySQLi\Builder))
 4 SYSTEMPATH/Database/BaseBuilder.php(955): CodeIgniter\Database\BaseBuilder->buildSubquery(Object(CodeIgniter\Database\MySQLi\Builder), true)
 5 SYSTEMPATH/Database/BaseBuilder.php(852): CodeIgniter\Database\BaseBuilder->_whereIn('`absensi_mahasiswa`.`id`', Object(Closure), ' NOT', 'AND ', true)
 6 SYSTEMPATH/Model.php(871): CodeIgniter\Database\BaseBuilder->whereNotIn('absensi_mahasiswa.id', Object(Closure))
 7 APPPATH/Models/Mahasiswa/AbsenModel.php(56): CodeIgniter\Model->__call('whereNotIn', [...])
 8 APPPATH/Controllers/MahasiswaPraktikPengganti.php(34): App\Models\Mahasiswa\AbsenModel->getPraktikPenggantiBeluPengajuan()
 9 SYSTEMPATH/CodeIgniter.php(942): App\Controllers\MahasiswaPraktikPengganti->ajukan()
10 SYSTEMPATH/CodeIgniter.php(502): CodeIgniter\CodeIgniter->runController(Object(App\Controllers\MahasiswaPraktikPengganti))
11 SYSTEMPATH/CodeIgniter.php(361): CodeIgniter\CodeIgniter->handleRequest(null, Object(Config\Cache), false)
12 FCPATH/index.php(79): CodeIgniter\CodeIgniter->run()
13 SYSTEMPATH/Commands/Server/rewrite.php(47): require_once('/Applications/XAMPP/xamppfiles/htdocs/pembelajaran/public/index.php')
INFO - 2024-01-22 08:11:27 --> Session: Class initialized using 'CodeIgniter\Session\Handlers\FileHandler' driver.
CRITICAL - 2024-01-22 08:11:27 --> Array to string conversion
in SYSTEMPATH/Database/Query.php on line 327.
 1 [internal function]: CodeIgniter\Debug\Exceptions->errorHandler(2, 'Array to string conversion', '/Applications/XAMPP/xamppfiles/htdocs/pembelajaran/system/Database/Query.php', 327)
 2 SYSTEMPATH/Database/Query.php(327): implode(',', [...])
 3 SYSTEMPATH/Database/Query.php(308): CodeIgniter\Database\Query->matchNamedBinds('SELECT `absensi_mahasiswa`.*, `matakuliah`.`nama_mk`, `rencana_perkuliahan`.`topik`, `rencana_perkuliahan`.`tanggal`, `jadwal_kuliah`.`id` as `jadwal_id`, `matakuliah_id`
FROM `absensi_mahasiswa`
JOIN `absensi` ON `absensi_mahasiswa`.`absensi_id`= `absensi`.`id`
JOIN `rencana_perkuliahan` ON `absensi`.`rencana_perkuliahan_id` = `rencana_perkuliahan`.`id`
JOIN `jadwal_kuliah` ON `rencana_perkuliahan`.`jadwal_kuliah_id` = `jadwal_kuliah`.`id`
JOIN `matakuliah` ON `jadwal_kuliah`.`matakuliah_id` = `matakuliah`.`id`
WHERE `mahasiswa_id` = :mahasiswa_id:
AND `kehadiran` <> :kehadiran:
AND `absensi_mahasiswa`.`id` NOT IN :absensi_mahasiswa.id:', [...])
 4 SYSTEMPATH/Database/Query.php(159): CodeIgniter\Database\Query->compileBinds()
 5 SYSTEMPATH/Database/BaseConnection.php(607): CodeIgniter\Database\Query->getQuery()
 6 SYSTEMPATH/Database/BaseBuilder.php(1615): CodeIgniter\Database\BaseConnection->query('SELECT `absensi_mahasiswa`.*, `matakuliah`.`nama_mk`, `rencana_perkuliahan`.`topik`, `rencana_perkuliahan`.`tanggal`, `jadwal_kuliah`.`id` as `jadwal_id`, `matakuliah_id`
FROM `absensi_mahasiswa`
JOIN `absensi` ON `absensi_mahasiswa`.`absensi_id`= `absensi`.`id`
JOIN `rencana_perkuliahan` ON `absensi`.`rencana_perkuliahan_id` = `rencana_perkuliahan`.`id`
JOIN `jadwal_kuliah` ON `rencana_perkuliahan`.`jadwal_kuliah_id` = `jadwal_kuliah`.`id`
JOIN `matakuliah` ON `jadwal_kuliah`.`matakuliah_id` = `matakuliah`.`id`
WHERE `mahasiswa_id` = :mahasiswa_id:
AND `kehadiran` <> :kehadiran:
AND `absensi_mahasiswa`.`id` NOT IN :absensi_mahasiswa.id:', [...], false)
 7 SYSTEMPATH/Model.php(871): CodeIgniter\Database\BaseBuilder->get()
 8 APPPATH/Models/Mahasiswa/AbsenModel.php(55): CodeIgniter\Model->__call('get', [])
 9 APPPATH/Controllers/MahasiswaPraktikPengganti.php(34): App\Models\Mahasiswa\AbsenModel->getPraktikPenggantiBeluPengajuan()
10 SYSTEMPATH/CodeIgniter.php(942): App\Controllers\MahasiswaPraktikPengganti->ajukan()
11 SYSTEMPATH/CodeIgniter.php(502): CodeIgniter\CodeIgniter->runController(Object(App\Controllers\MahasiswaPraktikPengganti))
12 SYSTEMPATH/CodeIgniter.php(361): CodeIgniter\CodeIgniter->handleRequest(null, Object(Config\Cache), false)
13 FCPATH/index.php(79): CodeIgniter\CodeIgniter->run()
14 SYSTEMPATH/Commands/Server/rewrite.php(47): require_once('/Applications/XAMPP/xamppfiles/htdocs/pembelajaran/public/index.php')
INFO - 2024-01-22 08:12:14 --> Session: Class initialized using 'CodeIgniter\Session\Handlers\FileHandler' driver.
INFO - 2024-01-22 08:12:15 --> Session: Class initialized using 'CodeIgniter\Session\Handlers\FileHandler' driver.
INFO - 2024-01-22 08:12:17 --> Session: Class initialized using 'CodeIgniter\Session\Handlers\FileHandler' driver.
INFO - 2024-01-22 08:12:17 --> Session: Class initialized using 'CodeIgniter\Session\Handlers\FileHandler' driver.
INFO - 2024-01-22 08:13:29 --> Session: Class initialized using 'CodeIgniter\Session\Handlers\FileHandler' driver.
INFO - 2024-01-22 08:13:29 --> Session: Class initialized using 'CodeIgniter\Session\Handlers\FileHandler' driver.
INFO - 2024-01-22 08:13:31 --> Session: Class initialized using 'CodeIgniter\Session\Handlers\FileHandler' driver.
ERROR - 2024-01-22 08:13:31 --> mysqli_sql_exception: You have an error in your SQL syntax; check the manual that corresponds to your MariaDB server version for the right syntax to use near ')' at line 9 in /Applications/XAMPP/xamppfiles/htdocs/pembelajaran/system/Database/MySQLi/Connection.php:306
Stack trace:
#0 /Applications/XAMPP/xamppfiles/htdocs/pembelajaran/system/Database/MySQLi/Connection.php(306): mysqli->query('SELECT `absensi...', 0)
#1 /Applications/XAMPP/xamppfiles/htdocs/pembelajaran/system/Database/BaseConnection.php(693): CodeIgniter\Database\MySQLi\Connection->execute('SELECT `absensi...')
#2 /Applications/XAMPP/xamppfiles/htdocs/pembelajaran/system/Database/BaseConnection.php(607): CodeIgniter\Database\BaseConnection->simpleQuery('SELECT `absensi...')
#3 /Applications/XAMPP/xamppfiles/htdocs/pembelajaran/system/Database/BaseBuilder.php(1615): CodeIgniter\Database\BaseConnection->query('SELECT `absensi...', Array, false)
#4 /Applications/XAMPP/xamppfiles/htdocs/pembelajaran/system/Model.php(871): CodeIgniter\Database\BaseBuilder->get()
#5 /Applications/XAMPP/xamppfiles/htdocs/pembelajaran/app/Models/Mahasiswa/AbsenModel.php(58): CodeIgniter\Model->__call('get', Array)
#6 /Applications/XAMPP/xamppfiles/htdocs/pembelajaran/app/Controllers/MahasiswaPraktikPengganti.php(34): App\Models\Mahasiswa\AbsenModel->getPraktikPenggantiBeluPengajuan()
#7 /Applications/XAMPP/xamppfiles/htdocs/pembelajaran/system/CodeIgniter.php(942): App\Controllers\MahasiswaPraktikPengganti->ajukan()
#8 /Applications/XAMPP/xamppfiles/htdocs/pembelajaran/system/CodeIgniter.php(502): CodeIgniter\CodeIgniter->runController(Object(App\Controllers\MahasiswaPraktikPengganti))
#9 /Applications/XAMPP/xamppfiles/htdocs/pembelajaran/system/CodeIgniter.php(361): CodeIgniter\CodeIgniter->handleRequest(NULL, Object(Config\Cache), false)
#10 /Applications/XAMPP/xamppfiles/htdocs/pembelajaran/public/index.php(79): CodeIgniter\CodeIgniter->run()
#11 /Applications/XAMPP/xamppfiles/htdocs/pembelajaran/system/Commands/Server/rewrite.php(47): require_once('/Applications/X...')
#12 {main}
CRITICAL - 2024-01-22 08:13:31 --> You have an error in your SQL syntax; check the manual that corresponds to your MariaDB server version for the right syntax to use near ')' at line 9
in SYSTEMPATH/Database/BaseConnection.php on line 647.
 1 SYSTEMPATH/Database/BaseBuilder.php(1615): CodeIgniter\Database\BaseConnection->query('SELECT `absensi_mahasiswa`.*, `matakuliah`.`nama_mk`, `rencana_perkuliahan`.`topik`, `rencana_perkuliahan`.`tanggal`, `jadwal_kuliah`.`id` as `jadwal_id`, `matakuliah_id`
FROM `absensi_mahasiswa`
JOIN `absensi` ON `absensi_mahasiswa`.`absensi_id`= `absensi`.`id`
JOIN `rencana_perkuliahan` ON `absensi`.`rencana_perkuliahan_id` = `rencana_perkuliahan`.`id`
JOIN `jadwal_kuliah` ON `rencana_perkuliahan`.`jadwal_kuliah_id` = `jadwal_kuliah`.`id`
JOIN `matakuliah` ON `jadwal_kuliah`.`matakuliah_id` = `matakuliah`.`id`
WHERE `mahasiswa_id` = :mahasiswa_id:
AND `kehadiran` <> :kehadiran:
AND `absensi_mahasiswa`.`id` NOT IN :absensi_mahasiswa.id:', [...], false)
 2 SYSTEMPATH/Model.php(871): CodeIgniter\Database\BaseBuilder->get()
 3 APPPATH/Models/Mahasiswa/AbsenModel.php(58): CodeIgniter\Model->__call('get', [])
 4 APPPATH/Controllers/MahasiswaPraktikPengganti.php(34): App\Models\Mahasiswa\AbsenModel->getPraktikPenggantiBeluPengajuan()
 5 SYSTEMPATH/CodeIgniter.php(942): App\Controllers\MahasiswaPraktikPengganti->ajukan()
 6 SYSTEMPATH/CodeIgniter.php(502): CodeIgniter\CodeIgniter->runController(Object(App\Controllers\MahasiswaPraktikPengganti))
 7 SYSTEMPATH/CodeIgniter.php(361): CodeIgniter\CodeIgniter->handleRequest(null, Object(Config\Cache), false)
 8 FCPATH/index.php(79): CodeIgniter\CodeIgniter->run()
 9 SYSTEMPATH/Commands/Server/rewrite.php(47): require_once('/Applications/XAMPP/xamppfiles/htdocs/pembelajaran/public/index.php')
INFO - 2024-01-22 08:14:34 --> Session: Class initialized using 'CodeIgniter\Session\Handlers\FileHandler' driver.
CRITICAL - 2024-01-22 08:14:34 --> Call to undefined method App\Models\Mahasiswa\AbsenModel::whereInSubquery
in SYSTEMPATH/Model.php on line 873.
 1 APPPATH/Models/Mahasiswa/AbsenModel.php(55): CodeIgniter\Model->__call('whereInSubquery', [...])
 2 APPPATH/Controllers/MahasiswaPraktikPengganti.php(34): App\Models\Mahasiswa\AbsenModel->getPraktikPenggantiBeluPengajuan()
 3 SYSTEMPATH/CodeIgniter.php(942): App\Controllers\MahasiswaPraktikPengganti->ajukan()
 4 SYSTEMPATH/CodeIgniter.php(502): CodeIgniter\CodeIgniter->runController(Object(App\Controllers\MahasiswaPraktikPengganti))
 5 SYSTEMPATH/CodeIgniter.php(361): CodeIgniter\CodeIgniter->handleRequest(null, Object(Config\Cache), false)
 6 FCPATH/index.php(79): CodeIgniter\CodeIgniter->run()
 7 SYSTEMPATH/Commands/Server/rewrite.php(47): require_once('/Applications/XAMPP/xamppfiles/htdocs/pembelajaran/public/index.php')
INFO - 2024-01-22 08:15:14 --> Session: Class initialized using 'CodeIgniter\Session\Handlers\FileHandler' driver.
INFO - 2024-01-22 08:15:14 --> Session: Class initialized using 'CodeIgniter\Session\Handlers\FileHandler' driver.
INFO - 2024-01-22 08:15:25 --> Session: Class initialized using 'CodeIgniter\Session\Handlers\FileHandler' driver.
INFO - 2024-01-22 08:15:47 --> Session: Class initialized using 'CodeIgniter\Session\Handlers\FileHandler' driver.
INFO - 2024-01-22 08:15:47 --> Session: Class initialized using 'CodeIgniter\Session\Handlers\FileHandler' driver.
INFO - 2024-01-22 08:15:49 --> Session: Class initialized using 'CodeIgniter\Session\Handlers\FileHandler' driver.
INFO - 2024-01-22 08:15:49 --> Session: Class initialized using 'CodeIgniter\Session\Handlers\FileHandler' driver.
INFO - 2024-01-22 08:15:50 --> Session: Class initialized using 'CodeIgniter\Session\Handlers\FileHandler' driver.
INFO - 2024-01-22 08:15:51 --> Session: Class initialized using 'CodeIgniter\Session\Handlers\FileHandler' driver.
INFO - 2024-01-22 08:17:13 --> Session: Class initialized using 'CodeIgniter\Session\Handlers\FileHandler' driver.
INFO - 2024-01-22 08:17:13 --> Session: Class initialized using 'CodeIgniter\Session\Handlers\FileHandler' driver.
INFO - 2024-01-22 08:17:15 --> Session: Class initialized using 'CodeIgniter\Session\Handlers\FileHandler' driver.
INFO - 2024-01-22 08:17:15 --> Session: Class initialized using 'CodeIgniter\Session\Handlers\FileHandler' driver.
INFO - 2024-01-22 08:17:25 --> Session: Class initialized using 'CodeIgniter\Session\Handlers\FileHandler' driver.
INFO - 2024-01-22 08:17:25 --> Session: Class initialized using 'CodeIgniter\Session\Handlers\FileHandler' driver.
INFO - 2024-01-22 08:17:25 --> Session: Class initialized using 'CodeIgniter\Session\Handlers\FileHandler' driver.
INFO - 2024-01-22 08:17:26 --> Session: Class initialized using 'CodeIgniter\Session\Handlers\FileHandler' driver.
INFO - 2024-01-22 08:17:50 --> Session: Class initialized using 'CodeIgniter\Session\Handlers\FileHandler' driver.
INFO - 2024-01-22 08:17:50 --> Session: Class initialized using 'CodeIgniter\Session\Handlers\FileHandler' driver.
INFO - 2024-01-22 08:18:26 --> Session: Class initialized using 'CodeIgniter\Session\Handlers\FileHandler' driver.
INFO - 2024-01-22 08:18:27 --> Session: Class initialized using 'CodeIgniter\Session\Handlers\FileHandler' driver.
INFO - 2024-01-22 08:19:36 --> Session: Class initialized using 'CodeIgniter\Session\Handlers\FileHandler' driver.
INFO - 2024-01-22 08:19:37 --> Session: Class initialized using 'CodeIgniter\Session\Handlers\FileHandler' driver.
INFO - 2024-01-22 08:19:55 --> Session: Class initialized using 'CodeIgniter\Session\Handlers\FileHandler' driver.
INFO - 2024-01-22 08:19:55 --> Session: Class initialized using 'CodeIgniter\Session\Handlers\FileHandler' driver.
INFO - 2024-01-22 08:20:05 --> Session: Class initialized using 'CodeIgniter\Session\Handlers\FileHandler' driver.
INFO - 2024-01-22 08:20:05 --> Session: Class initialized using 'CodeIgniter\Session\Handlers\FileHandler' driver.
INFO - 2024-01-22 08:20:14 --> Session: Class initialized using 'CodeIgniter\Session\Handlers\FileHandler' driver.
INFO - 2024-01-22 08:20:14 --> Session: Class initialized using 'CodeIgniter\Session\Handlers\FileHandler' driver.
INFO - 2024-01-22 08:20:14 --> Session: Class initialized using 'CodeIgniter\Session\Handlers\FileHandler' driver.
INFO - 2024-01-22 08:24:52 --> Session: Class initialized using 'CodeIgniter\Session\Handlers\FileHandler' driver.
CRITICAL - 2024-01-22 08:24:52 --> Undefined variable $pengajuan
in APPPATH/Views/konten/adminJurusan/pp/pengajuan/index.php on line 41.
 1 APPPATH/Views/konten/adminJurusan/pp/pengajuan/index.php(41): CodeIgniter\Debug\Exceptions->errorHandler(2, 'Undefined variable $pengajuan', '/Applications/XAMPP/xamppfiles/htdocs/pembelajaran/app/Views/konten/adminJurusan/pp/pengajuan/index.php', 41)
 2 SYSTEMPATH/View/View.php(228): include('/Applications/XAMPP/xamppfiles/htdocs/pembelajaran/app/Views/konten/adminJurusan/pp/pengajuan/index.php')
 3 SYSTEMPATH/View/View.php(231): CodeIgniter\View\View->CodeIgniter\View\{closure}()
 4 SYSTEMPATH/Common.php(1190): CodeIgniter\View\View->render('konten/adminJurusan/pp/pengajuan/index', [], true)
 5 APPPATH/Controllers/AdminJurusanPP.php(12): view('konten/adminJurusan/pp/pengajuan/index', [...])
 6 SYSTEMPATH/CodeIgniter.php(942): App\Controllers\AdminJurusanPP->index()
 7 SYSTEMPATH/CodeIgniter.php(502): CodeIgniter\CodeIgniter->runController(Object(App\Controllers\AdminJurusanPP))
 8 SYSTEMPATH/CodeIgniter.php(361): CodeIgniter\CodeIgniter->handleRequest(null, Object(Config\Cache), false)
 9 FCPATH/index.php(79): CodeIgniter\CodeIgniter->run()
10 SYSTEMPATH/Commands/Server/rewrite.php(47): require_once('/Applications/XAMPP/xamppfiles/htdocs/pembelajaran/public/index.php')
INFO - 2024-01-22 08:25:34 --> Session: Class initialized using 'CodeIgniter\Session\Handlers\FileHandler' driver.
CRITICAL - 2024-01-22 08:25:34 --> Undefined property: App\Controllers\AdminJurusanPP::$pp
in APPPATH/Controllers/AdminJurusanPP.php on line 14.
 1 APPPATH/Controllers/AdminJurusanPP.php(14): CodeIgniter\Debug\Exceptions->errorHandler(2, 'Undefined property: App\\Controllers\\AdminJurusanPP::$pp', '/Applications/XAMPP/xamppfiles/htdocs/pembelajaran/app/Controllers/AdminJurusanPP.php', 14)
 2 SYSTEMPATH/CodeIgniter.php(942): App\Controllers\AdminJurusanPP->pengajuan()
 3 SYSTEMPATH/CodeIgniter.php(502): CodeIgniter\CodeIgniter->runController(Object(App\Controllers\AdminJurusanPP))
 4 SYSTEMPATH/CodeIgniter.php(361): CodeIgniter\CodeIgniter->handleRequest(null, Object(Config\Cache), false)
 5 FCPATH/index.php(79): CodeIgniter\CodeIgniter->run()
 6 SYSTEMPATH/Commands/Server/rewrite.php(47): require_once('/Applications/XAMPP/xamppfiles/htdocs/pembelajaran/public/index.php')
INFO - 2024-01-22 08:26:58 --> Session: Class initialized using 'CodeIgniter\Session\Handlers\FileHandler' driver.
INFO - 2024-01-22 08:27:25 --> Session: Class initialized using 'CodeIgniter\Session\Handlers\FileHandler' driver.
INFO - 2024-01-22 08:28:06 --> Session: Class initialized using 'CodeIgniter\Session\Handlers\FileHandler' driver.
INFO - 2024-01-22 08:28:13 --> Session: Class initialized using 'CodeIgniter\Session\Handlers\FileHandler' driver.
INFO - 2024-01-22 08:28:13 --> Session: Class initialized using 'CodeIgniter\Session\Handlers\FileHandler' driver.
INFO - 2024-01-22 13:59:15 --> Session: Class initialized using 'CodeIgniter\Session\Handlers\FileHandler' driver.
INFO - 2024-01-22 13:59:16 --> Session: Class initialized using 'CodeIgniter\Session\Handlers\FileHandler' driver.
INFO - 2024-01-22 13:59:25 --> Session: Class initialized using 'CodeIgniter\Session\Handlers\FileHandler' driver.
INFO - 2024-01-22 13:59:25 --> Session: Class initialized using 'CodeIgniter\Session\Handlers\FileHandler' driver.
INFO - 2024-01-22 13:59:25 --> Session: Class initialized using 'CodeIgniter\Session\Handlers\FileHandler' driver.
INFO - 2024-01-22 13:59:46 --> Session: Class initialized using 'CodeIgniter\Session\Handlers\FileHandler' driver.
INFO - 2024-01-22 13:59:46 --> Session: Class initialized using 'CodeIgniter\Session\Handlers\FileHandler' driver.
INFO - 2024-01-22 13:59:51 --> Session: Class initialized using 'CodeIgniter\Session\Handlers\FileHandler' driver.
INFO - 2024-01-22 13:59:53 --> Session: Class initialized using 'CodeIgniter\Session\Handlers\FileHandler' driver.
INFO - 2024-01-22 13:59:53 --> Session: Class initialized using 'CodeIgniter\Session\Handlers\FileHandler' driver.
INFO - 2024-01-22 14:00:58 --> Session: Class initialized using 'CodeIgniter\Session\Handlers\FileHandler' driver.
INFO - 2024-01-22 14:00:58 --> Session: Class initialized using 'CodeIgniter\Session\Handlers\FileHandler' driver.
INFO - 2024-01-22 14:01:25 --> Session: Class initialized using 'CodeIgniter\Session\Handlers\FileHandler' driver.
INFO - 2024-01-22 14:01:25 --> Session: Class initialized using 'CodeIgniter\Session\Handlers\FileHandler' driver.
INFO - 2024-01-22 14:01:28 --> Session: Class initialized using 'CodeIgniter\Session\Handlers\FileHandler' driver.
INFO - 2024-01-22 14:01:28 --> Session: Class initialized using 'CodeIgniter\Session\Handlers\FileHandler' driver.
INFO - 2024-01-22 14:01:29 --> Session: Class initialized using 'CodeIgniter\Session\Handlers\FileHandler' driver.
INFO - 2024-01-22 14:01:29 --> Session: Class initialized using 'CodeIgniter\Session\Handlers\FileHandler' driver.
INFO - 2024-01-22 14:01:29 --> Session: Class initialized using 'CodeIgniter\Session\Handlers\FileHandler' driver.
INFO - 2024-01-22 14:01:30 --> Session: Class initialized using 'CodeIgniter\Session\Handlers\FileHandler' driver.
INFO - 2024-01-22 14:01:40 --> Session: Class initialized using 'CodeIgniter\Session\Handlers\FileHandler' driver.
INFO - 2024-01-22 14:01:40 --> Session: Class initialized using 'CodeIgniter\Session\Handlers\FileHandler' driver.
INFO - 2024-01-22 14:02:07 --> Session: Class initialized using 'CodeIgniter\Session\Handlers\FileHandler' driver.
CRITICAL - 2024-01-22 14:02:07 --> Undefined property: stdClass::$nama_prodi
in APPPATH/Views/konten/adminJurusan/pp/pengajuan/index.php on line 44.
 1 APPPATH/Views/konten/adminJurusan/pp/pengajuan/index.php(44): CodeIgniter\Debug\Exceptions->errorHandler(2, 'Undefined property: stdClass::$nama_prodi', '/Applications/XAMPP/xamppfiles/htdocs/pembelajaran/app/Views/konten/adminJurusan/pp/pengajuan/index.php', 44)
 2 SYSTEMPATH/View/View.php(228): include('/Applications/XAMPP/xamppfiles/htdocs/pembelajaran/app/Views/konten/adminJurusan/pp/pengajuan/index.php')
 3 SYSTEMPATH/View/View.php(231): CodeIgniter\View\View->CodeIgniter\View\{closure}()
 4 SYSTEMPATH/Common.php(1190): CodeIgniter\View\View->render('konten/adminJurusan/pp/pengajuan/index', [], true)
 5 APPPATH/Controllers/AdminJurusanPP.php(24): view('konten/adminJurusan/pp/pengajuan/index', [...])
 6 SYSTEMPATH/CodeIgniter.php(942): App\Controllers\AdminJurusanPP->pengajuan()
 7 SYSTEMPATH/CodeIgniter.php(502): CodeIgniter\CodeIgniter->runController(Object(App\Controllers\AdminJurusanPP))
 8 SYSTEMPATH/CodeIgniter.php(361): CodeIgniter\CodeIgniter->handleRequest(null, Object(Config\Cache), false)
 9 FCPATH/index.php(79): CodeIgniter\CodeIgniter->run()
10 SYSTEMPATH/Commands/Server/rewrite.php(47): require_once('/Applications/XAMPP/xamppfiles/htdocs/pembelajaran/public/index.php')
INFO - 2024-01-22 14:03:20 --> Session: Class initialized using 'CodeIgniter\Session\Handlers\FileHandler' driver.
INFO - 2024-01-22 14:03:22 --> Session: Class initialized using 'CodeIgniter\Session\Handlers\FileHandler' driver.
INFO - 2024-01-22 14:03:46 --> Session: Class initialized using 'CodeIgniter\Session\Handlers\FileHandler' driver.
INFO - 2024-01-22 14:03:48 --> Session: Class initialized using 'CodeIgniter\Session\Handlers\FileHandler' driver.
INFO - 2024-01-22 14:03:52 --> Session: Class initialized using 'CodeIgniter\Session\Handlers\FileHandler' driver.
INFO - 2024-01-22 14:03:52 --> Session: Class initialized using 'CodeIgniter\Session\Handlers\FileHandler' driver.
INFO - 2024-01-22 14:06:55 --> Session: Class initialized using 'CodeIgniter\Session\Handlers\FileHandler' driver.
INFO - 2024-01-22 14:06:57 --> Session: Class initialized using 'CodeIgniter\Session\Handlers\FileHandler' driver.
INFO - 2024-01-22 14:06:58 --> Session: Class initialized using 'CodeIgniter\Session\Handlers\FileHandler' driver.
INFO - 2024-01-22 14:06:59 --> Session: Class initialized using 'CodeIgniter\Session\Handlers\FileHandler' driver.
INFO - 2024-01-22 14:07:31 --> Session: Class initialized using 'CodeIgniter\Session\Handlers\FileHandler' driver.
INFO - 2024-01-22 14:07:31 --> Session: Class initialized using 'CodeIgniter\Session\Handlers\FileHandler' driver.
INFO - 2024-01-22 14:07:32 --> Session: Class initialized using 'CodeIgniter\Session\Handlers\FileHandler' driver.
INFO - 2024-01-22 14:07:32 --> Session: Class initialized using 'CodeIgniter\Session\Handlers\FileHandler' driver.
INFO - 2024-01-22 14:07:38 --> Session: Class initialized using 'CodeIgniter\Session\Handlers\FileHandler' driver.
INFO - 2024-01-22 14:07:38 --> Session: Class initialized using 'CodeIgniter\Session\Handlers\FileHandler' driver.
INFO - 2024-01-22 14:08:13 --> Session: Class initialized using 'CodeIgniter\Session\Handlers\FileHandler' driver.
INFO - 2024-01-22 14:08:14 --> Session: Class initialized using 'CodeIgniter\Session\Handlers\FileHandler' driver.
INFO - 2024-01-22 14:15:41 --> Session: Class initialized using 'CodeIgniter\Session\Handlers\FileHandler' driver.
INFO - 2024-01-22 14:15:41 --> Session: Class initialized using 'CodeIgniter\Session\Handlers\FileHandler' driver.
INFO - 2024-01-22 14:16:16 --> Session: Class initialized using 'CodeIgniter\Session\Handlers\FileHandler' driver.
INFO - 2024-01-22 14:16:16 --> Session: Class initialized using 'CodeIgniter\Session\Handlers\FileHandler' driver.
INFO - 2024-01-22 14:16:40 --> Session: Class initialized using 'CodeIgniter\Session\Handlers\FileHandler' driver.
INFO - 2024-01-22 14:16:41 --> Session: Class initialized using 'CodeIgniter\Session\Handlers\FileHandler' driver.
INFO - 2024-01-22 14:16:42 --> Session: Class initialized using 'CodeIgniter\Session\Handlers\FileHandler' driver.
INFO - 2024-01-22 14:16:42 --> Session: Class initialized using 'CodeIgniter\Session\Handlers\FileHandler' driver.
INFO - 2024-01-22 14:16:42 --> Session: Class initialized using 'CodeIgniter\Session\Handlers\FileHandler' driver.
INFO - 2024-01-22 14:16:43 --> Session: Class initialized using 'CodeIgniter\Session\Handlers\FileHandler' driver.
INFO - 2024-01-22 14:16:58 --> Session: Class initialized using 'CodeIgniter\Session\Handlers\FileHandler' driver.
INFO - 2024-01-22 14:16:59 --> Session: Class initialized using 'CodeIgniter\Session\Handlers\FileHandler' driver.
INFO - 2024-01-22 14:17:09 --> Session: Class initialized using 'CodeIgniter\Session\Handlers\FileHandler' driver.
INFO - 2024-01-22 14:17:10 --> Session: Class initialized using 'CodeIgniter\Session\Handlers\FileHandler' driver.
INFO - 2024-01-22 14:18:19 --> Session: Class initialized using 'CodeIgniter\Session\Handlers\FileHandler' driver.
CRITICAL - 2024-01-22 14:18:19 --> Invalid file: "konten/adminJurusan/pp/verifkasi/index.php"
in SYSTEMPATH/Exceptions/FrameworkException.php on line 39.
 1 SYSTEMPATH/View/View.php(216): CodeIgniter\Exceptions\FrameworkException::forInvalidFile('konten/adminJurusan/pp/verifkasi/index.php')
 2 SYSTEMPATH/Common.php(1190): CodeIgniter\View\View->render('konten/adminJurusan/pp/verifkasi/index', [], true)
 3 APPPATH/Controllers/AdminJurusanPP.php(45): view('konten/adminJurusan/pp/verifkasi/index', [...])
 4 SYSTEMPATH/CodeIgniter.php(942): App\Controllers\AdminJurusanPP->verifikasi()
 5 SYSTEMPATH/CodeIgniter.php(502): CodeIgniter\CodeIgniter->runController(Object(App\Controllers\AdminJurusanPP))
 6 SYSTEMPATH/CodeIgniter.php(361): CodeIgniter\CodeIgniter->handleRequest(null, Object(Config\Cache), false)
 7 FCPATH/index.php(79): CodeIgniter\CodeIgniter->run()
 8 SYSTEMPATH/Commands/Server/rewrite.php(47): require_once('/Applications/XAMPP/xamppfiles/htdocs/pembelajaran/public/index.php')
INFO - 2024-01-22 14:18:35 --> Session: Class initialized using 'CodeIgniter\Session\Handlers\FileHandler' driver.
INFO - 2024-01-22 14:18:35 --> Session: Class initialized using 'CodeIgniter\Session\Handlers\FileHandler' driver.
INFO - 2024-01-22 14:19:01 --> Session: Class initialized using 'CodeIgniter\Session\Handlers\FileHandler' driver.
INFO - 2024-01-22 14:19:01 --> Session: Class initialized using 'CodeIgniter\Session\Handlers\FileHandler' driver.
INFO - 2024-01-22 14:19:22 --> Session: Class initialized using 'CodeIgniter\Session\Handlers\FileHandler' driver.
INFO - 2024-01-22 14:19:22 --> Session: Class initialized using 'CodeIgniter\Session\Handlers\FileHandler' driver.
INFO - 2024-01-22 14:19:25 --> Session: Class initialized using 'CodeIgniter\Session\Handlers\FileHandler' driver.
CRITICAL - 2024-01-22 14:19:25 --> Invalid file: "konten/adminJurusan/pp/pengajuan/informasi.php"
in SYSTEMPATH/Exceptions/FrameworkException.php on line 39.
 1 SYSTEMPATH/View/View.php(216): CodeIgniter\Exceptions\FrameworkException::forInvalidFile('konten/adminJurusan/pp/pengajuan/informasi.php')
 2 SYSTEMPATH/Common.php(1190): CodeIgniter\View\View->render('konten/adminJurusan/pp/pengajuan/informasi', [], true)
 3 APPPATH/Controllers/AdminJurusanPP.php(34): view('konten/adminJurusan/pp/pengajuan/informasi', [...])
 4 SYSTEMPATH/CodeIgniter.php(942): App\Controllers\AdminJurusanPP->pengajuanInformasi('YTI1MzBhZDItMDFmNy00MDI5LWE1NmQtOWJmNTc4ZDc3OGVh')
 5 SYSTEMPATH/CodeIgniter.php(502): CodeIgniter\CodeIgniter->runController(Object(App\Controllers\AdminJurusanPP))
 6 SYSTEMPATH/CodeIgniter.php(361): CodeIgniter\CodeIgniter->handleRequest(null, Object(Config\Cache), false)
 7 FCPATH/index.php(79): CodeIgniter\CodeIgniter->run()
 8 SYSTEMPATH/Commands/Server/rewrite.php(47): require_once('/Applications/XAMPP/xamppfiles/htdocs/pembelajaran/public/index.php')
INFO - 2024-01-22 14:19:40 --> Session: Class initialized using 'CodeIgniter\Session\Handlers\FileHandler' driver.
INFO - 2024-01-22 14:19:41 --> Session: Class initialized using 'CodeIgniter\Session\Handlers\FileHandler' driver.
INFO - 2024-01-22 14:21:25 --> Session: Class initialized using 'CodeIgniter\Session\Handlers\FileHandler' driver.
INFO - 2024-01-22 14:21:25 --> Session: Class initialized using 'CodeIgniter\Session\Handlers\FileHandler' driver.
INFO - 2024-01-22 14:21:49 --> Session: Class initialized using 'CodeIgniter\Session\Handlers\FileHandler' driver.
INFO - 2024-01-22 14:21:50 --> Session: Class initialized using 'CodeIgniter\Session\Handlers\FileHandler' driver.
INFO - 2024-01-22 14:22:40 --> Session: Class initialized using 'CodeIgniter\Session\Handlers\FileHandler' driver.
INFO - 2024-01-22 14:22:41 --> Session: Class initialized using 'CodeIgniter\Session\Handlers\FileHandler' driver.
INFO - 2024-01-22 14:23:05 --> Session: Class initialized using 'CodeIgniter\Session\Handlers\FileHandler' driver.
INFO - 2024-01-22 14:23:05 --> Session: Class initialized using 'CodeIgniter\Session\Handlers\FileHandler' driver.
INFO - 2024-01-22 14:25:02 --> Session: Class initialized using 'CodeIgniter\Session\Handlers\FileHandler' driver.
INFO - 2024-01-22 14:25:03 --> Session: Class initialized using 'CodeIgniter\Session\Handlers\FileHandler' driver.
INFO - 2024-01-22 14:27:34 --> Session: Class initialized using 'CodeIgniter\Session\Handlers\FileHandler' driver.
CRITICAL - 2024-01-22 14:27:34 --> Undefined property: stdClass::$bukti_file
in APPPATH/Views/konten/adminJurusan/pp/verifikasi/informasi.php on line 55.
 1 APPPATH/Views/konten/adminJurusan/pp/verifikasi/informasi.php(55): CodeIgniter\Debug\Exceptions->errorHandler(2, 'Undefined property: stdClass::$bukti_file', '/Applications/XAMPP/xamppfiles/htdocs/pembelajaran/app/Views/konten/adminJurusan/pp/verifikasi/informasi.php', 55)
 2 SYSTEMPATH/View/View.php(228): include('/Applications/XAMPP/xamppfiles/htdocs/pembelajaran/app/Views/konten/adminJurusan/pp/verifikasi/informasi.php')
 3 SYSTEMPATH/View/View.php(231): CodeIgniter\View\View->CodeIgniter\View\{closure}()
 4 SYSTEMPATH/Common.php(1190): CodeIgniter\View\View->render('konten/adminJurusan/pp/verifikasi/informasi', [], true)
 5 APPPATH/Controllers/AdminJurusanPP.php(34): view('konten/adminJurusan/pp/verifikasi/informasi', [...])
 6 SYSTEMPATH/CodeIgniter.php(942): App\Controllers\AdminJurusanPP->pengajuanInformasi('YTI1MzBhZDItMDFmNy00MDI5LWE1NmQtOWJmNTc4ZDc3OGVh')
 7 SYSTEMPATH/CodeIgniter.php(502): CodeIgniter\CodeIgniter->runController(Object(App\Controllers\AdminJurusanPP))
 8 SYSTEMPATH/CodeIgniter.php(361): CodeIgniter\CodeIgniter->handleRequest(null, Object(Config\Cache), false)
 9 FCPATH/index.php(79): CodeIgniter\CodeIgniter->run()
10 SYSTEMPATH/Commands/Server/rewrite.php(47): require_once('/Applications/XAMPP/xamppfiles/htdocs/pembelajaran/public/index.php')
INFO - 2024-01-22 14:28:20 --> Session: Class initialized using 'CodeIgniter\Session\Handlers\FileHandler' driver.
INFO - 2024-01-22 14:28:20 --> Session: Class initialized using 'CodeIgniter\Session\Handlers\FileHandler' driver.
INFO - 2024-01-22 14:28:36 --> Session: Class initialized using 'CodeIgniter\Session\Handlers\FileHandler' driver.
INFO - 2024-01-22 14:28:36 --> Session: Class initialized using 'CodeIgniter\Session\Handlers\FileHandler' driver.
INFO - 2024-01-22 14:29:02 --> Session: Class initialized using 'CodeIgniter\Session\Handlers\FileHandler' driver.
INFO - 2024-01-22 14:29:02 --> Session: Class initialized using 'CodeIgniter\Session\Handlers\FileHandler' driver.
INFO - 2024-01-22 14:29:34 --> Session: Class initialized using 'CodeIgniter\Session\Handlers\FileHandler' driver.
INFO - 2024-01-22 14:29:34 --> Session: Class initialized using 'CodeIgniter\Session\Handlers\FileHandler' driver.
INFO - 2024-01-22 14:29:52 --> Session: Class initialized using 'CodeIgniter\Session\Handlers\FileHandler' driver.
INFO - 2024-01-22 14:29:53 --> Session: Class initialized using 'CodeIgniter\Session\Handlers\FileHandler' driver.
INFO - 2024-01-22 14:31:21 --> Session: Class initialized using 'CodeIgniter\Session\Handlers\FileHandler' driver.
INFO - 2024-01-22 14:31:21 --> Session: Class initialized using 'CodeIgniter\Session\Handlers\FileHandler' driver.
INFO - 2024-01-22 14:31:43 --> Session: Class initialized using 'CodeIgniter\Session\Handlers\FileHandler' driver.
INFO - 2024-01-22 14:31:43 --> Session: Class initialized using 'CodeIgniter\Session\Handlers\FileHandler' driver.
INFO - 2024-01-22 14:32:04 --> Session: Class initialized using 'CodeIgniter\Session\Handlers\FileHandler' driver.
INFO - 2024-01-22 14:32:05 --> Session: Class initialized using 'CodeIgniter\Session\Handlers\FileHandler' driver.
INFO - 2024-01-22 22:58:41 --> Session: Class initialized using 'CodeIgniter\Session\Handlers\FileHandler' driver.
INFO - 2024-01-22 22:58:41 --> Session: Class initialized using 'CodeIgniter\Session\Handlers\FileHandler' driver.
INFO - 2024-01-22 22:58:50 --> Session: Class initialized using 'CodeIgniter\Session\Handlers\FileHandler' driver.
INFO - 2024-01-22 22:58:50 --> Session: Class initialized using 'CodeIgniter\Session\Handlers\FileHandler' driver.
INFO - 2024-01-22 22:58:51 --> Session: Class initialized using 'CodeIgniter\Session\Handlers\FileHandler' driver.
INFO - 2024-01-22 22:58:56 --> Session: Class initialized using 'CodeIgniter\Session\Handlers\FileHandler' driver.
INFO - 2024-01-22 22:58:56 --> Session: Class initialized using 'CodeIgniter\Session\Handlers\FileHandler' driver.
INFO - 2024-01-22 22:59:06 --> Session: Class initialized using 'CodeIgniter\Session\Handlers\FileHandler' driver.
INFO - 2024-01-22 22:59:07 --> Session: Class initialized using 'CodeIgniter\Session\Handlers\FileHandler' driver.
INFO - 2024-01-22 23:00:22 --> Session: Class initialized using 'CodeIgniter\Session\Handlers\FileHandler' driver.
INFO - 2024-01-22 23:00:22 --> Session: Class initialized using 'CodeIgniter\Session\Handlers\FileHandler' driver.
INFO - 2024-01-22 23:00:58 --> Session: Class initialized using 'CodeIgniter\Session\Handlers\FileHandler' driver.
INFO - 2024-01-22 23:00:59 --> Session: Class initialized using 'CodeIgniter\Session\Handlers\FileHandler' driver.
INFO - 2024-01-22 23:00:59 --> Session: Class initialized using 'CodeIgniter\Session\Handlers\FileHandler' driver.
INFO - 2024-01-22 23:01:00 --> Session: Class initialized using 'CodeIgniter\Session\Handlers\FileHandler' driver.
INFO - 2024-01-22 23:01:12 --> Session: Class initialized using 'CodeIgniter\Session\Handlers\FileHandler' driver.
INFO - 2024-01-22 23:01:13 --> Session: Class initialized using 'CodeIgniter\Session\Handlers\FileHandler' driver.
INFO - 2024-01-22 23:01:55 --> Session: Class initialized using 'CodeIgniter\Session\Handlers\FileHandler' driver.
INFO - 2024-01-22 23:01:55 --> Session: Class initialized using 'CodeIgniter\Session\Handlers\FileHandler' driver.
INFO - 2024-01-22 23:01:56 --> Session: Class initialized using 'CodeIgniter\Session\Handlers\FileHandler' driver.
INFO - 2024-01-22 23:01:56 --> Session: Class initialized using 'CodeIgniter\Session\Handlers\FileHandler' driver.
INFO - 2024-01-22 23:02:51 --> Session: Class initialized using 'CodeIgniter\Session\Handlers\FileHandler' driver.
INFO - 2024-01-22 23:02:51 --> Session: Class initialized using 'CodeIgniter\Session\Handlers\FileHandler' driver.
INFO - 2024-01-22 23:08:27 --> Session: Class initialized using 'CodeIgniter\Session\Handlers\FileHandler' driver.
INFO - 2024-01-22 23:08:27 --> Session: Class initialized using 'CodeIgniter\Session\Handlers\FileHandler' driver.
INFO - 2024-01-22 23:11:14 --> Session: Class initialized using 'CodeIgniter\Session\Handlers\FileHandler' driver.
ERROR - 2024-01-22 23:11:14 --> mysqli_sql_exception: Unknown column 'p_pengganti_master.master_id' in 'field list' in /Applications/XAMPP/xamppfiles/htdocs/pembelajaran/system/Database/MySQLi/Connection.php:306
Stack trace:
#0 /Applications/XAMPP/xamppfiles/htdocs/pembelajaran/system/Database/MySQLi/Connection.php(306): mysqli->query('SELECT `absensi...', 0)
#1 /Applications/XAMPP/xamppfiles/htdocs/pembelajaran/system/Database/BaseConnection.php(693): CodeIgniter\Database\MySQLi\Connection->execute('SELECT `absensi...')
#2 /Applications/XAMPP/xamppfiles/htdocs/pembelajaran/system/Database/BaseConnection.php(607): CodeIgniter\Database\BaseConnection->simpleQuery('SELECT `absensi...')
#3 /Applications/XAMPP/xamppfiles/htdocs/pembelajaran/system/Database/BaseBuilder.php(1615): CodeIgniter\Database\BaseConnection->query('SELECT `absensi...', Array, false)
#4 /Applications/XAMPP/xamppfiles/htdocs/pembelajaran/app/Models/AdminJurusan/PraktikPenggantiModel.php(38): CodeIgniter\Database\BaseBuilder->get()
#5 /Applications/XAMPP/xamppfiles/htdocs/pembelajaran/app/Controllers/AdminJurusanPP.php(32): App\Models\AdminJurusan\PraktikPenggantiModel->getDetailPengajuanTransaksi('a2530ad2-01f7-4...')
#6 /Applications/XAMPP/xamppfiles/htdocs/pembelajaran/system/CodeIgniter.php(942): App\Controllers\AdminJurusanPP->pengajuanInformasi('YTI1MzBhZDItMDF...')
#7 /Applications/XAMPP/xamppfiles/htdocs/pembelajaran/system/CodeIgniter.php(502): CodeIgniter\CodeIgniter->runController(Object(App\Controllers\AdminJurusanPP))
#8 /Applications/XAMPP/xamppfiles/htdocs/pembelajaran/system/CodeIgniter.php(361): CodeIgniter\CodeIgniter->handleRequest(NULL, Object(Config\Cache), false)
#9 /Applications/XAMPP/xamppfiles/htdocs/pembelajaran/public/index.php(79): CodeIgniter\CodeIgniter->run()
#10 /Applications/XAMPP/xamppfiles/htdocs/pembelajaran/system/Commands/Server/rewrite.php(47): require_once('/Applications/X...')
#11 {main}
CRITICAL - 2024-01-22 23:11:14 --> Unknown column 'p_pengganti_master.master_id' in 'field list'
in SYSTEMPATH/Database/BaseConnection.php on line 647.
 1 SYSTEMPATH/Database/BaseBuilder.php(1615): CodeIgniter\Database\BaseConnection->query('SELECT `absensi_mahasiswa`.*, `matakuliah`.`nama_mk`, `rencana_perkuliahan`.`topik`, `rencana_perkuliahan`.`tanggal`, `jadwal_kuliah`.`id` as `jadwal_id`, `p_pengganti_detail`.`matakuliah_id`, `matakuliah`.`kode_mk`, `dosen`.`nama` as `nama_dosen`, `p_pengganti_detail`.`bukti_file`, `p_pengganti_detail`.`biaya`, `p_pengganti_detail`.`id` as `detail_id`, `p_pengganti_master`.`master_id`
FROM `p_pengganti_detail`
JOIN `p_pengganti_master` ON `p_pengganti_detail`.`pp_master_id` = `p_pengganti_master`.`id`
JOIN `absensi_mahasiswa` ON `p_pengganti_detail`.`absensi_mahasiswa_id` = `absensi_mahasiswa`.`id`
JOIN `absensi` ON `absensi_mahasiswa`.`absensi_id`= `absensi`.`id`
JOIN `rencana_perkuliahan` ON `absensi`.`rencana_perkuliahan_id` = `rencana_perkuliahan`.`id`
JOIN `jadwal_kuliah` ON `rencana_perkuliahan`.`jadwal_kuliah_id` = `jadwal_kuliah`.`id`
JOIN `matakuliah` ON `jadwal_kuliah`.`matakuliah_id` = `matakuliah`.`id`
JOIN `dosen` ON `p_pengganti_detail`.`dosen_id` = `dosen`.`id`
WHERE `p_pengganti_master`.`id` = :p_pengganti_master.id:', [...], false)
 2 APPPATH/Models/AdminJurusan/PraktikPenggantiModel.php(38): CodeIgniter\Database\BaseBuilder->get()
 3 APPPATH/Controllers/AdminJurusanPP.php(32): App\Models\AdminJurusan\PraktikPenggantiModel->getDetailPengajuanTransaksi('a2530ad2-01f7-4029-a56d-9bf578d778ea')
 4 SYSTEMPATH/CodeIgniter.php(942): App\Controllers\AdminJurusanPP->pengajuanInformasi('YTI1MzBhZDItMDFmNy00MDI5LWE1NmQtOWJmNTc4ZDc3OGVh')
 5 SYSTEMPATH/CodeIgniter.php(502): CodeIgniter\CodeIgniter->runController(Object(App\Controllers\AdminJurusanPP))
 6 SYSTEMPATH/CodeIgniter.php(361): CodeIgniter\CodeIgniter->handleRequest(null, Object(Config\Cache), false)
 7 FCPATH/index.php(79): CodeIgniter\CodeIgniter->run()
 8 SYSTEMPATH/Commands/Server/rewrite.php(47): require_once('/Applications/XAMPP/xamppfiles/htdocs/pembelajaran/public/index.php')
INFO - 2024-01-22 23:11:33 --> Session: Class initialized using 'CodeIgniter\Session\Handlers\FileHandler' driver.
INFO - 2024-01-22 23:11:34 --> Session: Class initialized using 'CodeIgniter\Session\Handlers\FileHandler' driver.
INFO - 2024-01-22 23:11:45 --> Session: Class initialized using 'CodeIgniter\Session\Handlers\FileHandler' driver.
INFO - 2024-01-22 23:11:46 --> Session: Class initialized using 'CodeIgniter\Session\Handlers\FileHandler' driver.
INFO - 2024-01-22 23:12:08 --> Session: Class initialized using 'CodeIgniter\Session\Handlers\FileHandler' driver.
INFO - 2024-01-22 23:12:09 --> Session: Class initialized using 'CodeIgniter\Session\Handlers\FileHandler' driver.
INFO - 2024-01-22 23:12:10 --> Session: Class initialized using 'CodeIgniter\Session\Handlers\FileHandler' driver.
INFO - 2024-01-22 23:12:11 --> Session: Class initialized using 'CodeIgniter\Session\Handlers\FileHandler' driver.
INFO - 2024-01-22 23:12:45 --> Session: Class initialized using 'CodeIgniter\Session\Handlers\FileHandler' driver.
INFO - 2024-01-22 23:12:45 --> Session: Class initialized using 'CodeIgniter\Session\Handlers\FileHandler' driver.
INFO - 2024-01-22 23:12:47 --> Session: Class initialized using 'CodeIgniter\Session\Handlers\FileHandler' driver.
INFO - 2024-01-22 23:12:48 --> Session: Class initialized using 'CodeIgniter\Session\Handlers\FileHandler' driver.
INFO - 2024-01-22 23:20:09 --> Session: Class initialized using 'CodeIgniter\Session\Handlers\FileHandler' driver.
INFO - 2024-01-22 23:20:09 --> Session: Class initialized using 'CodeIgniter\Session\Handlers\FileHandler' driver.
INFO - 2024-01-22 23:20:13 --> Session: Class initialized using 'CodeIgniter\Session\Handlers\FileHandler' driver.
INFO - 2024-01-22 23:20:13 --> Session: Class initialized using 'CodeIgniter\Session\Handlers\FileHandler' driver.
INFO - 2024-01-22 23:20:14 --> Session: Class initialized using 'CodeIgniter\Session\Handlers\FileHandler' driver.
INFO - 2024-01-22 23:20:29 --> Session: Class initialized using 'CodeIgniter\Session\Handlers\FileHandler' driver.
INFO - 2024-01-22 23:20:29 --> Session: Class initialized using 'CodeIgniter\Session\Handlers\FileHandler' driver.
INFO - 2024-01-22 23:20:48 --> Session: Class initialized using 'CodeIgniter\Session\Handlers\FileHandler' driver.
INFO - 2024-01-22 23:20:49 --> Session: Class initialized using 'CodeIgniter\Session\Handlers\FileHandler' driver.
INFO - 2024-01-22 23:21:02 --> Session: Class initialized using 'CodeIgniter\Session\Handlers\FileHandler' driver.
INFO - 2024-01-22 23:21:02 --> Session: Class initialized using 'CodeIgniter\Session\Handlers\FileHandler' driver.
INFO - 2024-01-22 23:21:03 --> Session: Class initialized using 'CodeIgniter\Session\Handlers\FileHandler' driver.
INFO - 2024-01-22 23:21:03 --> Session: Class initialized using 'CodeIgniter\Session\Handlers\FileHandler' driver.
INFO - 2024-01-22 23:21:07 --> Session: Class initialized using 'CodeIgniter\Session\Handlers\FileHandler' driver.
INFO - 2024-01-22 23:21:07 --> Session: Class initialized using 'CodeIgniter\Session\Handlers\FileHandler' driver.
INFO - 2024-01-22 23:21:07 --> Session: Class initialized using 'CodeIgniter\Session\Handlers\FileHandler' driver.
INFO - 2024-01-22 23:21:11 --> Session: Class initialized using 'CodeIgniter\Session\Handlers\FileHandler' driver.
INFO - 2024-01-22 23:21:11 --> Session: Class initialized using 'CodeIgniter\Session\Handlers\FileHandler' driver.
INFO - 2024-01-22 23:22:12 --> Session: Class initialized using 'CodeIgniter\Session\Handlers\FileHandler' driver.
INFO - 2024-01-22 23:22:12 --> Session: Class initialized using 'CodeIgniter\Session\Handlers\FileHandler' driver.
