INFO - 2024-05-19 01:22:53 --> Session: Class initialized using 'CodeIgniter\Session\Handlers\FileHandler' driver.
INFO - 2024-05-19 01:23:01 --> Session: Class initialized using 'CodeIgniter\Session\Handlers\FileHandler' driver.
ERROR - 2024-05-19 01:23:01 --> Error connecting to the database: mysqli_sql_exception: Connection refused in /Applications/XAMPP/xamppfiles/htdocs/siakad-sd/system/Database/MySQLi/Connection.php:185
Stack trace:
#0 /Applications/XAMPP/xamppfiles/htdocs/siakad-sd/system/Database/MySQLi/Connection.php(185): mysqli->real_connect('127.0.0.1', 'root', '', 'db_siakad', 3306, '', 0)
#1 /Applications/XAMPP/xamppfiles/htdocs/siakad-sd/system/Database/BaseConnection.php(392): CodeIgniter\Database\MySQLi\Connection->connect(false)
#2 /Applications/XAMPP/xamppfiles/htdocs/siakad-sd/system/Database/BaseConnection.php(575): CodeIgniter\Database\BaseConnection->initialize()
#3 /Applications/XAMPP/xamppfiles/htdocs/siakad-sd/system/Database/BaseBuilder.php(1615): CodeIgniter\Database\BaseConnection->query('SELECT `users`....', Array, false)
#4 /Applications/XAMPP/xamppfiles/htdocs/siakad-sd/system/Model.php(871): CodeIgniter\Database\BaseBuilder->get()
#5 /Applications/XAMPP/xamppfiles/htdocs/siakad-sd/app/Models/AuthModel.php(30): CodeIgniter\Model->__call('get', Array)
#6 /Applications/XAMPP/xamppfiles/htdocs/siakad-sd/app/Controllers/Auth.php(66): App\Models\AuthModel->checkUser('admin', '1234567')
#7 /Applications/XAMPP/xamppfiles/htdocs/siakad-sd/system/CodeIgniter.php(942): App\Controllers\Auth->checkAuth()
#8 /Applications/XAMPP/xamppfiles/htdocs/siakad-sd/system/CodeIgniter.php(502): CodeIgniter\CodeIgniter->runController(Object(App\Controllers\Auth))
#9 /Applications/XAMPP/xamppfiles/htdocs/siakad-sd/system/CodeIgniter.php(361): CodeIgniter\CodeIgniter->handleRequest(NULL, Object(Config\Cache), false)
#10 /Applications/XAMPP/xamppfiles/htdocs/siakad-sd/public/index.php(79): CodeIgniter\CodeIgniter->run()
#11 /Applications/XAMPP/xamppfiles/htdocs/siakad-sd/system/Commands/Server/rewrite.php(47): require_once('/Applications/X...')
#12 {main}

Next CodeIgniter\Database\Exceptions\DatabaseException: Connection refused in /Applications/XAMPP/xamppfiles/htdocs/siakad-sd/system/Database/MySQLi/Connection.php:229
Stack trace:
#0 /Applications/XAMPP/xamppfiles/htdocs/siakad-sd/system/Database/BaseConnection.php(392): CodeIgniter\Database\MySQLi\Connection->connect(false)
#1 /Applications/XAMPP/xamppfiles/htdocs/siakad-sd/system/Database/BaseConnection.php(575): CodeIgniter\Database\BaseConnection->initialize()
#2 /Applications/XAMPP/xamppfiles/htdocs/siakad-sd/system/Database/BaseBuilder.php(1615): CodeIgniter\Database\BaseConnection->query('SELECT `users`....', Array, false)
#3 /Applications/XAMPP/xamppfiles/htdocs/siakad-sd/system/Model.php(871): CodeIgniter\Database\BaseBuilder->get()
#4 /Applications/XAMPP/xamppfiles/htdocs/siakad-sd/app/Models/AuthModel.php(30): CodeIgniter\Model->__call('get', Array)
#5 /Applications/XAMPP/xamppfiles/htdocs/siakad-sd/app/Controllers/Auth.php(66): App\Models\AuthModel->checkUser('admin', '1234567')
#6 /Applications/XAMPP/xamppfiles/htdocs/siakad-sd/system/CodeIgniter.php(942): App\Controllers\Auth->checkAuth()
#7 /Applications/XAMPP/xamppfiles/htdocs/siakad-sd/system/CodeIgniter.php(502): CodeIgniter\CodeIgniter->runController(Object(App\Controllers\Auth))
#8 /Applications/XAMPP/xamppfiles/htdocs/siakad-sd/system/CodeIgniter.php(361): CodeIgniter\CodeIgniter->handleRequest(NULL, Object(Config\Cache), false)
#9 /Applications/XAMPP/xamppfiles/htdocs/siakad-sd/public/index.php(79): CodeIgniter\CodeIgniter->run()
#10 /Applications/XAMPP/xamppfiles/htdocs/siakad-sd/system/Commands/Server/rewrite.php(47): require_once('/Applications/X...')
#11 {main}
CRITICAL - 2024-05-19 01:23:01 --> Unable to connect to the database.
Main connection [MySQLi]: Connection refused
in SYSTEMPATH/Database/BaseConnection.php on line 428.
 1 SYSTEMPATH/Database/BaseConnection.php(575): CodeIgniter\Database\BaseConnection->initialize()
 2 SYSTEMPATH/Database/BaseBuilder.php(1615): CodeIgniter\Database\BaseConnection->query('SELECT `users`.*, `role`.`role`
FROM `users`
LEFT JOIN `role` ON `role`.`id` = `users`.`role_id`
WHERE `password` = :password:
AND   (
`users`.`email` = :users.email:
OR `users`.`username` = :users.username:
 )', [...], false)
 3 SYSTEMPATH/Model.php(871): CodeIgniter\Database\BaseBuilder->get()
 4 APPPATH/Models/AuthModel.php(30): CodeIgniter\Model->__call('get', [])
 5 APPPATH/Controllers/Auth.php(66): App\Models\AuthModel->checkUser('admin', '1234567')
 6 SYSTEMPATH/CodeIgniter.php(942): App\Controllers\Auth->checkAuth()
 7 SYSTEMPATH/CodeIgniter.php(502): CodeIgniter\CodeIgniter->runController(Object(App\Controllers\Auth))
 8 SYSTEMPATH/CodeIgniter.php(361): CodeIgniter\CodeIgniter->handleRequest(null, Object(Config\Cache), false)
 9 FCPATH/index.php(79): CodeIgniter\CodeIgniter->run()
10 SYSTEMPATH/Commands/Server/rewrite.php(47): require_once('/Applications/XAMPP/xamppfiles/htdocs/siakad-sd/public/index.php')
INFO - 2024-05-19 01:23:54 --> Session: Class initialized using 'CodeIgniter\Session\Handlers\FileHandler' driver.
INFO - 2024-05-19 01:23:59 --> Session: Class initialized using 'CodeIgniter\Session\Handlers\FileHandler' driver.
INFO - 2024-05-19 01:24:04 --> Session: Class initialized using 'CodeIgniter\Session\Handlers\FileHandler' driver.
INFO - 2024-05-19 01:24:04 --> Session: Class initialized using 'CodeIgniter\Session\Handlers\FileHandler' driver.
INFO - 2024-05-19 01:24:10 --> Session: Class initialized using 'CodeIgniter\Session\Handlers\FileHandler' driver.
INFO - 2024-05-19 01:24:10 --> Session: Class initialized using 'CodeIgniter\Session\Handlers\FileHandler' driver.
INFO - 2024-05-19 01:24:17 --> Session: Class initialized using 'CodeIgniter\Session\Handlers\FileHandler' driver.
INFO - 2024-05-19 01:24:17 --> Session: Class initialized using 'CodeIgniter\Session\Handlers\FileHandler' driver.
INFO - 2024-05-19 01:24:19 --> Session: Class initialized using 'CodeIgniter\Session\Handlers\FileHandler' driver.
INFO - 2024-05-19 01:24:21 --> Session: Class initialized using 'CodeIgniter\Session\Handlers\FileHandler' driver.
INFO - 2024-05-19 01:24:23 --> Session: Class initialized using 'CodeIgniter\Session\Handlers\FileHandler' driver.
ERROR - 2024-05-19 01:24:23 --> mysqli_sql_exception: Unknown column '24380a57-41fa-4df3-b517-0a51b207f488' in 'on clause' in /Applications/XAMPP/xamppfiles/htdocs/siakad-sd/system/Database/MySQLi/Connection.php:306
Stack trace:
#0 /Applications/XAMPP/xamppfiles/htdocs/siakad-sd/system/Database/MySQLi/Connection.php(306): mysqli->query('SELECT `siswa`....', 0)
#1 /Applications/XAMPP/xamppfiles/htdocs/siakad-sd/system/Database/BaseConnection.php(693): CodeIgniter\Database\MySQLi\Connection->execute('SELECT `siswa`....')
#2 /Applications/XAMPP/xamppfiles/htdocs/siakad-sd/system/Database/BaseConnection.php(607): CodeIgniter\Database\BaseConnection->simpleQuery('SELECT `siswa`....')
#3 /Applications/XAMPP/xamppfiles/htdocs/siakad-sd/system/Database/BaseBuilder.php(1615): CodeIgniter\Database\BaseConnection->query('SELECT `siswa`....', Array, false)
#4 /Applications/XAMPP/xamppfiles/htdocs/siakad-sd/app/Controllers/AdminKelas.php(129): CodeIgniter\Database\BaseBuilder->get()
#5 /Applications/XAMPP/xamppfiles/htdocs/siakad-sd/system/CodeIgniter.php(942): App\Controllers\AdminKelas->siswaByTahunMasuk('2021')
#6 /Applications/XAMPP/xamppfiles/htdocs/siakad-sd/system/CodeIgniter.php(502): CodeIgniter\CodeIgniter->runController(Object(App\Controllers\AdminKelas))
#7 /Applications/XAMPP/xamppfiles/htdocs/siakad-sd/system/CodeIgniter.php(361): CodeIgniter\CodeIgniter->handleRequest(NULL, Object(Config\Cache), false)
#8 /Applications/XAMPP/xamppfiles/htdocs/siakad-sd/public/index.php(79): CodeIgniter\CodeIgniter->run()
#9 /Applications/XAMPP/xamppfiles/htdocs/siakad-sd/system/Commands/Server/rewrite.php(47): require_once('/Applications/X...')
#10 {main}
CRITICAL - 2024-05-19 01:24:23 --> Unknown column '24380a57-41fa-4df3-b517-0a51b207f488' in 'on clause'
in SYSTEMPATH/Database/BaseConnection.php on line 647.
 1 SYSTEMPATH/Database/BaseBuilder.php(1615): CodeIgniter\Database\BaseConnection->query('SELECT `siswa`.`id`, `siswa`.`nisn`, `siswa`.`nama`, `siswa`.`tahun_masuk`, `kelas_detail`.`kelas_id` AS `terdaftar`
FROM `siswa`
LEFT JOIN `kelas_detail` ON `kelas_detail`.`siswa_id` = `siswa`.`id` AND `kelas_detail`.`kelas_id` = `24380a57-41fa-4df3-b517-0a51b207f488`
WHERE `siswa`.`tahun_masuk` = :siswa.tahun_masuk:', [...], false)
 2 APPPATH/Controllers/AdminKelas.php(129): CodeIgniter\Database\BaseBuilder->get()
 3 SYSTEMPATH/CodeIgniter.php(942): App\Controllers\AdminKelas->siswaByTahunMasuk('2021')
 4 SYSTEMPATH/CodeIgniter.php(502): CodeIgniter\CodeIgniter->runController(Object(App\Controllers\AdminKelas))
 5 SYSTEMPATH/CodeIgniter.php(361): CodeIgniter\CodeIgniter->handleRequest(null, Object(Config\Cache), false)
 6 FCPATH/index.php(79): CodeIgniter\CodeIgniter->run()
 7 SYSTEMPATH/Commands/Server/rewrite.php(47): require_once('/Applications/XAMPP/xamppfiles/htdocs/siakad-sd/public/index.php')
INFO - 2024-05-19 01:24:25 --> Session: Class initialized using 'CodeIgniter\Session\Handlers\FileHandler' driver.
ERROR - 2024-05-19 01:24:25 --> mysqli_sql_exception: Unknown column '24380a57-41fa-4df3-b517-0a51b207f488' in 'on clause' in /Applications/XAMPP/xamppfiles/htdocs/siakad-sd/system/Database/MySQLi/Connection.php:306
Stack trace:
#0 /Applications/XAMPP/xamppfiles/htdocs/siakad-sd/system/Database/MySQLi/Connection.php(306): mysqli->query('SELECT `siswa`....', 0)
#1 /Applications/XAMPP/xamppfiles/htdocs/siakad-sd/system/Database/BaseConnection.php(693): CodeIgniter\Database\MySQLi\Connection->execute('SELECT `siswa`....')
#2 /Applications/XAMPP/xamppfiles/htdocs/siakad-sd/system/Database/BaseConnection.php(607): CodeIgniter\Database\BaseConnection->simpleQuery('SELECT `siswa`....')
#3 /Applications/XAMPP/xamppfiles/htdocs/siakad-sd/system/Database/BaseBuilder.php(1615): CodeIgniter\Database\BaseConnection->query('SELECT `siswa`....', Array, false)
#4 /Applications/XAMPP/xamppfiles/htdocs/siakad-sd/app/Controllers/AdminKelas.php(129): CodeIgniter\Database\BaseBuilder->get()
#5 /Applications/XAMPP/xamppfiles/htdocs/siakad-sd/system/CodeIgniter.php(942): App\Controllers\AdminKelas->siswaByTahunMasuk('2020')
#6 /Applications/XAMPP/xamppfiles/htdocs/siakad-sd/system/CodeIgniter.php(502): CodeIgniter\CodeIgniter->runController(Object(App\Controllers\AdminKelas))
#7 /Applications/XAMPP/xamppfiles/htdocs/siakad-sd/system/CodeIgniter.php(361): CodeIgniter\CodeIgniter->handleRequest(NULL, Object(Config\Cache), false)
#8 /Applications/XAMPP/xamppfiles/htdocs/siakad-sd/public/index.php(79): CodeIgniter\CodeIgniter->run()
#9 /Applications/XAMPP/xamppfiles/htdocs/siakad-sd/system/Commands/Server/rewrite.php(47): require_once('/Applications/X...')
#10 {main}
CRITICAL - 2024-05-19 01:24:25 --> Unknown column '24380a57-41fa-4df3-b517-0a51b207f488' in 'on clause'
in SYSTEMPATH/Database/BaseConnection.php on line 647.
 1 SYSTEMPATH/Database/BaseBuilder.php(1615): CodeIgniter\Database\BaseConnection->query('SELECT `siswa`.`id`, `siswa`.`nisn`, `siswa`.`nama`, `siswa`.`tahun_masuk`, `kelas_detail`.`kelas_id` AS `terdaftar`
FROM `siswa`
LEFT JOIN `kelas_detail` ON `kelas_detail`.`siswa_id` = `siswa`.`id` AND `kelas_detail`.`kelas_id` = `24380a57-41fa-4df3-b517-0a51b207f488`
WHERE `siswa`.`tahun_masuk` = :siswa.tahun_masuk:', [...], false)
 2 APPPATH/Controllers/AdminKelas.php(129): CodeIgniter\Database\BaseBuilder->get()
 3 SYSTEMPATH/CodeIgniter.php(942): App\Controllers\AdminKelas->siswaByTahunMasuk('2020')
 4 SYSTEMPATH/CodeIgniter.php(502): CodeIgniter\CodeIgniter->runController(Object(App\Controllers\AdminKelas))
 5 SYSTEMPATH/CodeIgniter.php(361): CodeIgniter\CodeIgniter->handleRequest(null, Object(Config\Cache), false)
 6 FCPATH/index.php(79): CodeIgniter\CodeIgniter->run()
 7 SYSTEMPATH/Commands/Server/rewrite.php(47): require_once('/Applications/XAMPP/xamppfiles/htdocs/siakad-sd/public/index.php')
INFO - 2024-05-19 01:31:16 --> Session: Class initialized using 'CodeIgniter\Session\Handlers\FileHandler' driver.
CRITICAL - 2024-05-19 01:31:16 --> Call to undefined method CodeIgniter\Database\MySQLi\Builder::getResult()
in APPPATH/Controllers/AdminKelas.php on line 123.
 1 SYSTEMPATH/CodeIgniter.php(942): App\Controllers\AdminKelas->isi('MjQzODBhNTctNDFmYS00ZGYzLWI1MTctMGE1MWIyMDdmNDg4')
 2 SYSTEMPATH/CodeIgniter.php(502): CodeIgniter\CodeIgniter->runController(Object(App\Controllers\AdminKelas))
 3 SYSTEMPATH/CodeIgniter.php(361): CodeIgniter\CodeIgniter->handleRequest(null, Object(Config\Cache), false)
 4 FCPATH/index.php(79): CodeIgniter\CodeIgniter->run()
 5 SYSTEMPATH/Commands/Server/rewrite.php(47): require_once('/Applications/XAMPP/xamppfiles/htdocs/siakad-sd/public/index.php')
INFO - 2024-05-19 01:31:24 --> Session: Class initialized using 'CodeIgniter\Session\Handlers\FileHandler' driver.
CRITICAL - 2024-05-19 01:31:24 --> Call to undefined method CodeIgniter\Database\MySQLi\Builder::getResults()
in APPPATH/Controllers/AdminKelas.php on line 123.
 1 SYSTEMPATH/CodeIgniter.php(942): App\Controllers\AdminKelas->isi('MjQzODBhNTctNDFmYS00ZGYzLWI1MTctMGE1MWIyMDdmNDg4')
 2 SYSTEMPATH/CodeIgniter.php(502): CodeIgniter\CodeIgniter->runController(Object(App\Controllers\AdminKelas))
 3 SYSTEMPATH/CodeIgniter.php(361): CodeIgniter\CodeIgniter->handleRequest(null, Object(Config\Cache), false)
 4 FCPATH/index.php(79): CodeIgniter\CodeIgniter->run()
 5 SYSTEMPATH/Commands/Server/rewrite.php(47): require_once('/Applications/XAMPP/xamppfiles/htdocs/siakad-sd/public/index.php')
INFO - 2024-05-19 01:31:34 --> Session: Class initialized using 'CodeIgniter\Session\Handlers\FileHandler' driver.
INFO - 2024-05-19 01:35:25 --> Session: Class initialized using 'CodeIgniter\Session\Handlers\FileHandler' driver.
INFO - 2024-05-19 01:35:36 --> Session: Class initialized using 'CodeIgniter\Session\Handlers\FileHandler' driver.
INFO - 2024-05-19 01:36:09 --> Session: Class initialized using 'CodeIgniter\Session\Handlers\FileHandler' driver.
INFO - 2024-05-19 01:37:33 --> Session: Class initialized using 'CodeIgniter\Session\Handlers\FileHandler' driver.
INFO - 2024-05-19 01:37:35 --> Session: Class initialized using 'CodeIgniter\Session\Handlers\FileHandler' driver.
INFO - 2024-05-19 01:37:35 --> Session: Class initialized using 'CodeIgniter\Session\Handlers\FileHandler' driver.
INFO - 2024-05-19 01:37:37 --> Session: Class initialized using 'CodeIgniter\Session\Handlers\FileHandler' driver.
INFO - 2024-05-19 01:37:37 --> Session: Class initialized using 'CodeIgniter\Session\Handlers\FileHandler' driver.
INFO - 2024-05-19 01:37:46 --> Session: Class initialized using 'CodeIgniter\Session\Handlers\FileHandler' driver.
INFO - 2024-05-19 01:37:48 --> Session: Class initialized using 'CodeIgniter\Session\Handlers\FileHandler' driver.
INFO - 2024-05-19 01:37:48 --> Session: Class initialized using 'CodeIgniter\Session\Handlers\FileHandler' driver.
INFO - 2024-05-19 01:37:52 --> Session: Class initialized using 'CodeIgniter\Session\Handlers\FileHandler' driver.
INFO - 2024-05-19 01:37:52 --> Session: Class initialized using 'CodeIgniter\Session\Handlers\FileHandler' driver.
INFO - 2024-05-19 01:40:44 --> Session: Class initialized using 'CodeIgniter\Session\Handlers\FileHandler' driver.
INFO - 2024-05-19 01:40:46 --> Session: Class initialized using 'CodeIgniter\Session\Handlers\FileHandler' driver.
INFO - 2024-05-19 01:40:46 --> Session: Class initialized using 'CodeIgniter\Session\Handlers\FileHandler' driver.
INFO - 2024-05-19 01:40:47 --> Session: Class initialized using 'CodeIgniter\Session\Handlers\FileHandler' driver.
INFO - 2024-05-19 01:40:47 --> Session: Class initialized using 'CodeIgniter\Session\Handlers\FileHandler' driver.
INFO - 2024-05-19 01:41:26 --> Session: Class initialized using 'CodeIgniter\Session\Handlers\FileHandler' driver.
INFO - 2024-05-19 01:41:28 --> Session: Class initialized using 'CodeIgniter\Session\Handlers\FileHandler' driver.
INFO - 2024-05-19 01:41:28 --> Session: Class initialized using 'CodeIgniter\Session\Handlers\FileHandler' driver.
INFO - 2024-05-19 01:41:29 --> Session: Class initialized using 'CodeIgniter\Session\Handlers\FileHandler' driver.
INFO - 2024-05-19 01:41:29 --> Session: Class initialized using 'CodeIgniter\Session\Handlers\FileHandler' driver.
INFO - 2024-05-19 01:41:47 --> Session: Class initialized using 'CodeIgniter\Session\Handlers\FileHandler' driver.
INFO - 2024-05-19 01:41:50 --> Session: Class initialized using 'CodeIgniter\Session\Handlers\FileHandler' driver.
INFO - 2024-05-19 01:41:50 --> Session: Class initialized using 'CodeIgniter\Session\Handlers\FileHandler' driver.
INFO - 2024-05-19 01:41:51 --> Session: Class initialized using 'CodeIgniter\Session\Handlers\FileHandler' driver.
INFO - 2024-05-19 01:41:51 --> Session: Class initialized using 'CodeIgniter\Session\Handlers\FileHandler' driver.
INFO - 2024-05-19 01:41:52 --> Session: Class initialized using 'CodeIgniter\Session\Handlers\FileHandler' driver.
INFO - 2024-05-19 01:41:52 --> Session: Class initialized using 'CodeIgniter\Session\Handlers\FileHandler' driver.
INFO - 2024-05-19 01:42:30 --> Session: Class initialized using 'CodeIgniter\Session\Handlers\FileHandler' driver.
INFO - 2024-05-19 01:42:50 --> Session: Class initialized using 'CodeIgniter\Session\Handlers\FileHandler' driver.
INFO - 2024-05-19 01:43:01 --> Session: Class initialized using 'CodeIgniter\Session\Handlers\FileHandler' driver.
INFO - 2024-05-19 01:44:31 --> Session: Class initialized using 'CodeIgniter\Session\Handlers\FileHandler' driver.
INFO - 2024-05-19 01:44:33 --> Session: Class initialized using 'CodeIgniter\Session\Handlers\FileHandler' driver.
INFO - 2024-05-19 01:44:33 --> Session: Class initialized using 'CodeIgniter\Session\Handlers\FileHandler' driver.
INFO - 2024-05-19 01:44:35 --> Session: Class initialized using 'CodeIgniter\Session\Handlers\FileHandler' driver.
INFO - 2024-05-19 01:44:35 --> Session: Class initialized using 'CodeIgniter\Session\Handlers\FileHandler' driver.
INFO - 2024-05-19 01:45:11 --> Session: Class initialized using 'CodeIgniter\Session\Handlers\FileHandler' driver.
INFO - 2024-05-19 01:50:56 --> Session: Class initialized using 'CodeIgniter\Session\Handlers\FileHandler' driver.
INFO - 2024-05-19 01:50:59 --> Session: Class initialized using 'CodeIgniter\Session\Handlers\FileHandler' driver.
INFO - 2024-05-19 01:50:59 --> Session: Class initialized using 'CodeIgniter\Session\Handlers\FileHandler' driver.
INFO - 2024-05-19 01:51:01 --> Session: Class initialized using 'CodeIgniter\Session\Handlers\FileHandler' driver.
INFO - 2024-05-19 01:51:01 --> Session: Class initialized using 'CodeIgniter\Session\Handlers\FileHandler' driver.
INFO - 2024-05-19 01:51:06 --> Session: Class initialized using 'CodeIgniter\Session\Handlers\FileHandler' driver.
INFO - 2024-05-19 01:51:06 --> Session: Class initialized using 'CodeIgniter\Session\Handlers\FileHandler' driver.
INFO - 2024-05-19 01:53:10 --> Session: Class initialized using 'CodeIgniter\Session\Handlers\FileHandler' driver.
INFO - 2024-05-19 01:53:12 --> Session: Class initialized using 'CodeIgniter\Session\Handlers\FileHandler' driver.
INFO - 2024-05-19 01:53:13 --> Session: Class initialized using 'CodeIgniter\Session\Handlers\FileHandler' driver.
INFO - 2024-05-19 01:53:14 --> Session: Class initialized using 'CodeIgniter\Session\Handlers\FileHandler' driver.
INFO - 2024-05-19 01:53:14 --> Session: Class initialized using 'CodeIgniter\Session\Handlers\FileHandler' driver.
INFO - 2024-05-19 01:54:05 --> Session: Class initialized using 'CodeIgniter\Session\Handlers\FileHandler' driver.
INFO - 2024-05-19 01:54:08 --> Session: Class initialized using 'CodeIgniter\Session\Handlers\FileHandler' driver.
INFO - 2024-05-19 01:54:08 --> Session: Class initialized using 'CodeIgniter\Session\Handlers\FileHandler' driver.
INFO - 2024-05-19 01:54:10 --> Session: Class initialized using 'CodeIgniter\Session\Handlers\FileHandler' driver.
INFO - 2024-05-19 01:54:10 --> Session: Class initialized using 'CodeIgniter\Session\Handlers\FileHandler' driver.
INFO - 2024-05-19 01:54:33 --> Session: Class initialized using 'CodeIgniter\Session\Handlers\FileHandler' driver.
INFO - 2024-05-19 01:54:33 --> Session: Class initialized using 'CodeIgniter\Session\Handlers\FileHandler' driver.
INFO - 2024-05-19 01:55:11 --> Session: Class initialized using 'CodeIgniter\Session\Handlers\FileHandler' driver.
INFO - 2024-05-19 01:55:16 --> Session: Class initialized using 'CodeIgniter\Session\Handlers\FileHandler' driver.
INFO - 2024-05-19 01:55:18 --> Session: Class initialized using 'CodeIgniter\Session\Handlers\FileHandler' driver.
INFO - 2024-05-19 01:55:25 --> Session: Class initialized using 'CodeIgniter\Session\Handlers\FileHandler' driver.
INFO - 2024-05-19 01:55:27 --> Session: Class initialized using 'CodeIgniter\Session\Handlers\FileHandler' driver.
INFO - 2024-05-19 01:55:27 --> Session: Class initialized using 'CodeIgniter\Session\Handlers\FileHandler' driver.
INFO - 2024-05-19 01:55:28 --> Session: Class initialized using 'CodeIgniter\Session\Handlers\FileHandler' driver.
INFO - 2024-05-19 01:55:28 --> Session: Class initialized using 'CodeIgniter\Session\Handlers\FileHandler' driver.
INFO - 2024-05-19 01:56:19 --> Session: Class initialized using 'CodeIgniter\Session\Handlers\FileHandler' driver.
INFO - 2024-05-19 01:56:19 --> Session: Class initialized using 'CodeIgniter\Session\Handlers\FileHandler' driver.
INFO - 2024-05-19 01:56:22 --> Session: Class initialized using 'CodeIgniter\Session\Handlers\FileHandler' driver.
INFO - 2024-05-19 01:56:22 --> Session: Class initialized using 'CodeIgniter\Session\Handlers\FileHandler' driver.
INFO - 2024-05-19 01:57:10 --> Session: Class initialized using 'CodeIgniter\Session\Handlers\FileHandler' driver.
INFO - 2024-05-19 01:57:10 --> Session: Class initialized using 'CodeIgniter\Session\Handlers\FileHandler' driver.
INFO - 2024-05-19 01:57:12 --> Session: Class initialized using 'CodeIgniter\Session\Handlers\FileHandler' driver.
INFO - 2024-05-19 01:57:12 --> Session: Class initialized using 'CodeIgniter\Session\Handlers\FileHandler' driver.
INFO - 2024-05-19 01:57:26 --> Session: Class initialized using 'CodeIgniter\Session\Handlers\FileHandler' driver.
INFO - 2024-05-19 01:57:26 --> Session: Class initialized using 'CodeIgniter\Session\Handlers\FileHandler' driver.
INFO - 2024-05-19 01:57:35 --> Session: Class initialized using 'CodeIgniter\Session\Handlers\FileHandler' driver.
INFO - 2024-05-19 01:57:50 --> Session: Class initialized using 'CodeIgniter\Session\Handlers\FileHandler' driver.
INFO - 2024-05-19 01:57:52 --> Session: Class initialized using 'CodeIgniter\Session\Handlers\FileHandler' driver.
INFO - 2024-05-19 01:57:52 --> Session: Class initialized using 'CodeIgniter\Session\Handlers\FileHandler' driver.
INFO - 2024-05-19 01:57:55 --> Session: Class initialized using 'CodeIgniter\Session\Handlers\FileHandler' driver.
INFO - 2024-05-19 01:57:55 --> Session: Class initialized using 'CodeIgniter\Session\Handlers\FileHandler' driver.
INFO - 2024-05-19 01:57:56 --> Session: Class initialized using 'CodeIgniter\Session\Handlers\FileHandler' driver.
INFO - 2024-05-19 01:57:56 --> Session: Class initialized using 'CodeIgniter\Session\Handlers\FileHandler' driver.
INFO - 2024-05-19 01:58:00 --> Session: Class initialized using 'CodeIgniter\Session\Handlers\FileHandler' driver.
INFO - 2024-05-19 01:58:00 --> Session: Class initialized using 'CodeIgniter\Session\Handlers\FileHandler' driver.
INFO - 2024-05-19 01:59:17 --> Session: Class initialized using 'CodeIgniter\Session\Handlers\FileHandler' driver.
INFO - 2024-05-19 02:00:17 --> Session: Class initialized using 'CodeIgniter\Session\Handlers\FileHandler' driver.
INFO - 2024-05-19 02:00:20 --> Session: Class initialized using 'CodeIgniter\Session\Handlers\FileHandler' driver.
INFO - 2024-05-19 02:00:22 --> Session: Class initialized using 'CodeIgniter\Session\Handlers\FileHandler' driver.
INFO - 2024-05-19 02:00:29 --> Session: Class initialized using 'CodeIgniter\Session\Handlers\FileHandler' driver.
INFO - 2024-05-19 02:01:54 --> Session: Class initialized using 'CodeIgniter\Session\Handlers\FileHandler' driver.
INFO - 2024-05-19 02:01:57 --> Session: Class initialized using 'CodeIgniter\Session\Handlers\FileHandler' driver.
INFO - 2024-05-19 02:01:57 --> Session: Class initialized using 'CodeIgniter\Session\Handlers\FileHandler' driver.
ERROR - 2024-05-19 02:01:57 --> mysqli_sql_exception: Illegal mix of collations (utf8mb4_general_ci,IMPLICIT) and (utf8_general_ci,COERCIBLE) for operation '=' in /Applications/XAMPP/xamppfiles/htdocs/siakad-sd/system/Database/MySQLi/Connection.php:306
Stack trace:
#0 /Applications/XAMPP/xamppfiles/htdocs/siakad-sd/system/Database/MySQLi/Connection.php(306): mysqli->query('SELECT `kelas`....', 0)
#1 /Applications/XAMPP/xamppfiles/htdocs/siakad-sd/system/Database/BaseConnection.php(693): CodeIgniter\Database\MySQLi\Connection->execute('SELECT `kelas`....')
#2 /Applications/XAMPP/xamppfiles/htdocs/siakad-sd/system/Database/BaseConnection.php(607): CodeIgniter\Database\BaseConnection->simpleQuery('SELECT `kelas`....')
#3 /Applications/XAMPP/xamppfiles/htdocs/siakad-sd/system/Database/BaseBuilder.php(1615): CodeIgniter\Database\BaseConnection->query('SELECT `kelas`....', Array, false)
#4 /Applications/XAMPP/xamppfiles/htdocs/siakad-sd/system/Model.php(871): CodeIgniter\Database\BaseBuilder->get()
#5 /Applications/XAMPP/xamppfiles/htdocs/siakad-sd/app/Models/Admin/KelasModel.php(27): CodeIgniter\Model->__call('get', Array)
#6 /Applications/XAMPP/xamppfiles/htdocs/siakad-sd/app/Controllers/AdminKelas.php(114): App\Models\Admin\KelasModel->getDataById('\xA5\xEA\xDFy\xCBlr\xBA%\x95\xB6\xAB\x9A)\xE3...')
#7 /Applications/XAMPP/xamppfiles/htdocs/siakad-sd/system/CodeIgniter.php(942): App\Controllers\AdminKelas->isi('perfect-scrollb...')
#8 /Applications/XAMPP/xamppfiles/htdocs/siakad-sd/system/CodeIgniter.php(502): CodeIgniter\CodeIgniter->runController(Object(App\Controllers\AdminKelas))
#9 /Applications/XAMPP/xamppfiles/htdocs/siakad-sd/system/CodeIgniter.php(361): CodeIgniter\CodeIgniter->handleRequest(NULL, Object(Config\Cache), false)
#10 /Applications/XAMPP/xamppfiles/htdocs/siakad-sd/public/index.php(79): CodeIgniter\CodeIgniter->run()
#11 /Applications/XAMPP/xamppfiles/htdocs/siakad-sd/system/Commands/Server/rewrite.php(47): require_once('/Applications/X...')
#12 {main}
CRITICAL - 2024-05-19 02:01:57 --> Illegal mix of collations (utf8mb4_general_ci,IMPLICIT) and (utf8_general_ci,COERCIBLE) for operation '='
in SYSTEMPATH/Database/BaseConnection.php on line 647.
 1 SYSTEMPATH/Database/BaseBuilder.php(1615): CodeIgniter\Database\BaseConnection->query('SELECT `kelas`.*, `tahun_ajaran`.`tahun_ajaran` as `tahun_ajaran`, `tahun_ajaran`.`jenis`
FROM `kelas`
JOIN `tahun_ajaran` ON `kelas`.`tahun_ajar_id` = `tahun_ajaran`.`id`
WHERE `kelas`.`id` = :kelas.id:', [...], false)
 2 SYSTEMPATH/Model.php(871): CodeIgniter\Database\BaseBuilder->get()
 3 APPPATH/Models/Admin/KelasModel.php(27): CodeIgniter\Model->__call('get', [])
 4 APPPATH/Controllers/AdminKelas.php(114): App\Models\Admin\KelasModel->getDataById('¥êßyËlrº%•¶«š)ã²f©')
 5 SYSTEMPATH/CodeIgniter.php(942): App\Controllers\AdminKelas->isi('perfect-scrollbar.min.js.map')
 6 SYSTEMPATH/CodeIgniter.php(502): CodeIgniter\CodeIgniter->runController(Object(App\Controllers\AdminKelas))
 7 SYSTEMPATH/CodeIgniter.php(361): CodeIgniter\CodeIgniter->handleRequest(null, Object(Config\Cache), false)
 8 FCPATH/index.php(79): CodeIgniter\CodeIgniter->run()
 9 SYSTEMPATH/Commands/Server/rewrite.php(47): require_once('/Applications/XAMPP/xamppfiles/htdocs/siakad-sd/public/index.php')
CRITICAL - 2024-05-19 02:01:57 --> Uncaught CodeIgniter\Format\Exceptions\FormatException: Failed to parse JSON string. Error: Malformed UTF-8 characters, possibly incorrectly encoded in /Applications/XAMPP/xamppfiles/htdocs/siakad-sd/system/Format/JSONFormatter.php:43
Stack trace:
#0 /Applications/XAMPP/xamppfiles/htdocs/siakad-sd/system/Format/JSONFormatter.php(43): CodeIgniter\Format\Exceptions\FormatException::forInvalidJSON('Malformed UTF-8...')
#1 /Applications/XAMPP/xamppfiles/htdocs/siakad-sd/system/API/ResponseTrait.php(345): CodeIgniter\Format\JSONFormatter->format(Array)
#2 /Applications/XAMPP/xamppfiles/htdocs/siakad-sd/system/API/ResponseTrait.php(98): CodeIgniter\Debug\ExceptionHandler->format(Array)
#3 /Applications/XAMPP/xamppfiles/htdocs/siakad-sd/system/Debug/ExceptionHandler.php(81): CodeIgniter\Debug\ExceptionHandler->respond(Array, 500)
#4 /Applications/XAMPP/xamppfiles/htdocs/siakad-sd/system/Debug/Exceptions.php(149): CodeIgniter\Debug\ExceptionHandler->handle(Object(mysqli_sql_exception), Object(CodeIgniter\HTTP\IncomingRequest), Object(CodeIgniter\HTTP\Response), 500, 8)
#5 [internal function]: CodeIgniter\Debug\Exceptions->exceptionHandler(Object(mysqli_sql_exception))
#6 {main}
  thrown
ã€Previous Exceptionã€‘
CodeIgniter\Database\Exceptions\DatabaseException
Illegal mix of collations (utf8mb4_general_ci,IMPLICIT) and (utf8_general_ci,COERCIBLE) for operation '='
#0 /Applications/XAMPP/xamppfiles/htdocs/siakad-sd/system/Database/BaseBuilder.php(1615): CodeIgniter\Database\BaseConnection->query('SELECT `kelas`....', Array, false)
#1 /Applications/XAMPP/xamppfiles/htdocs/siakad-sd/system/Model.php(871): CodeIgniter\Database\BaseBuilder->get()
#2 /Applications/XAMPP/xamppfiles/htdocs/siakad-sd/app/Models/Admin/KelasModel.php(27): CodeIgniter\Model->__call('get', Array)
#3 /Applications/XAMPP/xamppfiles/htdocs/siakad-sd/app/Controllers/AdminKelas.php(114): App\Models\Admin\KelasModel->getDataById('\xA5\xEA\xDFy\xCBlr\xBA%\x95\xB6\xAB\x9A)\xE3...')
#4 /Applications/XAMPP/xamppfiles/htdocs/siakad-sd/system/CodeIgniter.php(942): App\Controllers\AdminKelas->isi('perfect-scrollb...')
#5 /Applications/XAMPP/xamppfiles/htdocs/siakad-sd/system/CodeIgniter.php(502): CodeIgniter\CodeIgniter->runController(Object(App\Controllers\AdminKelas))
#6 /Applications/XAMPP/xamppfiles/htdocs/siakad-sd/system/CodeIgniter.php(361): CodeIgniter\CodeIgniter->handleRequest(NULL, Object(Config\Cache), false)
#7 /Applications/XAMPP/xamppfiles/htdocs/siakad-sd/public/index.php(79): CodeIgniter\CodeIgniter->run()
#8 /Applications/XAMPP/xamppfiles/htdocs/siakad-sd/system/Commands/Server/rewrite.php(47): require_once('/Applications/X...')
#9 {main}
in SYSTEMPATH/Format/JSONFormatter.php on line 43.
 1 [internal function]: CodeIgniter\Debug\Exceptions->shutdownHandler()
INFO - 2024-05-19 02:01:57 --> Session: Class initialized using 'CodeIgniter\Session\Handlers\FileHandler' driver.
ERROR - 2024-05-19 02:01:57 --> mysqli_sql_exception: Illegal mix of collations (utf8mb4_general_ci,IMPLICIT) and (utf8_general_ci,COERCIBLE) for operation '=' in /Applications/XAMPP/xamppfiles/htdocs/siakad-sd/system/Database/MySQLi/Connection.php:306
Stack trace:
#0 /Applications/XAMPP/xamppfiles/htdocs/siakad-sd/system/Database/MySQLi/Connection.php(306): mysqli->query('SELECT `kelas`....', 0)
#1 /Applications/XAMPP/xamppfiles/htdocs/siakad-sd/system/Database/BaseConnection.php(693): CodeIgniter\Database\MySQLi\Connection->execute('SELECT `kelas`....')
#2 /Applications/XAMPP/xamppfiles/htdocs/siakad-sd/system/Database/BaseConnection.php(607): CodeIgniter\Database\BaseConnection->simpleQuery('SELECT `kelas`....')
#3 /Applications/XAMPP/xamppfiles/htdocs/siakad-sd/system/Database/BaseBuilder.php(1615): CodeIgniter\Database\BaseConnection->query('SELECT `kelas`....', Array, false)
#4 /Applications/XAMPP/xamppfiles/htdocs/siakad-sd/system/Model.php(871): CodeIgniter\Database\BaseBuilder->get()
#5 /Applications/XAMPP/xamppfiles/htdocs/siakad-sd/app/Models/Admin/KelasModel.php(27): CodeIgniter\Model->__call('get', Array)
#6 /Applications/XAMPP/xamppfiles/htdocs/siakad-sd/app/Controllers/AdminKelas.php(114): App\Models\Admin\KelasModel->getDataById('n\x8A-\xB2\xDA\xDA\xA5\xBB\xA7vW\xA6\x8Ax\xEC...')
#7 /Applications/XAMPP/xamppfiles/htdocs/siakad-sd/system/CodeIgniter.php(942): App\Controllers\AdminKelas->isi('bootstrap.bundl...')
#8 /Applications/XAMPP/xamppfiles/htdocs/siakad-sd/system/CodeIgniter.php(502): CodeIgniter\CodeIgniter->runController(Object(App\Controllers\AdminKelas))
#9 /Applications/XAMPP/xamppfiles/htdocs/siakad-sd/system/CodeIgniter.php(361): CodeIgniter\CodeIgniter->handleRequest(NULL, Object(Config\Cache), false)
#10 /Applications/XAMPP/xamppfiles/htdocs/siakad-sd/public/index.php(79): CodeIgniter\CodeIgniter->run()
#11 /Applications/XAMPP/xamppfiles/htdocs/siakad-sd/system/Commands/Server/rewrite.php(47): require_once('/Applications/X...')
#12 {main}
CRITICAL - 2024-05-19 02:01:57 --> Illegal mix of collations (utf8mb4_general_ci,IMPLICIT) and (utf8_general_ci,COERCIBLE) for operation '='
in SYSTEMPATH/Database/BaseConnection.php on line 647.
 1 SYSTEMPATH/Database/BaseBuilder.php(1615): CodeIgniter\Database\BaseConnection->query('SELECT `kelas`.*, `tahun_ajaran`.`tahun_ajaran` as `tahun_ajaran`, `tahun_ajaran`.`jenis`
FROM `kelas`
JOIN `tahun_ajaran` ON `kelas`.`tahun_ajar_id` = `tahun_ajaran`.`id`
WHERE `kelas`.`id` = :kelas.id:', [...], false)
 2 SYSTEMPATH/Model.php(871): CodeIgniter\Database\BaseBuilder->get()
 3 APPPATH/Models/Admin/KelasModel.php(27): CodeIgniter\Model->__call('get', [])
 4 APPPATH/Controllers/AdminKelas.php(114): App\Models\Admin\KelasModel->getDataById('nŠ-²ÚÚ¥»§vW¦Šxì™ª')
 5 SYSTEMPATH/CodeIgniter.php(942): App\Controllers\AdminKelas->isi('bootstrap.bundle.min.js.map')
 6 SYSTEMPATH/CodeIgniter.php(502): CodeIgniter\CodeIgniter->runController(Object(App\Controllers\AdminKelas))
 7 SYSTEMPATH/CodeIgniter.php(361): CodeIgniter\CodeIgniter->handleRequest(null, Object(Config\Cache), false)
 8 FCPATH/index.php(79): CodeIgniter\CodeIgniter->run()
 9 SYSTEMPATH/Commands/Server/rewrite.php(47): require_once('/Applications/XAMPP/xamppfiles/htdocs/siakad-sd/public/index.php')
CRITICAL - 2024-05-19 02:01:57 --> Uncaught CodeIgniter\Format\Exceptions\FormatException: Failed to parse JSON string. Error: Malformed UTF-8 characters, possibly incorrectly encoded in /Applications/XAMPP/xamppfiles/htdocs/siakad-sd/system/Format/JSONFormatter.php:43
Stack trace:
#0 /Applications/XAMPP/xamppfiles/htdocs/siakad-sd/system/Format/JSONFormatter.php(43): CodeIgniter\Format\Exceptions\FormatException::forInvalidJSON('Malformed UTF-8...')
#1 /Applications/XAMPP/xamppfiles/htdocs/siakad-sd/system/API/ResponseTrait.php(345): CodeIgniter\Format\JSONFormatter->format(Array)
#2 /Applications/XAMPP/xamppfiles/htdocs/siakad-sd/system/API/ResponseTrait.php(98): CodeIgniter\Debug\ExceptionHandler->format(Array)
#3 /Applications/XAMPP/xamppfiles/htdocs/siakad-sd/system/Debug/ExceptionHandler.php(81): CodeIgniter\Debug\ExceptionHandler->respond(Array, 500)
#4 /Applications/XAMPP/xamppfiles/htdocs/siakad-sd/system/Debug/Exceptions.php(149): CodeIgniter\Debug\ExceptionHandler->handle(Object(mysqli_sql_exception), Object(CodeIgniter\HTTP\IncomingRequest), Object(CodeIgniter\HTTP\Response), 500, 8)
#5 [internal function]: CodeIgniter\Debug\Exceptions->exceptionHandler(Object(mysqli_sql_exception))
#6 {main}
  thrown
ã€Previous Exceptionã€‘
CodeIgniter\Database\Exceptions\DatabaseException
Illegal mix of collations (utf8mb4_general_ci,IMPLICIT) and (utf8_general_ci,COERCIBLE) for operation '='
#0 /Applications/XAMPP/xamppfiles/htdocs/siakad-sd/system/Database/BaseBuilder.php(1615): CodeIgniter\Database\BaseConnection->query('SELECT `kelas`....', Array, false)
#1 /Applications/XAMPP/xamppfiles/htdocs/siakad-sd/system/Model.php(871): CodeIgniter\Database\BaseBuilder->get()
#2 /Applications/XAMPP/xamppfiles/htdocs/siakad-sd/app/Models/Admin/KelasModel.php(27): CodeIgniter\Model->__call('get', Array)
#3 /Applications/XAMPP/xamppfiles/htdocs/siakad-sd/app/Controllers/AdminKelas.php(114): App\Models\Admin\KelasModel->getDataById('n\x8A-\xB2\xDA\xDA\xA5\xBB\xA7vW\xA6\x8Ax\xEC...')
#4 /Applications/XAMPP/xamppfiles/htdocs/siakad-sd/system/CodeIgniter.php(942): App\Controllers\AdminKelas->isi('bootstrap.bundl...')
#5 /Applications/XAMPP/xamppfiles/htdocs/siakad-sd/system/CodeIgniter.php(502): CodeIgniter\CodeIgniter->runController(Object(App\Controllers\AdminKelas))
#6 /Applications/XAMPP/xamppfiles/htdocs/siakad-sd/system/CodeIgniter.php(361): CodeIgniter\CodeIgniter->handleRequest(NULL, Object(Config\Cache), false)
#7 /Applications/XAMPP/xamppfiles/htdocs/siakad-sd/public/index.php(79): CodeIgniter\CodeIgniter->run()
#8 /Applications/XAMPP/xamppfiles/htdocs/siakad-sd/system/Commands/Server/rewrite.php(47): require_once('/Applications/X...')
#9 {main}
in SYSTEMPATH/Format/JSONFormatter.php on line 43.
 1 [internal function]: CodeIgniter\Debug\Exceptions->shutdownHandler()
INFO - 2024-05-19 02:02:03 --> Session: Class initialized using 'CodeIgniter\Session\Handlers\FileHandler' driver.
INFO - 2024-05-19 02:02:03 --> Session: Class initialized using 'CodeIgniter\Session\Handlers\FileHandler' driver.
INFO - 2024-05-19 02:02:03 --> Session: Class initialized using 'CodeIgniter\Session\Handlers\FileHandler' driver.
ERROR - 2024-05-19 02:02:03 --> mysqli_sql_exception: Illegal mix of collations (utf8mb4_general_ci,IMPLICIT) and (utf8_general_ci,COERCIBLE) for operation '=' in /Applications/XAMPP/xamppfiles/htdocs/siakad-sd/system/Database/MySQLi/Connection.php:306
Stack trace:
#0 /Applications/XAMPP/xamppfiles/htdocs/siakad-sd/system/Database/MySQLi/Connection.php(306): mysqli->query('SELECT `kelas`....', 0)
#1 /Applications/XAMPP/xamppfiles/htdocs/siakad-sd/system/Database/BaseConnection.php(693): CodeIgniter\Database\MySQLi\Connection->execute('SELECT `kelas`....')
#2 /Applications/XAMPP/xamppfiles/htdocs/siakad-sd/system/Database/BaseConnection.php(607): CodeIgniter\Database\BaseConnection->simpleQuery('SELECT `kelas`....')
#3 /Applications/XAMPP/xamppfiles/htdocs/siakad-sd/system/Database/BaseBuilder.php(1615): CodeIgniter\Database\BaseConnection->query('SELECT `kelas`....', Array, false)
#4 /Applications/XAMPP/xamppfiles/htdocs/siakad-sd/system/Model.php(871): CodeIgniter\Database\BaseBuilder->get()
#5 /Applications/XAMPP/xamppfiles/htdocs/siakad-sd/app/Models/Admin/KelasModel.php(27): CodeIgniter\Model->__call('get', Array)
#6 /Applications/XAMPP/xamppfiles/htdocs/siakad-sd/app/Controllers/AdminKelas.php(114): App\Models\Admin\KelasModel->getDataById('\xA5\xEA\xDFy\xCBlr\xBA%\x95\xB6\xAB\x9A)\xE3...')
#7 /Applications/XAMPP/xamppfiles/htdocs/siakad-sd/system/CodeIgniter.php(942): App\Controllers\AdminKelas->isi('perfect-scrollb...')
#8 /Applications/XAMPP/xamppfiles/htdocs/siakad-sd/system/CodeIgniter.php(502): CodeIgniter\CodeIgniter->runController(Object(App\Controllers\AdminKelas))
#9 /Applications/XAMPP/xamppfiles/htdocs/siakad-sd/system/CodeIgniter.php(361): CodeIgniter\CodeIgniter->handleRequest(NULL, Object(Config\Cache), false)
#10 /Applications/XAMPP/xamppfiles/htdocs/siakad-sd/public/index.php(79): CodeIgniter\CodeIgniter->run()
#11 /Applications/XAMPP/xamppfiles/htdocs/siakad-sd/system/Commands/Server/rewrite.php(47): require_once('/Applications/X...')
#12 {main}
CRITICAL - 2024-05-19 02:02:03 --> Illegal mix of collations (utf8mb4_general_ci,IMPLICIT) and (utf8_general_ci,COERCIBLE) for operation '='
in SYSTEMPATH/Database/BaseConnection.php on line 647.
 1 SYSTEMPATH/Database/BaseBuilder.php(1615): CodeIgniter\Database\BaseConnection->query('SELECT `kelas`.*, `tahun_ajaran`.`tahun_ajaran` as `tahun_ajaran`, `tahun_ajaran`.`jenis`
FROM `kelas`
JOIN `tahun_ajaran` ON `kelas`.`tahun_ajar_id` = `tahun_ajaran`.`id`
WHERE `kelas`.`id` = :kelas.id:', [...], false)
 2 SYSTEMPATH/Model.php(871): CodeIgniter\Database\BaseBuilder->get()
 3 APPPATH/Models/Admin/KelasModel.php(27): CodeIgniter\Model->__call('get', [])
 4 APPPATH/Controllers/AdminKelas.php(114): App\Models\Admin\KelasModel->getDataById('¥êßyËlrº%•¶«š)ã²f©')
 5 SYSTEMPATH/CodeIgniter.php(942): App\Controllers\AdminKelas->isi('perfect-scrollbar.min.js.map')
 6 SYSTEMPATH/CodeIgniter.php(502): CodeIgniter\CodeIgniter->runController(Object(App\Controllers\AdminKelas))
 7 SYSTEMPATH/CodeIgniter.php(361): CodeIgniter\CodeIgniter->handleRequest(null, Object(Config\Cache), false)
 8 FCPATH/index.php(79): CodeIgniter\CodeIgniter->run()
 9 SYSTEMPATH/Commands/Server/rewrite.php(47): require_once('/Applications/XAMPP/xamppfiles/htdocs/siakad-sd/public/index.php')
CRITICAL - 2024-05-19 02:02:03 --> Uncaught CodeIgniter\Format\Exceptions\FormatException: Failed to parse JSON string. Error: Malformed UTF-8 characters, possibly incorrectly encoded in /Applications/XAMPP/xamppfiles/htdocs/siakad-sd/system/Format/JSONFormatter.php:43
Stack trace:
#0 /Applications/XAMPP/xamppfiles/htdocs/siakad-sd/system/Format/JSONFormatter.php(43): CodeIgniter\Format\Exceptions\FormatException::forInvalidJSON('Malformed UTF-8...')
#1 /Applications/XAMPP/xamppfiles/htdocs/siakad-sd/system/API/ResponseTrait.php(345): CodeIgniter\Format\JSONFormatter->format(Array)
#2 /Applications/XAMPP/xamppfiles/htdocs/siakad-sd/system/API/ResponseTrait.php(98): CodeIgniter\Debug\ExceptionHandler->format(Array)
#3 /Applications/XAMPP/xamppfiles/htdocs/siakad-sd/system/Debug/ExceptionHandler.php(81): CodeIgniter\Debug\ExceptionHandler->respond(Array, 500)
#4 /Applications/XAMPP/xamppfiles/htdocs/siakad-sd/system/Debug/Exceptions.php(149): CodeIgniter\Debug\ExceptionHandler->handle(Object(mysqli_sql_exception), Object(CodeIgniter\HTTP\IncomingRequest), Object(CodeIgniter\HTTP\Response), 500, 8)
#5 [internal function]: CodeIgniter\Debug\Exceptions->exceptionHandler(Object(mysqli_sql_exception))
#6 {main}
  thrown
ã€Previous Exceptionã€‘
CodeIgniter\Database\Exceptions\DatabaseException
Illegal mix of collations (utf8mb4_general_ci,IMPLICIT) and (utf8_general_ci,COERCIBLE) for operation '='
#0 /Applications/XAMPP/xamppfiles/htdocs/siakad-sd/system/Database/BaseBuilder.php(1615): CodeIgniter\Database\BaseConnection->query('SELECT `kelas`....', Array, false)
#1 /Applications/XAMPP/xamppfiles/htdocs/siakad-sd/system/Model.php(871): CodeIgniter\Database\BaseBuilder->get()
#2 /Applications/XAMPP/xamppfiles/htdocs/siakad-sd/app/Models/Admin/KelasModel.php(27): CodeIgniter\Model->__call('get', Array)
#3 /Applications/XAMPP/xamppfiles/htdocs/siakad-sd/app/Controllers/AdminKelas.php(114): App\Models\Admin\KelasModel->getDataById('\xA5\xEA\xDFy\xCBlr\xBA%\x95\xB6\xAB\x9A)\xE3...')
#4 /Applications/XAMPP/xamppfiles/htdocs/siakad-sd/system/CodeIgniter.php(942): App\Controllers\AdminKelas->isi('perfect-scrollb...')
#5 /Applications/XAMPP/xamppfiles/htdocs/siakad-sd/system/CodeIgniter.php(502): CodeIgniter\CodeIgniter->runController(Object(App\Controllers\AdminKelas))
#6 /Applications/XAMPP/xamppfiles/htdocs/siakad-sd/system/CodeIgniter.php(361): CodeIgniter\CodeIgniter->handleRequest(NULL, Object(Config\Cache), false)
#7 /Applications/XAMPP/xamppfiles/htdocs/siakad-sd/public/index.php(79): CodeIgniter\CodeIgniter->run()
#8 /Applications/XAMPP/xamppfiles/htdocs/siakad-sd/system/Commands/Server/rewrite.php(47): require_once('/Applications/X...')
#9 {main}
in SYSTEMPATH/Format/JSONFormatter.php on line 43.
 1 [internal function]: CodeIgniter\Debug\Exceptions->shutdownHandler()
INFO - 2024-05-19 02:02:03 --> Session: Class initialized using 'CodeIgniter\Session\Handlers\FileHandler' driver.
ERROR - 2024-05-19 02:02:03 --> mysqli_sql_exception: Illegal mix of collations (utf8mb4_general_ci,IMPLICIT) and (utf8_general_ci,COERCIBLE) for operation '=' in /Applications/XAMPP/xamppfiles/htdocs/siakad-sd/system/Database/MySQLi/Connection.php:306
Stack trace:
#0 /Applications/XAMPP/xamppfiles/htdocs/siakad-sd/system/Database/MySQLi/Connection.php(306): mysqli->query('SELECT `kelas`....', 0)
#1 /Applications/XAMPP/xamppfiles/htdocs/siakad-sd/system/Database/BaseConnection.php(693): CodeIgniter\Database\MySQLi\Connection->execute('SELECT `kelas`....')
#2 /Applications/XAMPP/xamppfiles/htdocs/siakad-sd/system/Database/BaseConnection.php(607): CodeIgniter\Database\BaseConnection->simpleQuery('SELECT `kelas`....')
#3 /Applications/XAMPP/xamppfiles/htdocs/siakad-sd/system/Database/BaseBuilder.php(1615): CodeIgniter\Database\BaseConnection->query('SELECT `kelas`....', Array, false)
#4 /Applications/XAMPP/xamppfiles/htdocs/siakad-sd/system/Model.php(871): CodeIgniter\Database\BaseBuilder->get()
#5 /Applications/XAMPP/xamppfiles/htdocs/siakad-sd/app/Models/Admin/KelasModel.php(27): CodeIgniter\Model->__call('get', Array)
#6 /Applications/XAMPP/xamppfiles/htdocs/siakad-sd/app/Controllers/AdminKelas.php(114): App\Models\Admin\KelasModel->getDataById('n\x8A-\xB2\xDA\xDA\xA5\xBB\xA7vW\xA6\x8Ax\xEC...')
#7 /Applications/XAMPP/xamppfiles/htdocs/siakad-sd/system/CodeIgniter.php(942): App\Controllers\AdminKelas->isi('bootstrap.bundl...')
#8 /Applications/XAMPP/xamppfiles/htdocs/siakad-sd/system/CodeIgniter.php(502): CodeIgniter\CodeIgniter->runController(Object(App\Controllers\AdminKelas))
#9 /Applications/XAMPP/xamppfiles/htdocs/siakad-sd/system/CodeIgniter.php(361): CodeIgniter\CodeIgniter->handleRequest(NULL, Object(Config\Cache), false)
#10 /Applications/XAMPP/xamppfiles/htdocs/siakad-sd/public/index.php(79): CodeIgniter\CodeIgniter->run()
#11 /Applications/XAMPP/xamppfiles/htdocs/siakad-sd/system/Commands/Server/rewrite.php(47): require_once('/Applications/X...')
#12 {main}
CRITICAL - 2024-05-19 02:02:03 --> Illegal mix of collations (utf8mb4_general_ci,IMPLICIT) and (utf8_general_ci,COERCIBLE) for operation '='
in SYSTEMPATH/Database/BaseConnection.php on line 647.
 1 SYSTEMPATH/Database/BaseBuilder.php(1615): CodeIgniter\Database\BaseConnection->query('SELECT `kelas`.*, `tahun_ajaran`.`tahun_ajaran` as `tahun_ajaran`, `tahun_ajaran`.`jenis`
FROM `kelas`
JOIN `tahun_ajaran` ON `kelas`.`tahun_ajar_id` = `tahun_ajaran`.`id`
WHERE `kelas`.`id` = :kelas.id:', [...], false)
 2 SYSTEMPATH/Model.php(871): CodeIgniter\Database\BaseBuilder->get()
 3 APPPATH/Models/Admin/KelasModel.php(27): CodeIgniter\Model->__call('get', [])
 4 APPPATH/Controllers/AdminKelas.php(114): App\Models\Admin\KelasModel->getDataById('nŠ-²ÚÚ¥»§vW¦Šxì™ª')
 5 SYSTEMPATH/CodeIgniter.php(942): App\Controllers\AdminKelas->isi('bootstrap.bundle.min.js.map')
 6 SYSTEMPATH/CodeIgniter.php(502): CodeIgniter\CodeIgniter->runController(Object(App\Controllers\AdminKelas))
 7 SYSTEMPATH/CodeIgniter.php(361): CodeIgniter\CodeIgniter->handleRequest(null, Object(Config\Cache), false)
 8 FCPATH/index.php(79): CodeIgniter\CodeIgniter->run()
 9 SYSTEMPATH/Commands/Server/rewrite.php(47): require_once('/Applications/XAMPP/xamppfiles/htdocs/siakad-sd/public/index.php')
CRITICAL - 2024-05-19 02:02:03 --> Uncaught CodeIgniter\Format\Exceptions\FormatException: Failed to parse JSON string. Error: Malformed UTF-8 characters, possibly incorrectly encoded in /Applications/XAMPP/xamppfiles/htdocs/siakad-sd/system/Format/JSONFormatter.php:43
Stack trace:
#0 /Applications/XAMPP/xamppfiles/htdocs/siakad-sd/system/Format/JSONFormatter.php(43): CodeIgniter\Format\Exceptions\FormatException::forInvalidJSON('Malformed UTF-8...')
#1 /Applications/XAMPP/xamppfiles/htdocs/siakad-sd/system/API/ResponseTrait.php(345): CodeIgniter\Format\JSONFormatter->format(Array)
#2 /Applications/XAMPP/xamppfiles/htdocs/siakad-sd/system/API/ResponseTrait.php(98): CodeIgniter\Debug\ExceptionHandler->format(Array)
#3 /Applications/XAMPP/xamppfiles/htdocs/siakad-sd/system/Debug/ExceptionHandler.php(81): CodeIgniter\Debug\ExceptionHandler->respond(Array, 500)
#4 /Applications/XAMPP/xamppfiles/htdocs/siakad-sd/system/Debug/Exceptions.php(149): CodeIgniter\Debug\ExceptionHandler->handle(Object(mysqli_sql_exception), Object(CodeIgniter\HTTP\IncomingRequest), Object(CodeIgniter\HTTP\Response), 500, 8)
#5 [internal function]: CodeIgniter\Debug\Exceptions->exceptionHandler(Object(mysqli_sql_exception))
#6 {main}
  thrown
ã€Previous Exceptionã€‘
CodeIgniter\Database\Exceptions\DatabaseException
Illegal mix of collations (utf8mb4_general_ci,IMPLICIT) and (utf8_general_ci,COERCIBLE) for operation '='
#0 /Applications/XAMPP/xamppfiles/htdocs/siakad-sd/system/Database/BaseBuilder.php(1615): CodeIgniter\Database\BaseConnection->query('SELECT `kelas`....', Array, false)
#1 /Applications/XAMPP/xamppfiles/htdocs/siakad-sd/system/Model.php(871): CodeIgniter\Database\BaseBuilder->get()
#2 /Applications/XAMPP/xamppfiles/htdocs/siakad-sd/app/Models/Admin/KelasModel.php(27): CodeIgniter\Model->__call('get', Array)
#3 /Applications/XAMPP/xamppfiles/htdocs/siakad-sd/app/Controllers/AdminKelas.php(114): App\Models\Admin\KelasModel->getDataById('n\x8A-\xB2\xDA\xDA\xA5\xBB\xA7vW\xA6\x8Ax\xEC...')
#4 /Applications/XAMPP/xamppfiles/htdocs/siakad-sd/system/CodeIgniter.php(942): App\Controllers\AdminKelas->isi('bootstrap.bundl...')
#5 /Applications/XAMPP/xamppfiles/htdocs/siakad-sd/system/CodeIgniter.php(502): CodeIgniter\CodeIgniter->runController(Object(App\Controllers\AdminKelas))
#6 /Applications/XAMPP/xamppfiles/htdocs/siakad-sd/system/CodeIgniter.php(361): CodeIgniter\CodeIgniter->handleRequest(NULL, Object(Config\Cache), false)
#7 /Applications/XAMPP/xamppfiles/htdocs/siakad-sd/public/index.php(79): CodeIgniter\CodeIgniter->run()
#8 /Applications/XAMPP/xamppfiles/htdocs/siakad-sd/system/Commands/Server/rewrite.php(47): require_once('/Applications/X...')
#9 {main}
in SYSTEMPATH/Format/JSONFormatter.php on line 43.
 1 [internal function]: CodeIgniter\Debug\Exceptions->shutdownHandler()
INFO - 2024-05-19 02:02:03 --> Session: Class initialized using 'CodeIgniter\Session\Handlers\FileHandler' driver.
ERROR - 2024-05-19 02:02:04 --> mysqli_sql_exception: Illegal mix of collations (utf8mb4_general_ci,IMPLICIT) and (utf8_general_ci,COERCIBLE) for operation '=' in /Applications/XAMPP/xamppfiles/htdocs/siakad-sd/system/Database/MySQLi/Connection.php:306
Stack trace:
#0 /Applications/XAMPP/xamppfiles/htdocs/siakad-sd/system/Database/MySQLi/Connection.php(306): mysqli->query('SELECT `kelas`....', 0)
#1 /Applications/XAMPP/xamppfiles/htdocs/siakad-sd/system/Database/BaseConnection.php(693): CodeIgniter\Database\MySQLi\Connection->execute('SELECT `kelas`....')
#2 /Applications/XAMPP/xamppfiles/htdocs/siakad-sd/system/Database/BaseConnection.php(607): CodeIgniter\Database\BaseConnection->simpleQuery('SELECT `kelas`....')
#3 /Applications/XAMPP/xamppfiles/htdocs/siakad-sd/system/Database/BaseBuilder.php(1615): CodeIgniter\Database\BaseConnection->query('SELECT `kelas`....', Array, false)
#4 /Applications/XAMPP/xamppfiles/htdocs/siakad-sd/system/Model.php(871): CodeIgniter\Database\BaseBuilder->get()
#5 /Applications/XAMPP/xamppfiles/htdocs/siakad-sd/app/Models/Admin/KelasModel.php(27): CodeIgniter\Model->__call('get', Array)
#6 /Applications/XAMPP/xamppfiles/htdocs/siakad-sd/app/Controllers/AdminKelas.php(114): App\Models\Admin\KelasModel->getDataById('\xA5\xEA\xDFy\xCBlr\xBA%\x95\xB6\xAB\x9A)\xE3...')
#7 /Applications/XAMPP/xamppfiles/htdocs/siakad-sd/system/CodeIgniter.php(942): App\Controllers\AdminKelas->isi('perfect-scrollb...')
#8 /Applications/XAMPP/xamppfiles/htdocs/siakad-sd/system/CodeIgniter.php(502): CodeIgniter\CodeIgniter->runController(Object(App\Controllers\AdminKelas))
#9 /Applications/XAMPP/xamppfiles/htdocs/siakad-sd/system/CodeIgniter.php(361): CodeIgniter\CodeIgniter->handleRequest(NULL, Object(Config\Cache), false)
#10 /Applications/XAMPP/xamppfiles/htdocs/siakad-sd/public/index.php(79): CodeIgniter\CodeIgniter->run()
#11 /Applications/XAMPP/xamppfiles/htdocs/siakad-sd/system/Commands/Server/rewrite.php(47): require_once('/Applications/X...')
#12 {main}
CRITICAL - 2024-05-19 02:02:04 --> Illegal mix of collations (utf8mb4_general_ci,IMPLICIT) and (utf8_general_ci,COERCIBLE) for operation '='
in SYSTEMPATH/Database/BaseConnection.php on line 647.
 1 SYSTEMPATH/Database/BaseBuilder.php(1615): CodeIgniter\Database\BaseConnection->query('SELECT `kelas`.*, `tahun_ajaran`.`tahun_ajaran` as `tahun_ajaran`, `tahun_ajaran`.`jenis`
FROM `kelas`
JOIN `tahun_ajaran` ON `kelas`.`tahun_ajar_id` = `tahun_ajaran`.`id`
WHERE `kelas`.`id` = :kelas.id:', [...], false)
 2 SYSTEMPATH/Model.php(871): CodeIgniter\Database\BaseBuilder->get()
 3 APPPATH/Models/Admin/KelasModel.php(27): CodeIgniter\Model->__call('get', [])
 4 APPPATH/Controllers/AdminKelas.php(114): App\Models\Admin\KelasModel->getDataById('¥êßyËlrº%•¶«š)ã²f©')
 5 SYSTEMPATH/CodeIgniter.php(942): App\Controllers\AdminKelas->isi('perfect-scrollbar.min.js.map')
 6 SYSTEMPATH/CodeIgniter.php(502): CodeIgniter\CodeIgniter->runController(Object(App\Controllers\AdminKelas))
 7 SYSTEMPATH/CodeIgniter.php(361): CodeIgniter\CodeIgniter->handleRequest(null, Object(Config\Cache), false)
 8 FCPATH/index.php(79): CodeIgniter\CodeIgniter->run()
 9 SYSTEMPATH/Commands/Server/rewrite.php(47): require_once('/Applications/XAMPP/xamppfiles/htdocs/siakad-sd/public/index.php')
CRITICAL - 2024-05-19 02:02:04 --> Uncaught CodeIgniter\Format\Exceptions\FormatException: Failed to parse JSON string. Error: Malformed UTF-8 characters, possibly incorrectly encoded in /Applications/XAMPP/xamppfiles/htdocs/siakad-sd/system/Format/JSONFormatter.php:43
Stack trace:
#0 /Applications/XAMPP/xamppfiles/htdocs/siakad-sd/system/Format/JSONFormatter.php(43): CodeIgniter\Format\Exceptions\FormatException::forInvalidJSON('Malformed UTF-8...')
#1 /Applications/XAMPP/xamppfiles/htdocs/siakad-sd/system/API/ResponseTrait.php(345): CodeIgniter\Format\JSONFormatter->format(Array)
#2 /Applications/XAMPP/xamppfiles/htdocs/siakad-sd/system/API/ResponseTrait.php(98): CodeIgniter\Debug\ExceptionHandler->format(Array)
#3 /Applications/XAMPP/xamppfiles/htdocs/siakad-sd/system/Debug/ExceptionHandler.php(81): CodeIgniter\Debug\ExceptionHandler->respond(Array, 500)
#4 /Applications/XAMPP/xamppfiles/htdocs/siakad-sd/system/Debug/Exceptions.php(149): CodeIgniter\Debug\ExceptionHandler->handle(Object(mysqli_sql_exception), Object(CodeIgniter\HTTP\IncomingRequest), Object(CodeIgniter\HTTP\Response), 500, 8)
#5 [internal function]: CodeIgniter\Debug\Exceptions->exceptionHandler(Object(mysqli_sql_exception))
#6 {main}
  thrown
ã€Previous Exceptionã€‘
CodeIgniter\Database\Exceptions\DatabaseException
Illegal mix of collations (utf8mb4_general_ci,IMPLICIT) and (utf8_general_ci,COERCIBLE) for operation '='
#0 /Applications/XAMPP/xamppfiles/htdocs/siakad-sd/system/Database/BaseBuilder.php(1615): CodeIgniter\Database\BaseConnection->query('SELECT `kelas`....', Array, false)
#1 /Applications/XAMPP/xamppfiles/htdocs/siakad-sd/system/Model.php(871): CodeIgniter\Database\BaseBuilder->get()
#2 /Applications/XAMPP/xamppfiles/htdocs/siakad-sd/app/Models/Admin/KelasModel.php(27): CodeIgniter\Model->__call('get', Array)
#3 /Applications/XAMPP/xamppfiles/htdocs/siakad-sd/app/Controllers/AdminKelas.php(114): App\Models\Admin\KelasModel->getDataById('\xA5\xEA\xDFy\xCBlr\xBA%\x95\xB6\xAB\x9A)\xE3...')
#4 /Applications/XAMPP/xamppfiles/htdocs/siakad-sd/system/CodeIgniter.php(942): App\Controllers\AdminKelas->isi('perfect-scrollb...')
#5 /Applications/XAMPP/xamppfiles/htdocs/siakad-sd/system/CodeIgniter.php(502): CodeIgniter\CodeIgniter->runController(Object(App\Controllers\AdminKelas))
#6 /Applications/XAMPP/xamppfiles/htdocs/siakad-sd/system/CodeIgniter.php(361): CodeIgniter\CodeIgniter->handleRequest(NULL, Object(Config\Cache), false)
#7 /Applications/XAMPP/xamppfiles/htdocs/siakad-sd/public/index.php(79): CodeIgniter\CodeIgniter->run()
#8 /Applications/XAMPP/xamppfiles/htdocs/siakad-sd/system/Commands/Server/rewrite.php(47): require_once('/Applications/X...')
#9 {main}
in SYSTEMPATH/Format/JSONFormatter.php on line 43.
 1 [internal function]: CodeIgniter\Debug\Exceptions->shutdownHandler()
INFO - 2024-05-19 02:02:04 --> Session: Class initialized using 'CodeIgniter\Session\Handlers\FileHandler' driver.
ERROR - 2024-05-19 02:02:04 --> mysqli_sql_exception: Illegal mix of collations (utf8mb4_general_ci,IMPLICIT) and (utf8_general_ci,COERCIBLE) for operation '=' in /Applications/XAMPP/xamppfiles/htdocs/siakad-sd/system/Database/MySQLi/Connection.php:306
Stack trace:
#0 /Applications/XAMPP/xamppfiles/htdocs/siakad-sd/system/Database/MySQLi/Connection.php(306): mysqli->query('SELECT `kelas`....', 0)
#1 /Applications/XAMPP/xamppfiles/htdocs/siakad-sd/system/Database/BaseConnection.php(693): CodeIgniter\Database\MySQLi\Connection->execute('SELECT `kelas`....')
#2 /Applications/XAMPP/xamppfiles/htdocs/siakad-sd/system/Database/BaseConnection.php(607): CodeIgniter\Database\BaseConnection->simpleQuery('SELECT `kelas`....')
#3 /Applications/XAMPP/xamppfiles/htdocs/siakad-sd/system/Database/BaseBuilder.php(1615): CodeIgniter\Database\BaseConnection->query('SELECT `kelas`....', Array, false)
#4 /Applications/XAMPP/xamppfiles/htdocs/siakad-sd/system/Model.php(871): CodeIgniter\Database\BaseBuilder->get()
#5 /Applications/XAMPP/xamppfiles/htdocs/siakad-sd/app/Models/Admin/KelasModel.php(27): CodeIgniter\Model->__call('get', Array)
#6 /Applications/XAMPP/xamppfiles/htdocs/siakad-sd/app/Controllers/AdminKelas.php(114): App\Models\Admin\KelasModel->getDataById('n\x8A-\xB2\xDA\xDA\xA5\xBB\xA7vW\xA6\x8Ax\xEC...')
#7 /Applications/XAMPP/xamppfiles/htdocs/siakad-sd/system/CodeIgniter.php(942): App\Controllers\AdminKelas->isi('bootstrap.bundl...')
#8 /Applications/XAMPP/xamppfiles/htdocs/siakad-sd/system/CodeIgniter.php(502): CodeIgniter\CodeIgniter->runController(Object(App\Controllers\AdminKelas))
#9 /Applications/XAMPP/xamppfiles/htdocs/siakad-sd/system/CodeIgniter.php(361): CodeIgniter\CodeIgniter->handleRequest(NULL, Object(Config\Cache), false)
#10 /Applications/XAMPP/xamppfiles/htdocs/siakad-sd/public/index.php(79): CodeIgniter\CodeIgniter->run()
#11 /Applications/XAMPP/xamppfiles/htdocs/siakad-sd/system/Commands/Server/rewrite.php(47): require_once('/Applications/X...')
#12 {main}
CRITICAL - 2024-05-19 02:02:04 --> Illegal mix of collations (utf8mb4_general_ci,IMPLICIT) and (utf8_general_ci,COERCIBLE) for operation '='
in SYSTEMPATH/Database/BaseConnection.php on line 647.
 1 SYSTEMPATH/Database/BaseBuilder.php(1615): CodeIgniter\Database\BaseConnection->query('SELECT `kelas`.*, `tahun_ajaran`.`tahun_ajaran` as `tahun_ajaran`, `tahun_ajaran`.`jenis`
FROM `kelas`
JOIN `tahun_ajaran` ON `kelas`.`tahun_ajar_id` = `tahun_ajaran`.`id`
WHERE `kelas`.`id` = :kelas.id:', [...], false)
 2 SYSTEMPATH/Model.php(871): CodeIgniter\Database\BaseBuilder->get()
 3 APPPATH/Models/Admin/KelasModel.php(27): CodeIgniter\Model->__call('get', [])
 4 APPPATH/Controllers/AdminKelas.php(114): App\Models\Admin\KelasModel->getDataById('nŠ-²ÚÚ¥»§vW¦Šxì™ª')
 5 SYSTEMPATH/CodeIgniter.php(942): App\Controllers\AdminKelas->isi('bootstrap.bundle.min.js.map')
 6 SYSTEMPATH/CodeIgniter.php(502): CodeIgniter\CodeIgniter->runController(Object(App\Controllers\AdminKelas))
 7 SYSTEMPATH/CodeIgniter.php(361): CodeIgniter\CodeIgniter->handleRequest(null, Object(Config\Cache), false)
 8 FCPATH/index.php(79): CodeIgniter\CodeIgniter->run()
 9 SYSTEMPATH/Commands/Server/rewrite.php(47): require_once('/Applications/XAMPP/xamppfiles/htdocs/siakad-sd/public/index.php')
CRITICAL - 2024-05-19 02:02:04 --> Uncaught CodeIgniter\Format\Exceptions\FormatException: Failed to parse JSON string. Error: Malformed UTF-8 characters, possibly incorrectly encoded in /Applications/XAMPP/xamppfiles/htdocs/siakad-sd/system/Format/JSONFormatter.php:43
Stack trace:
#0 /Applications/XAMPP/xamppfiles/htdocs/siakad-sd/system/Format/JSONFormatter.php(43): CodeIgniter\Format\Exceptions\FormatException::forInvalidJSON('Malformed UTF-8...')
#1 /Applications/XAMPP/xamppfiles/htdocs/siakad-sd/system/API/ResponseTrait.php(345): CodeIgniter\Format\JSONFormatter->format(Array)
#2 /Applications/XAMPP/xamppfiles/htdocs/siakad-sd/system/API/ResponseTrait.php(98): CodeIgniter\Debug\ExceptionHandler->format(Array)
#3 /Applications/XAMPP/xamppfiles/htdocs/siakad-sd/system/Debug/ExceptionHandler.php(81): CodeIgniter\Debug\ExceptionHandler->respond(Array, 500)
#4 /Applications/XAMPP/xamppfiles/htdocs/siakad-sd/system/Debug/Exceptions.php(149): CodeIgniter\Debug\ExceptionHandler->handle(Object(mysqli_sql_exception), Object(CodeIgniter\HTTP\IncomingRequest), Object(CodeIgniter\HTTP\Response), 500, 8)
#5 [internal function]: CodeIgniter\Debug\Exceptions->exceptionHandler(Object(mysqli_sql_exception))
#6 {main}
  thrown
ã€Previous Exceptionã€‘
CodeIgniter\Database\Exceptions\DatabaseException
Illegal mix of collations (utf8mb4_general_ci,IMPLICIT) and (utf8_general_ci,COERCIBLE) for operation '='
#0 /Applications/XAMPP/xamppfiles/htdocs/siakad-sd/system/Database/BaseBuilder.php(1615): CodeIgniter\Database\BaseConnection->query('SELECT `kelas`....', Array, false)
#1 /Applications/XAMPP/xamppfiles/htdocs/siakad-sd/system/Model.php(871): CodeIgniter\Database\BaseBuilder->get()
#2 /Applications/XAMPP/xamppfiles/htdocs/siakad-sd/app/Models/Admin/KelasModel.php(27): CodeIgniter\Model->__call('get', Array)
#3 /Applications/XAMPP/xamppfiles/htdocs/siakad-sd/app/Controllers/AdminKelas.php(114): App\Models\Admin\KelasModel->getDataById('n\x8A-\xB2\xDA\xDA\xA5\xBB\xA7vW\xA6\x8Ax\xEC...')
#4 /Applications/XAMPP/xamppfiles/htdocs/siakad-sd/system/CodeIgniter.php(942): App\Controllers\AdminKelas->isi('bootstrap.bundl...')
#5 /Applications/XAMPP/xamppfiles/htdocs/siakad-sd/system/CodeIgniter.php(502): CodeIgniter\CodeIgniter->runController(Object(App\Controllers\AdminKelas))
#6 /Applications/XAMPP/xamppfiles/htdocs/siakad-sd/system/CodeIgniter.php(361): CodeIgniter\CodeIgniter->handleRequest(NULL, Object(Config\Cache), false)
#7 /Applications/XAMPP/xamppfiles/htdocs/siakad-sd/public/index.php(79): CodeIgniter\CodeIgniter->run()
#8 /Applications/XAMPP/xamppfiles/htdocs/siakad-sd/system/Commands/Server/rewrite.php(47): require_once('/Applications/X...')
#9 {main}
in SYSTEMPATH/Format/JSONFormatter.php on line 43.
 1 [internal function]: CodeIgniter\Debug\Exceptions->shutdownHandler()
INFO - 2024-05-19 02:03:08 --> Session: Class initialized using 'CodeIgniter\Session\Handlers\FileHandler' driver.
INFO - 2024-05-19 02:03:11 --> Session: Class initialized using 'CodeIgniter\Session\Handlers\FileHandler' driver.
INFO - 2024-05-19 02:03:11 --> Session: Class initialized using 'CodeIgniter\Session\Handlers\FileHandler' driver.
ERROR - 2024-05-19 02:03:11 --> mysqli_sql_exception: Illegal mix of collations (utf8mb4_general_ci,IMPLICIT) and (utf8_general_ci,COERCIBLE) for operation '=' in /Applications/XAMPP/xamppfiles/htdocs/siakad-sd/system/Database/MySQLi/Connection.php:306
Stack trace:
#0 /Applications/XAMPP/xamppfiles/htdocs/siakad-sd/system/Database/MySQLi/Connection.php(306): mysqli->query('SELECT `kelas`....', 0)
#1 /Applications/XAMPP/xamppfiles/htdocs/siakad-sd/system/Database/BaseConnection.php(693): CodeIgniter\Database\MySQLi\Connection->execute('SELECT `kelas`....')
#2 /Applications/XAMPP/xamppfiles/htdocs/siakad-sd/system/Database/BaseConnection.php(607): CodeIgniter\Database\BaseConnection->simpleQuery('SELECT `kelas`....')
#3 /Applications/XAMPP/xamppfiles/htdocs/siakad-sd/system/Database/BaseBuilder.php(1615): CodeIgniter\Database\BaseConnection->query('SELECT `kelas`....', Array, false)
#4 /Applications/XAMPP/xamppfiles/htdocs/siakad-sd/system/Model.php(871): CodeIgniter\Database\BaseBuilder->get()
#5 /Applications/XAMPP/xamppfiles/htdocs/siakad-sd/app/Models/Admin/KelasModel.php(27): CodeIgniter\Model->__call('get', Array)
#6 /Applications/XAMPP/xamppfiles/htdocs/siakad-sd/app/Controllers/AdminKelas.php(114): App\Models\Admin\KelasModel->getDataById('\xA5\xEA\xDFy\xCBlr\xBA%\x95\xB6\xAB\x9A)\xE3...')
#7 /Applications/XAMPP/xamppfiles/htdocs/siakad-sd/system/CodeIgniter.php(942): App\Controllers\AdminKelas->isi('perfect-scrollb...')
#8 /Applications/XAMPP/xamppfiles/htdocs/siakad-sd/system/CodeIgniter.php(502): CodeIgniter\CodeIgniter->runController(Object(App\Controllers\AdminKelas))
#9 /Applications/XAMPP/xamppfiles/htdocs/siakad-sd/system/CodeIgniter.php(361): CodeIgniter\CodeIgniter->handleRequest(NULL, Object(Config\Cache), false)
#10 /Applications/XAMPP/xamppfiles/htdocs/siakad-sd/public/index.php(79): CodeIgniter\CodeIgniter->run()
#11 /Applications/XAMPP/xamppfiles/htdocs/siakad-sd/system/Commands/Server/rewrite.php(47): require_once('/Applications/X...')
#12 {main}
CRITICAL - 2024-05-19 02:03:11 --> Illegal mix of collations (utf8mb4_general_ci,IMPLICIT) and (utf8_general_ci,COERCIBLE) for operation '='
in SYSTEMPATH/Database/BaseConnection.php on line 647.
 1 SYSTEMPATH/Database/BaseBuilder.php(1615): CodeIgniter\Database\BaseConnection->query('SELECT `kelas`.*, `tahun_ajaran`.`tahun_ajaran` as `tahun_ajaran`, `tahun_ajaran`.`jenis`
FROM `kelas`
JOIN `tahun_ajaran` ON `kelas`.`tahun_ajar_id` = `tahun_ajaran`.`id`
WHERE `kelas`.`id` = :kelas.id:', [...], false)
 2 SYSTEMPATH/Model.php(871): CodeIgniter\Database\BaseBuilder->get()
 3 APPPATH/Models/Admin/KelasModel.php(27): CodeIgniter\Model->__call('get', [])
 4 APPPATH/Controllers/AdminKelas.php(114): App\Models\Admin\KelasModel->getDataById('¥êßyËlrº%•¶«š)ã²f©')
 5 SYSTEMPATH/CodeIgniter.php(942): App\Controllers\AdminKelas->isi('perfect-scrollbar.min.js.map')
 6 SYSTEMPATH/CodeIgniter.php(502): CodeIgniter\CodeIgniter->runController(Object(App\Controllers\AdminKelas))
 7 SYSTEMPATH/CodeIgniter.php(361): CodeIgniter\CodeIgniter->handleRequest(null, Object(Config\Cache), false)
 8 FCPATH/index.php(79): CodeIgniter\CodeIgniter->run()
 9 SYSTEMPATH/Commands/Server/rewrite.php(47): require_once('/Applications/XAMPP/xamppfiles/htdocs/siakad-sd/public/index.php')
CRITICAL - 2024-05-19 02:03:11 --> Uncaught CodeIgniter\Format\Exceptions\FormatException: Failed to parse JSON string. Error: Malformed UTF-8 characters, possibly incorrectly encoded in /Applications/XAMPP/xamppfiles/htdocs/siakad-sd/system/Format/JSONFormatter.php:43
Stack trace:
#0 /Applications/XAMPP/xamppfiles/htdocs/siakad-sd/system/Format/JSONFormatter.php(43): CodeIgniter\Format\Exceptions\FormatException::forInvalidJSON('Malformed UTF-8...')
#1 /Applications/XAMPP/xamppfiles/htdocs/siakad-sd/system/API/ResponseTrait.php(345): CodeIgniter\Format\JSONFormatter->format(Array)
#2 /Applications/XAMPP/xamppfiles/htdocs/siakad-sd/system/API/ResponseTrait.php(98): CodeIgniter\Debug\ExceptionHandler->format(Array)
#3 /Applications/XAMPP/xamppfiles/htdocs/siakad-sd/system/Debug/ExceptionHandler.php(81): CodeIgniter\Debug\ExceptionHandler->respond(Array, 500)
#4 /Applications/XAMPP/xamppfiles/htdocs/siakad-sd/system/Debug/Exceptions.php(149): CodeIgniter\Debug\ExceptionHandler->handle(Object(mysqli_sql_exception), Object(CodeIgniter\HTTP\IncomingRequest), Object(CodeIgniter\HTTP\Response), 500, 8)
#5 [internal function]: CodeIgniter\Debug\Exceptions->exceptionHandler(Object(mysqli_sql_exception))
#6 {main}
  thrown
ã€Previous Exceptionã€‘
CodeIgniter\Database\Exceptions\DatabaseException
Illegal mix of collations (utf8mb4_general_ci,IMPLICIT) and (utf8_general_ci,COERCIBLE) for operation '='
#0 /Applications/XAMPP/xamppfiles/htdocs/siakad-sd/system/Database/BaseBuilder.php(1615): CodeIgniter\Database\BaseConnection->query('SELECT `kelas`....', Array, false)
#1 /Applications/XAMPP/xamppfiles/htdocs/siakad-sd/system/Model.php(871): CodeIgniter\Database\BaseBuilder->get()
#2 /Applications/XAMPP/xamppfiles/htdocs/siakad-sd/app/Models/Admin/KelasModel.php(27): CodeIgniter\Model->__call('get', Array)
#3 /Applications/XAMPP/xamppfiles/htdocs/siakad-sd/app/Controllers/AdminKelas.php(114): App\Models\Admin\KelasModel->getDataById('\xA5\xEA\xDFy\xCBlr\xBA%\x95\xB6\xAB\x9A)\xE3...')
#4 /Applications/XAMPP/xamppfiles/htdocs/siakad-sd/system/CodeIgniter.php(942): App\Controllers\AdminKelas->isi('perfect-scrollb...')
#5 /Applications/XAMPP/xamppfiles/htdocs/siakad-sd/system/CodeIgniter.php(502): CodeIgniter\CodeIgniter->runController(Object(App\Controllers\AdminKelas))
#6 /Applications/XAMPP/xamppfiles/htdocs/siakad-sd/system/CodeIgniter.php(361): CodeIgniter\CodeIgniter->handleRequest(NULL, Object(Config\Cache), false)
#7 /Applications/XAMPP/xamppfiles/htdocs/siakad-sd/public/index.php(79): CodeIgniter\CodeIgniter->run()
#8 /Applications/XAMPP/xamppfiles/htdocs/siakad-sd/system/Commands/Server/rewrite.php(47): require_once('/Applications/X...')
#9 {main}
in SYSTEMPATH/Format/JSONFormatter.php on line 43.
 1 [internal function]: CodeIgniter\Debug\Exceptions->shutdownHandler()
INFO - 2024-05-19 02:03:11 --> Session: Class initialized using 'CodeIgniter\Session\Handlers\FileHandler' driver.
ERROR - 2024-05-19 02:03:11 --> mysqli_sql_exception: Illegal mix of collations (utf8mb4_general_ci,IMPLICIT) and (utf8_general_ci,COERCIBLE) for operation '=' in /Applications/XAMPP/xamppfiles/htdocs/siakad-sd/system/Database/MySQLi/Connection.php:306
Stack trace:
#0 /Applications/XAMPP/xamppfiles/htdocs/siakad-sd/system/Database/MySQLi/Connection.php(306): mysqli->query('SELECT `kelas`....', 0)
#1 /Applications/XAMPP/xamppfiles/htdocs/siakad-sd/system/Database/BaseConnection.php(693): CodeIgniter\Database\MySQLi\Connection->execute('SELECT `kelas`....')
#2 /Applications/XAMPP/xamppfiles/htdocs/siakad-sd/system/Database/BaseConnection.php(607): CodeIgniter\Database\BaseConnection->simpleQuery('SELECT `kelas`....')
#3 /Applications/XAMPP/xamppfiles/htdocs/siakad-sd/system/Database/BaseBuilder.php(1615): CodeIgniter\Database\BaseConnection->query('SELECT `kelas`....', Array, false)
#4 /Applications/XAMPP/xamppfiles/htdocs/siakad-sd/system/Model.php(871): CodeIgniter\Database\BaseBuilder->get()
#5 /Applications/XAMPP/xamppfiles/htdocs/siakad-sd/app/Models/Admin/KelasModel.php(27): CodeIgniter\Model->__call('get', Array)
#6 /Applications/XAMPP/xamppfiles/htdocs/siakad-sd/app/Controllers/AdminKelas.php(114): App\Models\Admin\KelasModel->getDataById('n\x8A-\xB2\xDA\xDA\xA5\xBB\xA7vW\xA6\x8Ax\xEC...')
#7 /Applications/XAMPP/xamppfiles/htdocs/siakad-sd/system/CodeIgniter.php(942): App\Controllers\AdminKelas->isi('bootstrap.bundl...')
#8 /Applications/XAMPP/xamppfiles/htdocs/siakad-sd/system/CodeIgniter.php(502): CodeIgniter\CodeIgniter->runController(Object(App\Controllers\AdminKelas))
#9 /Applications/XAMPP/xamppfiles/htdocs/siakad-sd/system/CodeIgniter.php(361): CodeIgniter\CodeIgniter->handleRequest(NULL, Object(Config\Cache), false)
#10 /Applications/XAMPP/xamppfiles/htdocs/siakad-sd/public/index.php(79): CodeIgniter\CodeIgniter->run()
#11 /Applications/XAMPP/xamppfiles/htdocs/siakad-sd/system/Commands/Server/rewrite.php(47): require_once('/Applications/X...')
#12 {main}
CRITICAL - 2024-05-19 02:03:11 --> Illegal mix of collations (utf8mb4_general_ci,IMPLICIT) and (utf8_general_ci,COERCIBLE) for operation '='
in SYSTEMPATH/Database/BaseConnection.php on line 647.
 1 SYSTEMPATH/Database/BaseBuilder.php(1615): CodeIgniter\Database\BaseConnection->query('SELECT `kelas`.*, `tahun_ajaran`.`tahun_ajaran` as `tahun_ajaran`, `tahun_ajaran`.`jenis`
FROM `kelas`
JOIN `tahun_ajaran` ON `kelas`.`tahun_ajar_id` = `tahun_ajaran`.`id`
WHERE `kelas`.`id` = :kelas.id:', [...], false)
 2 SYSTEMPATH/Model.php(871): CodeIgniter\Database\BaseBuilder->get()
 3 APPPATH/Models/Admin/KelasModel.php(27): CodeIgniter\Model->__call('get', [])
 4 APPPATH/Controllers/AdminKelas.php(114): App\Models\Admin\KelasModel->getDataById('nŠ-²ÚÚ¥»§vW¦Šxì™ª')
 5 SYSTEMPATH/CodeIgniter.php(942): App\Controllers\AdminKelas->isi('bootstrap.bundle.min.js.map')
 6 SYSTEMPATH/CodeIgniter.php(502): CodeIgniter\CodeIgniter->runController(Object(App\Controllers\AdminKelas))
 7 SYSTEMPATH/CodeIgniter.php(361): CodeIgniter\CodeIgniter->handleRequest(null, Object(Config\Cache), false)
 8 FCPATH/index.php(79): CodeIgniter\CodeIgniter->run()
 9 SYSTEMPATH/Commands/Server/rewrite.php(47): require_once('/Applications/XAMPP/xamppfiles/htdocs/siakad-sd/public/index.php')
CRITICAL - 2024-05-19 02:03:11 --> Uncaught CodeIgniter\Format\Exceptions\FormatException: Failed to parse JSON string. Error: Malformed UTF-8 characters, possibly incorrectly encoded in /Applications/XAMPP/xamppfiles/htdocs/siakad-sd/system/Format/JSONFormatter.php:43
Stack trace:
#0 /Applications/XAMPP/xamppfiles/htdocs/siakad-sd/system/Format/JSONFormatter.php(43): CodeIgniter\Format\Exceptions\FormatException::forInvalidJSON('Malformed UTF-8...')
#1 /Applications/XAMPP/xamppfiles/htdocs/siakad-sd/system/API/ResponseTrait.php(345): CodeIgniter\Format\JSONFormatter->format(Array)
#2 /Applications/XAMPP/xamppfiles/htdocs/siakad-sd/system/API/ResponseTrait.php(98): CodeIgniter\Debug\ExceptionHandler->format(Array)
#3 /Applications/XAMPP/xamppfiles/htdocs/siakad-sd/system/Debug/ExceptionHandler.php(81): CodeIgniter\Debug\ExceptionHandler->respond(Array, 500)
#4 /Applications/XAMPP/xamppfiles/htdocs/siakad-sd/system/Debug/Exceptions.php(149): CodeIgniter\Debug\ExceptionHandler->handle(Object(mysqli_sql_exception), Object(CodeIgniter\HTTP\IncomingRequest), Object(CodeIgniter\HTTP\Response), 500, 8)
#5 [internal function]: CodeIgniter\Debug\Exceptions->exceptionHandler(Object(mysqli_sql_exception))
#6 {main}
  thrown
ã€Previous Exceptionã€‘
CodeIgniter\Database\Exceptions\DatabaseException
Illegal mix of collations (utf8mb4_general_ci,IMPLICIT) and (utf8_general_ci,COERCIBLE) for operation '='
#0 /Applications/XAMPP/xamppfiles/htdocs/siakad-sd/system/Database/BaseBuilder.php(1615): CodeIgniter\Database\BaseConnection->query('SELECT `kelas`....', Array, false)
#1 /Applications/XAMPP/xamppfiles/htdocs/siakad-sd/system/Model.php(871): CodeIgniter\Database\BaseBuilder->get()
#2 /Applications/XAMPP/xamppfiles/htdocs/siakad-sd/app/Models/Admin/KelasModel.php(27): CodeIgniter\Model->__call('get', Array)
#3 /Applications/XAMPP/xamppfiles/htdocs/siakad-sd/app/Controllers/AdminKelas.php(114): App\Models\Admin\KelasModel->getDataById('n\x8A-\xB2\xDA\xDA\xA5\xBB\xA7vW\xA6\x8Ax\xEC...')
#4 /Applications/XAMPP/xamppfiles/htdocs/siakad-sd/system/CodeIgniter.php(942): App\Controllers\AdminKelas->isi('bootstrap.bundl...')
#5 /Applications/XAMPP/xamppfiles/htdocs/siakad-sd/system/CodeIgniter.php(502): CodeIgniter\CodeIgniter->runController(Object(App\Controllers\AdminKelas))
#6 /Applications/XAMPP/xamppfiles/htdocs/siakad-sd/system/CodeIgniter.php(361): CodeIgniter\CodeIgniter->handleRequest(NULL, Object(Config\Cache), false)
#7 /Applications/XAMPP/xamppfiles/htdocs/siakad-sd/public/index.php(79): CodeIgniter\CodeIgniter->run()
#8 /Applications/XAMPP/xamppfiles/htdocs/siakad-sd/system/Commands/Server/rewrite.php(47): require_once('/Applications/X...')
#9 {main}
in SYSTEMPATH/Format/JSONFormatter.php on line 43.
 1 [internal function]: CodeIgniter\Debug\Exceptions->shutdownHandler()
INFO - 2024-05-19 02:04:40 --> Session: Class initialized using 'CodeIgniter\Session\Handlers\FileHandler' driver.
CRITICAL - 2024-05-19 02:04:40 --> Undefined property: CodeIgniter\View\View::$request
in APPPATH/Views/konten/admin/kelas/isi.php on line 41.
 1 APPPATH/Views/konten/admin/kelas/isi.php(41): CodeIgniter\Debug\Exceptions->errorHandler(2, 'Undefined property: CodeIgniter\\View\\View::$request', '/Applications/XAMPP/xamppfiles/htdocs/siakad-sd/app/Views/konten/admin/kelas/isi.php', 41)
 2 SYSTEMPATH/View/View.php(228): include('/Applications/XAMPP/xamppfiles/htdocs/siakad-sd/app/Views/konten/admin/kelas/isi.php')
 3 SYSTEMPATH/View/View.php(231): CodeIgniter\View\View->CodeIgniter\View\{closure}()
 4 SYSTEMPATH/Common.php(1190): CodeIgniter\View\View->render('konten/admin/kelas/isi', [], true)
 5 APPPATH/Controllers/AdminKelas.php(134): view('konten/admin/kelas/isi', [...])
 6 SYSTEMPATH/CodeIgniter.php(942): App\Controllers\AdminKelas->isi('MjQzODBhNTctNDFmYS00ZGYzLWI1MTctMGE1MWIyMDdmNDg4')
 7 SYSTEMPATH/CodeIgniter.php(502): CodeIgniter\CodeIgniter->runController(Object(App\Controllers\AdminKelas))
 8 SYSTEMPATH/CodeIgniter.php(361): CodeIgniter\CodeIgniter->handleRequest(null, Object(Config\Cache), false)
 9 FCPATH/index.php(79): CodeIgniter\CodeIgniter->run()
10 SYSTEMPATH/Commands/Server/rewrite.php(47): require_once('/Applications/XAMPP/xamppfiles/htdocs/siakad-sd/public/index.php')
INFO - 2024-05-19 02:05:42 --> Session: Class initialized using 'CodeIgniter\Session\Handlers\FileHandler' driver.
INFO - 2024-05-19 02:05:45 --> Session: Class initialized using 'CodeIgniter\Session\Handlers\FileHandler' driver.
INFO - 2024-05-19 02:05:45 --> Session: Class initialized using 'CodeIgniter\Session\Handlers\FileHandler' driver.
ERROR - 2024-05-19 02:05:45 --> mysqli_sql_exception: Illegal mix of collations (utf8mb4_general_ci,IMPLICIT) and (utf8_general_ci,COERCIBLE) for operation '=' in /Applications/XAMPP/xamppfiles/htdocs/siakad-sd/system/Database/MySQLi/Connection.php:306
Stack trace:
#0 /Applications/XAMPP/xamppfiles/htdocs/siakad-sd/system/Database/MySQLi/Connection.php(306): mysqli->query('SELECT `kelas`....', 0)
#1 /Applications/XAMPP/xamppfiles/htdocs/siakad-sd/system/Database/BaseConnection.php(693): CodeIgniter\Database\MySQLi\Connection->execute('SELECT `kelas`....')
#2 /Applications/XAMPP/xamppfiles/htdocs/siakad-sd/system/Database/BaseConnection.php(607): CodeIgniter\Database\BaseConnection->simpleQuery('SELECT `kelas`....')
#3 /Applications/XAMPP/xamppfiles/htdocs/siakad-sd/system/Database/BaseBuilder.php(1615): CodeIgniter\Database\BaseConnection->query('SELECT `kelas`....', Array, false)
#4 /Applications/XAMPP/xamppfiles/htdocs/siakad-sd/system/Model.php(871): CodeIgniter\Database\BaseBuilder->get()
#5 /Applications/XAMPP/xamppfiles/htdocs/siakad-sd/app/Models/Admin/KelasModel.php(27): CodeIgniter\Model->__call('get', Array)
#6 /Applications/XAMPP/xamppfiles/htdocs/siakad-sd/app/Controllers/AdminKelas.php(116): App\Models\Admin\KelasModel->getDataById('\xA5\xEA\xDFy\xCBlr\xBA%\x95\xB6\xAB\x9A)\xE3...')
#7 /Applications/XAMPP/xamppfiles/htdocs/siakad-sd/system/CodeIgniter.php(942): App\Controllers\AdminKelas->isi('perfect-scrollb...')
#8 /Applications/XAMPP/xamppfiles/htdocs/siakad-sd/system/CodeIgniter.php(502): CodeIgniter\CodeIgniter->runController(Object(App\Controllers\AdminKelas))
#9 /Applications/XAMPP/xamppfiles/htdocs/siakad-sd/system/CodeIgniter.php(361): CodeIgniter\CodeIgniter->handleRequest(NULL, Object(Config\Cache), false)
#10 /Applications/XAMPP/xamppfiles/htdocs/siakad-sd/public/index.php(79): CodeIgniter\CodeIgniter->run()
#11 /Applications/XAMPP/xamppfiles/htdocs/siakad-sd/system/Commands/Server/rewrite.php(47): require_once('/Applications/X...')
#12 {main}
CRITICAL - 2024-05-19 02:05:45 --> Illegal mix of collations (utf8mb4_general_ci,IMPLICIT) and (utf8_general_ci,COERCIBLE) for operation '='
in SYSTEMPATH/Database/BaseConnection.php on line 647.
 1 SYSTEMPATH/Database/BaseBuilder.php(1615): CodeIgniter\Database\BaseConnection->query('SELECT `kelas`.*, `tahun_ajaran`.`tahun_ajaran` as `tahun_ajaran`, `tahun_ajaran`.`jenis`
FROM `kelas`
JOIN `tahun_ajaran` ON `kelas`.`tahun_ajar_id` = `tahun_ajaran`.`id`
WHERE `kelas`.`id` = :kelas.id:', [...], false)
 2 SYSTEMPATH/Model.php(871): CodeIgniter\Database\BaseBuilder->get()
 3 APPPATH/Models/Admin/KelasModel.php(27): CodeIgniter\Model->__call('get', [])
 4 APPPATH/Controllers/AdminKelas.php(116): App\Models\Admin\KelasModel->getDataById('¥êßyËlrº%•¶«š)ã²f©')
 5 SYSTEMPATH/CodeIgniter.php(942): App\Controllers\AdminKelas->isi('perfect-scrollbar.min.js.map')
 6 SYSTEMPATH/CodeIgniter.php(502): CodeIgniter\CodeIgniter->runController(Object(App\Controllers\AdminKelas))
 7 SYSTEMPATH/CodeIgniter.php(361): CodeIgniter\CodeIgniter->handleRequest(null, Object(Config\Cache), false)
 8 FCPATH/index.php(79): CodeIgniter\CodeIgniter->run()
 9 SYSTEMPATH/Commands/Server/rewrite.php(47): require_once('/Applications/XAMPP/xamppfiles/htdocs/siakad-sd/public/index.php')
CRITICAL - 2024-05-19 02:05:45 --> Uncaught CodeIgniter\Format\Exceptions\FormatException: Failed to parse JSON string. Error: Malformed UTF-8 characters, possibly incorrectly encoded in /Applications/XAMPP/xamppfiles/htdocs/siakad-sd/system/Format/JSONFormatter.php:43
Stack trace:
#0 /Applications/XAMPP/xamppfiles/htdocs/siakad-sd/system/Format/JSONFormatter.php(43): CodeIgniter\Format\Exceptions\FormatException::forInvalidJSON('Malformed UTF-8...')
#1 /Applications/XAMPP/xamppfiles/htdocs/siakad-sd/system/API/ResponseTrait.php(345): CodeIgniter\Format\JSONFormatter->format(Array)
#2 /Applications/XAMPP/xamppfiles/htdocs/siakad-sd/system/API/ResponseTrait.php(98): CodeIgniter\Debug\ExceptionHandler->format(Array)
#3 /Applications/XAMPP/xamppfiles/htdocs/siakad-sd/system/Debug/ExceptionHandler.php(81): CodeIgniter\Debug\ExceptionHandler->respond(Array, 500)
#4 /Applications/XAMPP/xamppfiles/htdocs/siakad-sd/system/Debug/Exceptions.php(149): CodeIgniter\Debug\ExceptionHandler->handle(Object(mysqli_sql_exception), Object(CodeIgniter\HTTP\IncomingRequest), Object(CodeIgniter\HTTP\Response), 500, 8)
#5 [internal function]: CodeIgniter\Debug\Exceptions->exceptionHandler(Object(mysqli_sql_exception))
#6 {main}
  thrown
ã€Previous Exceptionã€‘
CodeIgniter\Database\Exceptions\DatabaseException
Illegal mix of collations (utf8mb4_general_ci,IMPLICIT) and (utf8_general_ci,COERCIBLE) for operation '='
#0 /Applications/XAMPP/xamppfiles/htdocs/siakad-sd/system/Database/BaseBuilder.php(1615): CodeIgniter\Database\BaseConnection->query('SELECT `kelas`....', Array, false)
#1 /Applications/XAMPP/xamppfiles/htdocs/siakad-sd/system/Model.php(871): CodeIgniter\Database\BaseBuilder->get()
#2 /Applications/XAMPP/xamppfiles/htdocs/siakad-sd/app/Models/Admin/KelasModel.php(27): CodeIgniter\Model->__call('get', Array)
#3 /Applications/XAMPP/xamppfiles/htdocs/siakad-sd/app/Controllers/AdminKelas.php(116): App\Models\Admin\KelasModel->getDataById('\xA5\xEA\xDFy\xCBlr\xBA%\x95\xB6\xAB\x9A)\xE3...')
#4 /Applications/XAMPP/xamppfiles/htdocs/siakad-sd/system/CodeIgniter.php(942): App\Controllers\AdminKelas->isi('perfect-scrollb...')
#5 /Applications/XAMPP/xamppfiles/htdocs/siakad-sd/system/CodeIgniter.php(502): CodeIgniter\CodeIgniter->runController(Object(App\Controllers\AdminKelas))
#6 /Applications/XAMPP/xamppfiles/htdocs/siakad-sd/system/CodeIgniter.php(361): CodeIgniter\CodeIgniter->handleRequest(NULL, Object(Config\Cache), false)
#7 /Applications/XAMPP/xamppfiles/htdocs/siakad-sd/public/index.php(79): CodeIgniter\CodeIgniter->run()
#8 /Applications/XAMPP/xamppfiles/htdocs/siakad-sd/system/Commands/Server/rewrite.php(47): require_once('/Applications/X...')
#9 {main}
in SYSTEMPATH/Format/JSONFormatter.php on line 43.
 1 [internal function]: CodeIgniter\Debug\Exceptions->shutdownHandler()
INFO - 2024-05-19 02:05:45 --> Session: Class initialized using 'CodeIgniter\Session\Handlers\FileHandler' driver.
ERROR - 2024-05-19 02:05:45 --> mysqli_sql_exception: Illegal mix of collations (utf8mb4_general_ci,IMPLICIT) and (utf8_general_ci,COERCIBLE) for operation '=' in /Applications/XAMPP/xamppfiles/htdocs/siakad-sd/system/Database/MySQLi/Connection.php:306
Stack trace:
#0 /Applications/XAMPP/xamppfiles/htdocs/siakad-sd/system/Database/MySQLi/Connection.php(306): mysqli->query('SELECT `kelas`....', 0)
#1 /Applications/XAMPP/xamppfiles/htdocs/siakad-sd/system/Database/BaseConnection.php(693): CodeIgniter\Database\MySQLi\Connection->execute('SELECT `kelas`....')
#2 /Applications/XAMPP/xamppfiles/htdocs/siakad-sd/system/Database/BaseConnection.php(607): CodeIgniter\Database\BaseConnection->simpleQuery('SELECT `kelas`....')
#3 /Applications/XAMPP/xamppfiles/htdocs/siakad-sd/system/Database/BaseBuilder.php(1615): CodeIgniter\Database\BaseConnection->query('SELECT `kelas`....', Array, false)
#4 /Applications/XAMPP/xamppfiles/htdocs/siakad-sd/system/Model.php(871): CodeIgniter\Database\BaseBuilder->get()
#5 /Applications/XAMPP/xamppfiles/htdocs/siakad-sd/app/Models/Admin/KelasModel.php(27): CodeIgniter\Model->__call('get', Array)
#6 /Applications/XAMPP/xamppfiles/htdocs/siakad-sd/app/Controllers/AdminKelas.php(116): App\Models\Admin\KelasModel->getDataById('n\x8A-\xB2\xDA\xDA\xA5\xBB\xA7vW\xA6\x8Ax\xEC...')
#7 /Applications/XAMPP/xamppfiles/htdocs/siakad-sd/system/CodeIgniter.php(942): App\Controllers\AdminKelas->isi('bootstrap.bundl...')
#8 /Applications/XAMPP/xamppfiles/htdocs/siakad-sd/system/CodeIgniter.php(502): CodeIgniter\CodeIgniter->runController(Object(App\Controllers\AdminKelas))
#9 /Applications/XAMPP/xamppfiles/htdocs/siakad-sd/system/CodeIgniter.php(361): CodeIgniter\CodeIgniter->handleRequest(NULL, Object(Config\Cache), false)
#10 /Applications/XAMPP/xamppfiles/htdocs/siakad-sd/public/index.php(79): CodeIgniter\CodeIgniter->run()
#11 /Applications/XAMPP/xamppfiles/htdocs/siakad-sd/system/Commands/Server/rewrite.php(47): require_once('/Applications/X...')
#12 {main}
CRITICAL - 2024-05-19 02:05:45 --> Illegal mix of collations (utf8mb4_general_ci,IMPLICIT) and (utf8_general_ci,COERCIBLE) for operation '='
in SYSTEMPATH/Database/BaseConnection.php on line 647.
 1 SYSTEMPATH/Database/BaseBuilder.php(1615): CodeIgniter\Database\BaseConnection->query('SELECT `kelas`.*, `tahun_ajaran`.`tahun_ajaran` as `tahun_ajaran`, `tahun_ajaran`.`jenis`
FROM `kelas`
JOIN `tahun_ajaran` ON `kelas`.`tahun_ajar_id` = `tahun_ajaran`.`id`
WHERE `kelas`.`id` = :kelas.id:', [...], false)
 2 SYSTEMPATH/Model.php(871): CodeIgniter\Database\BaseBuilder->get()
 3 APPPATH/Models/Admin/KelasModel.php(27): CodeIgniter\Model->__call('get', [])
 4 APPPATH/Controllers/AdminKelas.php(116): App\Models\Admin\KelasModel->getDataById('nŠ-²ÚÚ¥»§vW¦Šxì™ª')
 5 SYSTEMPATH/CodeIgniter.php(942): App\Controllers\AdminKelas->isi('bootstrap.bundle.min.js.map')
 6 SYSTEMPATH/CodeIgniter.php(502): CodeIgniter\CodeIgniter->runController(Object(App\Controllers\AdminKelas))
 7 SYSTEMPATH/CodeIgniter.php(361): CodeIgniter\CodeIgniter->handleRequest(null, Object(Config\Cache), false)
 8 FCPATH/index.php(79): CodeIgniter\CodeIgniter->run()
 9 SYSTEMPATH/Commands/Server/rewrite.php(47): require_once('/Applications/XAMPP/xamppfiles/htdocs/siakad-sd/public/index.php')
CRITICAL - 2024-05-19 02:05:45 --> Uncaught CodeIgniter\Format\Exceptions\FormatException: Failed to parse JSON string. Error: Malformed UTF-8 characters, possibly incorrectly encoded in /Applications/XAMPP/xamppfiles/htdocs/siakad-sd/system/Format/JSONFormatter.php:43
Stack trace:
#0 /Applications/XAMPP/xamppfiles/htdocs/siakad-sd/system/Format/JSONFormatter.php(43): CodeIgniter\Format\Exceptions\FormatException::forInvalidJSON('Malformed UTF-8...')
#1 /Applications/XAMPP/xamppfiles/htdocs/siakad-sd/system/API/ResponseTrait.php(345): CodeIgniter\Format\JSONFormatter->format(Array)
#2 /Applications/XAMPP/xamppfiles/htdocs/siakad-sd/system/API/ResponseTrait.php(98): CodeIgniter\Debug\ExceptionHandler->format(Array)
#3 /Applications/XAMPP/xamppfiles/htdocs/siakad-sd/system/Debug/ExceptionHandler.php(81): CodeIgniter\Debug\ExceptionHandler->respond(Array, 500)
#4 /Applications/XAMPP/xamppfiles/htdocs/siakad-sd/system/Debug/Exceptions.php(149): CodeIgniter\Debug\ExceptionHandler->handle(Object(mysqli_sql_exception), Object(CodeIgniter\HTTP\IncomingRequest), Object(CodeIgniter\HTTP\Response), 500, 8)
#5 [internal function]: CodeIgniter\Debug\Exceptions->exceptionHandler(Object(mysqli_sql_exception))
#6 {main}
  thrown
ã€Previous Exceptionã€‘
CodeIgniter\Database\Exceptions\DatabaseException
Illegal mix of collations (utf8mb4_general_ci,IMPLICIT) and (utf8_general_ci,COERCIBLE) for operation '='
#0 /Applications/XAMPP/xamppfiles/htdocs/siakad-sd/system/Database/BaseBuilder.php(1615): CodeIgniter\Database\BaseConnection->query('SELECT `kelas`....', Array, false)
#1 /Applications/XAMPP/xamppfiles/htdocs/siakad-sd/system/Model.php(871): CodeIgniter\Database\BaseBuilder->get()
#2 /Applications/XAMPP/xamppfiles/htdocs/siakad-sd/app/Models/Admin/KelasModel.php(27): CodeIgniter\Model->__call('get', Array)
#3 /Applications/XAMPP/xamppfiles/htdocs/siakad-sd/app/Controllers/AdminKelas.php(116): App\Models\Admin\KelasModel->getDataById('n\x8A-\xB2\xDA\xDA\xA5\xBB\xA7vW\xA6\x8Ax\xEC...')
#4 /Applications/XAMPP/xamppfiles/htdocs/siakad-sd/system/CodeIgniter.php(942): App\Controllers\AdminKelas->isi('bootstrap.bundl...')
#5 /Applications/XAMPP/xamppfiles/htdocs/siakad-sd/system/CodeIgniter.php(502): CodeIgniter\CodeIgniter->runController(Object(App\Controllers\AdminKelas))
#6 /Applications/XAMPP/xamppfiles/htdocs/siakad-sd/system/CodeIgniter.php(361): CodeIgniter\CodeIgniter->handleRequest(NULL, Object(Config\Cache), false)
#7 /Applications/XAMPP/xamppfiles/htdocs/siakad-sd/public/index.php(79): CodeIgniter\CodeIgniter->run()
#8 /Applications/XAMPP/xamppfiles/htdocs/siakad-sd/system/Commands/Server/rewrite.php(47): require_once('/Applications/X...')
#9 {main}
in SYSTEMPATH/Format/JSONFormatter.php on line 43.
 1 [internal function]: CodeIgniter\Debug\Exceptions->shutdownHandler()
INFO - 2024-05-19 02:06:40 --> Session: Class initialized using 'CodeIgniter\Session\Handlers\FileHandler' driver.
INFO - 2024-05-19 02:06:42 --> Session: Class initialized using 'CodeIgniter\Session\Handlers\FileHandler' driver.
INFO - 2024-05-19 02:06:43 --> Session: Class initialized using 'CodeIgniter\Session\Handlers\FileHandler' driver.
INFO - 2024-05-19 02:06:45 --> Session: Class initialized using 'CodeIgniter\Session\Handlers\FileHandler' driver.
INFO - 2024-05-19 02:06:48 --> Session: Class initialized using 'CodeIgniter\Session\Handlers\FileHandler' driver.
INFO - 2024-05-19 02:06:50 --> Session: Class initialized using 'CodeIgniter\Session\Handlers\FileHandler' driver.
INFO - 2024-05-19 02:06:52 --> Session: Class initialized using 'CodeIgniter\Session\Handlers\FileHandler' driver.
INFO - 2024-05-19 02:06:55 --> Session: Class initialized using 'CodeIgniter\Session\Handlers\FileHandler' driver.
INFO - 2024-05-19 02:07:43 --> Session: Class initialized using 'CodeIgniter\Session\Handlers\FileHandler' driver.
INFO - 2024-05-19 02:07:45 --> Session: Class initialized using 'CodeIgniter\Session\Handlers\FileHandler' driver.
INFO - 2024-05-19 02:07:47 --> Session: Class initialized using 'CodeIgniter\Session\Handlers\FileHandler' driver.
INFO - 2024-05-19 02:07:48 --> Session: Class initialized using 'CodeIgniter\Session\Handlers\FileHandler' driver.
INFO - 2024-05-19 02:07:50 --> Session: Class initialized using 'CodeIgniter\Session\Handlers\FileHandler' driver.
INFO - 2024-05-19 02:07:52 --> Session: Class initialized using 'CodeIgniter\Session\Handlers\FileHandler' driver.
INFO - 2024-05-19 02:08:39 --> Session: Class initialized using 'CodeIgniter\Session\Handlers\FileHandler' driver.
INFO - 2024-05-19 02:08:41 --> Session: Class initialized using 'CodeIgniter\Session\Handlers\FileHandler' driver.
INFO - 2024-05-19 02:08:42 --> Session: Class initialized using 'CodeIgniter\Session\Handlers\FileHandler' driver.
INFO - 2024-05-19 02:08:44 --> Session: Class initialized using 'CodeIgniter\Session\Handlers\FileHandler' driver.
INFO - 2024-05-19 02:08:46 --> Session: Class initialized using 'CodeIgniter\Session\Handlers\FileHandler' driver.
INFO - 2024-05-19 02:08:49 --> Session: Class initialized using 'CodeIgniter\Session\Handlers\FileHandler' driver.
INFO - 2024-05-19 02:08:52 --> Session: Class initialized using 'CodeIgniter\Session\Handlers\FileHandler' driver.
INFO - 2024-05-19 02:08:55 --> Session: Class initialized using 'CodeIgniter\Session\Handlers\FileHandler' driver.
INFO - 2024-05-19 02:08:59 --> Session: Class initialized using 'CodeIgniter\Session\Handlers\FileHandler' driver.
INFO - 2024-05-19 02:09:01 --> Session: Class initialized using 'CodeIgniter\Session\Handlers\FileHandler' driver.
INFO - 2024-05-19 02:09:03 --> Session: Class initialized using 'CodeIgniter\Session\Handlers\FileHandler' driver.
INFO - 2024-05-19 02:09:48 --> Session: Class initialized using 'CodeIgniter\Session\Handlers\FileHandler' driver.
INFO - 2024-05-19 02:09:50 --> Session: Class initialized using 'CodeIgniter\Session\Handlers\FileHandler' driver.
INFO - 2024-05-19 02:09:52 --> Session: Class initialized using 'CodeIgniter\Session\Handlers\FileHandler' driver.
INFO - 2024-05-19 02:09:55 --> Session: Class initialized using 'CodeIgniter\Session\Handlers\FileHandler' driver.
INFO - 2024-05-19 02:09:58 --> Session: Class initialized using 'CodeIgniter\Session\Handlers\FileHandler' driver.
INFO - 2024-05-19 02:10:00 --> Session: Class initialized using 'CodeIgniter\Session\Handlers\FileHandler' driver.
INFO - 2024-05-19 02:10:02 --> Session: Class initialized using 'CodeIgniter\Session\Handlers\FileHandler' driver.
INFO - 2024-05-19 02:11:20 --> Session: Class initialized using 'CodeIgniter\Session\Handlers\FileHandler' driver.
INFO - 2024-05-19 02:11:22 --> Session: Class initialized using 'CodeIgniter\Session\Handlers\FileHandler' driver.
INFO - 2024-05-19 02:11:26 --> Session: Class initialized using 'CodeIgniter\Session\Handlers\FileHandler' driver.
INFO - 2024-05-19 02:14:30 --> Session: Class initialized using 'CodeIgniter\Session\Handlers\FileHandler' driver.
INFO - 2024-05-19 02:14:43 --> Session: Class initialized using 'CodeIgniter\Session\Handlers\FileHandler' driver.
INFO - 2024-05-19 02:15:50 --> Session: Class initialized using 'CodeIgniter\Session\Handlers\FileHandler' driver.
INFO - 2024-05-19 02:16:49 --> Session: Class initialized using 'CodeIgniter\Session\Handlers\FileHandler' driver.
INFO - 2024-05-19 02:17:22 --> Session: Class initialized using 'CodeIgniter\Session\Handlers\FileHandler' driver.
INFO - 2024-05-19 02:17:24 --> Session: Class initialized using 'CodeIgniter\Session\Handlers\FileHandler' driver.
INFO - 2024-05-19 02:17:26 --> Session: Class initialized using 'CodeIgniter\Session\Handlers\FileHandler' driver.
INFO - 2024-05-19 02:17:54 --> Session: Class initialized using 'CodeIgniter\Session\Handlers\FileHandler' driver.
INFO - 2024-05-19 02:18:20 --> Session: Class initialized using 'CodeIgniter\Session\Handlers\FileHandler' driver.
INFO - 2024-05-19 02:18:22 --> Session: Class initialized using 'CodeIgniter\Session\Handlers\FileHandler' driver.
INFO - 2024-05-19 02:18:25 --> Session: Class initialized using 'CodeIgniter\Session\Handlers\FileHandler' driver.
INFO - 2024-05-19 02:18:28 --> Session: Class initialized using 'CodeIgniter\Session\Handlers\FileHandler' driver.
INFO - 2024-05-19 02:20:03 --> Session: Class initialized using 'CodeIgniter\Session\Handlers\FileHandler' driver.
INFO - 2024-05-19 02:20:05 --> Session: Class initialized using 'CodeIgniter\Session\Handlers\FileHandler' driver.
INFO - 2024-05-19 02:20:30 --> Session: Class initialized using 'CodeIgniter\Session\Handlers\FileHandler' driver.
INFO - 2024-05-19 02:20:32 --> Session: Class initialized using 'CodeIgniter\Session\Handlers\FileHandler' driver.
INFO - 2024-05-19 02:20:35 --> Session: Class initialized using 'CodeIgniter\Session\Handlers\FileHandler' driver.
INFO - 2024-05-19 02:20:36 --> Session: Class initialized using 'CodeIgniter\Session\Handlers\FileHandler' driver.
INFO - 2024-05-19 02:21:16 --> Session: Class initialized using 'CodeIgniter\Session\Handlers\FileHandler' driver.
INFO - 2024-05-19 02:21:18 --> Session: Class initialized using 'CodeIgniter\Session\Handlers\FileHandler' driver.
INFO - 2024-05-19 02:22:06 --> Session: Class initialized using 'CodeIgniter\Session\Handlers\FileHandler' driver.
INFO - 2024-05-19 02:22:07 --> Session: Class initialized using 'CodeIgniter\Session\Handlers\FileHandler' driver.
INFO - 2024-05-19 02:22:07 --> Session: Class initialized using 'CodeIgniter\Session\Handlers\FileHandler' driver.
INFO - 2024-05-19 02:22:26 --> Session: Class initialized using 'CodeIgniter\Session\Handlers\FileHandler' driver.
INFO - 2024-05-19 02:23:21 --> Session: Class initialized using 'CodeIgniter\Session\Handlers\FileHandler' driver.
INFO - 2024-05-19 02:23:23 --> Session: Class initialized using 'CodeIgniter\Session\Handlers\FileHandler' driver.
INFO - 2024-05-19 02:23:23 --> Session: Class initialized using 'CodeIgniter\Session\Handlers\FileHandler' driver.
INFO - 2024-05-19 02:23:38 --> Session: Class initialized using 'CodeIgniter\Session\Handlers\FileHandler' driver.
INFO - 2024-05-19 02:55:10 --> Session: Class initialized using 'CodeIgniter\Session\Handlers\FileHandler' driver.
INFO - 2024-05-19 02:55:13 --> Session: Class initialized using 'CodeIgniter\Session\Handlers\FileHandler' driver.
INFO - 2024-05-19 02:55:13 --> Session: Class initialized using 'CodeIgniter\Session\Handlers\FileHandler' driver.
INFO - 2024-05-19 02:55:15 --> Session: Class initialized using 'CodeIgniter\Session\Handlers\FileHandler' driver.
INFO - 2024-05-19 02:55:18 --> Session: Class initialized using 'CodeIgniter\Session\Handlers\FileHandler' driver.
INFO - 2024-05-19 02:55:20 --> Session: Class initialized using 'CodeIgniter\Session\Handlers\FileHandler' driver.
INFO - 2024-05-19 02:55:22 --> Session: Class initialized using 'CodeIgniter\Session\Handlers\FileHandler' driver.
INFO - 2024-05-19 02:55:22 --> Session: Class initialized using 'CodeIgniter\Session\Handlers\FileHandler' driver.
INFO - 2024-05-19 02:55:25 --> Session: Class initialized using 'CodeIgniter\Session\Handlers\FileHandler' driver.
INFO - 2024-05-19 02:55:25 --> Session: Class initialized using 'CodeIgniter\Session\Handlers\FileHandler' driver.
INFO - 2024-05-19 02:55:29 --> Session: Class initialized using 'CodeIgniter\Session\Handlers\FileHandler' driver.
INFO - 2024-05-19 02:55:29 --> Session: Class initialized using 'CodeIgniter\Session\Handlers\FileHandler' driver.
INFO - 2024-05-19 02:55:31 --> Session: Class initialized using 'CodeIgniter\Session\Handlers\FileHandler' driver.
INFO - 2024-05-19 02:55:31 --> Session: Class initialized using 'CodeIgniter\Session\Handlers\FileHandler' driver.
INFO - 2024-05-19 03:01:58 --> Session: Class initialized using 'CodeIgniter\Session\Handlers\FileHandler' driver.
CRITICAL - 2024-05-19 03:01:58 --> Undefined variable $wali
in APPPATH/Views/konten/admin/kelas/isi.php on line 124.
 1 APPPATH/Views/konten/admin/kelas/isi.php(124): CodeIgniter\Debug\Exceptions->errorHandler(2, 'Undefined variable $wali', '/Applications/XAMPP/xamppfiles/htdocs/siakad-sd/app/Views/konten/admin/kelas/isi.php', 124)
 2 SYSTEMPATH/View/View.php(228): include('/Applications/XAMPP/xamppfiles/htdocs/siakad-sd/app/Views/konten/admin/kelas/isi.php')
 3 SYSTEMPATH/View/View.php(231): CodeIgniter\View\View->CodeIgniter\View\{closure}()
 4 SYSTEMPATH/Common.php(1190): CodeIgniter\View\View->render('konten/admin/kelas/isi', [], true)
 5 APPPATH/Controllers/AdminKelas.php(134): view('konten/admin/kelas/isi', [...])
 6 SYSTEMPATH/CodeIgniter.php(942): App\Controllers\AdminKelas->isi('MjQzODBhNTctNDFmYS00ZGYzLWI1MTctMGE1MWIyMDdmNDg4')
 7 SYSTEMPATH/CodeIgniter.php(502): CodeIgniter\CodeIgniter->runController(Object(App\Controllers\AdminKelas))
 8 SYSTEMPATH/CodeIgniter.php(361): CodeIgniter\CodeIgniter->handleRequest(null, Object(Config\Cache), false)
 9 FCPATH/index.php(79): CodeIgniter\CodeIgniter->run()
10 SYSTEMPATH/Commands/Server/rewrite.php(47): require_once('/Applications/XAMPP/xamppfiles/htdocs/siakad-sd/public/index.php')
INFO - 2024-05-19 03:03:59 --> Session: Class initialized using 'CodeIgniter\Session\Handlers\FileHandler' driver.
CRITICAL - 2024-05-19 03:03:59 --> Trying to access array offset on value of type null
in APPPATH/Views/konten/admin/kelas/isi.php on line 8.
 1 APPPATH/Views/konten/admin/kelas/isi.php(8): CodeIgniter\Debug\Exceptions->errorHandler(2, 'Trying to access array offset on value of type null', '/Applications/XAMPP/xamppfiles/htdocs/siakad-sd/app/Views/konten/admin/kelas/isi.php', 8)
 2 SYSTEMPATH/View/View.php(228): include('/Applications/XAMPP/xamppfiles/htdocs/siakad-sd/app/Views/konten/admin/kelas/isi.php')
 3 SYSTEMPATH/View/View.php(231): CodeIgniter\View\View->CodeIgniter\View\{closure}()
 4 SYSTEMPATH/Common.php(1190): CodeIgniter\View\View->render('konten/admin/kelas/isi', [], true)
 5 APPPATH/Controllers/AdminKelas.php(135): view('konten/admin/kelas/isi', [...])
 6 SYSTEMPATH/CodeIgniter.php(942): App\Controllers\AdminKelas->isi('MjQzODBhNTctNDFmYS00ZGYzLWI1MTctMGE1MWIyMDdmNDg4')
 7 SYSTEMPATH/CodeIgniter.php(502): CodeIgniter\CodeIgniter->runController(Object(App\Controllers\AdminKelas))
 8 SYSTEMPATH/CodeIgniter.php(361): CodeIgniter\CodeIgniter->handleRequest(null, Object(Config\Cache), false)
 9 FCPATH/index.php(79): CodeIgniter\CodeIgniter->run()
10 SYSTEMPATH/Commands/Server/rewrite.php(47): require_once('/Applications/XAMPP/xamppfiles/htdocs/siakad-sd/public/index.php')
INFO - 2024-05-19 03:03:59 --> Session: Class initialized using 'CodeIgniter\Session\Handlers\FileHandler' driver.
CRITICAL - 2024-05-19 03:03:59 --> Trying to access array offset on value of type null
in APPPATH/Views/konten/admin/kelas/isi.php on line 8.
 1 APPPATH/Views/konten/admin/kelas/isi.php(8): CodeIgniter\Debug\Exceptions->errorHandler(2, 'Trying to access array offset on value of type null', '/Applications/XAMPP/xamppfiles/htdocs/siakad-sd/app/Views/konten/admin/kelas/isi.php', 8)
 2 SYSTEMPATH/View/View.php(228): include('/Applications/XAMPP/xamppfiles/htdocs/siakad-sd/app/Views/konten/admin/kelas/isi.php')
 3 SYSTEMPATH/View/View.php(231): CodeIgniter\View\View->CodeIgniter\View\{closure}()
 4 SYSTEMPATH/Common.php(1190): CodeIgniter\View\View->render('konten/admin/kelas/isi', [], true)
 5 APPPATH/Controllers/AdminKelas.php(135): view('konten/admin/kelas/isi', [...])
 6 SYSTEMPATH/CodeIgniter.php(942): App\Controllers\AdminKelas->isi('MjQzODBhNTctNDFmYS00ZGYzLWI1MTctMGE1MWIyMDdmNDg4')
 7 SYSTEMPATH/CodeIgniter.php(502): CodeIgniter\CodeIgniter->runController(Object(App\Controllers\AdminKelas))
 8 SYSTEMPATH/CodeIgniter.php(361): CodeIgniter\CodeIgniter->handleRequest(null, Object(Config\Cache), false)
 9 FCPATH/index.php(79): CodeIgniter\CodeIgniter->run()
10 SYSTEMPATH/Commands/Server/rewrite.php(47): require_once('/Applications/XAMPP/xamppfiles/htdocs/siakad-sd/public/index.php')
INFO - 2024-05-19 03:04:28 --> Session: Class initialized using 'CodeIgniter\Session\Handlers\FileHandler' driver.
CRITICAL - 2024-05-19 03:04:28 --> Trying to access array offset on value of type null
in APPPATH/Views/konten/admin/kelas/isi.php on line 8.
 1 APPPATH/Views/konten/admin/kelas/isi.php(8): CodeIgniter\Debug\Exceptions->errorHandler(2, 'Trying to access array offset on value of type null', '/Applications/XAMPP/xamppfiles/htdocs/siakad-sd/app/Views/konten/admin/kelas/isi.php', 8)
 2 SYSTEMPATH/View/View.php(228): include('/Applications/XAMPP/xamppfiles/htdocs/siakad-sd/app/Views/konten/admin/kelas/isi.php')
 3 SYSTEMPATH/View/View.php(231): CodeIgniter\View\View->CodeIgniter\View\{closure}()
 4 SYSTEMPATH/Common.php(1190): CodeIgniter\View\View->render('konten/admin/kelas/isi', [], true)
 5 APPPATH/Controllers/AdminKelas.php(135): view('konten/admin/kelas/isi', [...])
 6 SYSTEMPATH/CodeIgniter.php(942): App\Controllers\AdminKelas->isi('MjQzODBhNTctNDFmYS00ZGYzLWI1MTctMGE1MWIyMDdmNDg4')
 7 SYSTEMPATH/CodeIgniter.php(502): CodeIgniter\CodeIgniter->runController(Object(App\Controllers\AdminKelas))
 8 SYSTEMPATH/CodeIgniter.php(361): CodeIgniter\CodeIgniter->handleRequest(null, Object(Config\Cache), false)
 9 FCPATH/index.php(79): CodeIgniter\CodeIgniter->run()
10 SYSTEMPATH/Commands/Server/rewrite.php(47): require_once('/Applications/XAMPP/xamppfiles/htdocs/siakad-sd/public/index.php')
INFO - 2024-05-19 03:04:28 --> Session: Class initialized using 'CodeIgniter\Session\Handlers\FileHandler' driver.
CRITICAL - 2024-05-19 03:04:28 --> Trying to access array offset on value of type null
in APPPATH/Views/konten/admin/kelas/isi.php on line 8.
 1 APPPATH/Views/konten/admin/kelas/isi.php(8): CodeIgniter\Debug\Exceptions->errorHandler(2, 'Trying to access array offset on value of type null', '/Applications/XAMPP/xamppfiles/htdocs/siakad-sd/app/Views/konten/admin/kelas/isi.php', 8)
 2 SYSTEMPATH/View/View.php(228): include('/Applications/XAMPP/xamppfiles/htdocs/siakad-sd/app/Views/konten/admin/kelas/isi.php')
 3 SYSTEMPATH/View/View.php(231): CodeIgniter\View\View->CodeIgniter\View\{closure}()
 4 SYSTEMPATH/Common.php(1190): CodeIgniter\View\View->render('konten/admin/kelas/isi', [], true)
 5 APPPATH/Controllers/AdminKelas.php(135): view('konten/admin/kelas/isi', [...])
 6 SYSTEMPATH/CodeIgniter.php(942): App\Controllers\AdminKelas->isi('MjQzODBhNTctNDFmYS00ZGYzLWI1MTctMGE1MWIyMDdmNDg4')
 7 SYSTEMPATH/CodeIgniter.php(502): CodeIgniter\CodeIgniter->runController(Object(App\Controllers\AdminKelas))
 8 SYSTEMPATH/CodeIgniter.php(361): CodeIgniter\CodeIgniter->handleRequest(null, Object(Config\Cache), false)
 9 FCPATH/index.php(79): CodeIgniter\CodeIgniter->run()
10 SYSTEMPATH/Commands/Server/rewrite.php(47): require_once('/Applications/XAMPP/xamppfiles/htdocs/siakad-sd/public/index.php')
INFO - 2024-05-19 03:04:42 --> Session: Class initialized using 'CodeIgniter\Session\Handlers\FileHandler' driver.
CRITICAL - 2024-05-19 03:04:42 --> Undefined variable $kela
in APPPATH/Views/konten/admin/kelas/isi.php on line 124.
 1 APPPATH/Views/konten/admin/kelas/isi.php(124): CodeIgniter\Debug\Exceptions->errorHandler(2, 'Undefined variable $kela', '/Applications/XAMPP/xamppfiles/htdocs/siakad-sd/app/Views/konten/admin/kelas/isi.php', 124)
 2 SYSTEMPATH/View/View.php(228): include('/Applications/XAMPP/xamppfiles/htdocs/siakad-sd/app/Views/konten/admin/kelas/isi.php')
 3 SYSTEMPATH/View/View.php(231): CodeIgniter\View\View->CodeIgniter\View\{closure}()
 4 SYSTEMPATH/Common.php(1190): CodeIgniter\View\View->render('konten/admin/kelas/isi', [], true)
 5 APPPATH/Controllers/AdminKelas.php(135): view('konten/admin/kelas/isi', [...])
 6 SYSTEMPATH/CodeIgniter.php(942): App\Controllers\AdminKelas->isi('MjQzODBhNTctNDFmYS00ZGYzLWI1MTctMGE1MWIyMDdmNDg4')
 7 SYSTEMPATH/CodeIgniter.php(502): CodeIgniter\CodeIgniter->runController(Object(App\Controllers\AdminKelas))
 8 SYSTEMPATH/CodeIgniter.php(361): CodeIgniter\CodeIgniter->handleRequest(null, Object(Config\Cache), false)
 9 FCPATH/index.php(79): CodeIgniter\CodeIgniter->run()
10 SYSTEMPATH/Commands/Server/rewrite.php(47): require_once('/Applications/XAMPP/xamppfiles/htdocs/siakad-sd/public/index.php')
INFO - 2024-05-19 03:04:52 --> Session: Class initialized using 'CodeIgniter\Session\Handlers\FileHandler' driver.
CRITICAL - 2024-05-19 03:04:52 --> Undefined array key ">nama_guru"
in APPPATH/Views/konten/admin/kelas/isi.php on line 124.
 1 APPPATH/Views/konten/admin/kelas/isi.php(124): CodeIgniter\Debug\Exceptions->errorHandler(2, 'Undefined array key ">nama_guru"', '/Applications/XAMPP/xamppfiles/htdocs/siakad-sd/app/Views/konten/admin/kelas/isi.php', 124)
 2 SYSTEMPATH/View/View.php(228): include('/Applications/XAMPP/xamppfiles/htdocs/siakad-sd/app/Views/konten/admin/kelas/isi.php')
 3 SYSTEMPATH/View/View.php(231): CodeIgniter\View\View->CodeIgniter\View\{closure}()
 4 SYSTEMPATH/Common.php(1190): CodeIgniter\View\View->render('konten/admin/kelas/isi', [], true)
 5 APPPATH/Controllers/AdminKelas.php(135): view('konten/admin/kelas/isi', [...])
 6 SYSTEMPATH/CodeIgniter.php(942): App\Controllers\AdminKelas->isi('MjQzODBhNTctNDFmYS00ZGYzLWI1MTctMGE1MWIyMDdmNDg4')
 7 SYSTEMPATH/CodeIgniter.php(502): CodeIgniter\CodeIgniter->runController(Object(App\Controllers\AdminKelas))
 8 SYSTEMPATH/CodeIgniter.php(361): CodeIgniter\CodeIgniter->handleRequest(null, Object(Config\Cache), false)
 9 FCPATH/index.php(79): CodeIgniter\CodeIgniter->run()
10 SYSTEMPATH/Commands/Server/rewrite.php(47): require_once('/Applications/XAMPP/xamppfiles/htdocs/siakad-sd/public/index.php')
INFO - 2024-05-19 03:04:57 --> Session: Class initialized using 'CodeIgniter\Session\Handlers\FileHandler' driver.
CRITICAL - 2024-05-19 03:04:57 --> Undefined array key "nama_guru"
in APPPATH/Views/konten/admin/kelas/isi.php on line 124.
 1 APPPATH/Views/konten/admin/kelas/isi.php(124): CodeIgniter\Debug\Exceptions->errorHandler(2, 'Undefined array key "nama_guru"', '/Applications/XAMPP/xamppfiles/htdocs/siakad-sd/app/Views/konten/admin/kelas/isi.php', 124)
 2 SYSTEMPATH/View/View.php(228): include('/Applications/XAMPP/xamppfiles/htdocs/siakad-sd/app/Views/konten/admin/kelas/isi.php')
 3 SYSTEMPATH/View/View.php(231): CodeIgniter\View\View->CodeIgniter\View\{closure}()
 4 SYSTEMPATH/Common.php(1190): CodeIgniter\View\View->render('konten/admin/kelas/isi', [], true)
 5 APPPATH/Controllers/AdminKelas.php(135): view('konten/admin/kelas/isi', [...])
 6 SYSTEMPATH/CodeIgniter.php(942): App\Controllers\AdminKelas->isi('MjQzODBhNTctNDFmYS00ZGYzLWI1MTctMGE1MWIyMDdmNDg4')
 7 SYSTEMPATH/CodeIgniter.php(502): CodeIgniter\CodeIgniter->runController(Object(App\Controllers\AdminKelas))
 8 SYSTEMPATH/CodeIgniter.php(361): CodeIgniter\CodeIgniter->handleRequest(null, Object(Config\Cache), false)
 9 FCPATH/index.php(79): CodeIgniter\CodeIgniter->run()
10 SYSTEMPATH/Commands/Server/rewrite.php(47): require_once('/Applications/XAMPP/xamppfiles/htdocs/siakad-sd/public/index.php')
INFO - 2024-05-19 03:05:05 --> Session: Class initialized using 'CodeIgniter\Session\Handlers\FileHandler' driver.
INFO - 2024-05-19 03:05:25 --> Session: Class initialized using 'CodeIgniter\Session\Handlers\FileHandler' driver.
INFO - 2024-05-19 03:05:42 --> Session: Class initialized using 'CodeIgniter\Session\Handlers\FileHandler' driver.
INFO - 2024-05-19 03:07:47 --> Session: Class initialized using 'CodeIgniter\Session\Handlers\FileHandler' driver.
CRITICAL - 2024-05-19 03:07:47 --> Undefined variable $guru
in APPPATH/Views/konten/admin/kelas/isi.php on line 143.
 1 APPPATH/Views/konten/admin/kelas/isi.php(143): CodeIgniter\Debug\Exceptions->errorHandler(2, 'Undefined variable $guru', '/Applications/XAMPP/xamppfiles/htdocs/siakad-sd/app/Views/konten/admin/kelas/isi.php', 143)
 2 SYSTEMPATH/View/View.php(228): include('/Applications/XAMPP/xamppfiles/htdocs/siakad-sd/app/Views/konten/admin/kelas/isi.php')
 3 SYSTEMPATH/View/View.php(231): CodeIgniter\View\View->CodeIgniter\View\{closure}()
 4 SYSTEMPATH/Common.php(1190): CodeIgniter\View\View->render('konten/admin/kelas/isi', [], true)
 5 APPPATH/Controllers/AdminKelas.php(135): view('konten/admin/kelas/isi', [...])
 6 SYSTEMPATH/CodeIgniter.php(942): App\Controllers\AdminKelas->isi('MjQzODBhNTctNDFmYS00ZGYzLWI1MTctMGE1MWIyMDdmNDg4')
 7 SYSTEMPATH/CodeIgniter.php(502): CodeIgniter\CodeIgniter->runController(Object(App\Controllers\AdminKelas))
 8 SYSTEMPATH/CodeIgniter.php(361): CodeIgniter\CodeIgniter->handleRequest(null, Object(Config\Cache), false)
 9 FCPATH/index.php(79): CodeIgniter\CodeIgniter->run()
10 SYSTEMPATH/Commands/Server/rewrite.php(47): require_once('/Applications/XAMPP/xamppfiles/htdocs/siakad-sd/public/index.php')
INFO - 2024-05-19 03:09:01 --> Session: Class initialized using 'CodeIgniter\Session\Handlers\FileHandler' driver.
CRITICAL - 2024-05-19 03:09:01 --> Undefined array key "wali_kelas_id"
in APPPATH/Views/konten/admin/kelas/isi.php on line 144.
 1 APPPATH/Views/konten/admin/kelas/isi.php(144): CodeIgniter\Debug\Exceptions->errorHandler(2, 'Undefined array key "wali_kelas_id"', '/Applications/XAMPP/xamppfiles/htdocs/siakad-sd/app/Views/konten/admin/kelas/isi.php', 144)
 2 SYSTEMPATH/View/View.php(228): include('/Applications/XAMPP/xamppfiles/htdocs/siakad-sd/app/Views/konten/admin/kelas/isi.php')
 3 SYSTEMPATH/View/View.php(231): CodeIgniter\View\View->CodeIgniter\View\{closure}()
 4 SYSTEMPATH/Common.php(1190): CodeIgniter\View\View->render('konten/admin/kelas/isi', [], true)
 5 APPPATH/Controllers/AdminKelas.php(136): view('konten/admin/kelas/isi', [...])
 6 SYSTEMPATH/CodeIgniter.php(942): App\Controllers\AdminKelas->isi('MjQzODBhNTctNDFmYS00ZGYzLWI1MTctMGE1MWIyMDdmNDg4')
 7 SYSTEMPATH/CodeIgniter.php(502): CodeIgniter\CodeIgniter->runController(Object(App\Controllers\AdminKelas))
 8 SYSTEMPATH/CodeIgniter.php(361): CodeIgniter\CodeIgniter->handleRequest(null, Object(Config\Cache), false)
 9 FCPATH/index.php(79): CodeIgniter\CodeIgniter->run()
10 SYSTEMPATH/Commands/Server/rewrite.php(47): require_once('/Applications/XAMPP/xamppfiles/htdocs/siakad-sd/public/index.php')
INFO - 2024-05-19 03:11:11 --> Session: Class initialized using 'CodeIgniter\Session\Handlers\FileHandler' driver.
INFO - 2024-05-19 03:17:14 --> Session: Class initialized using 'CodeIgniter\Session\Handlers\FileHandler' driver.
CRITICAL - 2024-05-19 03:17:14 --> Undefined array key "wali_kelas_id"
in APPPATH/Views/konten/admin/kelas/isi.php on line 125.
 1 APPPATH/Views/konten/admin/kelas/isi.php(125): CodeIgniter\Debug\Exceptions->errorHandler(2, 'Undefined array key "wali_kelas_id"', '/Applications/XAMPP/xamppfiles/htdocs/siakad-sd/app/Views/konten/admin/kelas/isi.php', 125)
 2 SYSTEMPATH/View/View.php(228): include('/Applications/XAMPP/xamppfiles/htdocs/siakad-sd/app/Views/konten/admin/kelas/isi.php')
 3 SYSTEMPATH/View/View.php(231): CodeIgniter\View\View->CodeIgniter\View\{closure}()
 4 SYSTEMPATH/Common.php(1190): CodeIgniter\View\View->render('konten/admin/kelas/isi', [], true)
 5 APPPATH/Controllers/AdminKelas.php(136): view('konten/admin/kelas/isi', [...])
 6 SYSTEMPATH/CodeIgniter.php(942): App\Controllers\AdminKelas->isi('MjQzODBhNTctNDFmYS00ZGYzLWI1MTctMGE1MWIyMDdmNDg4')
 7 SYSTEMPATH/CodeIgniter.php(502): CodeIgniter\CodeIgniter->runController(Object(App\Controllers\AdminKelas))
 8 SYSTEMPATH/CodeIgniter.php(361): CodeIgniter\CodeIgniter->handleRequest(null, Object(Config\Cache), false)
 9 FCPATH/index.php(79): CodeIgniter\CodeIgniter->run()
10 SYSTEMPATH/Commands/Server/rewrite.php(47): require_once('/Applications/XAMPP/xamppfiles/htdocs/siakad-sd/public/index.php')
INFO - 2024-05-19 03:18:13 --> Session: Class initialized using 'CodeIgniter\Session\Handlers\FileHandler' driver.
CRITICAL - 2024-05-19 03:18:13 --> Undefined array key "wali_kelas_id"
in APPPATH/Views/konten/admin/kelas/isi.php on line 125.
 1 APPPATH/Views/konten/admin/kelas/isi.php(125): CodeIgniter\Debug\Exceptions->errorHandler(2, 'Undefined array key "wali_kelas_id"', '/Applications/XAMPP/xamppfiles/htdocs/siakad-sd/app/Views/konten/admin/kelas/isi.php', 125)
 2 SYSTEMPATH/View/View.php(228): include('/Applications/XAMPP/xamppfiles/htdocs/siakad-sd/app/Views/konten/admin/kelas/isi.php')
 3 SYSTEMPATH/View/View.php(231): CodeIgniter\View\View->CodeIgniter\View\{closure}()
 4 SYSTEMPATH/Common.php(1190): CodeIgniter\View\View->render('konten/admin/kelas/isi', [], true)
 5 APPPATH/Controllers/AdminKelas.php(136): view('konten/admin/kelas/isi', [...])
 6 SYSTEMPATH/CodeIgniter.php(942): App\Controllers\AdminKelas->isi('MjQzODBhNTctNDFmYS00ZGYzLWI1MTctMGE1MWIyMDdmNDg4')
 7 SYSTEMPATH/CodeIgniter.php(502): CodeIgniter\CodeIgniter->runController(Object(App\Controllers\AdminKelas))
 8 SYSTEMPATH/CodeIgniter.php(361): CodeIgniter\CodeIgniter->handleRequest(null, Object(Config\Cache), false)
 9 FCPATH/index.php(79): CodeIgniter\CodeIgniter->run()
10 SYSTEMPATH/Commands/Server/rewrite.php(47): require_once('/Applications/XAMPP/xamppfiles/htdocs/siakad-sd/public/index.php')
INFO - 2024-05-19 03:18:36 --> Session: Class initialized using 'CodeIgniter\Session\Handlers\FileHandler' driver.
INFO - 2024-05-19 03:20:24 --> Session: Class initialized using 'CodeIgniter\Session\Handlers\FileHandler' driver.
CRITICAL - 2024-05-19 03:20:24 --> Undefined array key "wali_kelas_id"
in APPPATH/Views/konten/admin/kelas/isi.php on line 125.
 1 APPPATH/Views/konten/admin/kelas/isi.php(125): CodeIgniter\Debug\Exceptions->errorHandler(2, 'Undefined array key "wali_kelas_id"', '/Applications/XAMPP/xamppfiles/htdocs/siakad-sd/app/Views/konten/admin/kelas/isi.php', 125)
 2 SYSTEMPATH/View/View.php(228): include('/Applications/XAMPP/xamppfiles/htdocs/siakad-sd/app/Views/konten/admin/kelas/isi.php')
 3 SYSTEMPATH/View/View.php(231): CodeIgniter\View\View->CodeIgniter\View\{closure}()
 4 SYSTEMPATH/Common.php(1190): CodeIgniter\View\View->render('konten/admin/kelas/isi', [], true)
 5 APPPATH/Controllers/AdminKelas.php(136): view('konten/admin/kelas/isi', [...])
 6 SYSTEMPATH/CodeIgniter.php(942): App\Controllers\AdminKelas->isi('MjQzODBhNTctNDFmYS00ZGYzLWI1MTctMGE1MWIyMDdmNDg4')
 7 SYSTEMPATH/CodeIgniter.php(502): CodeIgniter\CodeIgniter->runController(Object(App\Controllers\AdminKelas))
 8 SYSTEMPATH/CodeIgniter.php(361): CodeIgniter\CodeIgniter->handleRequest(null, Object(Config\Cache), false)
 9 FCPATH/index.php(79): CodeIgniter\CodeIgniter->run()
10 SYSTEMPATH/Commands/Server/rewrite.php(47): require_once('/Applications/XAMPP/xamppfiles/htdocs/siakad-sd/public/index.php')
INFO - 2024-05-19 03:20:46 --> Session: Class initialized using 'CodeIgniter\Session\Handlers\FileHandler' driver.
INFO - 2024-05-19 03:24:20 --> Session: Class initialized using 'CodeIgniter\Session\Handlers\FileHandler' driver.
INFO - 2024-05-19 03:25:11 --> Session: Class initialized using 'CodeIgniter\Session\Handlers\FileHandler' driver.
INFO - 2024-05-19 03:25:24 --> Session: Class initialized using 'CodeIgniter\Session\Handlers\FileHandler' driver.
INFO - 2024-05-19 03:25:57 --> Session: Class initialized using 'CodeIgniter\Session\Handlers\FileHandler' driver.
INFO - 2024-05-19 03:26:26 --> Session: Class initialized using 'CodeIgniter\Session\Handlers\FileHandler' driver.
INFO - 2024-05-19 03:26:30 --> Session: Class initialized using 'CodeIgniter\Session\Handlers\FileHandler' driver.
CRITICAL - 2024-05-19 03:26:30 --> Too few arguments to function App\Controllers\AdminKelas::updateWaliKelas(), 0 passed in /Applications/XAMPP/xamppfiles/htdocs/siakad-sd/system/CodeIgniter.php on line 942 and exactly 1 expected
in APPPATH/Controllers/AdminKelas.php on line 139.
 1 SYSTEMPATH/CodeIgniter.php(942): App\Controllers\AdminKelas->updateWaliKelas()
 2 SYSTEMPATH/CodeIgniter.php(502): CodeIgniter\CodeIgniter->runController(Object(App\Controllers\AdminKelas))
 3 SYSTEMPATH/CodeIgniter.php(361): CodeIgniter\CodeIgniter->handleRequest(null, Object(Config\Cache), false)
 4 FCPATH/index.php(79): CodeIgniter\CodeIgniter->run()
 5 SYSTEMPATH/Commands/Server/rewrite.php(47): require_once('/Applications/XAMPP/xamppfiles/htdocs/siakad-sd/public/index.php')
INFO - 2024-05-19 03:26:48 --> Session: Class initialized using 'CodeIgniter\Session\Handlers\FileHandler' driver.
INFO - 2024-05-19 03:26:51 --> Session: Class initialized using 'CodeIgniter\Session\Handlers\FileHandler' driver.
CRITICAL - 2024-05-19 03:26:51 --> Undefined property: App\Controllers\AdminKelas::$kelasModel
in APPPATH/Controllers/AdminKelas.php on line 146.
 1 APPPATH/Controllers/AdminKelas.php(146): CodeIgniter\Debug\Exceptions->errorHandler(2, 'Undefined property: App\\Controllers\\AdminKelas::$kelasModel', '/Applications/XAMPP/xamppfiles/htdocs/siakad-sd/app/Controllers/AdminKelas.php', 146)
 2 SYSTEMPATH/CodeIgniter.php(942): App\Controllers\AdminKelas->updateWaliKelas()
 3 SYSTEMPATH/CodeIgniter.php(502): CodeIgniter\CodeIgniter->runController(Object(App\Controllers\AdminKelas))
 4 SYSTEMPATH/CodeIgniter.php(361): CodeIgniter\CodeIgniter->handleRequest(null, Object(Config\Cache), false)
 5 FCPATH/index.php(79): CodeIgniter\CodeIgniter->run()
 6 SYSTEMPATH/Commands/Server/rewrite.php(47): require_once('/Applications/XAMPP/xamppfiles/htdocs/siakad-sd/public/index.php')
INFO - 2024-05-19 03:27:00 --> Session: Class initialized using 'CodeIgniter\Session\Handlers\FileHandler' driver.
INFO - 2024-05-19 03:27:04 --> Session: Class initialized using 'CodeIgniter\Session\Handlers\FileHandler' driver.
CRITICAL - 2024-05-19 03:27:04 --> There is no data to update.
in SYSTEMPATH/BaseModel.php on line 930.
 1 SYSTEMPATH/BaseModel.php(930): CodeIgniter\Database\Exceptions\DataException::forEmptyDataset('update')
 2 SYSTEMPATH/Model.php(776): CodeIgniter\BaseModel->update([...], [])
 3 APPPATH/Models/Admin/KelasModel.php(33): CodeIgniter\Model->update('24380a57-41fa-4df3-b517-0a51b207f488', [...])
 4 APPPATH/Controllers/AdminKelas.php(146): App\Models\Admin\KelasModel->updateWaliKelas('24380a57-41fa-4df3-b517-0a51b207f488', [...])
 5 SYSTEMPATH/CodeIgniter.php(942): App\Controllers\AdminKelas->updateWaliKelas()
 6 SYSTEMPATH/CodeIgniter.php(502): CodeIgniter\CodeIgniter->runController(Object(App\Controllers\AdminKelas))
 7 SYSTEMPATH/CodeIgniter.php(361): CodeIgniter\CodeIgniter->handleRequest(null, Object(Config\Cache), false)
 8 FCPATH/index.php(79): CodeIgniter\CodeIgniter->run()
 9 SYSTEMPATH/Commands/Server/rewrite.php(47): require_once('/Applications/XAMPP/xamppfiles/htdocs/siakad-sd/public/index.php')
INFO - 2024-05-19 03:28:38 --> Session: Class initialized using 'CodeIgniter\Session\Handlers\FileHandler' driver.
INFO - 2024-05-19 03:28:41 --> Session: Class initialized using 'CodeIgniter\Session\Handlers\FileHandler' driver.
CRITICAL - 2024-05-19 03:28:41 --> There is no data to update.
in SYSTEMPATH/BaseModel.php on line 1726.
 1 SYSTEMPATH/BaseModel.php(1726): CodeIgniter\Database\Exceptions\DataException::forEmptyDataset('update')
 2 SYSTEMPATH/BaseModel.php(916): CodeIgniter\BaseModel->transformDataToArray(null, 'update')
 3 SYSTEMPATH/Model.php(776): CodeIgniter\BaseModel->update([...], null)
 4 APPPATH/Models/Admin/KelasModel.php(33): CodeIgniter\Model->update([...])
 5 APPPATH/Controllers/AdminKelas.php(146): App\Models\Admin\KelasModel->updateWaliKelas('24380a57-41fa-4df3-b517-0a51b207f488', [...])
 6 SYSTEMPATH/CodeIgniter.php(942): App\Controllers\AdminKelas->updateWaliKelas()
 7 SYSTEMPATH/CodeIgniter.php(502): CodeIgniter\CodeIgniter->runController(Object(App\Controllers\AdminKelas))
 8 SYSTEMPATH/CodeIgniter.php(361): CodeIgniter\CodeIgniter->handleRequest(null, Object(Config\Cache), false)
 9 FCPATH/index.php(79): CodeIgniter\CodeIgniter->run()
10 SYSTEMPATH/Commands/Server/rewrite.php(47): require_once('/Applications/XAMPP/xamppfiles/htdocs/siakad-sd/public/index.php')
INFO - 2024-05-19 03:28:47 --> Session: Class initialized using 'CodeIgniter\Session\Handlers\FileHandler' driver.
CRITICAL - 2024-05-19 03:28:47 --> There is no data to update.
in SYSTEMPATH/BaseModel.php on line 1726.
 1 SYSTEMPATH/BaseModel.php(1726): CodeIgniter\Database\Exceptions\DataException::forEmptyDataset('update')
 2 SYSTEMPATH/BaseModel.php(916): CodeIgniter\BaseModel->transformDataToArray(null, 'update')
 3 SYSTEMPATH/Model.php(776): CodeIgniter\BaseModel->update([...], null)
 4 APPPATH/Models/Admin/KelasModel.php(33): CodeIgniter\Model->update([...])
 5 APPPATH/Controllers/AdminKelas.php(146): App\Models\Admin\KelasModel->updateWaliKelas('24380a57-41fa-4df3-b517-0a51b207f488', [...])
 6 SYSTEMPATH/CodeIgniter.php(942): App\Controllers\AdminKelas->updateWaliKelas()
 7 SYSTEMPATH/CodeIgniter.php(502): CodeIgniter\CodeIgniter->runController(Object(App\Controllers\AdminKelas))
 8 SYSTEMPATH/CodeIgniter.php(361): CodeIgniter\CodeIgniter->handleRequest(null, Object(Config\Cache), false)
 9 FCPATH/index.php(79): CodeIgniter\CodeIgniter->run()
10 SYSTEMPATH/Commands/Server/rewrite.php(47): require_once('/Applications/XAMPP/xamppfiles/htdocs/siakad-sd/public/index.php')
INFO - 2024-05-19 03:29:16 --> Session: Class initialized using 'CodeIgniter\Session\Handlers\FileHandler' driver.
INFO - 2024-05-19 03:29:20 --> Session: Class initialized using 'CodeIgniter\Session\Handlers\FileHandler' driver.
INFO - 2024-05-19 03:29:24 --> Session: Class initialized using 'CodeIgniter\Session\Handlers\FileHandler' driver.
INFO - 2024-05-19 03:29:24 --> Session: Class initialized using 'CodeIgniter\Session\Handlers\FileHandler' driver.
INFO - 2024-05-19 03:29:31 --> Session: Class initialized using 'CodeIgniter\Session\Handlers\FileHandler' driver.
INFO - 2024-05-19 03:29:31 --> Session: Class initialized using 'CodeIgniter\Session\Handlers\FileHandler' driver.
INFO - 2024-05-19 03:29:44 --> Session: Class initialized using 'CodeIgniter\Session\Handlers\FileHandler' driver.
INFO - 2024-05-19 03:32:45 --> Session: Class initialized using 'CodeIgniter\Session\Handlers\FileHandler' driver.
CRITICAL - 2024-05-19 03:32:45 --> Call to undefined method stdClass::siswa()
in APPPATH/Views/konten/admin/kelas/index.php on line 45.
 1 SYSTEMPATH/View/View.php(228): include()
 2 SYSTEMPATH/View/View.php(231): CodeIgniter\View\View->CodeIgniter\View\{closure}()
 3 SYSTEMPATH/Common.php(1190): CodeIgniter\View\View->render('konten/admin/kelas/index', [], true)
 4 APPPATH/Controllers/AdminKelas.php(30): view('konten/admin/kelas/index', [...])
 5 SYSTEMPATH/CodeIgniter.php(942): App\Controllers\AdminKelas->index()
 6 SYSTEMPATH/CodeIgniter.php(502): CodeIgniter\CodeIgniter->runController(Object(App\Controllers\AdminKelas))
 7 SYSTEMPATH/CodeIgniter.php(361): CodeIgniter\CodeIgniter->handleRequest(null, Object(Config\Cache), false)
 8 FCPATH/index.php(79): CodeIgniter\CodeIgniter->run()
 9 SYSTEMPATH/Commands/Server/rewrite.php(47): require_once('/Applications/XAMPP/xamppfiles/htdocs/siakad-sd/public/index.php')
INFO - 2024-05-19 03:32:52 --> Session: Class initialized using 'CodeIgniter\Session\Handlers\FileHandler' driver.
INFO - 2024-05-19 03:33:09 --> Session: Class initialized using 'CodeIgniter\Session\Handlers\FileHandler' driver.
INFO - 2024-05-19 03:33:14 --> Session: Class initialized using 'CodeIgniter\Session\Handlers\FileHandler' driver.
INFO - 2024-05-19 03:33:16 --> Session: Class initialized using 'CodeIgniter\Session\Handlers\FileHandler' driver.
INFO - 2024-05-19 03:33:41 --> Session: Class initialized using 'CodeIgniter\Session\Handlers\FileHandler' driver.
INFO - 2024-05-19 03:35:03 --> Session: Class initialized using 'CodeIgniter\Session\Handlers\FileHandler' driver.
INFO - 2024-05-19 03:35:47 --> Session: Class initialized using 'CodeIgniter\Session\Handlers\FileHandler' driver.
INFO - 2024-05-19 03:35:54 --> Session: Class initialized using 'CodeIgniter\Session\Handlers\FileHandler' driver.
INFO - 2024-05-19 03:35:55 --> Session: Class initialized using 'CodeIgniter\Session\Handlers\FileHandler' driver.
INFO - 2024-05-19 03:35:57 --> Session: Class initialized using 'CodeIgniter\Session\Handlers\FileHandler' driver.
INFO - 2024-05-19 03:35:59 --> Session: Class initialized using 'CodeIgniter\Session\Handlers\FileHandler' driver.
INFO - 2024-05-19 03:36:01 --> Session: Class initialized using 'CodeIgniter\Session\Handlers\FileHandler' driver.
INFO - 2024-05-19 03:36:02 --> Session: Class initialized using 'CodeIgniter\Session\Handlers\FileHandler' driver.
INFO - 2024-05-19 03:37:57 --> Session: Class initialized using 'CodeIgniter\Session\Handlers\FileHandler' driver.
INFO - 2024-05-19 03:38:16 --> Session: Class initialized using 'CodeIgniter\Session\Handlers\FileHandler' driver.
INFO - 2024-05-19 03:39:31 --> Session: Class initialized using 'CodeIgniter\Session\Handlers\FileHandler' driver.
INFO - 2024-05-19 03:48:41 --> Session: Class initialized using 'CodeIgniter\Session\Handlers\FileHandler' driver.
INFO - 2024-05-19 03:50:40 --> Session: Class initialized using 'CodeIgniter\Session\Handlers\FileHandler' driver.
INFO - 2024-05-19 03:50:41 --> Session: Class initialized using 'CodeIgniter\Session\Handlers\FileHandler' driver.
INFO - 2024-05-19 03:51:01 --> Session: Class initialized using 'CodeIgniter\Session\Handlers\FileHandler' driver.
CRITICAL - 2024-05-19 03:51:01 --> Undefined array key "nama_guru"
in APPPATH/Views/konten/admin/jadwal/add.php on line 62.
 1 APPPATH/Views/konten/admin/jadwal/add.php(62): CodeIgniter\Debug\Exceptions->errorHandler(2, 'Undefined array key "nama_guru"', '/Applications/XAMPP/xamppfiles/htdocs/siakad-sd/app/Views/konten/admin/jadwal/add.php', 62)
 2 SYSTEMPATH/View/View.php(228): include('/Applications/XAMPP/xamppfiles/htdocs/siakad-sd/app/Views/konten/admin/jadwal/add.php')
 3 SYSTEMPATH/View/View.php(231): CodeIgniter\View\View->CodeIgniter\View\{closure}()
 4 SYSTEMPATH/Common.php(1190): CodeIgniter\View\View->render('konten/admin/jadwal/add', [], true)
 5 APPPATH/Controllers/AdminJadwal.php(46): view('konten/admin/jadwal/add', [...])
 6 SYSTEMPATH/CodeIgniter.php(942): App\Controllers\AdminJadwal->add()
 7 SYSTEMPATH/CodeIgniter.php(502): CodeIgniter\CodeIgniter->runController(Object(App\Controllers\AdminJadwal))
 8 SYSTEMPATH/CodeIgniter.php(361): CodeIgniter\CodeIgniter->handleRequest(null, Object(Config\Cache), false)
 9 FCPATH/index.php(79): CodeIgniter\CodeIgniter->run()
10 SYSTEMPATH/Commands/Server/rewrite.php(47): require_once('/Applications/XAMPP/xamppfiles/htdocs/siakad-sd/public/index.php')
INFO - 2024-05-19 03:51:15 --> Session: Class initialized using 'CodeIgniter\Session\Handlers\FileHandler' driver.
INFO - 2024-05-19 03:51:46 --> Session: Class initialized using 'CodeIgniter\Session\Handlers\FileHandler' driver.
INFO - 2024-05-19 03:55:14 --> Session: Class initialized using 'CodeIgniter\Session\Handlers\FileHandler' driver.
INFO - 2024-05-19 03:55:30 --> Session: Class initialized using 'CodeIgniter\Session\Handlers\FileHandler' driver.
INFO - 2024-05-19 03:55:30 --> Session: Class initialized using 'CodeIgniter\Session\Handlers\FileHandler' driver.
INFO - 2024-05-19 03:55:58 --> Session: Class initialized using 'CodeIgniter\Session\Handlers\FileHandler' driver.
INFO - 2024-05-19 03:55:58 --> Session: Class initialized using 'CodeIgniter\Session\Handlers\FileHandler' driver.
INFO - 2024-05-19 03:55:59 --> Session: Class initialized using 'CodeIgniter\Session\Handlers\FileHandler' driver.
INFO - 2024-05-19 03:55:59 --> Session: Class initialized using 'CodeIgniter\Session\Handlers\FileHandler' driver.
INFO - 2024-05-19 03:56:05 --> Session: Class initialized using 'CodeIgniter\Session\Handlers\FileHandler' driver.
INFO - 2024-05-19 03:56:06 --> Session: Class initialized using 'CodeIgniter\Session\Handlers\FileHandler' driver.
INFO - 2024-05-19 03:56:06 --> Session: Class initialized using 'CodeIgniter\Session\Handlers\FileHandler' driver.
INFO - 2024-05-19 03:56:41 --> Session: Class initialized using 'CodeIgniter\Session\Handlers\FileHandler' driver.
INFO - 2024-05-19 03:56:42 --> Session: Class initialized using 'CodeIgniter\Session\Handlers\FileHandler' driver.
INFO - 2024-05-19 03:56:42 --> Session: Class initialized using 'CodeIgniter\Session\Handlers\FileHandler' driver.
INFO - 2024-05-19 03:56:43 --> Session: Class initialized using 'CodeIgniter\Session\Handlers\FileHandler' driver.
INFO - 2024-05-19 03:56:43 --> Session: Class initialized using 'CodeIgniter\Session\Handlers\FileHandler' driver.
INFO - 2024-05-19 03:56:43 --> Session: Class initialized using 'CodeIgniter\Session\Handlers\FileHandler' driver.
INFO - 2024-05-19 03:56:43 --> Session: Class initialized using 'CodeIgniter\Session\Handlers\FileHandler' driver.
INFO - 2024-05-19 03:57:09 --> Session: Class initialized using 'CodeIgniter\Session\Handlers\FileHandler' driver.
INFO - 2024-05-19 03:57:10 --> Session: Class initialized using 'CodeIgniter\Session\Handlers\FileHandler' driver.
INFO - 2024-05-19 03:57:10 --> Session: Class initialized using 'CodeIgniter\Session\Handlers\FileHandler' driver.
INFO - 2024-05-19 03:57:41 --> Session: Class initialized using 'CodeIgniter\Session\Handlers\FileHandler' driver.
INFO - 2024-05-19 03:57:43 --> Session: Class initialized using 'CodeIgniter\Session\Handlers\FileHandler' driver.
INFO - 2024-05-19 03:57:45 --> Session: Class initialized using 'CodeIgniter\Session\Handlers\FileHandler' driver.
INFO - 2024-05-19 03:57:46 --> Session: Class initialized using 'CodeIgniter\Session\Handlers\FileHandler' driver.
INFO - 2024-05-19 03:57:46 --> Session: Class initialized using 'CodeIgniter\Session\Handlers\FileHandler' driver.
INFO - 2024-05-19 03:57:55 --> Session: Class initialized using 'CodeIgniter\Session\Handlers\FileHandler' driver.
INFO - 2024-05-19 03:57:56 --> Session: Class initialized using 'CodeIgniter\Session\Handlers\FileHandler' driver.
INFO - 2024-05-19 03:57:56 --> Session: Class initialized using 'CodeIgniter\Session\Handlers\FileHandler' driver.
INFO - 2024-05-19 03:57:59 --> Session: Class initialized using 'CodeIgniter\Session\Handlers\FileHandler' driver.
INFO - 2024-05-19 03:57:59 --> Session: Class initialized using 'CodeIgniter\Session\Handlers\FileHandler' driver.
INFO - 2024-05-19 03:58:00 --> Session: Class initialized using 'CodeIgniter\Session\Handlers\FileHandler' driver.
INFO - 2024-05-19 03:58:00 --> Session: Class initialized using 'CodeIgniter\Session\Handlers\FileHandler' driver.
INFO - 2024-05-19 03:58:02 --> Session: Class initialized using 'CodeIgniter\Session\Handlers\FileHandler' driver.
INFO - 2024-05-19 03:58:03 --> Session: Class initialized using 'CodeIgniter\Session\Handlers\FileHandler' driver.
INFO - 2024-05-19 04:00:01 --> Session: Class initialized using 'CodeIgniter\Session\Handlers\FileHandler' driver.
CRITICAL - 2024-05-19 04:00:01 --> Undefined array key "nama_guru"
in APPPATH/Views/konten/admin/jadwal/add.php on line 64.
 1 APPPATH/Views/konten/admin/jadwal/add.php(64): CodeIgniter\Debug\Exceptions->errorHandler(2, 'Undefined array key "nama_guru"', '/Applications/XAMPP/xamppfiles/htdocs/siakad-sd/app/Views/konten/admin/jadwal/add.php', 64)
 2 SYSTEMPATH/View/View.php(228): include('/Applications/XAMPP/xamppfiles/htdocs/siakad-sd/app/Views/konten/admin/jadwal/add.php')
 3 SYSTEMPATH/View/View.php(231): CodeIgniter\View\View->CodeIgniter\View\{closure}()
 4 SYSTEMPATH/Common.php(1190): CodeIgniter\View\View->render('konten/admin/jadwal/add', [], true)
 5 APPPATH/Controllers/AdminJadwal.php(46): view('konten/admin/jadwal/add', [...])
 6 SYSTEMPATH/CodeIgniter.php(942): App\Controllers\AdminJadwal->add()
 7 SYSTEMPATH/CodeIgniter.php(502): CodeIgniter\CodeIgniter->runController(Object(App\Controllers\AdminJadwal))
 8 SYSTEMPATH/CodeIgniter.php(361): CodeIgniter\CodeIgniter->handleRequest(null, Object(Config\Cache), false)
 9 FCPATH/index.php(79): CodeIgniter\CodeIgniter->run()
10 SYSTEMPATH/Commands/Server/rewrite.php(47): require_once('/Applications/XAMPP/xamppfiles/htdocs/siakad-sd/public/index.php')
INFO - 2024-05-19 04:00:18 --> Session: Class initialized using 'CodeIgniter\Session\Handlers\FileHandler' driver.
INFO - 2024-05-19 04:00:20 --> Session: Class initialized using 'CodeIgniter\Session\Handlers\FileHandler' driver.
INFO - 2024-05-19 04:00:20 --> Session: Class initialized using 'CodeIgniter\Session\Handlers\FileHandler' driver.
INFO - 2024-05-19 04:00:42 --> Session: Class initialized using 'CodeIgniter\Session\Handlers\FileHandler' driver.
CRITICAL - 2024-05-19 04:00:42 --> "valid_time" is not a valid rule.
in SYSTEMPATH/Validation/Validation.php on line 319.
 1 SYSTEMPATH/Validation/Validation.php(319): CodeIgniter\Validation\Exceptions\ValidationException::forRuleNotFound('valid_time')
 2 SYSTEMPATH/Validation/Validation.php(197): CodeIgniter\Validation\Validation->processRules('waktu_mulai', 'waktu_mulai', '14:00', [...], [...])
 3 SYSTEMPATH/Controller.php(152): CodeIgniter\Validation\Validation->run()
 4 APPPATH/Controllers/AdminJadwal.php(93): CodeIgniter\Controller->validate([...], [...])
 5 SYSTEMPATH/CodeIgniter.php(942): App\Controllers\AdminJadwal->save()
 6 SYSTEMPATH/CodeIgniter.php(502): CodeIgniter\CodeIgniter->runController(Object(App\Controllers\AdminJadwal))
 7 SYSTEMPATH/CodeIgniter.php(361): CodeIgniter\CodeIgniter->handleRequest(null, Object(Config\Cache), false)
 8 FCPATH/index.php(79): CodeIgniter\CodeIgniter->run()
 9 SYSTEMPATH/Commands/Server/rewrite.php(47): require_once('/Applications/XAMPP/xamppfiles/htdocs/siakad-sd/public/index.php')
INFO - 2024-05-19 04:01:08 --> Session: Class initialized using 'CodeIgniter\Session\Handlers\FileHandler' driver.
INFO - 2024-05-19 04:01:10 --> Session: Class initialized using 'CodeIgniter\Session\Handlers\FileHandler' driver.
INFO - 2024-05-19 04:01:10 --> Session: Class initialized using 'CodeIgniter\Session\Handlers\FileHandler' driver.
INFO - 2024-05-19 04:01:37 --> Session: Class initialized using 'CodeIgniter\Session\Handlers\FileHandler' driver.
INFO - 2024-05-19 04:01:49 --> Session: Class initialized using 'CodeIgniter\Session\Handlers\FileHandler' driver.
INFO - 2024-05-19 04:05:06 --> Session: Class initialized using 'CodeIgniter\Session\Handlers\FileHandler' driver.
INFO - 2024-05-19 04:05:32 --> Session: Class initialized using 'CodeIgniter\Session\Handlers\FileHandler' driver.
INFO - 2024-05-19 04:05:33 --> Session: Class initialized using 'CodeIgniter\Session\Handlers\FileHandler' driver.
INFO - 2024-05-19 04:06:21 --> Session: Class initialized using 'CodeIgniter\Session\Handlers\FileHandler' driver.
INFO - 2024-05-19 04:07:06 --> Session: Class initialized using 'CodeIgniter\Session\Handlers\FileHandler' driver.
INFO - 2024-05-19 04:07:10 --> Session: Class initialized using 'CodeIgniter\Session\Handlers\FileHandler' driver.
INFO - 2024-05-19 04:07:39 --> Session: Class initialized using 'CodeIgniter\Session\Handlers\FileHandler' driver.
INFO - 2024-05-19 04:07:40 --> Session: Class initialized using 'CodeIgniter\Session\Handlers\FileHandler' driver.
CRITICAL - 2024-05-19 04:07:40 --> Undefined array key "nama_guru"
in APPPATH/Views/konten/admin/jadwal/edit.php on line 64.
 1 APPPATH/Views/konten/admin/jadwal/edit.php(64): CodeIgniter\Debug\Exceptions->errorHandler(2, 'Undefined array key "nama_guru"', '/Applications/XAMPP/xamppfiles/htdocs/siakad-sd/app/Views/konten/admin/jadwal/edit.php', 64)
 2 SYSTEMPATH/View/View.php(228): include('/Applications/XAMPP/xamppfiles/htdocs/siakad-sd/app/Views/konten/admin/jadwal/edit.php')
 3 SYSTEMPATH/View/View.php(231): CodeIgniter\View\View->CodeIgniter\View\{closure}()
 4 SYSTEMPATH/Common.php(1190): CodeIgniter\View\View->render('konten/admin/jadwal/edit', [], true)
 5 APPPATH/Controllers/AdminJadwal.php(145): view('konten/admin/jadwal/edit', [...])
 6 SYSTEMPATH/CodeIgniter.php(942): App\Controllers\AdminJadwal->edit('NTM5MGE3NzYtNDlkZi00N2YyLWJlYTAtYTk1ZTE1ZjgwYzZk')
 7 SYSTEMPATH/CodeIgniter.php(502): CodeIgniter\CodeIgniter->runController(Object(App\Controllers\AdminJadwal))
 8 SYSTEMPATH/CodeIgniter.php(361): CodeIgniter\CodeIgniter->handleRequest(null, Object(Config\Cache), false)
 9 FCPATH/index.php(79): CodeIgniter\CodeIgniter->run()
10 SYSTEMPATH/Commands/Server/rewrite.php(47): require_once('/Applications/XAMPP/xamppfiles/htdocs/siakad-sd/public/index.php')
INFO - 2024-05-19 04:07:57 --> Session: Class initialized using 'CodeIgniter\Session\Handlers\FileHandler' driver.
INFO - 2024-05-19 04:08:11 --> Session: Class initialized using 'CodeIgniter\Session\Handlers\FileHandler' driver.
INFO - 2024-05-19 04:08:11 --> Session: Class initialized using 'CodeIgniter\Session\Handlers\FileHandler' driver.
INFO - 2024-05-19 04:08:14 --> Session: Class initialized using 'CodeIgniter\Session\Handlers\FileHandler' driver.
INFO - 2024-05-19 04:08:28 --> Session: Class initialized using 'CodeIgniter\Session\Handlers\FileHandler' driver.
INFO - 2024-05-19 04:09:43 --> Session: Class initialized using 'CodeIgniter\Session\Handlers\FileHandler' driver.
INFO - 2024-05-19 04:09:53 --> Session: Class initialized using 'CodeIgniter\Session\Handlers\FileHandler' driver.
INFO - 2024-05-19 04:10:01 --> Session: Class initialized using 'CodeIgniter\Session\Handlers\FileHandler' driver.
INFO - 2024-05-19 04:10:10 --> Session: Class initialized using 'CodeIgniter\Session\Handlers\FileHandler' driver.
INFO - 2024-05-19 04:10:25 --> Session: Class initialized using 'CodeIgniter\Session\Handlers\FileHandler' driver.
INFO - 2024-05-19 04:10:25 --> Session: Class initialized using 'CodeIgniter\Session\Handlers\FileHandler' driver.
INFO - 2024-05-19 04:10:47 --> Session: Class initialized using 'CodeIgniter\Session\Handlers\FileHandler' driver.
INFO - 2024-05-19 04:10:49 --> Session: Class initialized using 'CodeIgniter\Session\Handlers\FileHandler' driver.
INFO - 2024-05-19 04:10:49 --> Session: Class initialized using 'CodeIgniter\Session\Handlers\FileHandler' driver.
INFO - 2024-05-19 06:28:32 --> Session: Class initialized using 'CodeIgniter\Session\Handlers\FileHandler' driver.
INFO - 2024-05-19 06:28:32 --> Session: Class initialized using 'CodeIgniter\Session\Handlers\FileHandler' driver.
INFO - 2024-05-19 06:29:06 --> Session: Class initialized using 'CodeIgniter\Session\Handlers\FileHandler' driver.
INFO - 2024-05-19 06:29:06 --> Session: Class initialized using 'CodeIgniter\Session\Handlers\FileHandler' driver.
INFO - 2024-05-19 06:29:09 --> Session: Class initialized using 'CodeIgniter\Session\Handlers\FileHandler' driver.
INFO - 2024-05-19 06:29:12 --> Session: Class initialized using 'CodeIgniter\Session\Handlers\FileHandler' driver.
INFO - 2024-05-19 06:29:14 --> Session: Class initialized using 'CodeIgniter\Session\Handlers\FileHandler' driver.
INFO - 2024-05-19 06:29:16 --> Session: Class initialized using 'CodeIgniter\Session\Handlers\FileHandler' driver.
INFO - 2024-05-19 06:33:37 --> Session: Class initialized using 'CodeIgniter\Session\Handlers\FileHandler' driver.
INFO - 2024-05-19 06:33:56 --> Session: Class initialized using 'CodeIgniter\Session\Handlers\FileHandler' driver.
INFO - 2024-05-19 06:33:56 --> Session: Class initialized using 'CodeIgniter\Session\Handlers\FileHandler' driver.
INFO - 2024-05-19 06:33:58 --> Session: Class initialized using 'CodeIgniter\Session\Handlers\FileHandler' driver.
INFO - 2024-05-19 06:34:32 --> Session: Class initialized using 'CodeIgniter\Session\Handlers\FileHandler' driver.
INFO - 2024-05-19 06:34:37 --> Session: Class initialized using 'CodeIgniter\Session\Handlers\FileHandler' driver.
INFO - 2024-05-19 06:34:37 --> Session: Class initialized using 'CodeIgniter\Session\Handlers\FileHandler' driver.
INFO - 2024-05-19 06:34:55 --> Session: Class initialized using 'CodeIgniter\Session\Handlers\FileHandler' driver.
INFO - 2024-05-19 06:34:56 --> Session: Class initialized using 'CodeIgniter\Session\Handlers\FileHandler' driver.
INFO - 2024-05-19 06:35:04 --> Session: Class initialized using 'CodeIgniter\Session\Handlers\FileHandler' driver.
CRITICAL - 2024-05-19 06:35:04 --> Undefined property: App\Controllers\AdminGuru::$db
in APPPATH/Controllers/AdminGuru.php on line 77.
 1 APPPATH/Controllers/AdminGuru.php(77): CodeIgniter\Debug\Exceptions->errorHandler(2, 'Undefined property: App\\Controllers\\AdminGuru::$db', '/Applications/XAMPP/xamppfiles/htdocs/siakad-sd/app/Controllers/AdminGuru.php', 77)
 2 SYSTEMPATH/CodeIgniter.php(942): App\Controllers\AdminGuru->save()
 3 SYSTEMPATH/CodeIgniter.php(502): CodeIgniter\CodeIgniter->runController(Object(App\Controllers\AdminGuru))
 4 SYSTEMPATH/CodeIgniter.php(361): CodeIgniter\CodeIgniter->handleRequest(null, Object(Config\Cache), false)
 5 FCPATH/index.php(79): CodeIgniter\CodeIgniter->run()
 6 SYSTEMPATH/Commands/Server/rewrite.php(47): require_once('/Applications/XAMPP/xamppfiles/htdocs/siakad-sd/public/index.php')
INFO - 2024-05-19 06:35:25 --> Session: Class initialized using 'CodeIgniter\Session\Handlers\FileHandler' driver.
INFO - 2024-05-19 06:35:26 --> Session: Class initialized using 'CodeIgniter\Session\Handlers\FileHandler' driver.
INFO - 2024-05-19 06:35:27 --> Session: Class initialized using 'CodeIgniter\Session\Handlers\FileHandler' driver.
INFO - 2024-05-19 06:35:30 --> Session: Class initialized using 'CodeIgniter\Session\Handlers\FileHandler' driver.
INFO - 2024-05-19 06:35:30 --> Session: Class initialized using 'CodeIgniter\Session\Handlers\FileHandler' driver.
INFO - 2024-05-19 06:35:32 --> Session: Class initialized using 'CodeIgniter\Session\Handlers\FileHandler' driver.
INFO - 2024-05-19 06:36:02 --> Session: Class initialized using 'CodeIgniter\Session\Handlers\FileHandler' driver.
INFO - 2024-05-19 06:36:03 --> Session: Class initialized using 'CodeIgniter\Session\Handlers\FileHandler' driver.
INFO - 2024-05-19 06:36:27 --> Session: Class initialized using 'CodeIgniter\Session\Handlers\FileHandler' driver.
INFO - 2024-05-19 06:36:32 --> Session: Class initialized using 'CodeIgniter\Session\Handlers\FileHandler' driver.
INFO - 2024-05-19 06:36:32 --> Session: Class initialized using 'CodeIgniter\Session\Handlers\FileHandler' driver.
INFO - 2024-05-19 06:36:33 --> Session: Class initialized using 'CodeIgniter\Session\Handlers\FileHandler' driver.
INFO - 2024-05-19 06:36:36 --> Session: Class initialized using 'CodeIgniter\Session\Handlers\FileHandler' driver.
CRITICAL - 2024-05-19 06:36:36 --> Call to a member function where() on null
in APPPATH/Controllers/AdminUsers.php on line 201.
 1 SYSTEMPATH/CodeIgniter.php(942): App\Controllers\AdminUsers->delete('c53c0341-f54f-4944-9779-5bcbe5f44f92')
 2 SYSTEMPATH/CodeIgniter.php(502): CodeIgniter\CodeIgniter->runController(Object(App\Controllers\AdminUsers))
 3 SYSTEMPATH/CodeIgniter.php(361): CodeIgniter\CodeIgniter->handleRequest(null, Object(Config\Cache), false)
 4 FCPATH/index.php(79): CodeIgniter\CodeIgniter->run()
 5 SYSTEMPATH/Commands/Server/rewrite.php(47): require_once('/Applications/XAMPP/xamppfiles/htdocs/siakad-sd/public/index.php')
INFO - 2024-05-19 06:37:21 --> Session: Class initialized using 'CodeIgniter\Session\Handlers\FileHandler' driver.
CRITICAL - 2024-05-19 06:37:21 --> Call to a member function where() on null
in APPPATH/Controllers/AdminUsers.php on line 201.
 1 SYSTEMPATH/CodeIgniter.php(942): App\Controllers\AdminUsers->delete('c53c0341-f54f-4944-9779-5bcbe5f44f92')
 2 SYSTEMPATH/CodeIgniter.php(502): CodeIgniter\CodeIgniter->runController(Object(App\Controllers\AdminUsers))
 3 SYSTEMPATH/CodeIgniter.php(361): CodeIgniter\CodeIgniter->handleRequest(null, Object(Config\Cache), false)
 4 FCPATH/index.php(79): CodeIgniter\CodeIgniter->run()
 5 SYSTEMPATH/Commands/Server/rewrite.php(47): require_once('/Applications/XAMPP/xamppfiles/htdocs/siakad-sd/public/index.php')
INFO - 2024-05-19 06:37:22 --> Session: Class initialized using 'CodeIgniter\Session\Handlers\FileHandler' driver.
INFO - 2024-05-19 06:37:25 --> Session: Class initialized using 'CodeIgniter\Session\Handlers\FileHandler' driver.
INFO - 2024-05-19 06:38:09 --> Session: Class initialized using 'CodeIgniter\Session\Handlers\FileHandler' driver.
INFO - 2024-05-19 06:38:17 --> Session: Class initialized using 'CodeIgniter\Session\Handlers\FileHandler' driver.
INFO - 2024-05-19 06:38:41 --> Session: Class initialized using 'CodeIgniter\Session\Handlers\FileHandler' driver.
INFO - 2024-05-19 06:38:43 --> Session: Class initialized using 'CodeIgniter\Session\Handlers\FileHandler' driver.
INFO - 2024-05-19 06:38:58 --> Session: Class initialized using 'CodeIgniter\Session\Handlers\FileHandler' driver.
INFO - 2024-05-19 06:41:00 --> Session: Class initialized using 'CodeIgniter\Session\Handlers\FileHandler' driver.
INFO - 2024-05-19 06:41:04 --> Session: Class initialized using 'CodeIgniter\Session\Handlers\FileHandler' driver.
INFO - 2024-05-19 06:41:07 --> Session: Class initialized using 'CodeIgniter\Session\Handlers\FileHandler' driver.
INFO - 2024-05-19 06:41:07 --> Session: Class initialized using 'CodeIgniter\Session\Handlers\FileHandler' driver.
INFO - 2024-05-19 06:41:09 --> Session: Class initialized using 'CodeIgniter\Session\Handlers\FileHandler' driver.
INFO - 2024-05-19 06:41:12 --> Session: Class initialized using 'CodeIgniter\Session\Handlers\FileHandler' driver.
INFO - 2024-05-19 06:41:43 --> Session: Class initialized using 'CodeIgniter\Session\Handlers\FileHandler' driver.
INFO - 2024-05-19 06:41:49 --> Session: Class initialized using 'CodeIgniter\Session\Handlers\FileHandler' driver.
INFO - 2024-05-19 06:41:50 --> Session: Class initialized using 'CodeIgniter\Session\Handlers\FileHandler' driver.
INFO - 2024-05-19 06:41:57 --> Session: Class initialized using 'CodeIgniter\Session\Handlers\FileHandler' driver.
INFO - 2024-05-19 06:41:57 --> Session: Class initialized using 'CodeIgniter\Session\Handlers\FileHandler' driver.
INFO - 2024-05-19 06:41:58 --> Session: Class initialized using 'CodeIgniter\Session\Handlers\FileHandler' driver.
INFO - 2024-05-19 06:42:05 --> Session: Class initialized using 'CodeIgniter\Session\Handlers\FileHandler' driver.
INFO - 2024-05-19 06:42:05 --> Session: Class initialized using 'CodeIgniter\Session\Handlers\FileHandler' driver.
INFO - 2024-05-19 06:42:06 --> Session: Class initialized using 'CodeIgniter\Session\Handlers\FileHandler' driver.
INFO - 2024-05-19 06:42:20 --> Session: Class initialized using 'CodeIgniter\Session\Handlers\FileHandler' driver.
INFO - 2024-05-19 06:42:21 --> Session: Class initialized using 'CodeIgniter\Session\Handlers\FileHandler' driver.
INFO - 2024-05-19 06:42:22 --> Session: Class initialized using 'CodeIgniter\Session\Handlers\FileHandler' driver.
INFO - 2024-05-19 06:42:32 --> Session: Class initialized using 'CodeIgniter\Session\Handlers\FileHandler' driver.
INFO - 2024-05-19 06:42:32 --> Session: Class initialized using 'CodeIgniter\Session\Handlers\FileHandler' driver.
INFO - 2024-05-19 06:42:34 --> Session: Class initialized using 'CodeIgniter\Session\Handlers\FileHandler' driver.
INFO - 2024-05-19 06:42:36 --> Session: Class initialized using 'CodeIgniter\Session\Handlers\FileHandler' driver.
INFO - 2024-05-19 06:42:39 --> Session: Class initialized using 'CodeIgniter\Session\Handlers\FileHandler' driver.
INFO - 2024-05-19 06:42:39 --> Session: Class initialized using 'CodeIgniter\Session\Handlers\FileHandler' driver.
INFO - 2024-05-19 06:42:41 --> Session: Class initialized using 'CodeIgniter\Session\Handlers\FileHandler' driver.
INFO - 2024-05-19 06:43:10 --> Session: Class initialized using 'CodeIgniter\Session\Handlers\FileHandler' driver.
INFO - 2024-05-19 06:43:11 --> Session: Class initialized using 'CodeIgniter\Session\Handlers\FileHandler' driver.
INFO - 2024-05-19 06:43:19 --> Session: Class initialized using 'CodeIgniter\Session\Handlers\FileHandler' driver.
INFO - 2024-05-19 06:43:21 --> Session: Class initialized using 'CodeIgniter\Session\Handlers\FileHandler' driver.
INFO - 2024-05-19 06:43:26 --> Session: Class initialized using 'CodeIgniter\Session\Handlers\FileHandler' driver.
INFO - 2024-05-19 06:43:26 --> Session: Class initialized using 'CodeIgniter\Session\Handlers\FileHandler' driver.
INFO - 2024-05-19 06:43:28 --> Session: Class initialized using 'CodeIgniter\Session\Handlers\FileHandler' driver.
INFO - 2024-05-19 06:43:30 --> Session: Class initialized using 'CodeIgniter\Session\Handlers\FileHandler' driver.
INFO - 2024-05-19 06:43:33 --> Session: Class initialized using 'CodeIgniter\Session\Handlers\FileHandler' driver.
INFO - 2024-05-19 06:43:53 --> Session: Class initialized using 'CodeIgniter\Session\Handlers\FileHandler' driver.
INFO - 2024-05-19 06:43:55 --> Session: Class initialized using 'CodeIgniter\Session\Handlers\FileHandler' driver.
INFO - 2024-05-19 06:43:57 --> Session: Class initialized using 'CodeIgniter\Session\Handlers\FileHandler' driver.
INFO - 2024-05-19 06:43:59 --> Session: Class initialized using 'CodeIgniter\Session\Handlers\FileHandler' driver.
INFO - 2024-05-19 06:44:01 --> Session: Class initialized using 'CodeIgniter\Session\Handlers\FileHandler' driver.
INFO - 2024-05-19 06:44:01 --> Session: Class initialized using 'CodeIgniter\Session\Handlers\FileHandler' driver.
INFO - 2024-05-19 06:44:03 --> Session: Class initialized using 'CodeIgniter\Session\Handlers\FileHandler' driver.
INFO - 2024-05-19 06:44:04 --> Session: Class initialized using 'CodeIgniter\Session\Handlers\FileHandler' driver.
INFO - 2024-05-19 06:44:58 --> Session: Class initialized using 'CodeIgniter\Session\Handlers\FileHandler' driver.
INFO - 2024-05-19 06:45:00 --> Session: Class initialized using 'CodeIgniter\Session\Handlers\FileHandler' driver.
INFO - 2024-05-19 06:45:03 --> Session: Class initialized using 'CodeIgniter\Session\Handlers\FileHandler' driver.
INFO - 2024-05-19 06:45:03 --> Session: Class initialized using 'CodeIgniter\Session\Handlers\FileHandler' driver.
INFO - 2024-05-19 06:45:05 --> Session: Class initialized using 'CodeIgniter\Session\Handlers\FileHandler' driver.
INFO - 2024-05-19 06:45:09 --> Session: Class initialized using 'CodeIgniter\Session\Handlers\FileHandler' driver.
INFO - 2024-05-19 06:45:09 --> Session: Class initialized using 'CodeIgniter\Session\Handlers\FileHandler' driver.
INFO - 2024-05-19 06:45:18 --> Session: Class initialized using 'CodeIgniter\Session\Handlers\FileHandler' driver.
INFO - 2024-05-19 06:45:18 --> Session: Class initialized using 'CodeIgniter\Session\Handlers\FileHandler' driver.
INFO - 2024-05-19 06:45:20 --> Session: Class initialized using 'CodeIgniter\Session\Handlers\FileHandler' driver.
INFO - 2024-05-19 06:45:22 --> Session: Class initialized using 'CodeIgniter\Session\Handlers\FileHandler' driver.
INFO - 2024-05-19 06:45:22 --> Session: Class initialized using 'CodeIgniter\Session\Handlers\FileHandler' driver.
INFO - 2024-05-19 06:45:45 --> Session: Class initialized using 'CodeIgniter\Session\Handlers\FileHandler' driver.
INFO - 2024-05-19 06:45:50 --> Session: Class initialized using 'CodeIgniter\Session\Handlers\FileHandler' driver.
INFO - 2024-05-19 06:45:51 --> Session: Class initialized using 'CodeIgniter\Session\Handlers\FileHandler' driver.
INFO - 2024-05-19 06:45:55 --> Session: Class initialized using 'CodeIgniter\Session\Handlers\FileHandler' driver.
INFO - 2024-05-19 06:45:55 --> Session: Class initialized using 'CodeIgniter\Session\Handlers\FileHandler' driver.
INFO - 2024-05-19 06:45:58 --> Session: Class initialized using 'CodeIgniter\Session\Handlers\FileHandler' driver.
INFO - 2024-05-19 06:45:58 --> Session: Class initialized using 'CodeIgniter\Session\Handlers\FileHandler' driver.
INFO - 2024-05-19 06:46:07 --> Session: Class initialized using 'CodeIgniter\Session\Handlers\FileHandler' driver.
INFO - 2024-05-19 06:46:15 --> Session: Class initialized using 'CodeIgniter\Session\Handlers\FileHandler' driver.
INFO - 2024-05-19 06:46:15 --> Session: Class initialized using 'CodeIgniter\Session\Handlers\FileHandler' driver.
INFO - 2024-05-19 06:46:18 --> Session: Class initialized using 'CodeIgniter\Session\Handlers\FileHandler' driver.
INFO - 2024-05-19 06:46:55 --> Session: Class initialized using 'CodeIgniter\Session\Handlers\FileHandler' driver.
INFO - 2024-05-19 06:46:55 --> Session: Class initialized using 'CodeIgniter\Session\Handlers\FileHandler' driver.
INFO - 2024-05-19 06:47:10 --> Session: Class initialized using 'CodeIgniter\Session\Handlers\FileHandler' driver.
INFO - 2024-05-19 06:47:10 --> Session: Class initialized using 'CodeIgniter\Session\Handlers\FileHandler' driver.
INFO - 2024-05-19 06:47:15 --> Session: Class initialized using 'CodeIgniter\Session\Handlers\FileHandler' driver.
INFO - 2024-05-19 06:47:55 --> Session: Class initialized using 'CodeIgniter\Session\Handlers\FileHandler' driver.
INFO - 2024-05-19 06:48:32 --> Session: Class initialized using 'CodeIgniter\Session\Handlers\FileHandler' driver.
INFO - 2024-05-19 06:48:38 --> Session: Class initialized using 'CodeIgniter\Session\Handlers\FileHandler' driver.
INFO - 2024-05-19 06:48:40 --> Session: Class initialized using 'CodeIgniter\Session\Handlers\FileHandler' driver.
INFO - 2024-05-19 06:48:44 --> Session: Class initialized using 'CodeIgniter\Session\Handlers\FileHandler' driver.
INFO - 2024-05-19 06:48:48 --> Session: Class initialized using 'CodeIgniter\Session\Handlers\FileHandler' driver.
INFO - 2024-05-19 06:48:49 --> Session: Class initialized using 'CodeIgniter\Session\Handlers\FileHandler' driver.
INFO - 2024-05-19 06:48:49 --> Session: Class initialized using 'CodeIgniter\Session\Handlers\FileHandler' driver.
INFO - 2024-05-19 06:48:58 --> Session: Class initialized using 'CodeIgniter\Session\Handlers\FileHandler' driver.
INFO - 2024-05-19 06:48:58 --> Session: Class initialized using 'CodeIgniter\Session\Handlers\FileHandler' driver.
INFO - 2024-05-19 06:49:07 --> Session: Class initialized using 'CodeIgniter\Session\Handlers\FileHandler' driver.
INFO - 2024-05-19 06:49:09 --> Session: Class initialized using 'CodeIgniter\Session\Handlers\FileHandler' driver.
INFO - 2024-05-19 06:49:12 --> Session: Class initialized using 'CodeIgniter\Session\Handlers\FileHandler' driver.
INFO - 2024-05-19 06:49:15 --> Session: Class initialized using 'CodeIgniter\Session\Handlers\FileHandler' driver.
INFO - 2024-05-19 06:49:16 --> Session: Class initialized using 'CodeIgniter\Session\Handlers\FileHandler' driver.
INFO - 2024-05-19 06:49:17 --> Session: Class initialized using 'CodeIgniter\Session\Handlers\FileHandler' driver.
INFO - 2024-05-19 06:49:17 --> Session: Class initialized using 'CodeIgniter\Session\Handlers\FileHandler' driver.
INFO - 2024-05-19 06:49:17 --> Session: Class initialized using 'CodeIgniter\Session\Handlers\FileHandler' driver.
INFO - 2024-05-19 06:49:18 --> Session: Class initialized using 'CodeIgniter\Session\Handlers\FileHandler' driver.
INFO - 2024-05-19 06:49:18 --> Session: Class initialized using 'CodeIgniter\Session\Handlers\FileHandler' driver.
INFO - 2024-05-19 06:49:23 --> Session: Class initialized using 'CodeIgniter\Session\Handlers\FileHandler' driver.
INFO - 2024-05-19 06:49:23 --> Session: Class initialized using 'CodeIgniter\Session\Handlers\FileHandler' driver.
INFO - 2024-05-19 06:49:25 --> Session: Class initialized using 'CodeIgniter\Session\Handlers\FileHandler' driver.
INFO - 2024-05-19 06:49:29 --> Session: Class initialized using 'CodeIgniter\Session\Handlers\FileHandler' driver.
INFO - 2024-05-19 06:49:31 --> Session: Class initialized using 'CodeIgniter\Session\Handlers\FileHandler' driver.
INFO - 2024-05-19 06:49:33 --> Session: Class initialized using 'CodeIgniter\Session\Handlers\FileHandler' driver.
INFO - 2024-05-19 06:49:36 --> Session: Class initialized using 'CodeIgniter\Session\Handlers\FileHandler' driver.
INFO - 2024-05-19 06:52:38 --> Session: Class initialized using 'CodeIgniter\Session\Handlers\FileHandler' driver.
INFO - 2024-05-19 06:54:36 --> Session: Class initialized using 'CodeIgniter\Session\Handlers\FileHandler' driver.
INFO - 2024-05-19 06:54:38 --> Session: Class initialized using 'CodeIgniter\Session\Handlers\FileHandler' driver.
INFO - 2024-05-19 06:54:41 --> Session: Class initialized using 'CodeIgniter\Session\Handlers\FileHandler' driver.
INFO - 2024-05-19 06:54:43 --> Session: Class initialized using 'CodeIgniter\Session\Handlers\FileHandler' driver.
INFO - 2024-05-19 06:54:43 --> Session: Class initialized using 'CodeIgniter\Session\Handlers\FileHandler' driver.
INFO - 2024-05-19 06:54:45 --> Session: Class initialized using 'CodeIgniter\Session\Handlers\FileHandler' driver.
INFO - 2024-05-19 06:54:47 --> Session: Class initialized using 'CodeIgniter\Session\Handlers\FileHandler' driver.
INFO - 2024-05-19 06:54:49 --> Session: Class initialized using 'CodeIgniter\Session\Handlers\FileHandler' driver.
INFO - 2024-05-19 06:54:49 --> Session: Class initialized using 'CodeIgniter\Session\Handlers\FileHandler' driver.
INFO - 2024-05-19 06:56:49 --> Session: Class initialized using 'CodeIgniter\Session\Handlers\FileHandler' driver.
INFO - 2024-05-19 06:56:51 --> Session: Class initialized using 'CodeIgniter\Session\Handlers\FileHandler' driver.
INFO - 2024-05-19 06:56:53 --> Session: Class initialized using 'CodeIgniter\Session\Handlers\FileHandler' driver.
INFO - 2024-05-19 06:56:53 --> Session: Class initialized using 'CodeIgniter\Session\Handlers\FileHandler' driver.
INFO - 2024-05-19 06:56:55 --> Session: Class initialized using 'CodeIgniter\Session\Handlers\FileHandler' driver.
INFO - 2024-05-19 06:56:57 --> Session: Class initialized using 'CodeIgniter\Session\Handlers\FileHandler' driver.
INFO - 2024-05-19 06:56:59 --> Session: Class initialized using 'CodeIgniter\Session\Handlers\FileHandler' driver.
INFO - 2024-05-19 06:56:59 --> Session: Class initialized using 'CodeIgniter\Session\Handlers\FileHandler' driver.
INFO - 2024-05-19 06:57:02 --> Session: Class initialized using 'CodeIgniter\Session\Handlers\FileHandler' driver.
INFO - 2024-05-19 06:57:05 --> Session: Class initialized using 'CodeIgniter\Session\Handlers\FileHandler' driver.
INFO - 2024-05-19 06:57:06 --> Session: Class initialized using 'CodeIgniter\Session\Handlers\FileHandler' driver.
INFO - 2024-05-19 06:57:08 --> Session: Class initialized using 'CodeIgniter\Session\Handlers\FileHandler' driver.
INFO - 2024-05-19 06:57:10 --> Session: Class initialized using 'CodeIgniter\Session\Handlers\FileHandler' driver.
INFO - 2024-05-19 06:57:10 --> Session: Class initialized using 'CodeIgniter\Session\Handlers\FileHandler' driver.
INFO - 2024-05-19 06:57:12 --> Session: Class initialized using 'CodeIgniter\Session\Handlers\FileHandler' driver.
INFO - 2024-05-19 06:57:14 --> Session: Class initialized using 'CodeIgniter\Session\Handlers\FileHandler' driver.
INFO - 2024-05-19 06:57:15 --> Session: Class initialized using 'CodeIgniter\Session\Handlers\FileHandler' driver.
INFO - 2024-05-19 06:57:15 --> Session: Class initialized using 'CodeIgniter\Session\Handlers\FileHandler' driver.
INFO - 2024-05-19 06:58:05 --> Session: Class initialized using 'CodeIgniter\Session\Handlers\FileHandler' driver.
INFO - 2024-05-19 06:58:12 --> Session: Class initialized using 'CodeIgniter\Session\Handlers\FileHandler' driver.
INFO - 2024-05-19 06:58:12 --> Session: Class initialized using 'CodeIgniter\Session\Handlers\FileHandler' driver.
INFO - 2024-05-19 06:58:14 --> Session: Class initialized using 'CodeIgniter\Session\Handlers\FileHandler' driver.
INFO - 2024-05-19 06:58:14 --> Session: Class initialized using 'CodeIgniter\Session\Handlers\FileHandler' driver.
INFO - 2024-05-19 06:58:17 --> Session: Class initialized using 'CodeIgniter\Session\Handlers\FileHandler' driver.
INFO - 2024-05-19 06:58:26 --> Session: Class initialized using 'CodeIgniter\Session\Handlers\FileHandler' driver.
INFO - 2024-05-19 06:58:28 --> Session: Class initialized using 'CodeIgniter\Session\Handlers\FileHandler' driver.
INFO - 2024-05-19 06:59:52 --> Session: Class initialized using 'CodeIgniter\Session\Handlers\FileHandler' driver.
INFO - 2024-05-19 07:00:13 --> Session: Class initialized using 'CodeIgniter\Session\Handlers\FileHandler' driver.
INFO - 2024-05-19 07:00:37 --> Session: Class initialized using 'CodeIgniter\Session\Handlers\FileHandler' driver.
INFO - 2024-05-19 07:00:37 --> Session: Class initialized using 'CodeIgniter\Session\Handlers\FileHandler' driver.
INFO - 2024-05-19 07:00:43 --> Session: Class initialized using 'CodeIgniter\Session\Handlers\FileHandler' driver.
INFO - 2024-05-19 07:01:21 --> Session: Class initialized using 'CodeIgniter\Session\Handlers\FileHandler' driver.
INFO - 2024-05-19 07:01:21 --> Session: Class initialized using 'CodeIgniter\Session\Handlers\FileHandler' driver.
INFO - 2024-05-19 07:01:26 --> Session: Class initialized using 'CodeIgniter\Session\Handlers\FileHandler' driver.
INFO - 2024-05-19 07:01:37 --> Session: Class initialized using 'CodeIgniter\Session\Handlers\FileHandler' driver.
INFO - 2024-05-19 07:01:39 --> Session: Class initialized using 'CodeIgniter\Session\Handlers\FileHandler' driver.
INFO - 2024-05-19 07:01:47 --> Session: Class initialized using 'CodeIgniter\Session\Handlers\FileHandler' driver.
INFO - 2024-05-19 07:01:47 --> Session: Class initialized using 'CodeIgniter\Session\Handlers\FileHandler' driver.
INFO - 2024-05-19 07:01:49 --> Session: Class initialized using 'CodeIgniter\Session\Handlers\FileHandler' driver.
INFO - 2024-05-19 07:01:55 --> Session: Class initialized using 'CodeIgniter\Session\Handlers\FileHandler' driver.
INFO - 2024-05-19 07:01:55 --> Session: Class initialized using 'CodeIgniter\Session\Handlers\FileHandler' driver.
INFO - 2024-05-19 07:02:50 --> Session: Class initialized using 'CodeIgniter\Session\Handlers\FileHandler' driver.
INFO - 2024-05-19 07:02:52 --> Session: Class initialized using 'CodeIgniter\Session\Handlers\FileHandler' driver.
INFO - 2024-05-19 07:03:07 --> Session: Class initialized using 'CodeIgniter\Session\Handlers\FileHandler' driver.
INFO - 2024-05-19 07:03:07 --> Session: Class initialized using 'CodeIgniter\Session\Handlers\FileHandler' driver.
INFO - 2024-05-19 07:03:11 --> Session: Class initialized using 'CodeIgniter\Session\Handlers\FileHandler' driver.
INFO - 2024-05-19 07:03:19 --> Session: Class initialized using 'CodeIgniter\Session\Handlers\FileHandler' driver.
INFO - 2024-05-19 07:03:19 --> Session: Class initialized using 'CodeIgniter\Session\Handlers\FileHandler' driver.
INFO - 2024-05-19 07:03:35 --> Session: Class initialized using 'CodeIgniter\Session\Handlers\FileHandler' driver.
INFO - 2024-05-19 07:03:38 --> Session: Class initialized using 'CodeIgniter\Session\Handlers\FileHandler' driver.
INFO - 2024-05-19 07:03:43 --> Session: Class initialized using 'CodeIgniter\Session\Handlers\FileHandler' driver.
INFO - 2024-05-19 07:03:43 --> Session: Class initialized using 'CodeIgniter\Session\Handlers\FileHandler' driver.
INFO - 2024-05-19 07:03:49 --> Session: Class initialized using 'CodeIgniter\Session\Handlers\FileHandler' driver.
INFO - 2024-05-19 07:04:23 --> Session: Class initialized using 'CodeIgniter\Session\Handlers\FileHandler' driver.
INFO - 2024-05-19 07:04:23 --> Session: Class initialized using 'CodeIgniter\Session\Handlers\FileHandler' driver.
INFO - 2024-05-19 07:04:25 --> Session: Class initialized using 'CodeIgniter\Session\Handlers\FileHandler' driver.
INFO - 2024-05-19 07:05:00 --> Session: Class initialized using 'CodeIgniter\Session\Handlers\FileHandler' driver.
INFO - 2024-05-19 07:05:00 --> Session: Class initialized using 'CodeIgniter\Session\Handlers\FileHandler' driver.
INFO - 2024-05-19 07:05:06 --> Session: Class initialized using 'CodeIgniter\Session\Handlers\FileHandler' driver.
INFO - 2024-05-19 07:05:22 --> Session: Class initialized using 'CodeIgniter\Session\Handlers\FileHandler' driver.
INFO - 2024-05-19 07:05:38 --> Session: Class initialized using 'CodeIgniter\Session\Handlers\FileHandler' driver.
INFO - 2024-05-19 07:06:02 --> Session: Class initialized using 'CodeIgniter\Session\Handlers\FileHandler' driver.
INFO - 2024-05-19 07:06:02 --> Session: Class initialized using 'CodeIgniter\Session\Handlers\FileHandler' driver.
INFO - 2024-05-19 07:06:03 --> Session: Class initialized using 'CodeIgniter\Session\Handlers\FileHandler' driver.
INFO - 2024-05-19 07:06:15 --> Session: Class initialized using 'CodeIgniter\Session\Handlers\FileHandler' driver.
INFO - 2024-05-19 07:06:15 --> Session: Class initialized using 'CodeIgniter\Session\Handlers\FileHandler' driver.
INFO - 2024-05-19 07:06:19 --> Session: Class initialized using 'CodeIgniter\Session\Handlers\FileHandler' driver.
INFO - 2024-05-19 07:06:19 --> Session: Class initialized using 'CodeIgniter\Session\Handlers\FileHandler' driver.
INFO - 2024-05-19 07:06:27 --> Session: Class initialized using 'CodeIgniter\Session\Handlers\FileHandler' driver.
INFO - 2024-05-19 07:06:52 --> Session: Class initialized using 'CodeIgniter\Session\Handlers\FileHandler' driver.
INFO - 2024-05-19 07:06:52 --> Session: Class initialized using 'CodeIgniter\Session\Handlers\FileHandler' driver.
INFO - 2024-05-19 07:06:55 --> Session: Class initialized using 'CodeIgniter\Session\Handlers\FileHandler' driver.
INFO - 2024-05-19 07:07:12 --> Session: Class initialized using 'CodeIgniter\Session\Handlers\FileHandler' driver.
INFO - 2024-05-19 07:07:12 --> Session: Class initialized using 'CodeIgniter\Session\Handlers\FileHandler' driver.
INFO - 2024-05-19 07:07:29 --> Session: Class initialized using 'CodeIgniter\Session\Handlers\FileHandler' driver.
INFO - 2024-05-19 07:07:34 --> Session: Class initialized using 'CodeIgniter\Session\Handlers\FileHandler' driver.
INFO - 2024-05-19 07:07:34 --> Session: Class initialized using 'CodeIgniter\Session\Handlers\FileHandler' driver.
INFO - 2024-05-19 07:07:46 --> Session: Class initialized using 'CodeIgniter\Session\Handlers\FileHandler' driver.
INFO - 2024-05-19 07:07:48 --> Session: Class initialized using 'CodeIgniter\Session\Handlers\FileHandler' driver.
INFO - 2024-05-19 07:07:52 --> Session: Class initialized using 'CodeIgniter\Session\Handlers\FileHandler' driver.
INFO - 2024-05-19 07:07:52 --> Session: Class initialized using 'CodeIgniter\Session\Handlers\FileHandler' driver.
INFO - 2024-05-19 07:10:35 --> Session: Class initialized using 'CodeIgniter\Session\Handlers\FileHandler' driver.
ERROR - 2024-05-19 07:10:35 --> mysqli_sql_exception: Unknown column 'users.level' in 'field list' in /Applications/XAMPP/xamppfiles/htdocs/siakad-sd/system/Database/MySQLi/Connection.php:306
Stack trace:
#0 /Applications/XAMPP/xamppfiles/htdocs/siakad-sd/system/Database/MySQLi/Connection.php(306): mysqli->query('SELECT `guru`.*...', 0)
#1 /Applications/XAMPP/xamppfiles/htdocs/siakad-sd/system/Database/BaseConnection.php(693): CodeIgniter\Database\MySQLi\Connection->execute('SELECT `guru`.*...')
#2 /Applications/XAMPP/xamppfiles/htdocs/siakad-sd/system/Database/BaseConnection.php(607): CodeIgniter\Database\BaseConnection->simpleQuery('SELECT `guru`.*...')
#3 /Applications/XAMPP/xamppfiles/htdocs/siakad-sd/system/Database/BaseBuilder.php(1615): CodeIgniter\Database\BaseConnection->query('SELECT `guru`.*...', Array, false)
#4 /Applications/XAMPP/xamppfiles/htdocs/siakad-sd/app/Controllers/Auth.php(95): CodeIgniter\Database\BaseBuilder->get()
#5 /Applications/XAMPP/xamppfiles/htdocs/siakad-sd/system/CodeIgniter.php(942): App\Controllers\Auth->checkAuth()
#6 /Applications/XAMPP/xamppfiles/htdocs/siakad-sd/system/CodeIgniter.php(502): CodeIgniter\CodeIgniter->runController(Object(App\Controllers\Auth))
#7 /Applications/XAMPP/xamppfiles/htdocs/siakad-sd/system/CodeIgniter.php(361): CodeIgniter\CodeIgniter->handleRequest(NULL, Object(Config\Cache), false)
#8 /Applications/XAMPP/xamppfiles/htdocs/siakad-sd/public/index.php(79): CodeIgniter\CodeIgniter->run()
#9 /Applications/XAMPP/xamppfiles/htdocs/siakad-sd/system/Commands/Server/rewrite.php(47): require_once('/Applications/X...')
#10 {main}
CRITICAL - 2024-05-19 07:10:35 --> Unknown column 'users.level' in 'field list'
in SYSTEMPATH/Database/BaseConnection.php on line 647.
 1 SYSTEMPATH/Database/BaseBuilder.php(1615): CodeIgniter\Database\BaseConnection->query('SELECT `guru`.*, `guru`.`kode_guru` as `username`, `users`.`id` as `user_id`, `users`.`level`
FROM `users`
JOIN `guru` ON `guru`.`kode_guru` = `users`.`username`
WHERE `username` = :username:', [...], false)
 2 APPPATH/Controllers/Auth.php(95): CodeIgniter\Database\BaseBuilder->get()
 3 SYSTEMPATH/CodeIgniter.php(942): App\Controllers\Auth->checkAuth()
 4 SYSTEMPATH/CodeIgniter.php(502): CodeIgniter\CodeIgniter->runController(Object(App\Controllers\Auth))
 5 SYSTEMPATH/CodeIgniter.php(361): CodeIgniter\CodeIgniter->handleRequest(null, Object(Config\Cache), false)
 6 FCPATH/index.php(79): CodeIgniter\CodeIgniter->run()
 7 SYSTEMPATH/Commands/Server/rewrite.php(47): require_once('/Applications/XAMPP/xamppfiles/htdocs/siakad-sd/public/index.php')
INFO - 2024-05-19 07:10:45 --> Session: Class initialized using 'CodeIgniter\Session\Handlers\FileHandler' driver.
INFO - 2024-05-19 07:10:49 --> Session: Class initialized using 'CodeIgniter\Session\Handlers\FileHandler' driver.
INFO - 2024-05-19 07:10:49 --> Session: Class initialized using 'CodeIgniter\Session\Handlers\FileHandler' driver.
INFO - 2024-05-19 07:12:41 --> Session: Class initialized using 'CodeIgniter\Session\Handlers\FileHandler' driver.
CRITICAL - 2024-05-19 07:12:41 --> Invalid file: "konten/guru/dashboard/index.php"
in SYSTEMPATH/Exceptions/FrameworkException.php on line 39.
 1 SYSTEMPATH/View/View.php(216): CodeIgniter\Exceptions\FrameworkException::forInvalidFile('konten/guru/dashboard/index.php')
 2 SYSTEMPATH/Common.php(1190): CodeIgniter\View\View->render('konten/guru/dashboard/index', [], true)
 3 APPPATH/Controllers/GuruDashboard.php(34): view('konten/guru/dashboard/index', [...])
 4 SYSTEMPATH/CodeIgniter.php(942): App\Controllers\GuruDashboard->index()
 5 SYSTEMPATH/CodeIgniter.php(502): CodeIgniter\CodeIgniter->runController(Object(App\Controllers\GuruDashboard))
 6 SYSTEMPATH/CodeIgniter.php(361): CodeIgniter\CodeIgniter->handleRequest(null, Object(Config\Cache), false)
 7 FCPATH/index.php(79): CodeIgniter\CodeIgniter->run()
 8 SYSTEMPATH/Commands/Server/rewrite.php(47): require_once('/Applications/XAMPP/xamppfiles/htdocs/siakad-sd/public/index.php')
INFO - 2024-05-19 07:13:34 --> Session: Class initialized using 'CodeIgniter\Session\Handlers\FileHandler' driver.
INFO - 2024-05-19 07:13:38 --> Session: Class initialized using 'CodeIgniter\Session\Handlers\FileHandler' driver.
INFO - 2024-05-19 07:13:41 --> Session: Class initialized using 'CodeIgniter\Session\Handlers\FileHandler' driver.
INFO - 2024-05-19 07:14:39 --> Session: Class initialized using 'CodeIgniter\Session\Handlers\FileHandler' driver.
INFO - 2024-05-19 07:14:40 --> Session: Class initialized using 'CodeIgniter\Session\Handlers\FileHandler' driver.
INFO - 2024-05-19 07:14:54 --> Session: Class initialized using 'CodeIgniter\Session\Handlers\FileHandler' driver.
INFO - 2024-05-19 07:14:55 --> Session: Class initialized using 'CodeIgniter\Session\Handlers\FileHandler' driver.
INFO - 2024-05-19 07:38:17 --> Session: Class initialized using 'CodeIgniter\Session\Handlers\FileHandler' driver.
INFO - 2024-05-19 07:38:42 --> Session: Class initialized using 'CodeIgniter\Session\Handlers\FileHandler' driver.
INFO - 2024-05-19 07:41:53 --> Session: Class initialized using 'CodeIgniter\Session\Handlers\FileHandler' driver.
INFO - 2024-05-19 07:43:31 --> Session: Class initialized using 'CodeIgniter\Session\Handlers\FileHandler' driver.
INFO - 2024-05-19 07:43:58 --> Session: Class initialized using 'CodeIgniter\Session\Handlers\FileHandler' driver.
CRITICAL - 2024-05-19 07:43:58 --> Cannot use object of type stdClass as array
in APPPATH/Models/Guru/JadwalModel.php on line 21.
 1 APPPATH/Controllers/GuruJadwal.php(28): App\Models\Guru\JadwalModel->getAllData()
 2 SYSTEMPATH/CodeIgniter.php(942): App\Controllers\GuruJadwal->index()
 3 SYSTEMPATH/CodeIgniter.php(502): CodeIgniter\CodeIgniter->runController(Object(App\Controllers\GuruJadwal))
 4 SYSTEMPATH/CodeIgniter.php(361): CodeIgniter\CodeIgniter->handleRequest(null, Object(Config\Cache), false)
 5 FCPATH/index.php(79): CodeIgniter\CodeIgniter->run()
 6 SYSTEMPATH/Commands/Server/rewrite.php(47): require_once('/Applications/XAMPP/xamppfiles/htdocs/siakad-sd/public/index.php')
INFO - 2024-05-19 07:44:30 --> Session: Class initialized using 'CodeIgniter\Session\Handlers\FileHandler' driver.
CRITICAL - 2024-05-19 07:44:30 --> Cannot use object of type stdClass as array
in APPPATH/Models/Guru/JadwalModel.php on line 21.
 1 APPPATH/Controllers/GuruJadwal.php(28): App\Models\Guru\JadwalModel->getAllData()
 2 SYSTEMPATH/CodeIgniter.php(942): App\Controllers\GuruJadwal->index()
 3 SYSTEMPATH/CodeIgniter.php(502): CodeIgniter\CodeIgniter->runController(Object(App\Controllers\GuruJadwal))
 4 SYSTEMPATH/CodeIgniter.php(361): CodeIgniter\CodeIgniter->handleRequest(null, Object(Config\Cache), false)
 5 FCPATH/index.php(79): CodeIgniter\CodeIgniter->run()
 6 SYSTEMPATH/Commands/Server/rewrite.php(47): require_once('/Applications/XAMPP/xamppfiles/htdocs/siakad-sd/public/index.php')
INFO - 2024-05-19 07:44:40 --> Session: Class initialized using 'CodeIgniter\Session\Handlers\FileHandler' driver.
CRITICAL - 2024-05-19 07:44:40 --> Cannot use object of type stdClass as array
in APPPATH/Controllers/GuruJadwal.php on line 22.
 1 SYSTEMPATH/CodeIgniter.php(942): App\Controllers\GuruJadwal->index()
 2 SYSTEMPATH/CodeIgniter.php(502): CodeIgniter\CodeIgniter->runController(Object(App\Controllers\GuruJadwal))
 3 SYSTEMPATH/CodeIgniter.php(361): CodeIgniter\CodeIgniter->handleRequest(null, Object(Config\Cache), false)
 4 FCPATH/index.php(79): CodeIgniter\CodeIgniter->run()
 5 SYSTEMPATH/Commands/Server/rewrite.php(47): require_once('/Applications/XAMPP/xamppfiles/htdocs/siakad-sd/public/index.php')
INFO - 2024-05-19 07:44:41 --> Session: Class initialized using 'CodeIgniter\Session\Handlers\FileHandler' driver.
CRITICAL - 2024-05-19 07:44:41 --> Cannot use object of type stdClass as array
in APPPATH/Controllers/GuruJadwal.php on line 22.
 1 SYSTEMPATH/CodeIgniter.php(942): App\Controllers\GuruJadwal->index()
 2 SYSTEMPATH/CodeIgniter.php(502): CodeIgniter\CodeIgniter->runController(Object(App\Controllers\GuruJadwal))
 3 SYSTEMPATH/CodeIgniter.php(361): CodeIgniter\CodeIgniter->handleRequest(null, Object(Config\Cache), false)
 4 FCPATH/index.php(79): CodeIgniter\CodeIgniter->run()
 5 SYSTEMPATH/Commands/Server/rewrite.php(47): require_once('/Applications/XAMPP/xamppfiles/htdocs/siakad-sd/public/index.php')
INFO - 2024-05-19 07:44:49 --> Session: Class initialized using 'CodeIgniter\Session\Handlers\FileHandler' driver.
INFO - 2024-05-19 07:45:04 --> Session: Class initialized using 'CodeIgniter\Session\Handlers\FileHandler' driver.
CRITICAL - 2024-05-19 07:45:04 --> Cannot use object of type stdClass as array
in APPPATH/Controllers/GuruJadwal.php on line 22.
 1 SYSTEMPATH/CodeIgniter.php(942): App\Controllers\GuruJadwal->index()
 2 SYSTEMPATH/CodeIgniter.php(502): CodeIgniter\CodeIgniter->runController(Object(App\Controllers\GuruJadwal))
 3 SYSTEMPATH/CodeIgniter.php(361): CodeIgniter\CodeIgniter->handleRequest(null, Object(Config\Cache), false)
 4 FCPATH/index.php(79): CodeIgniter\CodeIgniter->run()
 5 SYSTEMPATH/Commands/Server/rewrite.php(47): require_once('/Applications/XAMPP/xamppfiles/htdocs/siakad-sd/public/index.php')
INFO - 2024-05-19 07:45:12 --> Session: Class initialized using 'CodeIgniter\Session\Handlers\FileHandler' driver.
INFO - 2024-05-19 07:45:25 --> Session: Class initialized using 'CodeIgniter\Session\Handlers\FileHandler' driver.
INFO - 2024-05-19 07:45:36 --> Session: Class initialized using 'CodeIgniter\Session\Handlers\FileHandler' driver.
INFO - 2024-05-19 07:45:51 --> Session: Class initialized using 'CodeIgniter\Session\Handlers\FileHandler' driver.
INFO - 2024-05-19 07:45:52 --> Session: Class initialized using 'CodeIgniter\Session\Handlers\FileHandler' driver.
INFO - 2024-05-19 07:48:01 --> Session: Class initialized using 'CodeIgniter\Session\Handlers\FileHandler' driver.
INFO - 2024-05-19 07:48:01 --> Session: Class initialized using 'CodeIgniter\Session\Handlers\FileHandler' driver.
INFO - 2024-05-19 07:48:13 --> Session: Class initialized using 'CodeIgniter\Session\Handlers\FileHandler' driver.
INFO - 2024-05-19 07:48:13 --> Session: Class initialized using 'CodeIgniter\Session\Handlers\FileHandler' driver.
CRITICAL - 2024-05-19 07:48:13 --> Attempt to read property "username" on array
in APPPATH/Views/layout/page.php on line 83.
 1 APPPATH/Views/layout/page.php(83): CodeIgniter\Debug\Exceptions->errorHandler(2, 'Attempt to read property "username" on array', '/Applications/XAMPP/xamppfiles/htdocs/siakad-sd/app/Views/layout/page.php', 83)
 2 SYSTEMPATH/View/View.php(228): include('/Applications/XAMPP/xamppfiles/htdocs/siakad-sd/app/Views/layout/page.php')
 3 SYSTEMPATH/View/View.php(231): CodeIgniter\View\View->CodeIgniter\View\{closure}()
 4 SYSTEMPATH/View/View.php(244): CodeIgniter\View\View->render('layout/page', [], true)
 5 SYSTEMPATH/Common.php(1190): CodeIgniter\View\View->render('konten/guru/dashboard/index', [], true)
 6 APPPATH/Controllers/GuruDashboard.php(34): view('konten/guru/dashboard/index', [...])
 7 SYSTEMPATH/CodeIgniter.php(942): App\Controllers\GuruDashboard->index()
 8 SYSTEMPATH/CodeIgniter.php(502): CodeIgniter\CodeIgniter->runController(Object(App\Controllers\GuruDashboard))
 9 SYSTEMPATH/CodeIgniter.php(361): CodeIgniter\CodeIgniter->handleRequest(null, Object(Config\Cache), false)
10 FCPATH/index.php(79): CodeIgniter\CodeIgniter->run()
11 SYSTEMPATH/Commands/Server/rewrite.php(47): require_once('/Applications/XAMPP/xamppfiles/htdocs/siakad-sd/public/index.php')
INFO - 2024-05-19 07:48:36 --> Session: Class initialized using 'CodeIgniter\Session\Handlers\FileHandler' driver.
INFO - 2024-05-19 07:48:36 --> Session: Class initialized using 'CodeIgniter\Session\Handlers\FileHandler' driver.
CRITICAL - 2024-05-19 07:48:36 --> Attempt to read property "username" on array
in APPPATH/Views/layout/page.php on line 83.
 1 APPPATH/Views/layout/page.php(83): CodeIgniter\Debug\Exceptions->errorHandler(2, 'Attempt to read property "username" on array', '/Applications/XAMPP/xamppfiles/htdocs/siakad-sd/app/Views/layout/page.php', 83)
 2 SYSTEMPATH/View/View.php(228): include('/Applications/XAMPP/xamppfiles/htdocs/siakad-sd/app/Views/layout/page.php')
 3 SYSTEMPATH/View/View.php(231): CodeIgniter\View\View->CodeIgniter\View\{closure}()
 4 SYSTEMPATH/View/View.php(244): CodeIgniter\View\View->render('layout/page', [], true)
 5 SYSTEMPATH/Common.php(1190): CodeIgniter\View\View->render('konten/guru/dashboard/index', [], true)
 6 APPPATH/Controllers/GuruDashboard.php(34): view('konten/guru/dashboard/index', [...])
 7 SYSTEMPATH/CodeIgniter.php(942): App\Controllers\GuruDashboard->index()
 8 SYSTEMPATH/CodeIgniter.php(502): CodeIgniter\CodeIgniter->runController(Object(App\Controllers\GuruDashboard))
 9 SYSTEMPATH/CodeIgniter.php(361): CodeIgniter\CodeIgniter->handleRequest(null, Object(Config\Cache), false)
10 FCPATH/index.php(79): CodeIgniter\CodeIgniter->run()
11 SYSTEMPATH/Commands/Server/rewrite.php(47): require_once('/Applications/XAMPP/xamppfiles/htdocs/siakad-sd/public/index.php')
INFO - 2024-05-19 07:48:41 --> Session: Class initialized using 'CodeIgniter\Session\Handlers\FileHandler' driver.
INFO - 2024-05-19 07:48:41 --> Session: Class initialized using 'CodeIgniter\Session\Handlers\FileHandler' driver.
INFO - 2024-05-19 07:48:52 --> Session: Class initialized using 'CodeIgniter\Session\Handlers\FileHandler' driver.
INFO - 2024-05-19 07:48:53 --> Session: Class initialized using 'CodeIgniter\Session\Handlers\FileHandler' driver.
INFO - 2024-05-19 07:48:54 --> Session: Class initialized using 'CodeIgniter\Session\Handlers\FileHandler' driver.
INFO - 2024-05-19 07:50:01 --> Session: Class initialized using 'CodeIgniter\Session\Handlers\FileHandler' driver.
INFO - 2024-05-19 07:50:07 --> Session: Class initialized using 'CodeIgniter\Session\Handlers\FileHandler' driver.
INFO - 2024-05-19 07:52:37 --> Session: Class initialized using 'CodeIgniter\Session\Handlers\FileHandler' driver.
INFO - 2024-05-19 07:56:07 --> Session: Class initialized using 'CodeIgniter\Session\Handlers\FileHandler' driver.
INFO - 2024-05-19 07:56:27 --> Session: Class initialized using 'CodeIgniter\Session\Handlers\FileHandler' driver.
INFO - 2024-05-19 07:56:35 --> Session: Class initialized using 'CodeIgniter\Session\Handlers\FileHandler' driver.
INFO - 2024-05-19 07:58:42 --> Session: Class initialized using 'CodeIgniter\Session\Handlers\FileHandler' driver.
INFO - 2024-05-19 08:08:44 --> Session: Class initialized using 'CodeIgniter\Session\Handlers\FileHandler' driver.
CRITICAL - 2024-05-19 08:08:44 --> Undefined variable $jadwal
in APPPATH/Views/konten/guru/jadwal/absen.php on line 16.
 1 APPPATH/Views/konten/guru/jadwal/absen.php(16): CodeIgniter\Debug\Exceptions->errorHandler(2, 'Undefined variable $jadwal', '/Applications/XAMPP/xamppfiles/htdocs/siakad-sd/app/Views/konten/guru/jadwal/absen.php', 16)
 2 SYSTEMPATH/View/View.php(228): include('/Applications/XAMPP/xamppfiles/htdocs/siakad-sd/app/Views/konten/guru/jadwal/absen.php')
 3 SYSTEMPATH/View/View.php(231): CodeIgniter\View\View->CodeIgniter\View\{closure}()
 4 SYSTEMPATH/Common.php(1190): CodeIgniter\View\View->render('konten/guru/jadwal/absen', [], true)
 5 APPPATH/Controllers/GuruJadwal.php(53): view('konten/guru/jadwal/absen', [...])
 6 SYSTEMPATH/CodeIgniter.php(942): App\Controllers\GuruJadwal->absen('ODAxY2UyMDgtYWJlYy00MTI1LTlmMzgtZTdhMzE1ZWU1OGNh')
 7 SYSTEMPATH/CodeIgniter.php(502): CodeIgniter\CodeIgniter->runController(Object(App\Controllers\GuruJadwal))
 8 SYSTEMPATH/CodeIgniter.php(361): CodeIgniter\CodeIgniter->handleRequest(null, Object(Config\Cache), false)
 9 FCPATH/index.php(79): CodeIgniter\CodeIgniter->run()
10 SYSTEMPATH/Commands/Server/rewrite.php(47): require_once('/Applications/XAMPP/xamppfiles/htdocs/siakad-sd/public/index.php')
INFO - 2024-05-19 08:09:09 --> Session: Class initialized using 'CodeIgniter\Session\Handlers\FileHandler' driver.
INFO - 2024-05-19 08:09:26 --> Session: Class initialized using 'CodeIgniter\Session\Handlers\FileHandler' driver.
INFO - 2024-05-19 08:11:18 --> Session: Class initialized using 'CodeIgniter\Session\Handlers\FileHandler' driver.
INFO - 2024-05-19 08:12:01 --> Session: Class initialized using 'CodeIgniter\Session\Handlers\FileHandler' driver.
INFO - 2024-05-19 08:13:01 --> Session: Class initialized using 'CodeIgniter\Session\Handlers\FileHandler' driver.
INFO - 2024-05-19 08:14:30 --> Session: Class initialized using 'CodeIgniter\Session\Handlers\FileHandler' driver.
INFO - 2024-05-19 08:14:56 --> Session: Class initialized using 'CodeIgniter\Session\Handlers\FileHandler' driver.
INFO - 2024-05-19 08:15:22 --> Session: Class initialized using 'CodeIgniter\Session\Handlers\FileHandler' driver.
INFO - 2024-05-19 08:16:05 --> Session: Class initialized using 'CodeIgniter\Session\Handlers\FileHandler' driver.
INFO - 2024-05-19 08:16:21 --> Session: Class initialized using 'CodeIgniter\Session\Handlers\FileHandler' driver.
INFO - 2024-05-19 08:16:30 --> Session: Class initialized using 'CodeIgniter\Session\Handlers\FileHandler' driver.
INFO - 2024-05-19 08:24:14 --> Session: Class initialized using 'CodeIgniter\Session\Handlers\FileHandler' driver.
CRITICAL - 2024-05-19 08:24:14 --> Undefined property: stdClass::$jadwal_id
in APPPATH/Views/konten/guru/jadwal/absen.php on line 18.
 1 APPPATH/Views/konten/guru/jadwal/absen.php(18): CodeIgniter\Debug\Exceptions->errorHandler(2, 'Undefined property: stdClass::$jadwal_id', '/Applications/XAMPP/xamppfiles/htdocs/siakad-sd/app/Views/konten/guru/jadwal/absen.php', 18)
 2 SYSTEMPATH/View/View.php(228): include('/Applications/XAMPP/xamppfiles/htdocs/siakad-sd/app/Views/konten/guru/jadwal/absen.php')
 3 SYSTEMPATH/View/View.php(231): CodeIgniter\View\View->CodeIgniter\View\{closure}()
 4 SYSTEMPATH/Common.php(1190): CodeIgniter\View\View->render('konten/guru/jadwal/absen', [], true)
 5 APPPATH/Controllers/GuruJadwal.php(53): view('konten/guru/jadwal/absen', [...])
 6 SYSTEMPATH/CodeIgniter.php(942): App\Controllers\GuruJadwal->absen('ODAxY2UyMDgtYWJlYy00MTI1LTlmMzgtZTdhMzE1ZWU1OGNh')
 7 SYSTEMPATH/CodeIgniter.php(502): CodeIgniter\CodeIgniter->runController(Object(App\Controllers\GuruJadwal))
 8 SYSTEMPATH/CodeIgniter.php(361): CodeIgniter\CodeIgniter->handleRequest(null, Object(Config\Cache), false)
 9 FCPATH/index.php(79): CodeIgniter\CodeIgniter->run()
10 SYSTEMPATH/Commands/Server/rewrite.php(47): require_once('/Applications/XAMPP/xamppfiles/htdocs/siakad-sd/public/index.php')
INFO - 2024-05-19 08:24:39 --> Session: Class initialized using 'CodeIgniter\Session\Handlers\FileHandler' driver.
INFO - 2024-05-19 08:25:12 --> Session: Class initialized using 'CodeIgniter\Session\Handlers\FileHandler' driver.
INFO - 2024-05-19 08:25:16 --> Session: Class initialized using 'CodeIgniter\Session\Handlers\FileHandler' driver.
INFO - 2024-05-19 08:25:18 --> Session: Class initialized using 'CodeIgniter\Session\Handlers\FileHandler' driver.
INFO - 2024-05-19 08:25:31 --> Session: Class initialized using 'CodeIgniter\Session\Handlers\FileHandler' driver.
INFO - 2024-05-19 08:25:31 --> Session: Class initialized using 'CodeIgniter\Session\Handlers\FileHandler' driver.
INFO - 2024-05-19 08:25:33 --> Session: Class initialized using 'CodeIgniter\Session\Handlers\FileHandler' driver.
ERROR - 2024-05-19 15:25:33 --> mysqli_sql_exception: Unknown column 'kehadiran' in 'field list' in /Applications/XAMPP/xamppfiles/htdocs/siakad-sd/system/Database/MySQLi/Connection.php:306
Stack trace:
#0 /Applications/XAMPP/xamppfiles/htdocs/siakad-sd/system/Database/MySQLi/Connection.php(306): mysqli->query('INSERT INTO `ab...', 0)
#1 /Applications/XAMPP/xamppfiles/htdocs/siakad-sd/system/Database/BaseConnection.php(693): CodeIgniter\Database\MySQLi\Connection->execute('INSERT INTO `ab...')
#2 /Applications/XAMPP/xamppfiles/htdocs/siakad-sd/system/Database/BaseConnection.php(607): CodeIgniter\Database\BaseConnection->simpleQuery('INSERT INTO `ab...')
#3 /Applications/XAMPP/xamppfiles/htdocs/siakad-sd/system/Database/BaseBuilder.php(2308): CodeIgniter\Database\BaseConnection->query('INSERT INTO `ab...', Array, false)
#4 /Applications/XAMPP/xamppfiles/htdocs/siakad-sd/app/Controllers/GuruJadwal.php(81): CodeIgniter\Database\BaseBuilder->insert(Array)
#5 /Applications/XAMPP/xamppfiles/htdocs/siakad-sd/system/CodeIgniter.php(942): App\Controllers\GuruJadwal->absenSimpan()
#6 /Applications/XAMPP/xamppfiles/htdocs/siakad-sd/system/CodeIgniter.php(502): CodeIgniter\CodeIgniter->runController(Object(App\Controllers\GuruJadwal))
#7 /Applications/XAMPP/xamppfiles/htdocs/siakad-sd/system/CodeIgniter.php(361): CodeIgniter\CodeIgniter->handleRequest(NULL, Object(Config\Cache), false)
#8 /Applications/XAMPP/xamppfiles/htdocs/siakad-sd/public/index.php(79): CodeIgniter\CodeIgniter->run()
#9 /Applications/XAMPP/xamppfiles/htdocs/siakad-sd/system/Commands/Server/rewrite.php(47): require_once('/Applications/X...')
#10 {main}
ERROR - 2024-05-19 15:25:33 --> mysqli_sql_exception: Unknown column 'kehadiran' in 'field list' in /Applications/XAMPP/xamppfiles/htdocs/siakad-sd/system/Database/MySQLi/Connection.php:306
Stack trace:
#0 /Applications/XAMPP/xamppfiles/htdocs/siakad-sd/system/Database/MySQLi/Connection.php(306): mysqli->query('INSERT INTO `ab...', 0)
#1 /Applications/XAMPP/xamppfiles/htdocs/siakad-sd/system/Database/BaseConnection.php(693): CodeIgniter\Database\MySQLi\Connection->execute('INSERT INTO `ab...')
#2 /Applications/XAMPP/xamppfiles/htdocs/siakad-sd/system/Database/BaseConnection.php(607): CodeIgniter\Database\BaseConnection->simpleQuery('INSERT INTO `ab...')
#3 /Applications/XAMPP/xamppfiles/htdocs/siakad-sd/system/Database/BaseBuilder.php(2308): CodeIgniter\Database\BaseConnection->query('INSERT INTO `ab...', Array, false)
#4 /Applications/XAMPP/xamppfiles/htdocs/siakad-sd/app/Controllers/GuruJadwal.php(81): CodeIgniter\Database\BaseBuilder->insert(Array)
#5 /Applications/XAMPP/xamppfiles/htdocs/siakad-sd/system/CodeIgniter.php(942): App\Controllers\GuruJadwal->absenSimpan()
#6 /Applications/XAMPP/xamppfiles/htdocs/siakad-sd/system/CodeIgniter.php(502): CodeIgniter\CodeIgniter->runController(Object(App\Controllers\GuruJadwal))
#7 /Applications/XAMPP/xamppfiles/htdocs/siakad-sd/system/CodeIgniter.php(361): CodeIgniter\CodeIgniter->handleRequest(NULL, Object(Config\Cache), false)
#8 /Applications/XAMPP/xamppfiles/htdocs/siakad-sd/public/index.php(79): CodeIgniter\CodeIgniter->run()
#9 /Applications/XAMPP/xamppfiles/htdocs/siakad-sd/system/Commands/Server/rewrite.php(47): require_once('/Applications/X...')
#10 {main}
ERROR - 2024-05-19 15:25:33 --> mysqli_sql_exception: Unknown column 'kehadiran' in 'field list' in /Applications/XAMPP/xamppfiles/htdocs/siakad-sd/system/Database/MySQLi/Connection.php:306
Stack trace:
#0 /Applications/XAMPP/xamppfiles/htdocs/siakad-sd/system/Database/MySQLi/Connection.php(306): mysqli->query('INSERT INTO `ab...', 0)
#1 /Applications/XAMPP/xamppfiles/htdocs/siakad-sd/system/Database/BaseConnection.php(693): CodeIgniter\Database\MySQLi\Connection->execute('INSERT INTO `ab...')
#2 /Applications/XAMPP/xamppfiles/htdocs/siakad-sd/system/Database/BaseConnection.php(607): CodeIgniter\Database\BaseConnection->simpleQuery('INSERT INTO `ab...')
#3 /Applications/XAMPP/xamppfiles/htdocs/siakad-sd/system/Database/BaseBuilder.php(2308): CodeIgniter\Database\BaseConnection->query('INSERT INTO `ab...', Array, false)
#4 /Applications/XAMPP/xamppfiles/htdocs/siakad-sd/app/Controllers/GuruJadwal.php(81): CodeIgniter\Database\BaseBuilder->insert(Array)
#5 /Applications/XAMPP/xamppfiles/htdocs/siakad-sd/system/CodeIgniter.php(942): App\Controllers\GuruJadwal->absenSimpan()
#6 /Applications/XAMPP/xamppfiles/htdocs/siakad-sd/system/CodeIgniter.php(502): CodeIgniter\CodeIgniter->runController(Object(App\Controllers\GuruJadwal))
#7 /Applications/XAMPP/xamppfiles/htdocs/siakad-sd/system/CodeIgniter.php(361): CodeIgniter\CodeIgniter->handleRequest(NULL, Object(Config\Cache), false)
#8 /Applications/XAMPP/xamppfiles/htdocs/siakad-sd/public/index.php(79): CodeIgniter\CodeIgniter->run()
#9 /Applications/XAMPP/xamppfiles/htdocs/siakad-sd/system/Commands/Server/rewrite.php(47): require_once('/Applications/X...')
#10 {main}
INFO - 2024-05-19 08:25:38 --> Session: Class initialized using 'CodeIgniter\Session\Handlers\FileHandler' driver.
INFO - 2024-05-19 08:25:42 --> Session: Class initialized using 'CodeIgniter\Session\Handlers\FileHandler' driver.
INFO - 2024-05-19 09:52:45 --> Session: Class initialized using 'CodeIgniter\Session\Handlers\FileHandler' driver.
INFO - 2024-05-19 09:52:48 --> Session: Class initialized using 'CodeIgniter\Session\Handlers\FileHandler' driver.
ERROR - 2024-05-19 16:52:48 --> mysqli_sql_exception: Unknown column 'kehadiran' in 'field list' in /Applications/XAMPP/xamppfiles/htdocs/siakad-sd/system/Database/MySQLi/Connection.php:306
Stack trace:
#0 /Applications/XAMPP/xamppfiles/htdocs/siakad-sd/system/Database/MySQLi/Connection.php(306): mysqli->query('INSERT INTO `ab...', 0)
#1 /Applications/XAMPP/xamppfiles/htdocs/siakad-sd/system/Database/BaseConnection.php(693): CodeIgniter\Database\MySQLi\Connection->execute('INSERT INTO `ab...')
#2 /Applications/XAMPP/xamppfiles/htdocs/siakad-sd/system/Database/BaseConnection.php(607): CodeIgniter\Database\BaseConnection->simpleQuery('INSERT INTO `ab...')
#3 /Applications/XAMPP/xamppfiles/htdocs/siakad-sd/system/Database/BaseBuilder.php(2308): CodeIgniter\Database\BaseConnection->query('INSERT INTO `ab...', Array, false)
#4 /Applications/XAMPP/xamppfiles/htdocs/siakad-sd/app/Controllers/GuruJadwal.php(81): CodeIgniter\Database\BaseBuilder->insert(Array)
#5 /Applications/XAMPP/xamppfiles/htdocs/siakad-sd/system/CodeIgniter.php(942): App\Controllers\GuruJadwal->absenSimpan()
#6 /Applications/XAMPP/xamppfiles/htdocs/siakad-sd/system/CodeIgniter.php(502): CodeIgniter\CodeIgniter->runController(Object(App\Controllers\GuruJadwal))
#7 /Applications/XAMPP/xamppfiles/htdocs/siakad-sd/system/CodeIgniter.php(361): CodeIgniter\CodeIgniter->handleRequest(NULL, Object(Config\Cache), false)
#8 /Applications/XAMPP/xamppfiles/htdocs/siakad-sd/public/index.php(79): CodeIgniter\CodeIgniter->run()
#9 /Applications/XAMPP/xamppfiles/htdocs/siakad-sd/system/Commands/Server/rewrite.php(47): require_once('/Applications/X...')
#10 {main}
ERROR - 2024-05-19 16:52:48 --> mysqli_sql_exception: Unknown column 'kehadiran' in 'field list' in /Applications/XAMPP/xamppfiles/htdocs/siakad-sd/system/Database/MySQLi/Connection.php:306
Stack trace:
#0 /Applications/XAMPP/xamppfiles/htdocs/siakad-sd/system/Database/MySQLi/Connection.php(306): mysqli->query('INSERT INTO `ab...', 0)
#1 /Applications/XAMPP/xamppfiles/htdocs/siakad-sd/system/Database/BaseConnection.php(693): CodeIgniter\Database\MySQLi\Connection->execute('INSERT INTO `ab...')
#2 /Applications/XAMPP/xamppfiles/htdocs/siakad-sd/system/Database/BaseConnection.php(607): CodeIgniter\Database\BaseConnection->simpleQuery('INSERT INTO `ab...')
#3 /Applications/XAMPP/xamppfiles/htdocs/siakad-sd/system/Database/BaseBuilder.php(2308): CodeIgniter\Database\BaseConnection->query('INSERT INTO `ab...', Array, false)
#4 /Applications/XAMPP/xamppfiles/htdocs/siakad-sd/app/Controllers/GuruJadwal.php(81): CodeIgniter\Database\BaseBuilder->insert(Array)
#5 /Applications/XAMPP/xamppfiles/htdocs/siakad-sd/system/CodeIgniter.php(942): App\Controllers\GuruJadwal->absenSimpan()
#6 /Applications/XAMPP/xamppfiles/htdocs/siakad-sd/system/CodeIgniter.php(502): CodeIgniter\CodeIgniter->runController(Object(App\Controllers\GuruJadwal))
#7 /Applications/XAMPP/xamppfiles/htdocs/siakad-sd/system/CodeIgniter.php(361): CodeIgniter\CodeIgniter->handleRequest(NULL, Object(Config\Cache), false)
#8 /Applications/XAMPP/xamppfiles/htdocs/siakad-sd/public/index.php(79): CodeIgniter\CodeIgniter->run()
#9 /Applications/XAMPP/xamppfiles/htdocs/siakad-sd/system/Commands/Server/rewrite.php(47): require_once('/Applications/X...')
#10 {main}
ERROR - 2024-05-19 16:52:48 --> mysqli_sql_exception: Unknown column 'kehadiran' in 'field list' in /Applications/XAMPP/xamppfiles/htdocs/siakad-sd/system/Database/MySQLi/Connection.php:306
Stack trace:
#0 /Applications/XAMPP/xamppfiles/htdocs/siakad-sd/system/Database/MySQLi/Connection.php(306): mysqli->query('INSERT INTO `ab...', 0)
#1 /Applications/XAMPP/xamppfiles/htdocs/siakad-sd/system/Database/BaseConnection.php(693): CodeIgniter\Database\MySQLi\Connection->execute('INSERT INTO `ab...')
#2 /Applications/XAMPP/xamppfiles/htdocs/siakad-sd/system/Database/BaseConnection.php(607): CodeIgniter\Database\BaseConnection->simpleQuery('INSERT INTO `ab...')
#3 /Applications/XAMPP/xamppfiles/htdocs/siakad-sd/system/Database/BaseBuilder.php(2308): CodeIgniter\Database\BaseConnection->query('INSERT INTO `ab...', Array, false)
#4 /Applications/XAMPP/xamppfiles/htdocs/siakad-sd/app/Controllers/GuruJadwal.php(81): CodeIgniter\Database\BaseBuilder->insert(Array)
#5 /Applications/XAMPP/xamppfiles/htdocs/siakad-sd/system/CodeIgniter.php(942): App\Controllers\GuruJadwal->absenSimpan()
#6 /Applications/XAMPP/xamppfiles/htdocs/siakad-sd/system/CodeIgniter.php(502): CodeIgniter\CodeIgniter->runController(Object(App\Controllers\GuruJadwal))
#7 /Applications/XAMPP/xamppfiles/htdocs/siakad-sd/system/CodeIgniter.php(361): CodeIgniter\CodeIgniter->handleRequest(NULL, Object(Config\Cache), false)
#8 /Applications/XAMPP/xamppfiles/htdocs/siakad-sd/public/index.php(79): CodeIgniter\CodeIgniter->run()
#9 /Applications/XAMPP/xamppfiles/htdocs/siakad-sd/system/Commands/Server/rewrite.php(47): require_once('/Applications/X...')
#10 {main}
INFO - 2024-05-19 09:52:56 --> Session: Class initialized using 'CodeIgniter\Session\Handlers\FileHandler' driver.
INFO - 2024-05-19 09:53:00 --> Session: Class initialized using 'CodeIgniter\Session\Handlers\FileHandler' driver.
INFO - 2024-05-19 09:53:09 --> Session: Class initialized using 'CodeIgniter\Session\Handlers\FileHandler' driver.
INFO - 2024-05-19 09:53:11 --> Session: Class initialized using 'CodeIgniter\Session\Handlers\FileHandler' driver.
INFO - 2024-05-19 09:53:12 --> Session: Class initialized using 'CodeIgniter\Session\Handlers\FileHandler' driver.
ERROR - 2024-05-19 16:53:12 --> mysqli_sql_exception: Unknown column 'kehadiran' in 'field list' in /Applications/XAMPP/xamppfiles/htdocs/siakad-sd/system/Database/MySQLi/Connection.php:306
Stack trace:
#0 /Applications/XAMPP/xamppfiles/htdocs/siakad-sd/system/Database/MySQLi/Connection.php(306): mysqli->query('INSERT INTO `ab...', 0)
#1 /Applications/XAMPP/xamppfiles/htdocs/siakad-sd/system/Database/BaseConnection.php(693): CodeIgniter\Database\MySQLi\Connection->execute('INSERT INTO `ab...')
#2 /Applications/XAMPP/xamppfiles/htdocs/siakad-sd/system/Database/BaseConnection.php(607): CodeIgniter\Database\BaseConnection->simpleQuery('INSERT INTO `ab...')
#3 /Applications/XAMPP/xamppfiles/htdocs/siakad-sd/system/Database/BaseBuilder.php(2308): CodeIgniter\Database\BaseConnection->query('INSERT INTO `ab...', Array, false)
#4 /Applications/XAMPP/xamppfiles/htdocs/siakad-sd/app/Controllers/GuruJadwal.php(81): CodeIgniter\Database\BaseBuilder->insert(Array)
#5 /Applications/XAMPP/xamppfiles/htdocs/siakad-sd/system/CodeIgniter.php(942): App\Controllers\GuruJadwal->absenSimpan()
#6 /Applications/XAMPP/xamppfiles/htdocs/siakad-sd/system/CodeIgniter.php(502): CodeIgniter\CodeIgniter->runController(Object(App\Controllers\GuruJadwal))
#7 /Applications/XAMPP/xamppfiles/htdocs/siakad-sd/system/CodeIgniter.php(361): CodeIgniter\CodeIgniter->handleRequest(NULL, Object(Config\Cache), false)
#8 /Applications/XAMPP/xamppfiles/htdocs/siakad-sd/public/index.php(79): CodeIgniter\CodeIgniter->run()
#9 /Applications/XAMPP/xamppfiles/htdocs/siakad-sd/system/Commands/Server/rewrite.php(47): require_once('/Applications/X...')
#10 {main}
ERROR - 2024-05-19 16:53:12 --> mysqli_sql_exception: Unknown column 'kehadiran' in 'field list' in /Applications/XAMPP/xamppfiles/htdocs/siakad-sd/system/Database/MySQLi/Connection.php:306
Stack trace:
#0 /Applications/XAMPP/xamppfiles/htdocs/siakad-sd/system/Database/MySQLi/Connection.php(306): mysqli->query('INSERT INTO `ab...', 0)
#1 /Applications/XAMPP/xamppfiles/htdocs/siakad-sd/system/Database/BaseConnection.php(693): CodeIgniter\Database\MySQLi\Connection->execute('INSERT INTO `ab...')
#2 /Applications/XAMPP/xamppfiles/htdocs/siakad-sd/system/Database/BaseConnection.php(607): CodeIgniter\Database\BaseConnection->simpleQuery('INSERT INTO `ab...')
#3 /Applications/XAMPP/xamppfiles/htdocs/siakad-sd/system/Database/BaseBuilder.php(2308): CodeIgniter\Database\BaseConnection->query('INSERT INTO `ab...', Array, false)
#4 /Applications/XAMPP/xamppfiles/htdocs/siakad-sd/app/Controllers/GuruJadwal.php(81): CodeIgniter\Database\BaseBuilder->insert(Array)
#5 /Applications/XAMPP/xamppfiles/htdocs/siakad-sd/system/CodeIgniter.php(942): App\Controllers\GuruJadwal->absenSimpan()
#6 /Applications/XAMPP/xamppfiles/htdocs/siakad-sd/system/CodeIgniter.php(502): CodeIgniter\CodeIgniter->runController(Object(App\Controllers\GuruJadwal))
#7 /Applications/XAMPP/xamppfiles/htdocs/siakad-sd/system/CodeIgniter.php(361): CodeIgniter\CodeIgniter->handleRequest(NULL, Object(Config\Cache), false)
#8 /Applications/XAMPP/xamppfiles/htdocs/siakad-sd/public/index.php(79): CodeIgniter\CodeIgniter->run()
#9 /Applications/XAMPP/xamppfiles/htdocs/siakad-sd/system/Commands/Server/rewrite.php(47): require_once('/Applications/X...')
#10 {main}
ERROR - 2024-05-19 16:53:12 --> mysqli_sql_exception: Unknown column 'kehadiran' in 'field list' in /Applications/XAMPP/xamppfiles/htdocs/siakad-sd/system/Database/MySQLi/Connection.php:306
Stack trace:
#0 /Applications/XAMPP/xamppfiles/htdocs/siakad-sd/system/Database/MySQLi/Connection.php(306): mysqli->query('INSERT INTO `ab...', 0)
#1 /Applications/XAMPP/xamppfiles/htdocs/siakad-sd/system/Database/BaseConnection.php(693): CodeIgniter\Database\MySQLi\Connection->execute('INSERT INTO `ab...')
#2 /Applications/XAMPP/xamppfiles/htdocs/siakad-sd/system/Database/BaseConnection.php(607): CodeIgniter\Database\BaseConnection->simpleQuery('INSERT INTO `ab...')
#3 /Applications/XAMPP/xamppfiles/htdocs/siakad-sd/system/Database/BaseBuilder.php(2308): CodeIgniter\Database\BaseConnection->query('INSERT INTO `ab...', Array, false)
#4 /Applications/XAMPP/xamppfiles/htdocs/siakad-sd/app/Controllers/GuruJadwal.php(81): CodeIgniter\Database\BaseBuilder->insert(Array)
#5 /Applications/XAMPP/xamppfiles/htdocs/siakad-sd/system/CodeIgniter.php(942): App\Controllers\GuruJadwal->absenSimpan()
#6 /Applications/XAMPP/xamppfiles/htdocs/siakad-sd/system/CodeIgniter.php(502): CodeIgniter\CodeIgniter->runController(Object(App\Controllers\GuruJadwal))
#7 /Applications/XAMPP/xamppfiles/htdocs/siakad-sd/system/CodeIgniter.php(361): CodeIgniter\CodeIgniter->handleRequest(NULL, Object(Config\Cache), false)
#8 /Applications/XAMPP/xamppfiles/htdocs/siakad-sd/public/index.php(79): CodeIgniter\CodeIgniter->run()
#9 /Applications/XAMPP/xamppfiles/htdocs/siakad-sd/system/Commands/Server/rewrite.php(47): require_once('/Applications/X...')
#10 {main}
INFO - 2024-05-19 09:53:13 --> Session: Class initialized using 'CodeIgniter\Session\Handlers\FileHandler' driver.
INFO - 2024-05-19 09:54:16 --> Session: Class initialized using 'CodeIgniter\Session\Handlers\FileHandler' driver.
INFO - 2024-05-19 09:54:18 --> Session: Class initialized using 'CodeIgniter\Session\Handlers\FileHandler' driver.
ERROR - 2024-05-19 16:54:18 --> mysqli_sql_exception: Unknown column 'kehadiran' in 'field list' in /Applications/XAMPP/xamppfiles/htdocs/siakad-sd/system/Database/MySQLi/Connection.php:306
Stack trace:
#0 /Applications/XAMPP/xamppfiles/htdocs/siakad-sd/system/Database/MySQLi/Connection.php(306): mysqli->query('INSERT INTO `ab...', 0)
#1 /Applications/XAMPP/xamppfiles/htdocs/siakad-sd/system/Database/BaseConnection.php(693): CodeIgniter\Database\MySQLi\Connection->execute('INSERT INTO `ab...')
#2 /Applications/XAMPP/xamppfiles/htdocs/siakad-sd/system/Database/BaseConnection.php(607): CodeIgniter\Database\BaseConnection->simpleQuery('INSERT INTO `ab...')
#3 /Applications/XAMPP/xamppfiles/htdocs/siakad-sd/system/Database/BaseBuilder.php(2308): CodeIgniter\Database\BaseConnection->query('INSERT INTO `ab...', Array, false)
#4 /Applications/XAMPP/xamppfiles/htdocs/siakad-sd/app/Controllers/GuruJadwal.php(81): CodeIgniter\Database\BaseBuilder->insert(Array)
#5 /Applications/XAMPP/xamppfiles/htdocs/siakad-sd/system/CodeIgniter.php(942): App\Controllers\GuruJadwal->absenSimpan()
#6 /Applications/XAMPP/xamppfiles/htdocs/siakad-sd/system/CodeIgniter.php(502): CodeIgniter\CodeIgniter->runController(Object(App\Controllers\GuruJadwal))
#7 /Applications/XAMPP/xamppfiles/htdocs/siakad-sd/system/CodeIgniter.php(361): CodeIgniter\CodeIgniter->handleRequest(NULL, Object(Config\Cache), false)
#8 /Applications/XAMPP/xamppfiles/htdocs/siakad-sd/public/index.php(79): CodeIgniter\CodeIgniter->run()
#9 /Applications/XAMPP/xamppfiles/htdocs/siakad-sd/system/Commands/Server/rewrite.php(47): require_once('/Applications/X...')
#10 {main}
ERROR - 2024-05-19 16:54:18 --> mysqli_sql_exception: Unknown column 'kehadiran' in 'field list' in /Applications/XAMPP/xamppfiles/htdocs/siakad-sd/system/Database/MySQLi/Connection.php:306
Stack trace:
#0 /Applications/XAMPP/xamppfiles/htdocs/siakad-sd/system/Database/MySQLi/Connection.php(306): mysqli->query('INSERT INTO `ab...', 0)
#1 /Applications/XAMPP/xamppfiles/htdocs/siakad-sd/system/Database/BaseConnection.php(693): CodeIgniter\Database\MySQLi\Connection->execute('INSERT INTO `ab...')
#2 /Applications/XAMPP/xamppfiles/htdocs/siakad-sd/system/Database/BaseConnection.php(607): CodeIgniter\Database\BaseConnection->simpleQuery('INSERT INTO `ab...')
#3 /Applications/XAMPP/xamppfiles/htdocs/siakad-sd/system/Database/BaseBuilder.php(2308): CodeIgniter\Database\BaseConnection->query('INSERT INTO `ab...', Array, false)
#4 /Applications/XAMPP/xamppfiles/htdocs/siakad-sd/app/Controllers/GuruJadwal.php(81): CodeIgniter\Database\BaseBuilder->insert(Array)
#5 /Applications/XAMPP/xamppfiles/htdocs/siakad-sd/system/CodeIgniter.php(942): App\Controllers\GuruJadwal->absenSimpan()
#6 /Applications/XAMPP/xamppfiles/htdocs/siakad-sd/system/CodeIgniter.php(502): CodeIgniter\CodeIgniter->runController(Object(App\Controllers\GuruJadwal))
#7 /Applications/XAMPP/xamppfiles/htdocs/siakad-sd/system/CodeIgniter.php(361): CodeIgniter\CodeIgniter->handleRequest(NULL, Object(Config\Cache), false)
#8 /Applications/XAMPP/xamppfiles/htdocs/siakad-sd/public/index.php(79): CodeIgniter\CodeIgniter->run()
#9 /Applications/XAMPP/xamppfiles/htdocs/siakad-sd/system/Commands/Server/rewrite.php(47): require_once('/Applications/X...')
#10 {main}
ERROR - 2024-05-19 16:54:18 --> mysqli_sql_exception: Unknown column 'kehadiran' in 'field list' in /Applications/XAMPP/xamppfiles/htdocs/siakad-sd/system/Database/MySQLi/Connection.php:306
Stack trace:
#0 /Applications/XAMPP/xamppfiles/htdocs/siakad-sd/system/Database/MySQLi/Connection.php(306): mysqli->query('INSERT INTO `ab...', 0)
#1 /Applications/XAMPP/xamppfiles/htdocs/siakad-sd/system/Database/BaseConnection.php(693): CodeIgniter\Database\MySQLi\Connection->execute('INSERT INTO `ab...')
#2 /Applications/XAMPP/xamppfiles/htdocs/siakad-sd/system/Database/BaseConnection.php(607): CodeIgniter\Database\BaseConnection->simpleQuery('INSERT INTO `ab...')
#3 /Applications/XAMPP/xamppfiles/htdocs/siakad-sd/system/Database/BaseBuilder.php(2308): CodeIgniter\Database\BaseConnection->query('INSERT INTO `ab...', Array, false)
#4 /Applications/XAMPP/xamppfiles/htdocs/siakad-sd/app/Controllers/GuruJadwal.php(81): CodeIgniter\Database\BaseBuilder->insert(Array)
#5 /Applications/XAMPP/xamppfiles/htdocs/siakad-sd/system/CodeIgniter.php(942): App\Controllers\GuruJadwal->absenSimpan()
#6 /Applications/XAMPP/xamppfiles/htdocs/siakad-sd/system/CodeIgniter.php(502): CodeIgniter\CodeIgniter->runController(Object(App\Controllers\GuruJadwal))
#7 /Applications/XAMPP/xamppfiles/htdocs/siakad-sd/system/CodeIgniter.php(361): CodeIgniter\CodeIgniter->handleRequest(NULL, Object(Config\Cache), false)
#8 /Applications/XAMPP/xamppfiles/htdocs/siakad-sd/public/index.php(79): CodeIgniter\CodeIgniter->run()
#9 /Applications/XAMPP/xamppfiles/htdocs/siakad-sd/system/Commands/Server/rewrite.php(47): require_once('/Applications/X...')
#10 {main}
INFO - 2024-05-19 09:54:18 --> Session: Class initialized using 'CodeIgniter\Session\Handlers\FileHandler' driver.
INFO - 2024-05-19 09:54:59 --> Session: Class initialized using 'CodeIgniter\Session\Handlers\FileHandler' driver.
INFO - 2024-05-19 09:55:01 --> Session: Class initialized using 'CodeIgniter\Session\Handlers\FileHandler' driver.
INFO - 2024-05-19 09:55:02 --> Session: Class initialized using 'CodeIgniter\Session\Handlers\FileHandler' driver.
INFO - 2024-05-19 09:55:25 --> Session: Class initialized using 'CodeIgniter\Session\Handlers\FileHandler' driver.
INFO - 2024-05-19 09:55:37 --> Session: Class initialized using 'CodeIgniter\Session\Handlers\FileHandler' driver.
INFO - 2024-05-19 09:56:17 --> Session: Class initialized using 'CodeIgniter\Session\Handlers\FileHandler' driver.
INFO - 2024-05-19 09:56:18 --> Session: Class initialized using 'CodeIgniter\Session\Handlers\FileHandler' driver.
INFO - 2024-05-19 09:56:18 --> Session: Class initialized using 'CodeIgniter\Session\Handlers\FileHandler' driver.
INFO - 2024-05-19 09:57:37 --> Session: Class initialized using 'CodeIgniter\Session\Handlers\FileHandler' driver.
INFO - 2024-05-19 09:57:39 --> Session: Class initialized using 'CodeIgniter\Session\Handlers\FileHandler' driver.
ERROR - 2024-05-19 16:57:39 --> mysqli_sql_exception: Unknown column 'kehadiran' in 'field list' in /Applications/XAMPP/xamppfiles/htdocs/siakad-sd/system/Database/MySQLi/Connection.php:306
Stack trace:
#0 /Applications/XAMPP/xamppfiles/htdocs/siakad-sd/system/Database/MySQLi/Connection.php(306): mysqli->query('INSERT INTO `ab...', 0)
#1 /Applications/XAMPP/xamppfiles/htdocs/siakad-sd/system/Database/BaseConnection.php(693): CodeIgniter\Database\MySQLi\Connection->execute('INSERT INTO `ab...')
#2 /Applications/XAMPP/xamppfiles/htdocs/siakad-sd/system/Database/BaseConnection.php(607): CodeIgniter\Database\BaseConnection->simpleQuery('INSERT INTO `ab...')
#3 /Applications/XAMPP/xamppfiles/htdocs/siakad-sd/system/Database/BaseBuilder.php(2308): CodeIgniter\Database\BaseConnection->query('INSERT INTO `ab...', Array, false)
#4 /Applications/XAMPP/xamppfiles/htdocs/siakad-sd/app/Controllers/GuruJadwal.php(83): CodeIgniter\Database\BaseBuilder->insert(Array)
#5 /Applications/XAMPP/xamppfiles/htdocs/siakad-sd/system/CodeIgniter.php(942): App\Controllers\GuruJadwal->absenSimpan()
#6 /Applications/XAMPP/xamppfiles/htdocs/siakad-sd/system/CodeIgniter.php(502): CodeIgniter\CodeIgniter->runController(Object(App\Controllers\GuruJadwal))
#7 /Applications/XAMPP/xamppfiles/htdocs/siakad-sd/system/CodeIgniter.php(361): CodeIgniter\CodeIgniter->handleRequest(NULL, Object(Config\Cache), false)
#8 /Applications/XAMPP/xamppfiles/htdocs/siakad-sd/public/index.php(79): CodeIgniter\CodeIgniter->run()
#9 /Applications/XAMPP/xamppfiles/htdocs/siakad-sd/system/Commands/Server/rewrite.php(47): require_once('/Applications/X...')
#10 {main}
ERROR - 2024-05-19 16:57:39 --> mysqli_sql_exception: Unknown column 'kehadiran' in 'field list' in /Applications/XAMPP/xamppfiles/htdocs/siakad-sd/system/Database/MySQLi/Connection.php:306
Stack trace:
#0 /Applications/XAMPP/xamppfiles/htdocs/siakad-sd/system/Database/MySQLi/Connection.php(306): mysqli->query('INSERT INTO `ab...', 0)
#1 /Applications/XAMPP/xamppfiles/htdocs/siakad-sd/system/Database/BaseConnection.php(693): CodeIgniter\Database\MySQLi\Connection->execute('INSERT INTO `ab...')
#2 /Applications/XAMPP/xamppfiles/htdocs/siakad-sd/system/Database/BaseConnection.php(607): CodeIgniter\Database\BaseConnection->simpleQuery('INSERT INTO `ab...')
#3 /Applications/XAMPP/xamppfiles/htdocs/siakad-sd/system/Database/BaseBuilder.php(2308): CodeIgniter\Database\BaseConnection->query('INSERT INTO `ab...', Array, false)
#4 /Applications/XAMPP/xamppfiles/htdocs/siakad-sd/app/Controllers/GuruJadwal.php(83): CodeIgniter\Database\BaseBuilder->insert(Array)
#5 /Applications/XAMPP/xamppfiles/htdocs/siakad-sd/system/CodeIgniter.php(942): App\Controllers\GuruJadwal->absenSimpan()
#6 /Applications/XAMPP/xamppfiles/htdocs/siakad-sd/system/CodeIgniter.php(502): CodeIgniter\CodeIgniter->runController(Object(App\Controllers\GuruJadwal))
#7 /Applications/XAMPP/xamppfiles/htdocs/siakad-sd/system/CodeIgniter.php(361): CodeIgniter\CodeIgniter->handleRequest(NULL, Object(Config\Cache), false)
#8 /Applications/XAMPP/xamppfiles/htdocs/siakad-sd/public/index.php(79): CodeIgniter\CodeIgniter->run()
#9 /Applications/XAMPP/xamppfiles/htdocs/siakad-sd/system/Commands/Server/rewrite.php(47): require_once('/Applications/X...')
#10 {main}
ERROR - 2024-05-19 16:57:39 --> mysqli_sql_exception: Unknown column 'kehadiran' in 'field list' in /Applications/XAMPP/xamppfiles/htdocs/siakad-sd/system/Database/MySQLi/Connection.php:306
Stack trace:
#0 /Applications/XAMPP/xamppfiles/htdocs/siakad-sd/system/Database/MySQLi/Connection.php(306): mysqli->query('INSERT INTO `ab...', 0)
#1 /Applications/XAMPP/xamppfiles/htdocs/siakad-sd/system/Database/BaseConnection.php(693): CodeIgniter\Database\MySQLi\Connection->execute('INSERT INTO `ab...')
#2 /Applications/XAMPP/xamppfiles/htdocs/siakad-sd/system/Database/BaseConnection.php(607): CodeIgniter\Database\BaseConnection->simpleQuery('INSERT INTO `ab...')
#3 /Applications/XAMPP/xamppfiles/htdocs/siakad-sd/system/Database/BaseBuilder.php(2308): CodeIgniter\Database\BaseConnection->query('INSERT INTO `ab...', Array, false)
#4 /Applications/XAMPP/xamppfiles/htdocs/siakad-sd/app/Controllers/GuruJadwal.php(83): CodeIgniter\Database\BaseBuilder->insert(Array)
#5 /Applications/XAMPP/xamppfiles/htdocs/siakad-sd/system/CodeIgniter.php(942): App\Controllers\GuruJadwal->absenSimpan()
#6 /Applications/XAMPP/xamppfiles/htdocs/siakad-sd/system/CodeIgniter.php(502): CodeIgniter\CodeIgniter->runController(Object(App\Controllers\GuruJadwal))
#7 /Applications/XAMPP/xamppfiles/htdocs/siakad-sd/system/CodeIgniter.php(361): CodeIgniter\CodeIgniter->handleRequest(NULL, Object(Config\Cache), false)
#8 /Applications/XAMPP/xamppfiles/htdocs/siakad-sd/public/index.php(79): CodeIgniter\CodeIgniter->run()
#9 /Applications/XAMPP/xamppfiles/htdocs/siakad-sd/system/Commands/Server/rewrite.php(47): require_once('/Applications/X...')
#10 {main}
INFO - 2024-05-19 09:57:39 --> Session: Class initialized using 'CodeIgniter\Session\Handlers\FileHandler' driver.
INFO - 2024-05-19 09:58:32 --> Session: Class initialized using 'CodeIgniter\Session\Handlers\FileHandler' driver.
INFO - 2024-05-19 09:58:35 --> Session: Class initialized using 'CodeIgniter\Session\Handlers\FileHandler' driver.
ERROR - 2024-05-19 16:58:35 --> mysqli_sql_exception: Unknown column 'kehadiran' in 'field list' in /Applications/XAMPP/xamppfiles/htdocs/siakad-sd/system/Database/MySQLi/Connection.php:306
Stack trace:
#0 /Applications/XAMPP/xamppfiles/htdocs/siakad-sd/system/Database/MySQLi/Connection.php(306): mysqli->query('INSERT INTO `ab...', 0)
#1 /Applications/XAMPP/xamppfiles/htdocs/siakad-sd/system/Database/BaseConnection.php(693): CodeIgniter\Database\MySQLi\Connection->execute('INSERT INTO `ab...')
#2 /Applications/XAMPP/xamppfiles/htdocs/siakad-sd/system/Database/BaseConnection.php(607): CodeIgniter\Database\BaseConnection->simpleQuery('INSERT INTO `ab...')
#3 /Applications/XAMPP/xamppfiles/htdocs/siakad-sd/system/Database/BaseBuilder.php(2308): CodeIgniter\Database\BaseConnection->query('INSERT INTO `ab...', Array, false)
#4 /Applications/XAMPP/xamppfiles/htdocs/siakad-sd/app/Controllers/GuruJadwal.php(83): CodeIgniter\Database\BaseBuilder->insert(Array)
#5 /Applications/XAMPP/xamppfiles/htdocs/siakad-sd/system/CodeIgniter.php(942): App\Controllers\GuruJadwal->absenSimpan()
#6 /Applications/XAMPP/xamppfiles/htdocs/siakad-sd/system/CodeIgniter.php(502): CodeIgniter\CodeIgniter->runController(Object(App\Controllers\GuruJadwal))
#7 /Applications/XAMPP/xamppfiles/htdocs/siakad-sd/system/CodeIgniter.php(361): CodeIgniter\CodeIgniter->handleRequest(NULL, Object(Config\Cache), false)
#8 /Applications/XAMPP/xamppfiles/htdocs/siakad-sd/public/index.php(79): CodeIgniter\CodeIgniter->run()
#9 /Applications/XAMPP/xamppfiles/htdocs/siakad-sd/system/Commands/Server/rewrite.php(47): require_once('/Applications/X...')
#10 {main}
ERROR - 2024-05-19 16:58:35 --> mysqli_sql_exception: Unknown column 'kehadiran' in 'field list' in /Applications/XAMPP/xamppfiles/htdocs/siakad-sd/system/Database/MySQLi/Connection.php:306
Stack trace:
#0 /Applications/XAMPP/xamppfiles/htdocs/siakad-sd/system/Database/MySQLi/Connection.php(306): mysqli->query('INSERT INTO `ab...', 0)
#1 /Applications/XAMPP/xamppfiles/htdocs/siakad-sd/system/Database/BaseConnection.php(693): CodeIgniter\Database\MySQLi\Connection->execute('INSERT INTO `ab...')
#2 /Applications/XAMPP/xamppfiles/htdocs/siakad-sd/system/Database/BaseConnection.php(607): CodeIgniter\Database\BaseConnection->simpleQuery('INSERT INTO `ab...')
#3 /Applications/XAMPP/xamppfiles/htdocs/siakad-sd/system/Database/BaseBuilder.php(2308): CodeIgniter\Database\BaseConnection->query('INSERT INTO `ab...', Array, false)
#4 /Applications/XAMPP/xamppfiles/htdocs/siakad-sd/app/Controllers/GuruJadwal.php(83): CodeIgniter\Database\BaseBuilder->insert(Array)
#5 /Applications/XAMPP/xamppfiles/htdocs/siakad-sd/system/CodeIgniter.php(942): App\Controllers\GuruJadwal->absenSimpan()
#6 /Applications/XAMPP/xamppfiles/htdocs/siakad-sd/system/CodeIgniter.php(502): CodeIgniter\CodeIgniter->runController(Object(App\Controllers\GuruJadwal))
#7 /Applications/XAMPP/xamppfiles/htdocs/siakad-sd/system/CodeIgniter.php(361): CodeIgniter\CodeIgniter->handleRequest(NULL, Object(Config\Cache), false)
#8 /Applications/XAMPP/xamppfiles/htdocs/siakad-sd/public/index.php(79): CodeIgniter\CodeIgniter->run()
#9 /Applications/XAMPP/xamppfiles/htdocs/siakad-sd/system/Commands/Server/rewrite.php(47): require_once('/Applications/X...')
#10 {main}
ERROR - 2024-05-19 16:58:35 --> mysqli_sql_exception: Unknown column 'kehadiran' in 'field list' in /Applications/XAMPP/xamppfiles/htdocs/siakad-sd/system/Database/MySQLi/Connection.php:306
Stack trace:
#0 /Applications/XAMPP/xamppfiles/htdocs/siakad-sd/system/Database/MySQLi/Connection.php(306): mysqli->query('INSERT INTO `ab...', 0)
#1 /Applications/XAMPP/xamppfiles/htdocs/siakad-sd/system/Database/BaseConnection.php(693): CodeIgniter\Database\MySQLi\Connection->execute('INSERT INTO `ab...')
#2 /Applications/XAMPP/xamppfiles/htdocs/siakad-sd/system/Database/BaseConnection.php(607): CodeIgniter\Database\BaseConnection->simpleQuery('INSERT INTO `ab...')
#3 /Applications/XAMPP/xamppfiles/htdocs/siakad-sd/system/Database/BaseBuilder.php(2308): CodeIgniter\Database\BaseConnection->query('INSERT INTO `ab...', Array, false)
#4 /Applications/XAMPP/xamppfiles/htdocs/siakad-sd/app/Controllers/GuruJadwal.php(83): CodeIgniter\Database\BaseBuilder->insert(Array)
#5 /Applications/XAMPP/xamppfiles/htdocs/siakad-sd/system/CodeIgniter.php(942): App\Controllers\GuruJadwal->absenSimpan()
#6 /Applications/XAMPP/xamppfiles/htdocs/siakad-sd/system/CodeIgniter.php(502): CodeIgniter\CodeIgniter->runController(Object(App\Controllers\GuruJadwal))
#7 /Applications/XAMPP/xamppfiles/htdocs/siakad-sd/system/CodeIgniter.php(361): CodeIgniter\CodeIgniter->handleRequest(NULL, Object(Config\Cache), false)
#8 /Applications/XAMPP/xamppfiles/htdocs/siakad-sd/public/index.php(79): CodeIgniter\CodeIgniter->run()
#9 /Applications/XAMPP/xamppfiles/htdocs/siakad-sd/system/Commands/Server/rewrite.php(47): require_once('/Applications/X...')
#10 {main}
INFO - 2024-05-19 09:58:35 --> Session: Class initialized using 'CodeIgniter\Session\Handlers\FileHandler' driver.
INFO - 2024-05-19 09:58:58 --> Session: Class initialized using 'CodeIgniter\Session\Handlers\FileHandler' driver.
INFO - 2024-05-19 09:59:05 --> Session: Class initialized using 'CodeIgniter\Session\Handlers\FileHandler' driver.
ERROR - 2024-05-19 16:59:05 --> mysqli_sql_exception: Unknown column 'kehadiran' in 'field list' in /Applications/XAMPP/xamppfiles/htdocs/siakad-sd/system/Database/MySQLi/Connection.php:306
Stack trace:
#0 /Applications/XAMPP/xamppfiles/htdocs/siakad-sd/system/Database/MySQLi/Connection.php(306): mysqli->query('INSERT INTO `ab...', 0)
#1 /Applications/XAMPP/xamppfiles/htdocs/siakad-sd/system/Database/BaseConnection.php(693): CodeIgniter\Database\MySQLi\Connection->execute('INSERT INTO `ab...')
#2 /Applications/XAMPP/xamppfiles/htdocs/siakad-sd/system/Database/BaseConnection.php(607): CodeIgniter\Database\BaseConnection->simpleQuery('INSERT INTO `ab...')
#3 /Applications/XAMPP/xamppfiles/htdocs/siakad-sd/system/Database/BaseBuilder.php(2308): CodeIgniter\Database\BaseConnection->query('INSERT INTO `ab...', Array, false)
#4 /Applications/XAMPP/xamppfiles/htdocs/siakad-sd/app/Controllers/GuruJadwal.php(83): CodeIgniter\Database\BaseBuilder->insert(Array)
#5 /Applications/XAMPP/xamppfiles/htdocs/siakad-sd/system/CodeIgniter.php(942): App\Controllers\GuruJadwal->absenSimpan()
#6 /Applications/XAMPP/xamppfiles/htdocs/siakad-sd/system/CodeIgniter.php(502): CodeIgniter\CodeIgniter->runController(Object(App\Controllers\GuruJadwal))
#7 /Applications/XAMPP/xamppfiles/htdocs/siakad-sd/system/CodeIgniter.php(361): CodeIgniter\CodeIgniter->handleRequest(NULL, Object(Config\Cache), false)
#8 /Applications/XAMPP/xamppfiles/htdocs/siakad-sd/public/index.php(79): CodeIgniter\CodeIgniter->run()
#9 /Applications/XAMPP/xamppfiles/htdocs/siakad-sd/system/Commands/Server/rewrite.php(47): require_once('/Applications/X...')
#10 {main}
ERROR - 2024-05-19 16:59:05 --> mysqli_sql_exception: Unknown column 'kehadiran' in 'field list' in /Applications/XAMPP/xamppfiles/htdocs/siakad-sd/system/Database/MySQLi/Connection.php:306
Stack trace:
#0 /Applications/XAMPP/xamppfiles/htdocs/siakad-sd/system/Database/MySQLi/Connection.php(306): mysqli->query('INSERT INTO `ab...', 0)
#1 /Applications/XAMPP/xamppfiles/htdocs/siakad-sd/system/Database/BaseConnection.php(693): CodeIgniter\Database\MySQLi\Connection->execute('INSERT INTO `ab...')
#2 /Applications/XAMPP/xamppfiles/htdocs/siakad-sd/system/Database/BaseConnection.php(607): CodeIgniter\Database\BaseConnection->simpleQuery('INSERT INTO `ab...')
#3 /Applications/XAMPP/xamppfiles/htdocs/siakad-sd/system/Database/BaseBuilder.php(2308): CodeIgniter\Database\BaseConnection->query('INSERT INTO `ab...', Array, false)
#4 /Applications/XAMPP/xamppfiles/htdocs/siakad-sd/app/Controllers/GuruJadwal.php(83): CodeIgniter\Database\BaseBuilder->insert(Array)
#5 /Applications/XAMPP/xamppfiles/htdocs/siakad-sd/system/CodeIgniter.php(942): App\Controllers\GuruJadwal->absenSimpan()
#6 /Applications/XAMPP/xamppfiles/htdocs/siakad-sd/system/CodeIgniter.php(502): CodeIgniter\CodeIgniter->runController(Object(App\Controllers\GuruJadwal))
#7 /Applications/XAMPP/xamppfiles/htdocs/siakad-sd/system/CodeIgniter.php(361): CodeIgniter\CodeIgniter->handleRequest(NULL, Object(Config\Cache), false)
#8 /Applications/XAMPP/xamppfiles/htdocs/siakad-sd/public/index.php(79): CodeIgniter\CodeIgniter->run()
#9 /Applications/XAMPP/xamppfiles/htdocs/siakad-sd/system/Commands/Server/rewrite.php(47): require_once('/Applications/X...')
#10 {main}
ERROR - 2024-05-19 16:59:05 --> mysqli_sql_exception: Unknown column 'kehadiran' in 'field list' in /Applications/XAMPP/xamppfiles/htdocs/siakad-sd/system/Database/MySQLi/Connection.php:306
Stack trace:
#0 /Applications/XAMPP/xamppfiles/htdocs/siakad-sd/system/Database/MySQLi/Connection.php(306): mysqli->query('INSERT INTO `ab...', 0)
#1 /Applications/XAMPP/xamppfiles/htdocs/siakad-sd/system/Database/BaseConnection.php(693): CodeIgniter\Database\MySQLi\Connection->execute('INSERT INTO `ab...')
#2 /Applications/XAMPP/xamppfiles/htdocs/siakad-sd/system/Database/BaseConnection.php(607): CodeIgniter\Database\BaseConnection->simpleQuery('INSERT INTO `ab...')
#3 /Applications/XAMPP/xamppfiles/htdocs/siakad-sd/system/Database/BaseBuilder.php(2308): CodeIgniter\Database\BaseConnection->query('INSERT INTO `ab...', Array, false)
#4 /Applications/XAMPP/xamppfiles/htdocs/siakad-sd/app/Controllers/GuruJadwal.php(83): CodeIgniter\Database\BaseBuilder->insert(Array)
#5 /Applications/XAMPP/xamppfiles/htdocs/siakad-sd/system/CodeIgniter.php(942): App\Controllers\GuruJadwal->absenSimpan()
#6 /Applications/XAMPP/xamppfiles/htdocs/siakad-sd/system/CodeIgniter.php(502): CodeIgniter\CodeIgniter->runController(Object(App\Controllers\GuruJadwal))
#7 /Applications/XAMPP/xamppfiles/htdocs/siakad-sd/system/CodeIgniter.php(361): CodeIgniter\CodeIgniter->handleRequest(NULL, Object(Config\Cache), false)
#8 /Applications/XAMPP/xamppfiles/htdocs/siakad-sd/public/index.php(79): CodeIgniter\CodeIgniter->run()
#9 /Applications/XAMPP/xamppfiles/htdocs/siakad-sd/system/Commands/Server/rewrite.php(47): require_once('/Applications/X...')
#10 {main}
INFO - 2024-05-19 10:02:25 --> Session: Class initialized using 'CodeIgniter\Session\Handlers\FileHandler' driver.
INFO - 2024-05-19 10:02:27 --> Session: Class initialized using 'CodeIgniter\Session\Handlers\FileHandler' driver.
ERROR - 2024-05-19 17:02:27 --> mysqli_sql_exception: Unknown column 'kehadiran' in 'field list' in /Applications/XAMPP/xamppfiles/htdocs/siakad-sd/system/Database/MySQLi/Connection.php:306
Stack trace:
#0 /Applications/XAMPP/xamppfiles/htdocs/siakad-sd/system/Database/MySQLi/Connection.php(306): mysqli->query('INSERT INTO `ab...', 0)
#1 /Applications/XAMPP/xamppfiles/htdocs/siakad-sd/system/Database/BaseConnection.php(693): CodeIgniter\Database\MySQLi\Connection->execute('INSERT INTO `ab...')
#2 /Applications/XAMPP/xamppfiles/htdocs/siakad-sd/system/Database/BaseConnection.php(607): CodeIgniter\Database\BaseConnection->simpleQuery('INSERT INTO `ab...')
#3 /Applications/XAMPP/xamppfiles/htdocs/siakad-sd/system/Database/BaseBuilder.php(2308): CodeIgniter\Database\BaseConnection->query('INSERT INTO `ab...', Array, false)
#4 /Applications/XAMPP/xamppfiles/htdocs/siakad-sd/app/Controllers/GuruJadwal.php(93): CodeIgniter\Database\BaseBuilder->insert(Array)
#5 /Applications/XAMPP/xamppfiles/htdocs/siakad-sd/system/CodeIgniter.php(942): App\Controllers\GuruJadwal->absenSimpan()
#6 /Applications/XAMPP/xamppfiles/htdocs/siakad-sd/system/CodeIgniter.php(502): CodeIgniter\CodeIgniter->runController(Object(App\Controllers\GuruJadwal))
#7 /Applications/XAMPP/xamppfiles/htdocs/siakad-sd/system/CodeIgniter.php(361): CodeIgniter\CodeIgniter->handleRequest(NULL, Object(Config\Cache), false)
#8 /Applications/XAMPP/xamppfiles/htdocs/siakad-sd/public/index.php(79): CodeIgniter\CodeIgniter->run()
#9 /Applications/XAMPP/xamppfiles/htdocs/siakad-sd/system/Commands/Server/rewrite.php(47): require_once('/Applications/X...')
#10 {main}
ERROR - 2024-05-19 17:02:27 --> mysqli_sql_exception: Unknown column 'kehadiran' in 'field list' in /Applications/XAMPP/xamppfiles/htdocs/siakad-sd/system/Database/MySQLi/Connection.php:306
Stack trace:
#0 /Applications/XAMPP/xamppfiles/htdocs/siakad-sd/system/Database/MySQLi/Connection.php(306): mysqli->query('INSERT INTO `ab...', 0)
#1 /Applications/XAMPP/xamppfiles/htdocs/siakad-sd/system/Database/BaseConnection.php(693): CodeIgniter\Database\MySQLi\Connection->execute('INSERT INTO `ab...')
#2 /Applications/XAMPP/xamppfiles/htdocs/siakad-sd/system/Database/BaseConnection.php(607): CodeIgniter\Database\BaseConnection->simpleQuery('INSERT INTO `ab...')
#3 /Applications/XAMPP/xamppfiles/htdocs/siakad-sd/system/Database/BaseBuilder.php(2308): CodeIgniter\Database\BaseConnection->query('INSERT INTO `ab...', Array, false)
#4 /Applications/XAMPP/xamppfiles/htdocs/siakad-sd/app/Controllers/GuruJadwal.php(93): CodeIgniter\Database\BaseBuilder->insert(Array)
#5 /Applications/XAMPP/xamppfiles/htdocs/siakad-sd/system/CodeIgniter.php(942): App\Controllers\GuruJadwal->absenSimpan()
#6 /Applications/XAMPP/xamppfiles/htdocs/siakad-sd/system/CodeIgniter.php(502): CodeIgniter\CodeIgniter->runController(Object(App\Controllers\GuruJadwal))
#7 /Applications/XAMPP/xamppfiles/htdocs/siakad-sd/system/CodeIgniter.php(361): CodeIgniter\CodeIgniter->handleRequest(NULL, Object(Config\Cache), false)
#8 /Applications/XAMPP/xamppfiles/htdocs/siakad-sd/public/index.php(79): CodeIgniter\CodeIgniter->run()
#9 /Applications/XAMPP/xamppfiles/htdocs/siakad-sd/system/Commands/Server/rewrite.php(47): require_once('/Applications/X...')
#10 {main}
ERROR - 2024-05-19 17:02:27 --> mysqli_sql_exception: Unknown column 'kehadiran' in 'field list' in /Applications/XAMPP/xamppfiles/htdocs/siakad-sd/system/Database/MySQLi/Connection.php:306
Stack trace:
#0 /Applications/XAMPP/xamppfiles/htdocs/siakad-sd/system/Database/MySQLi/Connection.php(306): mysqli->query('INSERT INTO `ab...', 0)
#1 /Applications/XAMPP/xamppfiles/htdocs/siakad-sd/system/Database/BaseConnection.php(693): CodeIgniter\Database\MySQLi\Connection->execute('INSERT INTO `ab...')
#2 /Applications/XAMPP/xamppfiles/htdocs/siakad-sd/system/Database/BaseConnection.php(607): CodeIgniter\Database\BaseConnection->simpleQuery('INSERT INTO `ab...')
#3 /Applications/XAMPP/xamppfiles/htdocs/siakad-sd/system/Database/BaseBuilder.php(2308): CodeIgniter\Database\BaseConnection->query('INSERT INTO `ab...', Array, false)
#4 /Applications/XAMPP/xamppfiles/htdocs/siakad-sd/app/Controllers/GuruJadwal.php(93): CodeIgniter\Database\BaseBuilder->insert(Array)
#5 /Applications/XAMPP/xamppfiles/htdocs/siakad-sd/system/CodeIgniter.php(942): App\Controllers\GuruJadwal->absenSimpan()
#6 /Applications/XAMPP/xamppfiles/htdocs/siakad-sd/system/CodeIgniter.php(502): CodeIgniter\CodeIgniter->runController(Object(App\Controllers\GuruJadwal))
#7 /Applications/XAMPP/xamppfiles/htdocs/siakad-sd/system/CodeIgniter.php(361): CodeIgniter\CodeIgniter->handleRequest(NULL, Object(Config\Cache), false)
#8 /Applications/XAMPP/xamppfiles/htdocs/siakad-sd/public/index.php(79): CodeIgniter\CodeIgniter->run()
#9 /Applications/XAMPP/xamppfiles/htdocs/siakad-sd/system/Commands/Server/rewrite.php(47): require_once('/Applications/X...')
#10 {main}
INFO - 2024-05-19 10:02:27 --> Session: Class initialized using 'CodeIgniter\Session\Handlers\FileHandler' driver.
INFO - 2024-05-19 10:02:41 --> Session: Class initialized using 'CodeIgniter\Session\Handlers\FileHandler' driver.
INFO - 2024-05-19 10:02:42 --> Session: Class initialized using 'CodeIgniter\Session\Handlers\FileHandler' driver.
INFO - 2024-05-19 10:03:25 --> Session: Class initialized using 'CodeIgniter\Session\Handlers\FileHandler' driver.
INFO - 2024-05-19 10:03:26 --> Session: Class initialized using 'CodeIgniter\Session\Handlers\FileHandler' driver.
INFO - 2024-05-19 10:03:31 --> Session: Class initialized using 'CodeIgniter\Session\Handlers\FileHandler' driver.
INFO - 2024-05-19 10:03:33 --> Session: Class initialized using 'CodeIgniter\Session\Handlers\FileHandler' driver.
INFO - 2024-05-19 10:03:34 --> Session: Class initialized using 'CodeIgniter\Session\Handlers\FileHandler' driver.
INFO - 2024-05-19 10:03:34 --> Session: Class initialized using 'CodeIgniter\Session\Handlers\FileHandler' driver.
INFO - 2024-05-19 10:06:42 --> Session: Class initialized using 'CodeIgniter\Session\Handlers\FileHandler' driver.
INFO - 2024-05-19 10:06:45 --> Session: Class initialized using 'CodeIgniter\Session\Handlers\FileHandler' driver.
INFO - 2024-05-19 10:06:48 --> Session: Class initialized using 'CodeIgniter\Session\Handlers\FileHandler' driver.
INFO - 2024-05-19 10:07:00 --> Session: Class initialized using 'CodeIgniter\Session\Handlers\FileHandler' driver.
INFO - 2024-05-19 10:07:04 --> Session: Class initialized using 'CodeIgniter\Session\Handlers\FileHandler' driver.
INFO - 2024-05-19 10:07:04 --> Session: Class initialized using 'CodeIgniter\Session\Handlers\FileHandler' driver.
INFO - 2024-05-19 10:07:26 --> Session: Class initialized using 'CodeIgniter\Session\Handlers\FileHandler' driver.
INFO - 2024-05-19 10:07:28 --> Session: Class initialized using 'CodeIgniter\Session\Handlers\FileHandler' driver.
INFO - 2024-05-19 10:07:37 --> Session: Class initialized using 'CodeIgniter\Session\Handlers\FileHandler' driver.
INFO - 2024-05-19 10:07:40 --> Session: Class initialized using 'CodeIgniter\Session\Handlers\FileHandler' driver.
INFO - 2024-05-19 10:09:59 --> Session: Class initialized using 'CodeIgniter\Session\Handlers\FileHandler' driver.
INFO - 2024-05-19 10:10:02 --> Session: Class initialized using 'CodeIgniter\Session\Handlers\FileHandler' driver.
INFO - 2024-05-19 10:10:10 --> Session: Class initialized using 'CodeIgniter\Session\Handlers\FileHandler' driver.
INFO - 2024-05-19 10:12:21 --> Session: Class initialized using 'CodeIgniter\Session\Handlers\FileHandler' driver.
INFO - 2024-05-19 10:12:24 --> Session: Class initialized using 'CodeIgniter\Session\Handlers\FileHandler' driver.
INFO - 2024-05-19 10:12:27 --> Session: Class initialized using 'CodeIgniter\Session\Handlers\FileHandler' driver.
INFO - 2024-05-19 10:12:28 --> Session: Class initialized using 'CodeIgniter\Session\Handlers\FileHandler' driver.
INFO - 2024-05-19 10:12:48 --> Session: Class initialized using 'CodeIgniter\Session\Handlers\FileHandler' driver.
INFO - 2024-05-19 10:12:49 --> Session: Class initialized using 'CodeIgniter\Session\Handlers\FileHandler' driver.
INFO - 2024-05-19 10:13:02 --> Session: Class initialized using 'CodeIgniter\Session\Handlers\FileHandler' driver.
INFO - 2024-05-19 10:13:15 --> Session: Class initialized using 'CodeIgniter\Session\Handlers\FileHandler' driver.
INFO - 2024-05-19 10:13:16 --> Session: Class initialized using 'CodeIgniter\Session\Handlers\FileHandler' driver.
INFO - 2024-05-19 10:13:27 --> Session: Class initialized using 'CodeIgniter\Session\Handlers\FileHandler' driver.
INFO - 2024-05-19 10:13:37 --> Session: Class initialized using 'CodeIgniter\Session\Handlers\FileHandler' driver.
INFO - 2024-05-19 10:13:46 --> Session: Class initialized using 'CodeIgniter\Session\Handlers\FileHandler' driver.
INFO - 2024-05-19 10:14:10 --> Session: Class initialized using 'CodeIgniter\Session\Handlers\FileHandler' driver.
INFO - 2024-05-19 10:14:23 --> Session: Class initialized using 'CodeIgniter\Session\Handlers\FileHandler' driver.
INFO - 2024-05-19 10:14:40 --> Session: Class initialized using 'CodeIgniter\Session\Handlers\FileHandler' driver.
INFO - 2024-05-19 10:14:43 --> Session: Class initialized using 'CodeIgniter\Session\Handlers\FileHandler' driver.
INFO - 2024-05-19 10:14:48 --> Session: Class initialized using 'CodeIgniter\Session\Handlers\FileHandler' driver.
INFO - 2024-05-19 10:14:50 --> Session: Class initialized using 'CodeIgniter\Session\Handlers\FileHandler' driver.
INFO - 2024-05-19 10:14:53 --> Session: Class initialized using 'CodeIgniter\Session\Handlers\FileHandler' driver.
INFO - 2024-05-19 10:14:58 --> Session: Class initialized using 'CodeIgniter\Session\Handlers\FileHandler' driver.
INFO - 2024-05-19 10:19:22 --> Session: Class initialized using 'CodeIgniter\Session\Handlers\FileHandler' driver.
INFO - 2024-05-19 10:19:33 --> Session: Class initialized using 'CodeIgniter\Session\Handlers\FileHandler' driver.
INFO - 2024-05-19 10:19:42 --> Session: Class initialized using 'CodeIgniter\Session\Handlers\FileHandler' driver.
INFO - 2024-05-19 10:23:23 --> Session: Class initialized using 'CodeIgniter\Session\Handlers\FileHandler' driver.
INFO - 2024-05-19 10:26:37 --> Session: Class initialized using 'CodeIgniter\Session\Handlers\FileHandler' driver.
INFO - 2024-05-19 10:26:54 --> Session: Class initialized using 'CodeIgniter\Session\Handlers\FileHandler' driver.
INFO - 2024-05-19 10:27:01 --> Session: Class initialized using 'CodeIgniter\Session\Handlers\FileHandler' driver.
INFO - 2024-05-19 11:21:10 --> Session: Class initialized using 'CodeIgniter\Session\Handlers\FileHandler' driver.
INFO - 2024-05-19 11:23:34 --> Session: Class initialized using 'CodeIgniter\Session\Handlers\FileHandler' driver.
INFO - 2024-05-19 11:23:45 --> Session: Class initialized using 'CodeIgniter\Session\Handlers\FileHandler' driver.
INFO - 2024-05-19 11:23:49 --> Session: Class initialized using 'CodeIgniter\Session\Handlers\FileHandler' driver.
INFO - 2024-05-19 11:24:32 --> Session: Class initialized using 'CodeIgniter\Session\Handlers\FileHandler' driver.
INFO - 2024-05-19 11:31:34 --> Session: Class initialized using 'CodeIgniter\Session\Handlers\FileHandler' driver.
INFO - 2024-05-19 11:31:53 --> Session: Class initialized using 'CodeIgniter\Session\Handlers\FileHandler' driver.
INFO - 2024-05-19 11:32:03 --> Session: Class initialized using 'CodeIgniter\Session\Handlers\FileHandler' driver.
INFO - 2024-05-19 11:32:37 --> Session: Class initialized using 'CodeIgniter\Session\Handlers\FileHandler' driver.
CRITICAL - 2024-05-19 11:32:37 --> Undefined variable $absen
in APPPATH/Views/konten/guru/jadwal/rekap.php on line 36.
 1 APPPATH/Views/konten/guru/jadwal/rekap.php(36): CodeIgniter\Debug\Exceptions->errorHandler(2, 'Undefined variable $absen', '/Applications/XAMPP/xamppfiles/htdocs/siakad-sd/app/Views/konten/guru/jadwal/rekap.php', 36)
 2 SYSTEMPATH/View/View.php(228): include('/Applications/XAMPP/xamppfiles/htdocs/siakad-sd/app/Views/konten/guru/jadwal/rekap.php')
 3 SYSTEMPATH/View/View.php(231): CodeIgniter\View\View->CodeIgniter\View\{closure}()
 4 SYSTEMPATH/Common.php(1190): CodeIgniter\View\View->render('konten/guru/jadwal/rekap', [], true)
 5 APPPATH/Controllers/GuruJadwal.php(133): view('konten/guru/jadwal/rekap', [...])
 6 SYSTEMPATH/CodeIgniter.php(942): App\Controllers\GuruJadwal->rekap('ODAxY2UyMDgtYWJlYy00MTI1LTlmMzgtZTdhMzE1ZWU1OGNh')
 7 SYSTEMPATH/CodeIgniter.php(502): CodeIgniter\CodeIgniter->runController(Object(App\Controllers\GuruJadwal))
 8 SYSTEMPATH/CodeIgniter.php(361): CodeIgniter\CodeIgniter->handleRequest(null, Object(Config\Cache), false)
 9 FCPATH/index.php(79): CodeIgniter\CodeIgniter->run()
10 SYSTEMPATH/Commands/Server/rewrite.php(47): require_once('/Applications/XAMPP/xamppfiles/htdocs/siakad-sd/public/index.php')
INFO - 2024-05-19 11:33:00 --> Session: Class initialized using 'CodeIgniter\Session\Handlers\FileHandler' driver.
INFO - 2024-05-19 11:33:12 --> Session: Class initialized using 'CodeIgniter\Session\Handlers\FileHandler' driver.
INFO - 2024-05-19 11:33:36 --> Session: Class initialized using 'CodeIgniter\Session\Handlers\FileHandler' driver.
INFO - 2024-05-19 11:33:55 --> Session: Class initialized using 'CodeIgniter\Session\Handlers\FileHandler' driver.
INFO - 2024-05-19 11:34:14 --> Session: Class initialized using 'CodeIgniter\Session\Handlers\FileHandler' driver.
INFO - 2024-05-19 11:34:39 --> Session: Class initialized using 'CodeIgniter\Session\Handlers\FileHandler' driver.
INFO - 2024-05-19 11:35:05 --> Session: Class initialized using 'CodeIgniter\Session\Handlers\FileHandler' driver.
INFO - 2024-05-19 11:35:30 --> Session: Class initialized using 'CodeIgniter\Session\Handlers\FileHandler' driver.
INFO - 2024-05-19 11:35:31 --> Session: Class initialized using 'CodeIgniter\Session\Handlers\FileHandler' driver.
INFO - 2024-05-19 11:35:47 --> Session: Class initialized using 'CodeIgniter\Session\Handlers\FileHandler' driver.
INFO - 2024-05-19 11:35:56 --> Session: Class initialized using 'CodeIgniter\Session\Handlers\FileHandler' driver.
INFO - 2024-05-19 11:36:04 --> Session: Class initialized using 'CodeIgniter\Session\Handlers\FileHandler' driver.
INFO - 2024-05-19 11:36:06 --> Session: Class initialized using 'CodeIgniter\Session\Handlers\FileHandler' driver.
INFO - 2024-05-19 11:36:30 --> Session: Class initialized using 'CodeIgniter\Session\Handlers\FileHandler' driver.
INFO - 2024-05-19 11:36:33 --> Session: Class initialized using 'CodeIgniter\Session\Handlers\FileHandler' driver.
INFO - 2024-05-19 11:36:35 --> Session: Class initialized using 'CodeIgniter\Session\Handlers\FileHandler' driver.
INFO - 2024-05-19 11:38:22 --> Session: Class initialized using 'CodeIgniter\Session\Handlers\FileHandler' driver.
INFO - 2024-05-19 11:38:27 --> Session: Class initialized using 'CodeIgniter\Session\Handlers\FileHandler' driver.
INFO - 2024-05-19 11:38:28 --> Session: Class initialized using 'CodeIgniter\Session\Handlers\FileHandler' driver.
INFO - 2024-05-19 11:38:29 --> Session: Class initialized using 'CodeIgniter\Session\Handlers\FileHandler' driver.
INFO - 2024-05-19 11:38:31 --> Session: Class initialized using 'CodeIgniter\Session\Handlers\FileHandler' driver.
INFO - 2024-05-19 11:38:32 --> Session: Class initialized using 'CodeIgniter\Session\Handlers\FileHandler' driver.
INFO - 2024-05-19 11:38:37 --> Session: Class initialized using 'CodeIgniter\Session\Handlers\FileHandler' driver.
INFO - 2024-05-19 11:39:03 --> Session: Class initialized using 'CodeIgniter\Session\Handlers\FileHandler' driver.
INFO - 2024-05-19 11:39:05 --> Session: Class initialized using 'CodeIgniter\Session\Handlers\FileHandler' driver.
INFO - 2024-05-19 11:39:07 --> Session: Class initialized using 'CodeIgniter\Session\Handlers\FileHandler' driver.
INFO - 2024-05-19 11:39:28 --> Session: Class initialized using 'CodeIgniter\Session\Handlers\FileHandler' driver.
INFO - 2024-05-19 11:43:42 --> Session: Class initialized using 'CodeIgniter\Session\Handlers\FileHandler' driver.
INFO - 2024-05-19 11:48:15 --> Session: Class initialized using 'CodeIgniter\Session\Handlers\FileHandler' driver.
INFO - 2024-05-19 11:48:24 --> Session: Class initialized using 'CodeIgniter\Session\Handlers\FileHandler' driver.
INFO - 2024-05-19 11:48:32 --> Session: Class initialized using 'CodeIgniter\Session\Handlers\FileHandler' driver.
INFO - 2024-05-19 11:49:24 --> Session: Class initialized using 'CodeIgniter\Session\Handlers\FileHandler' driver.
INFO - 2024-05-19 11:49:26 --> Session: Class initialized using 'CodeIgniter\Session\Handlers\FileHandler' driver.
INFO - 2024-05-19 11:52:53 --> Session: Class initialized using 'CodeIgniter\Session\Handlers\FileHandler' driver.
INFO - 2024-05-19 11:52:54 --> Session: Class initialized using 'CodeIgniter\Session\Handlers\FileHandler' driver.
CRITICAL - 2024-05-19 11:52:54 --> Attempt to read property "kelas_id" on null
in APPPATH/Controllers/GuruJadwal.php on line 70.
 1 APPPATH/Controllers/GuruJadwal.php(70): CodeIgniter\Debug\Exceptions->errorHandler(2, 'Attempt to read property "kelas_id" on null', '/Applications/XAMPP/xamppfiles/htdocs/siakad-sd/app/Controllers/GuruJadwal.php', 70)
 2 SYSTEMPATH/CodeIgniter.php(942): App\Controllers\GuruJadwal->editAbsen('NzkwZGEyYWMtMjhlOC00YWUyLTgzMjEtYjc0ZjExZGQzN2M0')
 3 SYSTEMPATH/CodeIgniter.php(502): CodeIgniter\CodeIgniter->runController(Object(App\Controllers\GuruJadwal))
 4 SYSTEMPATH/CodeIgniter.php(361): CodeIgniter\CodeIgniter->handleRequest(null, Object(Config\Cache), false)
 5 FCPATH/index.php(79): CodeIgniter\CodeIgniter->run()
 6 SYSTEMPATH/Commands/Server/rewrite.php(47): require_once('/Applications/XAMPP/xamppfiles/htdocs/siakad-sd/public/index.php')
INFO - 2024-05-19 11:53:10 --> Session: Class initialized using 'CodeIgniter\Session\Handlers\FileHandler' driver.
CRITICAL - 2024-05-19 11:53:10 --> Attempt to read property "kelas_id" on null
in APPPATH/Controllers/GuruJadwal.php on line 70.
 1 APPPATH/Controllers/GuruJadwal.php(70): CodeIgniter\Debug\Exceptions->errorHandler(2, 'Attempt to read property "kelas_id" on null', '/Applications/XAMPP/xamppfiles/htdocs/siakad-sd/app/Controllers/GuruJadwal.php', 70)
 2 SYSTEMPATH/CodeIgniter.php(942): App\Controllers\GuruJadwal->editAbsen('NzkwZGEyYWMtMjhlOC00YWUyLTgzMjEtYjc0ZjExZGQzN2M0')
 3 SYSTEMPATH/CodeIgniter.php(502): CodeIgniter\CodeIgniter->runController(Object(App\Controllers\GuruJadwal))
 4 SYSTEMPATH/CodeIgniter.php(361): CodeIgniter\CodeIgniter->handleRequest(null, Object(Config\Cache), false)
 5 FCPATH/index.php(79): CodeIgniter\CodeIgniter->run()
 6 SYSTEMPATH/Commands/Server/rewrite.php(47): require_once('/Applications/XAMPP/xamppfiles/htdocs/siakad-sd/public/index.php')
INFO - 2024-05-19 11:53:54 --> Session: Class initialized using 'CodeIgniter\Session\Handlers\FileHandler' driver.
INFO - 2024-05-19 11:53:55 --> Session: Class initialized using 'CodeIgniter\Session\Handlers\FileHandler' driver.
INFO - 2024-05-19 11:55:02 --> Session: Class initialized using 'CodeIgniter\Session\Handlers\FileHandler' driver.
INFO - 2024-05-19 11:57:44 --> Session: Class initialized using 'CodeIgniter\Session\Handlers\FileHandler' driver.
INFO - 2024-05-19 11:59:22 --> Session: Class initialized using 'CodeIgniter\Session\Handlers\FileHandler' driver.
INFO - 2024-05-19 11:59:26 --> Session: Class initialized using 'CodeIgniter\Session\Handlers\FileHandler' driver.
CRITICAL - 2024-05-19 11:59:26 --> Undefined property: stdClass::$hari
in APPPATH/Views/konten/guru/jadwal/edit-absen.php on line 40.
 1 APPPATH/Views/konten/guru/jadwal/edit-absen.php(40): CodeIgniter\Debug\Exceptions->errorHandler(2, 'Undefined property: stdClass::$hari', '/Applications/XAMPP/xamppfiles/htdocs/siakad-sd/app/Views/konten/guru/jadwal/edit-absen.php', 40)
 2 SYSTEMPATH/View/View.php(228): include('/Applications/XAMPP/xamppfiles/htdocs/siakad-sd/app/Views/konten/guru/jadwal/edit-absen.php')
 3 SYSTEMPATH/View/View.php(231): CodeIgniter\View\View->CodeIgniter\View\{closure}()
 4 SYSTEMPATH/Common.php(1190): CodeIgniter\View\View->render('konten/guru/jadwal/edit-absen', [], true)
 5 APPPATH/Controllers/GuruJadwal.php(74): view('konten/guru/jadwal/edit-absen', [...])
 6 SYSTEMPATH/CodeIgniter.php(942): App\Controllers\GuruJadwal->editAbsen('NzkwZGEyYWMtMjhlOC00YWUyLTgzMjEtYjc0ZjExZGQzN2M0')
 7 SYSTEMPATH/CodeIgniter.php(502): CodeIgniter\CodeIgniter->runController(Object(App\Controllers\GuruJadwal))
 8 SYSTEMPATH/CodeIgniter.php(361): CodeIgniter\CodeIgniter->handleRequest(null, Object(Config\Cache), false)
 9 FCPATH/index.php(79): CodeIgniter\CodeIgniter->run()
10 SYSTEMPATH/Commands/Server/rewrite.php(47): require_once('/Applications/XAMPP/xamppfiles/htdocs/siakad-sd/public/index.php')
INFO - 2024-05-19 11:59:39 --> Session: Class initialized using 'CodeIgniter\Session\Handlers\FileHandler' driver.
INFO - 2024-05-19 12:02:54 --> Session: Class initialized using 'CodeIgniter\Session\Handlers\FileHandler' driver.
INFO - 2024-05-19 12:03:04 --> Session: Class initialized using 'CodeIgniter\Session\Handlers\FileHandler' driver.
INFO - 2024-05-19 12:04:11 --> Session: Class initialized using 'CodeIgniter\Session\Handlers\FileHandler' driver.
INFO - 2024-05-19 12:04:29 --> Session: Class initialized using 'CodeIgniter\Session\Handlers\FileHandler' driver.
INFO - 2024-05-19 12:04:30 --> Session: Class initialized using 'CodeIgniter\Session\Handlers\FileHandler' driver.
INFO - 2024-05-19 12:04:31 --> Session: Class initialized using 'CodeIgniter\Session\Handlers\FileHandler' driver.
INFO - 2024-05-19 12:04:33 --> Session: Class initialized using 'CodeIgniter\Session\Handlers\FileHandler' driver.
INFO - 2024-05-19 12:04:34 --> Session: Class initialized using 'CodeIgniter\Session\Handlers\FileHandler' driver.
INFO - 2024-05-19 12:04:34 --> Session: Class initialized using 'CodeIgniter\Session\Handlers\FileHandler' driver.
INFO - 2024-05-19 12:04:36 --> Session: Class initialized using 'CodeIgniter\Session\Handlers\FileHandler' driver.
INFO - 2024-05-19 12:05:59 --> Session: Class initialized using 'CodeIgniter\Session\Handlers\FileHandler' driver.
INFO - 2024-05-19 12:10:39 --> Session: Class initialized using 'CodeIgniter\Session\Handlers\FileHandler' driver.
INFO - 2024-05-19 12:10:42 --> Session: Class initialized using 'CodeIgniter\Session\Handlers\FileHandler' driver.
INFO - 2024-05-19 12:10:42 --> Session: Class initialized using 'CodeIgniter\Session\Handlers\FileHandler' driver.
INFO - 2024-05-19 12:10:44 --> Session: Class initialized using 'CodeIgniter\Session\Handlers\FileHandler' driver.
INFO - 2024-05-19 12:10:54 --> Session: Class initialized using 'CodeIgniter\Session\Handlers\FileHandler' driver.
INFO - 2024-05-19 12:10:54 --> Session: Class initialized using 'CodeIgniter\Session\Handlers\FileHandler' driver.
INFO - 2024-05-19 12:11:01 --> Session: Class initialized using 'CodeIgniter\Session\Handlers\FileHandler' driver.
INFO - 2024-05-19 12:11:01 --> Session: Class initialized using 'CodeIgniter\Session\Handlers\FileHandler' driver.
INFO - 2024-05-19 12:11:03 --> Session: Class initialized using 'CodeIgniter\Session\Handlers\FileHandler' driver.
INFO - 2024-05-19 12:11:05 --> Session: Class initialized using 'CodeIgniter\Session\Handlers\FileHandler' driver.
INFO - 2024-05-19 12:11:06 --> Session: Class initialized using 'CodeIgniter\Session\Handlers\FileHandler' driver.
INFO - 2024-05-19 12:11:25 --> Session: Class initialized using 'CodeIgniter\Session\Handlers\FileHandler' driver.
INFO - 2024-05-19 13:16:40 --> Session: Class initialized using 'CodeIgniter\Session\Handlers\FileHandler' driver.
INFO - 2024-05-19 13:16:42 --> Session: Class initialized using 'CodeIgniter\Session\Handlers\FileHandler' driver.
INFO - 2024-05-19 13:16:45 --> Session: Class initialized using 'CodeIgniter\Session\Handlers\FileHandler' driver.
INFO - 2024-05-19 13:16:51 --> Session: Class initialized using 'CodeIgniter\Session\Handlers\FileHandler' driver.
INFO - 2024-05-19 13:16:58 --> Session: Class initialized using 'CodeIgniter\Session\Handlers\FileHandler' driver.
INFO - 2024-05-19 13:17:41 --> Session: Class initialized using 'CodeIgniter\Session\Handlers\FileHandler' driver.
INFO - 2024-05-19 13:17:42 --> Session: Class initialized using 'CodeIgniter\Session\Handlers\FileHandler' driver.
INFO - 2024-05-19 13:18:02 --> Session: Class initialized using 'CodeIgniter\Session\Handlers\FileHandler' driver.
INFO - 2024-05-19 13:18:58 --> Session: Class initialized using 'CodeIgniter\Session\Handlers\FileHandler' driver.
INFO - 2024-05-19 13:25:49 --> Session: Class initialized using 'CodeIgniter\Session\Handlers\FileHandler' driver.
INFO - 2024-05-19 13:26:15 --> Session: Class initialized using 'CodeIgniter\Session\Handlers\FileHandler' driver.
INFO - 2024-05-19 13:26:16 --> Session: Class initialized using 'CodeIgniter\Session\Handlers\FileHandler' driver.
INFO - 2024-05-19 13:26:44 --> Session: Class initialized using 'CodeIgniter\Session\Handlers\FileHandler' driver.
INFO - 2024-05-19 13:26:56 --> Session: Class initialized using 'CodeIgniter\Session\Handlers\FileHandler' driver.
INFO - 2024-05-19 13:27:24 --> Session: Class initialized using 'CodeIgniter\Session\Handlers\FileHandler' driver.
INFO - 2024-05-19 13:27:39 --> Session: Class initialized using 'CodeIgniter\Session\Handlers\FileHandler' driver.
INFO - 2024-05-19 13:27:49 --> Session: Class initialized using 'CodeIgniter\Session\Handlers\FileHandler' driver.
INFO - 2024-05-19 13:28:18 --> Session: Class initialized using 'CodeIgniter\Session\Handlers\FileHandler' driver.
INFO - 2024-05-19 13:29:48 --> Session: Class initialized using 'CodeIgniter\Session\Handlers\FileHandler' driver.
INFO - 2024-05-19 13:29:56 --> Session: Class initialized using 'CodeIgniter\Session\Handlers\FileHandler' driver.
INFO - 2024-05-19 13:30:21 --> Session: Class initialized using 'CodeIgniter\Session\Handlers\FileHandler' driver.
INFO - 2024-05-19 13:30:36 --> Session: Class initialized using 'CodeIgniter\Session\Handlers\FileHandler' driver.
INFO - 2024-05-19 13:30:59 --> Session: Class initialized using 'CodeIgniter\Session\Handlers\FileHandler' driver.
INFO - 2024-05-19 13:31:43 --> Session: Class initialized using 'CodeIgniter\Session\Handlers\FileHandler' driver.
INFO - 2024-05-19 13:32:49 --> Session: Class initialized using 'CodeIgniter\Session\Handlers\FileHandler' driver.
INFO - 2024-05-19 13:32:55 --> Session: Class initialized using 'CodeIgniter\Session\Handlers\FileHandler' driver.
INFO - 2024-05-19 13:34:05 --> Session: Class initialized using 'CodeIgniter\Session\Handlers\FileHandler' driver.
INFO - 2024-05-19 13:34:11 --> Session: Class initialized using 'CodeIgniter\Session\Handlers\FileHandler' driver.
INFO - 2024-05-19 13:34:19 --> Session: Class initialized using 'CodeIgniter\Session\Handlers\FileHandler' driver.
INFO - 2024-05-19 13:34:21 --> Session: Class initialized using 'CodeIgniter\Session\Handlers\FileHandler' driver.
INFO - 2024-05-19 13:35:12 --> Session: Class initialized using 'CodeIgniter\Session\Handlers\FileHandler' driver.
INFO - 2024-05-19 13:40:11 --> Session: Class initialized using 'CodeIgniter\Session\Handlers\FileHandler' driver.
INFO - 2024-05-19 13:40:13 --> Session: Class initialized using 'CodeIgniter\Session\Handlers\FileHandler' driver.
INFO - 2024-05-19 13:48:48 --> Session: Class initialized using 'CodeIgniter\Session\Handlers\FileHandler' driver.
INFO - 2024-05-19 13:50:09 --> Session: Class initialized using 'CodeIgniter\Session\Handlers\FileHandler' driver.
INFO - 2024-05-19 13:50:27 --> Session: Class initialized using 'CodeIgniter\Session\Handlers\FileHandler' driver.
INFO - 2024-05-19 13:51:15 --> Session: Class initialized using 'CodeIgniter\Session\Handlers\FileHandler' driver.
INFO - 2024-05-19 13:51:33 --> Session: Class initialized using 'CodeIgniter\Session\Handlers\FileHandler' driver.
INFO - 2024-05-19 13:51:42 --> Session: Class initialized using 'CodeIgniter\Session\Handlers\FileHandler' driver.
INFO - 2024-05-19 13:52:34 --> Session: Class initialized using 'CodeIgniter\Session\Handlers\FileHandler' driver.
INFO - 2024-05-19 13:52:49 --> Session: Class initialized using 'CodeIgniter\Session\Handlers\FileHandler' driver.
INFO - 2024-05-19 13:53:13 --> Session: Class initialized using 'CodeIgniter\Session\Handlers\FileHandler' driver.
INFO - 2024-05-19 13:54:11 --> Session: Class initialized using 'CodeIgniter\Session\Handlers\FileHandler' driver.
INFO - 2024-05-19 13:56:26 --> Session: Class initialized using 'CodeIgniter\Session\Handlers\FileHandler' driver.
INFO - 2024-05-19 13:56:51 --> Session: Class initialized using 'CodeIgniter\Session\Handlers\FileHandler' driver.
INFO - 2024-05-19 13:57:06 --> Session: Class initialized using 'CodeIgniter\Session\Handlers\FileHandler' driver.
INFO - 2024-05-19 13:57:23 --> Session: Class initialized using 'CodeIgniter\Session\Handlers\FileHandler' driver.
INFO - 2024-05-19 13:57:38 --> Session: Class initialized using 'CodeIgniter\Session\Handlers\FileHandler' driver.
INFO - 2024-05-19 14:00:27 --> Session: Class initialized using 'CodeIgniter\Session\Handlers\FileHandler' driver.
INFO - 2024-05-19 14:01:41 --> Session: Class initialized using 'CodeIgniter\Session\Handlers\FileHandler' driver.
INFO - 2024-05-19 14:01:59 --> Session: Class initialized using 'CodeIgniter\Session\Handlers\FileHandler' driver.
INFO - 2024-05-19 14:02:31 --> Session: Class initialized using 'CodeIgniter\Session\Handlers\FileHandler' driver.
INFO - 2024-05-19 14:02:45 --> Session: Class initialized using 'CodeIgniter\Session\Handlers\FileHandler' driver.
INFO - 2024-05-19 14:05:06 --> Session: Class initialized using 'CodeIgniter\Session\Handlers\FileHandler' driver.
INFO - 2024-05-19 14:05:08 --> Session: Class initialized using 'CodeIgniter\Session\Handlers\FileHandler' driver.
INFO - 2024-05-19 14:05:11 --> Session: Class initialized using 'CodeIgniter\Session\Handlers\FileHandler' driver.
INFO - 2024-05-19 14:05:12 --> Session: Class initialized using 'CodeIgniter\Session\Handlers\FileHandler' driver.
INFO - 2024-05-19 14:05:23 --> Session: Class initialized using 'CodeIgniter\Session\Handlers\FileHandler' driver.
INFO - 2024-05-19 14:05:34 --> Session: Class initialized using 'CodeIgniter\Session\Handlers\FileHandler' driver.
INFO - 2024-05-19 14:05:46 --> Session: Class initialized using 'CodeIgniter\Session\Handlers\FileHandler' driver.
INFO - 2024-05-19 14:05:55 --> Session: Class initialized using 'CodeIgniter\Session\Handlers\FileHandler' driver.
INFO - 2024-05-19 14:06:09 --> Session: Class initialized using 'CodeIgniter\Session\Handlers\FileHandler' driver.
INFO - 2024-05-19 14:06:19 --> Session: Class initialized using 'CodeIgniter\Session\Handlers\FileHandler' driver.
INFO - 2024-05-19 14:06:30 --> Session: Class initialized using 'CodeIgniter\Session\Handlers\FileHandler' driver.
INFO - 2024-05-19 14:06:47 --> Session: Class initialized using 'CodeIgniter\Session\Handlers\FileHandler' driver.
INFO - 2024-05-19 14:07:07 --> Session: Class initialized using 'CodeIgniter\Session\Handlers\FileHandler' driver.
INFO - 2024-05-19 14:07:17 --> Session: Class initialized using 'CodeIgniter\Session\Handlers\FileHandler' driver.
INFO - 2024-05-19 14:07:22 --> Session: Class initialized using 'CodeIgniter\Session\Handlers\FileHandler' driver.
INFO - 2024-05-19 14:09:30 --> Session: Class initialized using 'CodeIgniter\Session\Handlers\FileHandler' driver.
INFO - 2024-05-19 14:09:44 --> Session: Class initialized using 'CodeIgniter\Session\Handlers\FileHandler' driver.
INFO - 2024-05-19 14:09:47 --> Session: Class initialized using 'CodeIgniter\Session\Handlers\FileHandler' driver.
