INFO - 2024-04-27 00:13:14 --> Session: Class initialized using 'CodeIgniter\Session\Handlers\FileHandler' driver.
INFO - 2024-04-27 00:13:14 --> Session: Class initialized using 'CodeIgniter\Session\Handlers\FileHandler' driver.
INFO - 2024-04-27 00:13:25 --> Session: Class initialized using 'CodeIgniter\Session\Handlers\FileHandler' driver.
INFO - 2024-04-27 00:13:25 --> Session: Class initialized using 'CodeIgniter\Session\Handlers\FileHandler' driver.
INFO - 2024-04-27 00:18:57 --> Session: Class initialized using 'CodeIgniter\Session\Handlers\FileHandler' driver.
INFO - 2024-04-27 00:30:54 --> Session: Class initialized using 'CodeIgniter\Session\Handlers\FileHandler' driver.
INFO - 2024-04-27 00:31:17 --> Session: Class initialized using 'CodeIgniter\Session\Handlers\FileHandler' driver.
INFO - 2024-04-27 00:31:50 --> Session: Class initialized using 'CodeIgniter\Session\Handlers\FileHandler' driver.
INFO - 2024-04-27 00:31:59 --> Session: Class initialized using 'CodeIgniter\Session\Handlers\FileHandler' driver.
INFO - 2024-04-27 00:32:09 --> Session: Class initialized using 'CodeIgniter\Session\Handlers\FileHandler' driver.
INFO - 2024-04-27 00:32:22 --> Session: Class initialized using 'CodeIgniter\Session\Handlers\FileHandler' driver.
INFO - 2024-04-27 00:32:32 --> Session: Class initialized using 'CodeIgniter\Session\Handlers\FileHandler' driver.
INFO - 2024-04-27 00:32:43 --> Session: Class initialized using 'CodeIgniter\Session\Handlers\FileHandler' driver.
INFO - 2024-04-27 00:38:06 --> Session: Class initialized using 'CodeIgniter\Session\Handlers\FileHandler' driver.
INFO - 2024-04-27 00:38:06 --> Session: Class initialized using 'CodeIgniter\Session\Handlers\FileHandler' driver.
INFO - 2024-04-27 00:38:16 --> Session: Class initialized using 'CodeIgniter\Session\Handlers\FileHandler' driver.
INFO - 2024-04-27 00:38:16 --> Session: Class initialized using 'CodeIgniter\Session\Handlers\FileHandler' driver.
INFO - 2024-04-27 00:38:17 --> Session: Class initialized using 'CodeIgniter\Session\Handlers\FileHandler' driver.
INFO - 2024-04-27 00:38:22 --> Session: Class initialized using 'CodeIgniter\Session\Handlers\FileHandler' driver.
INFO - 2024-04-27 00:44:37 --> Session: Class initialized using 'CodeIgniter\Session\Handlers\FileHandler' driver.
INFO - 2024-04-27 00:48:17 --> Session: Class initialized using 'CodeIgniter\Session\Handlers\FileHandler' driver.
INFO - 2024-04-27 00:48:17 --> Session: Class initialized using 'CodeIgniter\Session\Handlers\FileHandler' driver.
INFO - 2024-04-27 00:48:29 --> Session: Class initialized using 'CodeIgniter\Session\Handlers\FileHandler' driver.
INFO - 2024-04-27 00:48:29 --> Session: Class initialized using 'CodeIgniter\Session\Handlers\FileHandler' driver.
INFO - 2024-04-27 00:49:25 --> Session: Class initialized using 'CodeIgniter\Session\Handlers\FileHandler' driver.
INFO - 2024-04-27 00:50:02 --> Session: Class initialized using 'CodeIgniter\Session\Handlers\FileHandler' driver.
INFO - 2024-04-27 00:50:03 --> Session: Class initialized using 'CodeIgniter\Session\Handlers\FileHandler' driver.
INFO - 2024-04-27 00:53:43 --> Session: Class initialized using 'CodeIgniter\Session\Handlers\FileHandler' driver.
INFO - 2024-04-27 00:53:46 --> Session: Class initialized using 'CodeIgniter\Session\Handlers\FileHandler' driver.
INFO - 2024-04-27 01:15:32 --> Session: Class initialized using 'CodeIgniter\Session\Handlers\FileHandler' driver.
INFO - 2024-04-27 01:15:32 --> Session: Class initialized using 'CodeIgniter\Session\Handlers\FileHandler' driver.
INFO - 2024-04-27 01:15:43 --> Session: Class initialized using 'CodeIgniter\Session\Handlers\FileHandler' driver.
INFO - 2024-04-27 01:15:43 --> Session: Class initialized using 'CodeIgniter\Session\Handlers\FileHandler' driver.
INFO - 2024-04-27 01:48:18 --> Session: Class initialized using 'CodeIgniter\Session\Handlers\FileHandler' driver.
INFO - 2024-04-27 01:48:30 --> Session: Class initialized using 'CodeIgniter\Session\Handlers\FileHandler' driver.
INFO - 2024-04-27 01:48:38 --> Session: Class initialized using 'CodeIgniter\Session\Handlers\FileHandler' driver.
INFO - 2024-04-27 01:48:39 --> Session: Class initialized using 'CodeIgniter\Session\Handlers\FileHandler' driver.
INFO - 2024-04-27 01:49:43 --> Session: Class initialized using 'CodeIgniter\Session\Handlers\FileHandler' driver.
INFO - 2024-04-27 01:50:13 --> Session: Class initialized using 'CodeIgniter\Session\Handlers\FileHandler' driver.
INFO - 2024-04-27 01:50:21 --> Session: Class initialized using 'CodeIgniter\Session\Handlers\FileHandler' driver.
INFO - 2024-04-27 01:52:43 --> Session: Class initialized using 'CodeIgniter\Session\Handlers\FileHandler' driver.
INFO - 2024-04-27 01:52:55 --> Session: Class initialized using 'CodeIgniter\Session\Handlers\FileHandler' driver.
INFO - 2024-04-27 01:53:01 --> Session: Class initialized using 'CodeIgniter\Session\Handlers\FileHandler' driver.
INFO - 2024-04-27 01:53:50 --> Session: Class initialized using 'CodeIgniter\Session\Handlers\FileHandler' driver.
INFO - 2024-04-27 01:53:58 --> Session: Class initialized using 'CodeIgniter\Session\Handlers\FileHandler' driver.
INFO - 2024-04-27 01:54:33 --> Session: Class initialized using 'CodeIgniter\Session\Handlers\FileHandler' driver.
INFO - 2024-04-27 01:54:33 --> Session: Class initialized using 'CodeIgniter\Session\Handlers\FileHandler' driver.
INFO - 2024-04-27 01:54:59 --> Session: Class initialized using 'CodeIgniter\Session\Handlers\FileHandler' driver.
INFO - 2024-04-27 01:55:22 --> Session: Class initialized using 'CodeIgniter\Session\Handlers\FileHandler' driver.
INFO - 2024-04-27 01:58:01 --> Session: Class initialized using 'CodeIgniter\Session\Handlers\FileHandler' driver.
INFO - 2024-04-27 01:59:15 --> Session: Class initialized using 'CodeIgniter\Session\Handlers\FileHandler' driver.
INFO - 2024-04-27 01:59:37 --> Session: Class initialized using 'CodeIgniter\Session\Handlers\FileHandler' driver.
INFO - 2024-04-27 01:59:54 --> Session: Class initialized using 'CodeIgniter\Session\Handlers\FileHandler' driver.
INFO - 2024-04-27 02:00:18 --> Session: Class initialized using 'CodeIgniter\Session\Handlers\FileHandler' driver.
INFO - 2024-04-27 02:00:42 --> Session: Class initialized using 'CodeIgniter\Session\Handlers\FileHandler' driver.
INFO - 2024-04-27 02:01:52 --> Session: Class initialized using 'CodeIgniter\Session\Handlers\FileHandler' driver.
INFO - 2024-04-27 02:13:17 --> Session: Class initialized using 'CodeIgniter\Session\Handlers\FileHandler' driver.
INFO - 2024-04-27 02:13:33 --> Session: Class initialized using 'CodeIgniter\Session\Handlers\FileHandler' driver.
INFO - 2024-04-27 02:14:05 --> Session: Class initialized using 'CodeIgniter\Session\Handlers\FileHandler' driver.
INFO - 2024-04-27 02:17:13 --> Session: Class initialized using 'CodeIgniter\Session\Handlers\FileHandler' driver.
INFO - 2024-04-27 02:19:37 --> Session: Class initialized using 'CodeIgniter\Session\Handlers\FileHandler' driver.
INFO - 2024-04-27 02:19:50 --> Session: Class initialized using 'CodeIgniter\Session\Handlers\FileHandler' driver.
INFO - 2024-04-27 02:20:43 --> Session: Class initialized using 'CodeIgniter\Session\Handlers\FileHandler' driver.
INFO - 2024-04-27 02:29:10 --> Session: Class initialized using 'CodeIgniter\Session\Handlers\FileHandler' driver.
INFO - 2024-04-27 02:29:26 --> Session: Class initialized using 'CodeIgniter\Session\Handlers\FileHandler' driver.
INFO - 2024-04-27 02:29:29 --> Session: Class initialized using 'CodeIgniter\Session\Handlers\FileHandler' driver.
INFO - 2024-04-27 02:29:29 --> Session: Class initialized using 'CodeIgniter\Session\Handlers\FileHandler' driver.
ERROR - 2024-04-27 02:29:29 --> mysqli_sql_exception: Illegal mix of collations (utf8mb4_general_ci,IMPLICIT) and (utf8_general_ci,COERCIBLE) for operation '=' in /Applications/XAMPP/xamppfiles/htdocs/ami/system/Database/MySQLi/Connection.php:306
Stack trace:
#0 /Applications/XAMPP/xamppfiles/htdocs/ami/system/Database/MySQLi/Connection.php(306): mysqli->query('SELECT *\nFROM `...', 0)
#1 /Applications/XAMPP/xamppfiles/htdocs/ami/system/Database/BaseConnection.php(693): CodeIgniter\Database\MySQLi\Connection->execute('SELECT *\nFROM `...')
#2 /Applications/XAMPP/xamppfiles/htdocs/ami/system/Database/BaseConnection.php(607): CodeIgniter\Database\BaseConnection->simpleQuery('SELECT *\nFROM `...')
#3 /Applications/XAMPP/xamppfiles/htdocs/ami/system/Database/BaseBuilder.php(1615): CodeIgniter\Database\BaseConnection->query('SELECT *\nFROM `...', Array, false)
#4 /Applications/XAMPP/xamppfiles/htdocs/ami/system/Model.php(871): CodeIgniter\Database\BaseBuilder->get()
#5 /Applications/XAMPP/xamppfiles/htdocs/ami/app/Models/Admin/UpaModel.php(41): CodeIgniter\Model->__call('get', Array)
#6 /Applications/XAMPP/xamppfiles/htdocs/ami/app/Controllers/AdminMaster.php(357): App\Models\Admin\UpaModel->getUpaById('j\xCB\x1E\xB6')
#7 /Applications/XAMPP/xamppfiles/htdocs/ami/system/CodeIgniter.php(942): App\Controllers\AdminMaster->editUpa('assets', 'vendors', 'chartjs', 'Chart.min.css')
#8 /Applications/XAMPP/xamppfiles/htdocs/ami/system/CodeIgniter.php(502): CodeIgniter\CodeIgniter->runController(Object(App\Controllers\AdminMaster))
#9 /Applications/XAMPP/xamppfiles/htdocs/ami/system/CodeIgniter.php(361): CodeIgniter\CodeIgniter->handleRequest(NULL, Object(Config\Cache), false)
#10 /Applications/XAMPP/xamppfiles/htdocs/ami/public/index.php(79): CodeIgniter\CodeIgniter->run()
#11 /Applications/XAMPP/xamppfiles/htdocs/ami/system/Commands/Server/rewrite.php(47): require_once('/Applications/X...')
#12 {main}
CRITICAL - 2024-04-27 02:29:29 --> Illegal mix of collations (utf8mb4_general_ci,IMPLICIT) and (utf8_general_ci,COERCIBLE) for operation '='
in SYSTEMPATH/Database/BaseConnection.php on line 647.
 1 SYSTEMPATH/Database/BaseBuilder.php(1615): CodeIgniter\Database\BaseConnection->query('SELECT *
FROM `upa`
WHERE `id` = :id:', [...], false)
 2 SYSTEMPATH/Model.php(871): CodeIgniter\Database\BaseBuilder->get()
 3 APPPATH/Models/Admin/UpaModel.php(41): CodeIgniter\Model->__call('get', [])
 4 APPPATH/Controllers/AdminMaster.php(357): App\Models\Admin\UpaModel->getUpaById('jÀ∂')
 5 SYSTEMPATH/CodeIgniter.php(942): App\Controllers\AdminMaster->editUpa('assets', 'vendors', 'chartjs', 'Chart.min.css')
 6 SYSTEMPATH/CodeIgniter.php(502): CodeIgniter\CodeIgniter->runController(Object(App\Controllers\AdminMaster))
 7 SYSTEMPATH/CodeIgniter.php(361): CodeIgniter\CodeIgniter->handleRequest(null, Object(Config\Cache), false)
 8 FCPATH/index.php(79): CodeIgniter\CodeIgniter->run()
 9 SYSTEMPATH/Commands/Server/rewrite.php(47): require_once('/Applications/XAMPP/xamppfiles/htdocs/ami/public/index.php')
CRITICAL - 2024-04-27 02:29:29 --> Uncaught CodeIgniter\Format\Exceptions\FormatException: Failed to parse JSON string. Error: Malformed UTF-8 characters, possibly incorrectly encoded in /Applications/XAMPP/xamppfiles/htdocs/ami/system/Format/JSONFormatter.php:43
Stack trace:
#0 /Applications/XAMPP/xamppfiles/htdocs/ami/system/Format/JSONFormatter.php(43): CodeIgniter\Format\Exceptions\FormatException::forInvalidJSON('Malformed UTF-8...')
#1 /Applications/XAMPP/xamppfiles/htdocs/ami/system/API/ResponseTrait.php(345): CodeIgniter\Format\JSONFormatter->format(Array)
#2 /Applications/XAMPP/xamppfiles/htdocs/ami/system/API/ResponseTrait.php(98): CodeIgniter\Debug\ExceptionHandler->format(Array)
#3 /Applications/XAMPP/xamppfiles/htdocs/ami/system/Debug/ExceptionHandler.php(81): CodeIgniter\Debug\ExceptionHandler->respond(Array, 500)
#4 /Applications/XAMPP/xamppfiles/htdocs/ami/system/Debug/Exceptions.php(149): CodeIgniter\Debug\ExceptionHandler->handle(Object(mysqli_sql_exception), Object(CodeIgniter\HTTP\IncomingRequest), Object(CodeIgniter\HTTP\Response), 500, 8)
#5 [internal function]: CodeIgniter\Debug\Exceptions->exceptionHandler(Object(mysqli_sql_exception))
#6 {main}
  thrown
„ÄêPrevious Exception„Äë
CodeIgniter\Database\Exceptions\DatabaseException
Illegal mix of collations (utf8mb4_general_ci,IMPLICIT) and (utf8_general_ci,COERCIBLE) for operation '='
#0 /Applications/XAMPP/xamppfiles/htdocs/ami/system/Database/BaseBuilder.php(1615): CodeIgniter\Database\BaseConnection->query('SELECT *\nFROM `...', Array, false)
#1 /Applications/XAMPP/xamppfiles/htdocs/ami/system/Model.php(871): CodeIgniter\Database\BaseBuilder->get()
#2 /Applications/XAMPP/xamppfiles/htdocs/ami/app/Models/Admin/UpaModel.php(41): CodeIgniter\Model->__call('get', Array)
#3 /Applications/XAMPP/xamppfiles/htdocs/ami/app/Controllers/AdminMaster.php(357): App\Models\Admin\UpaModel->getUpaById('j\xCB\x1E\xB6')
#4 /Applications/XAMPP/xamppfiles/htdocs/ami/system/CodeIgniter.php(942): App\Controllers\AdminMaster->editUpa('assets', 'vendors', 'chartjs', 'Chart.min.css')
#5 /Applications/XAMPP/xamppfiles/htdocs/ami/system/CodeIgniter.php(502): CodeIgniter\CodeIgniter->runController(Object(App\Controllers\AdminMaster))
#6 /Applications/XAMPP/xamppfiles/htdocs/ami/system/CodeIgniter.php(361): CodeIgniter\CodeIgniter->handleRequest(NULL, Object(Config\Cache), false)
#7 /Applications/XAMPP/xamppfiles/htdocs/ami/public/index.php(79): CodeIgniter\CodeIgniter->run()
#8 /Applications/XAMPP/xamppfiles/htdocs/ami/system/Commands/Server/rewrite.php(47): require_once('/Applications/X...')
#9 {main}
in SYSTEMPATH/Format/JSONFormatter.php on line 43.
 1 [internal function]: CodeIgniter\Debug\Exceptions->shutdownHandler()
INFO - 2024-04-27 02:29:41 --> Session: Class initialized using 'CodeIgniter\Session\Handlers\FileHandler' driver.
INFO - 2024-04-27 02:29:42 --> Session: Class initialized using 'CodeIgniter\Session\Handlers\FileHandler' driver.
INFO - 2024-04-27 02:29:42 --> Session: Class initialized using 'CodeIgniter\Session\Handlers\FileHandler' driver.
ERROR - 2024-04-27 02:29:42 --> mysqli_sql_exception: Illegal mix of collations (utf8mb4_general_ci,IMPLICIT) and (utf8_general_ci,COERCIBLE) for operation '=' in /Applications/XAMPP/xamppfiles/htdocs/ami/system/Database/MySQLi/Connection.php:306
Stack trace:
#0 /Applications/XAMPP/xamppfiles/htdocs/ami/system/Database/MySQLi/Connection.php(306): mysqli->query('SELECT *\nFROM `...', 0)
#1 /Applications/XAMPP/xamppfiles/htdocs/ami/system/Database/BaseConnection.php(693): CodeIgniter\Database\MySQLi\Connection->execute('SELECT *\nFROM `...')
#2 /Applications/XAMPP/xamppfiles/htdocs/ami/system/Database/BaseConnection.php(607): CodeIgniter\Database\BaseConnection->simpleQuery('SELECT *\nFROM `...')
#3 /Applications/XAMPP/xamppfiles/htdocs/ami/system/Database/BaseBuilder.php(1615): CodeIgniter\Database\BaseConnection->query('SELECT *\nFROM `...', Array, false)
#4 /Applications/XAMPP/xamppfiles/htdocs/ami/system/Model.php(871): CodeIgniter\Database\BaseBuilder->get()
#5 /Applications/XAMPP/xamppfiles/htdocs/ami/app/Models/Admin/AuditorModel.php(44): CodeIgniter\Model->__call('get', Array)
#6 /Applications/XAMPP/xamppfiles/htdocs/ami/app/Controllers/AdminMaster.php(809): App\Models\Admin\AuditorModel->getAuditorById('j\xCB\x1E\xB6')
#7 /Applications/XAMPP/xamppfiles/htdocs/ami/system/CodeIgniter.php(942): App\Controllers\AdminMaster->editAuditor('assets', 'vendors', 'chartjs', 'Chart.min.css')
#8 /Applications/XAMPP/xamppfiles/htdocs/ami/system/CodeIgniter.php(502): CodeIgniter\CodeIgniter->runController(Object(App\Controllers\AdminMaster))
#9 /Applications/XAMPP/xamppfiles/htdocs/ami/system/CodeIgniter.php(361): CodeIgniter\CodeIgniter->handleRequest(NULL, Object(Config\Cache), false)
#10 /Applications/XAMPP/xamppfiles/htdocs/ami/public/index.php(79): CodeIgniter\CodeIgniter->run()
#11 /Applications/XAMPP/xamppfiles/htdocs/ami/system/Commands/Server/rewrite.php(47): require_once('/Applications/X...')
#12 {main}
CRITICAL - 2024-04-27 02:29:42 --> Illegal mix of collations (utf8mb4_general_ci,IMPLICIT) and (utf8_general_ci,COERCIBLE) for operation '='
in SYSTEMPATH/Database/BaseConnection.php on line 647.
 1 SYSTEMPATH/Database/BaseBuilder.php(1615): CodeIgniter\Database\BaseConnection->query('SELECT *
FROM `auditor`
WHERE `id` = :id:', [...], false)
 2 SYSTEMPATH/Model.php(871): CodeIgniter\Database\BaseBuilder->get()
 3 APPPATH/Models/Admin/AuditorModel.php(44): CodeIgniter\Model->__call('get', [])
 4 APPPATH/Controllers/AdminMaster.php(809): App\Models\Admin\AuditorModel->getAuditorById('jÀ∂')
 5 SYSTEMPATH/CodeIgniter.php(942): App\Controllers\AdminMaster->editAuditor('assets', 'vendors', 'chartjs', 'Chart.min.css')
 6 SYSTEMPATH/CodeIgniter.php(502): CodeIgniter\CodeIgniter->runController(Object(App\Controllers\AdminMaster))
 7 SYSTEMPATH/CodeIgniter.php(361): CodeIgniter\CodeIgniter->handleRequest(null, Object(Config\Cache), false)
 8 FCPATH/index.php(79): CodeIgniter\CodeIgniter->run()
 9 SYSTEMPATH/Commands/Server/rewrite.php(47): require_once('/Applications/XAMPP/xamppfiles/htdocs/ami/public/index.php')
CRITICAL - 2024-04-27 02:29:42 --> Uncaught CodeIgniter\Format\Exceptions\FormatException: Failed to parse JSON string. Error: Malformed UTF-8 characters, possibly incorrectly encoded in /Applications/XAMPP/xamppfiles/htdocs/ami/system/Format/JSONFormatter.php:43
Stack trace:
#0 /Applications/XAMPP/xamppfiles/htdocs/ami/system/Format/JSONFormatter.php(43): CodeIgniter\Format\Exceptions\FormatException::forInvalidJSON('Malformed UTF-8...')
#1 /Applications/XAMPP/xamppfiles/htdocs/ami/system/API/ResponseTrait.php(345): CodeIgniter\Format\JSONFormatter->format(Array)
#2 /Applications/XAMPP/xamppfiles/htdocs/ami/system/API/ResponseTrait.php(98): CodeIgniter\Debug\ExceptionHandler->format(Array)
#3 /Applications/XAMPP/xamppfiles/htdocs/ami/system/Debug/ExceptionHandler.php(81): CodeIgniter\Debug\ExceptionHandler->respond(Array, 500)
#4 /Applications/XAMPP/xamppfiles/htdocs/ami/system/Debug/Exceptions.php(149): CodeIgniter\Debug\ExceptionHandler->handle(Object(mysqli_sql_exception), Object(CodeIgniter\HTTP\IncomingRequest), Object(CodeIgniter\HTTP\Response), 500, 8)
#5 [internal function]: CodeIgniter\Debug\Exceptions->exceptionHandler(Object(mysqli_sql_exception))
#6 {main}
  thrown
„ÄêPrevious Exception„Äë
CodeIgniter\Database\Exceptions\DatabaseException
Illegal mix of collations (utf8mb4_general_ci,IMPLICIT) and (utf8_general_ci,COERCIBLE) for operation '='
#0 /Applications/XAMPP/xamppfiles/htdocs/ami/system/Database/BaseBuilder.php(1615): CodeIgniter\Database\BaseConnection->query('SELECT *\nFROM `...', Array, false)
#1 /Applications/XAMPP/xamppfiles/htdocs/ami/system/Model.php(871): CodeIgniter\Database\BaseBuilder->get()
#2 /Applications/XAMPP/xamppfiles/htdocs/ami/app/Models/Admin/AuditorModel.php(44): CodeIgniter\Model->__call('get', Array)
#3 /Applications/XAMPP/xamppfiles/htdocs/ami/app/Controllers/AdminMaster.php(809): App\Models\Admin\AuditorModel->getAuditorById('j\xCB\x1E\xB6')
#4 /Applications/XAMPP/xamppfiles/htdocs/ami/system/CodeIgniter.php(942): App\Controllers\AdminMaster->editAuditor('assets', 'vendors', 'chartjs', 'Chart.min.css')
#5 /Applications/XAMPP/xamppfiles/htdocs/ami/system/CodeIgniter.php(502): CodeIgniter\CodeIgniter->runController(Object(App\Controllers\AdminMaster))
#6 /Applications/XAMPP/xamppfiles/htdocs/ami/system/CodeIgniter.php(361): CodeIgniter\CodeIgniter->handleRequest(NULL, Object(Config\Cache), false)
#7 /Applications/XAMPP/xamppfiles/htdocs/ami/public/index.php(79): CodeIgniter\CodeIgniter->run()
#8 /Applications/XAMPP/xamppfiles/htdocs/ami/system/Commands/Server/rewrite.php(47): require_once('/Applications/X...')
#9 {main}
in SYSTEMPATH/Format/JSONFormatter.php on line 43.
 1 [internal function]: CodeIgniter\Debug\Exceptions->shutdownHandler()
INFO - 2024-04-27 02:29:44 --> Session: Class initialized using 'CodeIgniter\Session\Handlers\FileHandler' driver.
INFO - 2024-04-27 02:32:00 --> Session: Class initialized using 'CodeIgniter\Session\Handlers\FileHandler' driver.
INFO - 2024-04-27 02:32:06 --> Session: Class initialized using 'CodeIgniter\Session\Handlers\FileHandler' driver.
INFO - 2024-04-27 02:32:06 --> Session: Class initialized using 'CodeIgniter\Session\Handlers\FileHandler' driver.
ERROR - 2024-04-27 02:32:06 --> mysqli_sql_exception: Illegal mix of collations (utf8mb4_general_ci,IMPLICIT) and (utf8_general_ci,COERCIBLE) for operation '=' in /Applications/XAMPP/xamppfiles/htdocs/ami/system/Database/MySQLi/Connection.php:306
Stack trace:
#0 /Applications/XAMPP/xamppfiles/htdocs/ami/system/Database/MySQLi/Connection.php(306): mysqli->query('SELECT *\nFROM `...', 0)
#1 /Applications/XAMPP/xamppfiles/htdocs/ami/system/Database/BaseConnection.php(693): CodeIgniter\Database\MySQLi\Connection->execute('SELECT *\nFROM `...')
#2 /Applications/XAMPP/xamppfiles/htdocs/ami/system/Database/BaseConnection.php(607): CodeIgniter\Database\BaseConnection->simpleQuery('SELECT *\nFROM `...')
#3 /Applications/XAMPP/xamppfiles/htdocs/ami/system/Database/BaseBuilder.php(1615): CodeIgniter\Database\BaseConnection->query('SELECT *\nFROM `...', Array, false)
#4 /Applications/XAMPP/xamppfiles/htdocs/ami/system/Model.php(237): CodeIgniter\Database\BaseBuilder->get()
#5 /Applications/XAMPP/xamppfiles/htdocs/ami/system/BaseModel.php(624): CodeIgniter\Model->doFindAll(0, 0)
#6 /Applications/XAMPP/xamppfiles/htdocs/ami/app/Models/Admin/StandarModel.php(22): CodeIgniter\BaseModel->findAll()
#7 /Applications/XAMPP/xamppfiles/htdocs/ami/app/Controllers/AdminAreaAudit.php(178): App\Models\Admin\StandarModel->getAllStandar('j\xCB\x1E\xB6')
#8 /Applications/XAMPP/xamppfiles/htdocs/ami/system/CodeIgniter.php(942): App\Controllers\AdminAreaAudit->Standar('assets', 'vendors', 'chartjs', 'Chart.min.css')
#9 /Applications/XAMPP/xamppfiles/htdocs/ami/system/CodeIgniter.php(502): CodeIgniter\CodeIgniter->runController(Object(App\Controllers\AdminAreaAudit))
#10 /Applications/XAMPP/xamppfiles/htdocs/ami/system/CodeIgniter.php(361): CodeIgniter\CodeIgniter->handleRequest(NULL, Object(Config\Cache), false)
#11 /Applications/XAMPP/xamppfiles/htdocs/ami/public/index.php(79): CodeIgniter\CodeIgniter->run()
#12 /Applications/XAMPP/xamppfiles/htdocs/ami/system/Commands/Server/rewrite.php(47): require_once('/Applications/X...')
#13 {main}
CRITICAL - 2024-04-27 02:32:06 --> Illegal mix of collations (utf8mb4_general_ci,IMPLICIT) and (utf8_general_ci,COERCIBLE) for operation '='
in SYSTEMPATH/Database/BaseConnection.php on line 647.
 1 SYSTEMPATH/Database/BaseBuilder.php(1615): CodeIgniter\Database\BaseConnection->query('SELECT *
FROM `standar`
WHERE `area_audit_id` = :area_audit_id:
ORDER BY `urutan` ASC', [...], false)
 2 SYSTEMPATH/Model.php(237): CodeIgniter\Database\BaseBuilder->get()
 3 SYSTEMPATH/BaseModel.php(624): CodeIgniter\Model->doFindAll(0, 0)
 4 APPPATH/Models/Admin/StandarModel.php(22): CodeIgniter\BaseModel->findAll()
 5 APPPATH/Controllers/AdminAreaAudit.php(178): App\Models\Admin\StandarModel->getAllStandar('jÀ∂')
 6 SYSTEMPATH/CodeIgniter.php(942): App\Controllers\AdminAreaAudit->Standar('assets', 'vendors', 'chartjs', 'Chart.min.css')
 7 SYSTEMPATH/CodeIgniter.php(502): CodeIgniter\CodeIgniter->runController(Object(App\Controllers\AdminAreaAudit))
 8 SYSTEMPATH/CodeIgniter.php(361): CodeIgniter\CodeIgniter->handleRequest(null, Object(Config\Cache), false)
 9 FCPATH/index.php(79): CodeIgniter\CodeIgniter->run()
10 SYSTEMPATH/Commands/Server/rewrite.php(47): require_once('/Applications/XAMPP/xamppfiles/htdocs/ami/public/index.php')
CRITICAL - 2024-04-27 02:32:06 --> Uncaught CodeIgniter\Format\Exceptions\FormatException: Failed to parse JSON string. Error: Malformed UTF-8 characters, possibly incorrectly encoded in /Applications/XAMPP/xamppfiles/htdocs/ami/system/Format/JSONFormatter.php:43
Stack trace:
#0 /Applications/XAMPP/xamppfiles/htdocs/ami/system/Format/JSONFormatter.php(43): CodeIgniter\Format\Exceptions\FormatException::forInvalidJSON('Malformed UTF-8...')
#1 /Applications/XAMPP/xamppfiles/htdocs/ami/system/API/ResponseTrait.php(345): CodeIgniter\Format\JSONFormatter->format(Array)
#2 /Applications/XAMPP/xamppfiles/htdocs/ami/system/API/ResponseTrait.php(98): CodeIgniter\Debug\ExceptionHandler->format(Array)
#3 /Applications/XAMPP/xamppfiles/htdocs/ami/system/Debug/ExceptionHandler.php(81): CodeIgniter\Debug\ExceptionHandler->respond(Array, 500)
#4 /Applications/XAMPP/xamppfiles/htdocs/ami/system/Debug/Exceptions.php(149): CodeIgniter\Debug\ExceptionHandler->handle(Object(mysqli_sql_exception), Object(CodeIgniter\HTTP\IncomingRequest), Object(CodeIgniter\HTTP\Response), 500, 8)
#5 [internal function]: CodeIgniter\Debug\Exceptions->exceptionHandler(Object(mysqli_sql_exception))
#6 {main}
  thrown
„ÄêPrevious Exception„Äë
CodeIgniter\Database\Exceptions\DatabaseException
Illegal mix of collations (utf8mb4_general_ci,IMPLICIT) and (utf8_general_ci,COERCIBLE) for operation '='
#0 /Applications/XAMPP/xamppfiles/htdocs/ami/system/Database/BaseBuilder.php(1615): CodeIgniter\Database\BaseConnection->query('SELECT *\nFROM `...', Array, false)
#1 /Applications/XAMPP/xamppfiles/htdocs/ami/system/Model.php(237): CodeIgniter\Database\BaseBuilder->get()
#2 /Applications/XAMPP/xamppfiles/htdocs/ami/system/BaseModel.php(624): CodeIgniter\Model->doFindAll(0, 0)
#3 /Applications/XAMPP/xamppfiles/htdocs/ami/app/Models/Admin/StandarModel.php(22): CodeIgniter\BaseModel->findAll()
#4 /Applications/XAMPP/xamppfiles/htdocs/ami/app/Controllers/AdminAreaAudit.php(178): App\Models\Admin\StandarModel->getAllStandar('j\xCB\x1E\xB6')
#5 /Applications/XAMPP/xamppfiles/htdocs/ami/system/CodeIgniter.php(942): App\Controllers\AdminAreaAudit->Standar('assets', 'vendors', 'chartjs', 'Chart.min.css')
#6 /Applications/XAMPP/xamppfiles/htdocs/ami/system/CodeIgniter.php(502): CodeIgniter\CodeIgniter->runController(Object(App\Controllers\AdminAreaAudit))
#7 /Applications/XAMPP/xamppfiles/htdocs/ami/system/CodeIgniter.php(361): CodeIgniter\CodeIgniter->handleRequest(NULL, Object(Config\Cache), false)
#8 /Applications/XAMPP/xamppfiles/htdocs/ami/public/index.php(79): CodeIgniter\CodeIgniter->run()
#9 /Applications/XAMPP/xamppfiles/htdocs/ami/system/Commands/Server/rewrite.php(47): require_once('/Applications/X...')
#10 {main}
in SYSTEMPATH/Format/JSONFormatter.php on line 43.
 1 [internal function]: CodeIgniter\Debug\Exceptions->shutdownHandler()
INFO - 2024-04-27 02:32:07 --> Session: Class initialized using 'CodeIgniter\Session\Handlers\FileHandler' driver.
INFO - 2024-04-27 02:32:07 --> Session: Class initialized using 'CodeIgniter\Session\Handlers\FileHandler' driver.
ERROR - 2024-04-27 02:32:07 --> mysqli_sql_exception: Illegal mix of collations (utf8mb4_general_ci,IMPLICIT) and (utf8_general_ci,COERCIBLE) for operation '=' in /Applications/XAMPP/xamppfiles/htdocs/ami/system/Database/MySQLi/Connection.php:306
Stack trace:
#0 /Applications/XAMPP/xamppfiles/htdocs/ami/system/Database/MySQLi/Connection.php(306): mysqli->query('SELECT *\nFROM `...', 0)
#1 /Applications/XAMPP/xamppfiles/htdocs/ami/system/Database/BaseConnection.php(693): CodeIgniter\Database\MySQLi\Connection->execute('SELECT *\nFROM `...')
#2 /Applications/XAMPP/xamppfiles/htdocs/ami/system/Database/BaseConnection.php(607): CodeIgniter\Database\BaseConnection->simpleQuery('SELECT *\nFROM `...')
#3 /Applications/XAMPP/xamppfiles/htdocs/ami/system/Database/BaseBuilder.php(1615): CodeIgniter\Database\BaseConnection->query('SELECT *\nFROM `...', Array, false)
#4 /Applications/XAMPP/xamppfiles/htdocs/ami/system/Model.php(237): CodeIgniter\Database\BaseBuilder->get()
#5 /Applications/XAMPP/xamppfiles/htdocs/ami/system/BaseModel.php(624): CodeIgniter\Model->doFindAll(0, 0)
#6 /Applications/XAMPP/xamppfiles/htdocs/ami/app/Models/Admin/IsiModel.php(22): CodeIgniter\BaseModel->findAll()
#7 /Applications/XAMPP/xamppfiles/htdocs/ami/app/Controllers/AdminAreaAudit.php(333): App\Models\Admin\IsiModel->getAllisi('j\xCB\x1E\xB6')
#8 /Applications/XAMPP/xamppfiles/htdocs/ami/system/CodeIgniter.php(942): App\Controllers\AdminAreaAudit->isi('assets', 'vendors', 'chartjs', 'Chart.min.css')
#9 /Applications/XAMPP/xamppfiles/htdocs/ami/system/CodeIgniter.php(502): CodeIgniter\CodeIgniter->runController(Object(App\Controllers\AdminAreaAudit))
#10 /Applications/XAMPP/xamppfiles/htdocs/ami/system/CodeIgniter.php(361): CodeIgniter\CodeIgniter->handleRequest(NULL, Object(Config\Cache), false)
#11 /Applications/XAMPP/xamppfiles/htdocs/ami/public/index.php(79): CodeIgniter\CodeIgniter->run()
#12 /Applications/XAMPP/xamppfiles/htdocs/ami/system/Commands/Server/rewrite.php(47): require_once('/Applications/X...')
#13 {main}
CRITICAL - 2024-04-27 02:32:07 --> Illegal mix of collations (utf8mb4_general_ci,IMPLICIT) and (utf8_general_ci,COERCIBLE) for operation '='
in SYSTEMPATH/Database/BaseConnection.php on line 647.
 1 SYSTEMPATH/Database/BaseBuilder.php(1615): CodeIgniter\Database\BaseConnection->query('SELECT *
FROM `s_pertanyaan_isi`
WHERE `standar_id` = :standar_id:
ORDER BY `urutan` ASC', [...], false)
 2 SYSTEMPATH/Model.php(237): CodeIgniter\Database\BaseBuilder->get()
 3 SYSTEMPATH/BaseModel.php(624): CodeIgniter\Model->doFindAll(0, 0)
 4 APPPATH/Models/Admin/IsiModel.php(22): CodeIgniter\BaseModel->findAll()
 5 APPPATH/Controllers/AdminAreaAudit.php(333): App\Models\Admin\IsiModel->getAllisi('jÀ∂')
 6 SYSTEMPATH/CodeIgniter.php(942): App\Controllers\AdminAreaAudit->isi('assets', 'vendors', 'chartjs', 'Chart.min.css')
 7 SYSTEMPATH/CodeIgniter.php(502): CodeIgniter\CodeIgniter->runController(Object(App\Controllers\AdminAreaAudit))
 8 SYSTEMPATH/CodeIgniter.php(361): CodeIgniter\CodeIgniter->handleRequest(null, Object(Config\Cache), false)
 9 FCPATH/index.php(79): CodeIgniter\CodeIgniter->run()
10 SYSTEMPATH/Commands/Server/rewrite.php(47): require_once('/Applications/XAMPP/xamppfiles/htdocs/ami/public/index.php')
CRITICAL - 2024-04-27 02:32:07 --> Uncaught CodeIgniter\Format\Exceptions\FormatException: Failed to parse JSON string. Error: Malformed UTF-8 characters, possibly incorrectly encoded in /Applications/XAMPP/xamppfiles/htdocs/ami/system/Format/JSONFormatter.php:43
Stack trace:
#0 /Applications/XAMPP/xamppfiles/htdocs/ami/system/Format/JSONFormatter.php(43): CodeIgniter\Format\Exceptions\FormatException::forInvalidJSON('Malformed UTF-8...')
#1 /Applications/XAMPP/xamppfiles/htdocs/ami/system/API/ResponseTrait.php(345): CodeIgniter\Format\JSONFormatter->format(Array)
#2 /Applications/XAMPP/xamppfiles/htdocs/ami/system/API/ResponseTrait.php(98): CodeIgniter\Debug\ExceptionHandler->format(Array)
#3 /Applications/XAMPP/xamppfiles/htdocs/ami/system/Debug/ExceptionHandler.php(81): CodeIgniter\Debug\ExceptionHandler->respond(Array, 500)
#4 /Applications/XAMPP/xamppfiles/htdocs/ami/system/Debug/Exceptions.php(149): CodeIgniter\Debug\ExceptionHandler->handle(Object(mysqli_sql_exception), Object(CodeIgniter\HTTP\IncomingRequest), Object(CodeIgniter\HTTP\Response), 500, 8)
#5 [internal function]: CodeIgniter\Debug\Exceptions->exceptionHandler(Object(mysqli_sql_exception))
#6 {main}
  thrown
„ÄêPrevious Exception„Äë
CodeIgniter\Database\Exceptions\DatabaseException
Illegal mix of collations (utf8mb4_general_ci,IMPLICIT) and (utf8_general_ci,COERCIBLE) for operation '='
#0 /Applications/XAMPP/xamppfiles/htdocs/ami/system/Database/BaseBuilder.php(1615): CodeIgniter\Database\BaseConnection->query('SELECT *\nFROM `...', Array, false)
#1 /Applications/XAMPP/xamppfiles/htdocs/ami/system/Model.php(237): CodeIgniter\Database\BaseBuilder->get()
#2 /Applications/XAMPP/xamppfiles/htdocs/ami/system/BaseModel.php(624): CodeIgniter\Model->doFindAll(0, 0)
#3 /Applications/XAMPP/xamppfiles/htdocs/ami/app/Models/Admin/IsiModel.php(22): CodeIgniter\BaseModel->findAll()
#4 /Applications/XAMPP/xamppfiles/htdocs/ami/app/Controllers/AdminAreaAudit.php(333): App\Models\Admin\IsiModel->getAllisi('j\xCB\x1E\xB6')
#5 /Applications/XAMPP/xamppfiles/htdocs/ami/system/CodeIgniter.php(942): App\Controllers\AdminAreaAudit->isi('assets', 'vendors', 'chartjs', 'Chart.min.css')
#6 /Applications/XAMPP/xamppfiles/htdocs/ami/system/CodeIgniter.php(502): CodeIgniter\CodeIgniter->runController(Object(App\Controllers\AdminAreaAudit))
#7 /Applications/XAMPP/xamppfiles/htdocs/ami/system/CodeIgniter.php(361): CodeIgniter\CodeIgniter->handleRequest(NULL, Object(Config\Cache), false)
#8 /Applications/XAMPP/xamppfiles/htdocs/ami/public/index.php(79): CodeIgniter\CodeIgniter->run()
#9 /Applications/XAMPP/xamppfiles/htdocs/ami/system/Commands/Server/rewrite.php(47): require_once('/Applications/X...')
#10 {main}
in SYSTEMPATH/Format/JSONFormatter.php on line 43.
 1 [internal function]: CodeIgniter\Debug\Exceptions->shutdownHandler()
INFO - 2024-04-27 02:32:08 --> Session: Class initialized using 'CodeIgniter\Session\Handlers\FileHandler' driver.
INFO - 2024-04-27 02:32:08 --> Session: Class initialized using 'CodeIgniter\Session\Handlers\FileHandler' driver.
ERROR - 2024-04-27 02:32:08 --> mysqli_sql_exception: Illegal mix of collations (utf8mb4_general_ci,IMPLICIT) and (utf8_general_ci,COERCIBLE) for operation '=' in /Applications/XAMPP/xamppfiles/htdocs/ami/system/Database/MySQLi/Connection.php:306
Stack trace:
#0 /Applications/XAMPP/xamppfiles/htdocs/ami/system/Database/MySQLi/Connection.php(306): mysqli->query('SELECT *\nFROM `...', 0)
#1 /Applications/XAMPP/xamppfiles/htdocs/ami/system/Database/BaseConnection.php(693): CodeIgniter\Database\MySQLi\Connection->execute('SELECT *\nFROM `...')
#2 /Applications/XAMPP/xamppfiles/htdocs/ami/system/Database/BaseConnection.php(607): CodeIgniter\Database\BaseConnection->simpleQuery('SELECT *\nFROM `...')
#3 /Applications/XAMPP/xamppfiles/htdocs/ami/system/Database/BaseBuilder.php(1615): CodeIgniter\Database\BaseConnection->query('SELECT *\nFROM `...', Array, false)
#4 /Applications/XAMPP/xamppfiles/htdocs/ami/system/Model.php(237): CodeIgniter\Database\BaseBuilder->get()
#5 /Applications/XAMPP/xamppfiles/htdocs/ami/system/BaseModel.php(624): CodeIgniter\Model->doFindAll(0, 0)
#6 /Applications/XAMPP/xamppfiles/htdocs/ami/app/Models/Admin/StandarModel.php(22): CodeIgniter\BaseModel->findAll()
#7 /Applications/XAMPP/xamppfiles/htdocs/ami/app/Controllers/AdminAreaAudit.php(178): App\Models\Admin\StandarModel->getAllStandar('j\xCB\x1E\xB6')
#8 /Applications/XAMPP/xamppfiles/htdocs/ami/system/CodeIgniter.php(942): App\Controllers\AdminAreaAudit->Standar('assets', 'vendors', 'chartjs', 'Chart.min.css')
#9 /Applications/XAMPP/xamppfiles/htdocs/ami/system/CodeIgniter.php(502): CodeIgniter\CodeIgniter->runController(Object(App\Controllers\AdminAreaAudit))
#10 /Applications/XAMPP/xamppfiles/htdocs/ami/system/CodeIgniter.php(361): CodeIgniter\CodeIgniter->handleRequest(NULL, Object(Config\Cache), false)
#11 /Applications/XAMPP/xamppfiles/htdocs/ami/public/index.php(79): CodeIgniter\CodeIgniter->run()
#12 /Applications/XAMPP/xamppfiles/htdocs/ami/system/Commands/Server/rewrite.php(47): require_once('/Applications/X...')
#13 {main}
CRITICAL - 2024-04-27 02:32:08 --> Illegal mix of collations (utf8mb4_general_ci,IMPLICIT) and (utf8_general_ci,COERCIBLE) for operation '='
in SYSTEMPATH/Database/BaseConnection.php on line 647.
 1 SYSTEMPATH/Database/BaseBuilder.php(1615): CodeIgniter\Database\BaseConnection->query('SELECT *
FROM `standar`
WHERE `area_audit_id` = :area_audit_id:
ORDER BY `urutan` ASC', [...], false)
 2 SYSTEMPATH/Model.php(237): CodeIgniter\Database\BaseBuilder->get()
 3 SYSTEMPATH/BaseModel.php(624): CodeIgniter\Model->doFindAll(0, 0)
 4 APPPATH/Models/Admin/StandarModel.php(22): CodeIgniter\BaseModel->findAll()
 5 APPPATH/Controllers/AdminAreaAudit.php(178): App\Models\Admin\StandarModel->getAllStandar('jÀ∂')
 6 SYSTEMPATH/CodeIgniter.php(942): App\Controllers\AdminAreaAudit->Standar('assets', 'vendors', 'chartjs', 'Chart.min.css')
 7 SYSTEMPATH/CodeIgniter.php(502): CodeIgniter\CodeIgniter->runController(Object(App\Controllers\AdminAreaAudit))
 8 SYSTEMPATH/CodeIgniter.php(361): CodeIgniter\CodeIgniter->handleRequest(null, Object(Config\Cache), false)
 9 FCPATH/index.php(79): CodeIgniter\CodeIgniter->run()
10 SYSTEMPATH/Commands/Server/rewrite.php(47): require_once('/Applications/XAMPP/xamppfiles/htdocs/ami/public/index.php')
CRITICAL - 2024-04-27 02:32:08 --> Uncaught CodeIgniter\Format\Exceptions\FormatException: Failed to parse JSON string. Error: Malformed UTF-8 characters, possibly incorrectly encoded in /Applications/XAMPP/xamppfiles/htdocs/ami/system/Format/JSONFormatter.php:43
Stack trace:
#0 /Applications/XAMPP/xamppfiles/htdocs/ami/system/Format/JSONFormatter.php(43): CodeIgniter\Format\Exceptions\FormatException::forInvalidJSON('Malformed UTF-8...')
#1 /Applications/XAMPP/xamppfiles/htdocs/ami/system/API/ResponseTrait.php(345): CodeIgniter\Format\JSONFormatter->format(Array)
#2 /Applications/XAMPP/xamppfiles/htdocs/ami/system/API/ResponseTrait.php(98): CodeIgniter\Debug\ExceptionHandler->format(Array)
#3 /Applications/XAMPP/xamppfiles/htdocs/ami/system/Debug/ExceptionHandler.php(81): CodeIgniter\Debug\ExceptionHandler->respond(Array, 500)
#4 /Applications/XAMPP/xamppfiles/htdocs/ami/system/Debug/Exceptions.php(149): CodeIgniter\Debug\ExceptionHandler->handle(Object(mysqli_sql_exception), Object(CodeIgniter\HTTP\IncomingRequest), Object(CodeIgniter\HTTP\Response), 500, 8)
#5 [internal function]: CodeIgniter\Debug\Exceptions->exceptionHandler(Object(mysqli_sql_exception))
#6 {main}
  thrown
„ÄêPrevious Exception„Äë
CodeIgniter\Database\Exceptions\DatabaseException
Illegal mix of collations (utf8mb4_general_ci,IMPLICIT) and (utf8_general_ci,COERCIBLE) for operation '='
#0 /Applications/XAMPP/xamppfiles/htdocs/ami/system/Database/BaseBuilder.php(1615): CodeIgniter\Database\BaseConnection->query('SELECT *\nFROM `...', Array, false)
#1 /Applications/XAMPP/xamppfiles/htdocs/ami/system/Model.php(237): CodeIgniter\Database\BaseBuilder->get()
#2 /Applications/XAMPP/xamppfiles/htdocs/ami/system/BaseModel.php(624): CodeIgniter\Model->doFindAll(0, 0)
#3 /Applications/XAMPP/xamppfiles/htdocs/ami/app/Models/Admin/StandarModel.php(22): CodeIgniter\BaseModel->findAll()
#4 /Applications/XAMPP/xamppfiles/htdocs/ami/app/Controllers/AdminAreaAudit.php(178): App\Models\Admin\StandarModel->getAllStandar('j\xCB\x1E\xB6')
#5 /Applications/XAMPP/xamppfiles/htdocs/ami/system/CodeIgniter.php(942): App\Controllers\AdminAreaAudit->Standar('assets', 'vendors', 'chartjs', 'Chart.min.css')
#6 /Applications/XAMPP/xamppfiles/htdocs/ami/system/CodeIgniter.php(502): CodeIgniter\CodeIgniter->runController(Object(App\Controllers\AdminAreaAudit))
#7 /Applications/XAMPP/xamppfiles/htdocs/ami/system/CodeIgniter.php(361): CodeIgniter\CodeIgniter->handleRequest(NULL, Object(Config\Cache), false)
#8 /Applications/XAMPP/xamppfiles/htdocs/ami/public/index.php(79): CodeIgniter\CodeIgniter->run()
#9 /Applications/XAMPP/xamppfiles/htdocs/ami/system/Commands/Server/rewrite.php(47): require_once('/Applications/X...')
#10 {main}
in SYSTEMPATH/Format/JSONFormatter.php on line 43.
 1 [internal function]: CodeIgniter\Debug\Exceptions->shutdownHandler()
INFO - 2024-04-27 02:32:10 --> Session: Class initialized using 'CodeIgniter\Session\Handlers\FileHandler' driver.
INFO - 2024-04-27 02:32:10 --> Session: Class initialized using 'CodeIgniter\Session\Handlers\FileHandler' driver.
ERROR - 2024-04-27 02:32:10 --> mysqli_sql_exception: Illegal mix of collations (utf8mb4_general_ci,IMPLICIT) and (utf8_general_ci,COERCIBLE) for operation '=' in /Applications/XAMPP/xamppfiles/htdocs/ami/system/Database/MySQLi/Connection.php:306
Stack trace:
#0 /Applications/XAMPP/xamppfiles/htdocs/ami/system/Database/MySQLi/Connection.php(306): mysqli->query('SELECT *\nFROM `...', 0)
#1 /Applications/XAMPP/xamppfiles/htdocs/ami/system/Database/BaseConnection.php(693): CodeIgniter\Database\MySQLi\Connection->execute('SELECT *\nFROM `...')
#2 /Applications/XAMPP/xamppfiles/htdocs/ami/system/Database/BaseConnection.php(607): CodeIgniter\Database\BaseConnection->simpleQuery('SELECT *\nFROM `...')
#3 /Applications/XAMPP/xamppfiles/htdocs/ami/system/Database/BaseBuilder.php(1615): CodeIgniter\Database\BaseConnection->query('SELECT *\nFROM `...', Array, false)
#4 /Applications/XAMPP/xamppfiles/htdocs/ami/system/Model.php(237): CodeIgniter\Database\BaseBuilder->get()
#5 /Applications/XAMPP/xamppfiles/htdocs/ami/system/BaseModel.php(624): CodeIgniter\Model->doFindAll(0, 0)
#6 /Applications/XAMPP/xamppfiles/htdocs/ami/app/Models/Admin/IsiModel.php(22): CodeIgniter\BaseModel->findAll()
#7 /Applications/XAMPP/xamppfiles/htdocs/ami/app/Controllers/AdminAreaAudit.php(333): App\Models\Admin\IsiModel->getAllisi('j\xCB\x1E\xB6')
#8 /Applications/XAMPP/xamppfiles/htdocs/ami/system/CodeIgniter.php(942): App\Controllers\AdminAreaAudit->isi('assets', 'vendors', 'chartjs', 'Chart.min.css')
#9 /Applications/XAMPP/xamppfiles/htdocs/ami/system/CodeIgniter.php(502): CodeIgniter\CodeIgniter->runController(Object(App\Controllers\AdminAreaAudit))
#10 /Applications/XAMPP/xamppfiles/htdocs/ami/system/CodeIgniter.php(361): CodeIgniter\CodeIgniter->handleRequest(NULL, Object(Config\Cache), false)
#11 /Applications/XAMPP/xamppfiles/htdocs/ami/public/index.php(79): CodeIgniter\CodeIgniter->run()
#12 /Applications/XAMPP/xamppfiles/htdocs/ami/system/Commands/Server/rewrite.php(47): require_once('/Applications/X...')
#13 {main}
CRITICAL - 2024-04-27 02:32:10 --> Illegal mix of collations (utf8mb4_general_ci,IMPLICIT) and (utf8_general_ci,COERCIBLE) for operation '='
in SYSTEMPATH/Database/BaseConnection.php on line 647.
 1 SYSTEMPATH/Database/BaseBuilder.php(1615): CodeIgniter\Database\BaseConnection->query('SELECT *
FROM `s_pertanyaan_isi`
WHERE `standar_id` = :standar_id:
ORDER BY `urutan` ASC', [...], false)
 2 SYSTEMPATH/Model.php(237): CodeIgniter\Database\BaseBuilder->get()
 3 SYSTEMPATH/BaseModel.php(624): CodeIgniter\Model->doFindAll(0, 0)
 4 APPPATH/Models/Admin/IsiModel.php(22): CodeIgniter\BaseModel->findAll()
 5 APPPATH/Controllers/AdminAreaAudit.php(333): App\Models\Admin\IsiModel->getAllisi('jÀ∂')
 6 SYSTEMPATH/CodeIgniter.php(942): App\Controllers\AdminAreaAudit->isi('assets', 'vendors', 'chartjs', 'Chart.min.css')
 7 SYSTEMPATH/CodeIgniter.php(502): CodeIgniter\CodeIgniter->runController(Object(App\Controllers\AdminAreaAudit))
 8 SYSTEMPATH/CodeIgniter.php(361): CodeIgniter\CodeIgniter->handleRequest(null, Object(Config\Cache), false)
 9 FCPATH/index.php(79): CodeIgniter\CodeIgniter->run()
10 SYSTEMPATH/Commands/Server/rewrite.php(47): require_once('/Applications/XAMPP/xamppfiles/htdocs/ami/public/index.php')
CRITICAL - 2024-04-27 02:32:10 --> Uncaught CodeIgniter\Format\Exceptions\FormatException: Failed to parse JSON string. Error: Malformed UTF-8 characters, possibly incorrectly encoded in /Applications/XAMPP/xamppfiles/htdocs/ami/system/Format/JSONFormatter.php:43
Stack trace:
#0 /Applications/XAMPP/xamppfiles/htdocs/ami/system/Format/JSONFormatter.php(43): CodeIgniter\Format\Exceptions\FormatException::forInvalidJSON('Malformed UTF-8...')
#1 /Applications/XAMPP/xamppfiles/htdocs/ami/system/API/ResponseTrait.php(345): CodeIgniter\Format\JSONFormatter->format(Array)
#2 /Applications/XAMPP/xamppfiles/htdocs/ami/system/API/ResponseTrait.php(98): CodeIgniter\Debug\ExceptionHandler->format(Array)
#3 /Applications/XAMPP/xamppfiles/htdocs/ami/system/Debug/ExceptionHandler.php(81): CodeIgniter\Debug\ExceptionHandler->respond(Array, 500)
#4 /Applications/XAMPP/xamppfiles/htdocs/ami/system/Debug/Exceptions.php(149): CodeIgniter\Debug\ExceptionHandler->handle(Object(mysqli_sql_exception), Object(CodeIgniter\HTTP\IncomingRequest), Object(CodeIgniter\HTTP\Response), 500, 8)
#5 [internal function]: CodeIgniter\Debug\Exceptions->exceptionHandler(Object(mysqli_sql_exception))
#6 {main}
  thrown
„ÄêPrevious Exception„Äë
CodeIgniter\Database\Exceptions\DatabaseException
Illegal mix of collations (utf8mb4_general_ci,IMPLICIT) and (utf8_general_ci,COERCIBLE) for operation '='
#0 /Applications/XAMPP/xamppfiles/htdocs/ami/system/Database/BaseBuilder.php(1615): CodeIgniter\Database\BaseConnection->query('SELECT *\nFROM `...', Array, false)
#1 /Applications/XAMPP/xamppfiles/htdocs/ami/system/Model.php(237): CodeIgniter\Database\BaseBuilder->get()
#2 /Applications/XAMPP/xamppfiles/htdocs/ami/system/BaseModel.php(624): CodeIgniter\Model->doFindAll(0, 0)
#3 /Applications/XAMPP/xamppfiles/htdocs/ami/app/Models/Admin/IsiModel.php(22): CodeIgniter\BaseModel->findAll()
#4 /Applications/XAMPP/xamppfiles/htdocs/ami/app/Controllers/AdminAreaAudit.php(333): App\Models\Admin\IsiModel->getAllisi('j\xCB\x1E\xB6')
#5 /Applications/XAMPP/xamppfiles/htdocs/ami/system/CodeIgniter.php(942): App\Controllers\AdminAreaAudit->isi('assets', 'vendors', 'chartjs', 'Chart.min.css')
#6 /Applications/XAMPP/xamppfiles/htdocs/ami/system/CodeIgniter.php(502): CodeIgniter\CodeIgniter->runController(Object(App\Controllers\AdminAreaAudit))
#7 /Applications/XAMPP/xamppfiles/htdocs/ami/system/CodeIgniter.php(361): CodeIgniter\CodeIgniter->handleRequest(NULL, Object(Config\Cache), false)
#8 /Applications/XAMPP/xamppfiles/htdocs/ami/public/index.php(79): CodeIgniter\CodeIgniter->run()
#9 /Applications/XAMPP/xamppfiles/htdocs/ami/system/Commands/Server/rewrite.php(47): require_once('/Applications/X...')
#10 {main}
in SYSTEMPATH/Format/JSONFormatter.php on line 43.
 1 [internal function]: CodeIgniter\Debug\Exceptions->shutdownHandler()
INFO - 2024-04-27 02:32:11 --> Session: Class initialized using 'CodeIgniter\Session\Handlers\FileHandler' driver.
INFO - 2024-04-27 02:32:11 --> Session: Class initialized using 'CodeIgniter\Session\Handlers\FileHandler' driver.
ERROR - 2024-04-27 02:32:11 --> mysqli_sql_exception: Illegal mix of collations (utf8mb4_general_ci,IMPLICIT) and (utf8_general_ci,COERCIBLE) for operation '=' in /Applications/XAMPP/xamppfiles/htdocs/ami/system/Database/MySQLi/Connection.php:306
Stack trace:
#0 /Applications/XAMPP/xamppfiles/htdocs/ami/system/Database/MySQLi/Connection.php(306): mysqli->query('SELECT *\nFROM `...', 0)
#1 /Applications/XAMPP/xamppfiles/htdocs/ami/system/Database/BaseConnection.php(693): CodeIgniter\Database\MySQLi\Connection->execute('SELECT *\nFROM `...')
#2 /Applications/XAMPP/xamppfiles/htdocs/ami/system/Database/BaseConnection.php(607): CodeIgniter\Database\BaseConnection->simpleQuery('SELECT *\nFROM `...')
#3 /Applications/XAMPP/xamppfiles/htdocs/ami/system/Database/BaseBuilder.php(1615): CodeIgniter\Database\BaseConnection->query('SELECT *\nFROM `...', Array, false)
#4 /Applications/XAMPP/xamppfiles/htdocs/ami/system/Model.php(237): CodeIgniter\Database\BaseBuilder->get()
#5 /Applications/XAMPP/xamppfiles/htdocs/ami/system/BaseModel.php(624): CodeIgniter\Model->doFindAll(0, 0)
#6 /Applications/XAMPP/xamppfiles/htdocs/ami/app/Models/Admin/StandarModel.php(22): CodeIgniter\BaseModel->findAll()
#7 /Applications/XAMPP/xamppfiles/htdocs/ami/app/Controllers/AdminAreaAudit.php(178): App\Models\Admin\StandarModel->getAllStandar('j\xCB\x1E\xB6')
#8 /Applications/XAMPP/xamppfiles/htdocs/ami/system/CodeIgniter.php(942): App\Controllers\AdminAreaAudit->Standar('assets', 'vendors', 'chartjs', 'Chart.min.css')
#9 /Applications/XAMPP/xamppfiles/htdocs/ami/system/CodeIgniter.php(502): CodeIgniter\CodeIgniter->runController(Object(App\Controllers\AdminAreaAudit))
#10 /Applications/XAMPP/xamppfiles/htdocs/ami/system/CodeIgniter.php(361): CodeIgniter\CodeIgniter->handleRequest(NULL, Object(Config\Cache), false)
#11 /Applications/XAMPP/xamppfiles/htdocs/ami/public/index.php(79): CodeIgniter\CodeIgniter->run()
#12 /Applications/XAMPP/xamppfiles/htdocs/ami/system/Commands/Server/rewrite.php(47): require_once('/Applications/X...')
#13 {main}
CRITICAL - 2024-04-27 02:32:11 --> Illegal mix of collations (utf8mb4_general_ci,IMPLICIT) and (utf8_general_ci,COERCIBLE) for operation '='
in SYSTEMPATH/Database/BaseConnection.php on line 647.
 1 SYSTEMPATH/Database/BaseBuilder.php(1615): CodeIgniter\Database\BaseConnection->query('SELECT *
FROM `standar`
WHERE `area_audit_id` = :area_audit_id:
ORDER BY `urutan` ASC', [...], false)
 2 SYSTEMPATH/Model.php(237): CodeIgniter\Database\BaseBuilder->get()
 3 SYSTEMPATH/BaseModel.php(624): CodeIgniter\Model->doFindAll(0, 0)
 4 APPPATH/Models/Admin/StandarModel.php(22): CodeIgniter\BaseModel->findAll()
 5 APPPATH/Controllers/AdminAreaAudit.php(178): App\Models\Admin\StandarModel->getAllStandar('jÀ∂')
 6 SYSTEMPATH/CodeIgniter.php(942): App\Controllers\AdminAreaAudit->Standar('assets', 'vendors', 'chartjs', 'Chart.min.css')
 7 SYSTEMPATH/CodeIgniter.php(502): CodeIgniter\CodeIgniter->runController(Object(App\Controllers\AdminAreaAudit))
 8 SYSTEMPATH/CodeIgniter.php(361): CodeIgniter\CodeIgniter->handleRequest(null, Object(Config\Cache), false)
 9 FCPATH/index.php(79): CodeIgniter\CodeIgniter->run()
10 SYSTEMPATH/Commands/Server/rewrite.php(47): require_once('/Applications/XAMPP/xamppfiles/htdocs/ami/public/index.php')
CRITICAL - 2024-04-27 02:32:11 --> Uncaught CodeIgniter\Format\Exceptions\FormatException: Failed to parse JSON string. Error: Malformed UTF-8 characters, possibly incorrectly encoded in /Applications/XAMPP/xamppfiles/htdocs/ami/system/Format/JSONFormatter.php:43
Stack trace:
#0 /Applications/XAMPP/xamppfiles/htdocs/ami/system/Format/JSONFormatter.php(43): CodeIgniter\Format\Exceptions\FormatException::forInvalidJSON('Malformed UTF-8...')
#1 /Applications/XAMPP/xamppfiles/htdocs/ami/system/API/ResponseTrait.php(345): CodeIgniter\Format\JSONFormatter->format(Array)
#2 /Applications/XAMPP/xamppfiles/htdocs/ami/system/API/ResponseTrait.php(98): CodeIgniter\Debug\ExceptionHandler->format(Array)
#3 /Applications/XAMPP/xamppfiles/htdocs/ami/system/Debug/ExceptionHandler.php(81): CodeIgniter\Debug\ExceptionHandler->respond(Array, 500)
#4 /Applications/XAMPP/xamppfiles/htdocs/ami/system/Debug/Exceptions.php(149): CodeIgniter\Debug\ExceptionHandler->handle(Object(mysqli_sql_exception), Object(CodeIgniter\HTTP\IncomingRequest), Object(CodeIgniter\HTTP\Response), 500, 8)
#5 [internal function]: CodeIgniter\Debug\Exceptions->exceptionHandler(Object(mysqli_sql_exception))
#6 {main}
  thrown
„ÄêPrevious Exception„Äë
CodeIgniter\Database\Exceptions\DatabaseException
Illegal mix of collations (utf8mb4_general_ci,IMPLICIT) and (utf8_general_ci,COERCIBLE) for operation '='
#0 /Applications/XAMPP/xamppfiles/htdocs/ami/system/Database/BaseBuilder.php(1615): CodeIgniter\Database\BaseConnection->query('SELECT *\nFROM `...', Array, false)
#1 /Applications/XAMPP/xamppfiles/htdocs/ami/system/Model.php(237): CodeIgniter\Database\BaseBuilder->get()
#2 /Applications/XAMPP/xamppfiles/htdocs/ami/system/BaseModel.php(624): CodeIgniter\Model->doFindAll(0, 0)
#3 /Applications/XAMPP/xamppfiles/htdocs/ami/app/Models/Admin/StandarModel.php(22): CodeIgniter\BaseModel->findAll()
#4 /Applications/XAMPP/xamppfiles/htdocs/ami/app/Controllers/AdminAreaAudit.php(178): App\Models\Admin\StandarModel->getAllStandar('j\xCB\x1E\xB6')
#5 /Applications/XAMPP/xamppfiles/htdocs/ami/system/CodeIgniter.php(942): App\Controllers\AdminAreaAudit->Standar('assets', 'vendors', 'chartjs', 'Chart.min.css')
#6 /Applications/XAMPP/xamppfiles/htdocs/ami/system/CodeIgniter.php(502): CodeIgniter\CodeIgniter->runController(Object(App\Controllers\AdminAreaAudit))
#7 /Applications/XAMPP/xamppfiles/htdocs/ami/system/CodeIgniter.php(361): CodeIgniter\CodeIgniter->handleRequest(NULL, Object(Config\Cache), false)
#8 /Applications/XAMPP/xamppfiles/htdocs/ami/public/index.php(79): CodeIgniter\CodeIgniter->run()
#9 /Applications/XAMPP/xamppfiles/htdocs/ami/system/Commands/Server/rewrite.php(47): require_once('/Applications/X...')
#10 {main}
in SYSTEMPATH/Format/JSONFormatter.php on line 43.
 1 [internal function]: CodeIgniter\Debug\Exceptions->shutdownHandler()
INFO - 2024-04-27 02:32:11 --> Session: Class initialized using 'CodeIgniter\Session\Handlers\FileHandler' driver.
INFO - 2024-04-27 02:32:12 --> Session: Class initialized using 'CodeIgniter\Session\Handlers\FileHandler' driver.
ERROR - 2024-04-27 02:32:12 --> mysqli_sql_exception: Illegal mix of collations (utf8mb4_general_ci,IMPLICIT) and (utf8_general_ci,COERCIBLE) for operation '=' in /Applications/XAMPP/xamppfiles/htdocs/ami/system/Database/MySQLi/Connection.php:306
Stack trace:
#0 /Applications/XAMPP/xamppfiles/htdocs/ami/system/Database/MySQLi/Connection.php(306): mysqli->query('SELECT *\nFROM `...', 0)
#1 /Applications/XAMPP/xamppfiles/htdocs/ami/system/Database/BaseConnection.php(693): CodeIgniter\Database\MySQLi\Connection->execute('SELECT *\nFROM `...')
#2 /Applications/XAMPP/xamppfiles/htdocs/ami/system/Database/BaseConnection.php(607): CodeIgniter\Database\BaseConnection->simpleQuery('SELECT *\nFROM `...')
#3 /Applications/XAMPP/xamppfiles/htdocs/ami/system/Database/BaseBuilder.php(1615): CodeIgniter\Database\BaseConnection->query('SELECT *\nFROM `...', Array, false)
#4 /Applications/XAMPP/xamppfiles/htdocs/ami/system/Model.php(237): CodeIgniter\Database\BaseBuilder->get()
#5 /Applications/XAMPP/xamppfiles/htdocs/ami/system/BaseModel.php(624): CodeIgniter\Model->doFindAll(0, 0)
#6 /Applications/XAMPP/xamppfiles/htdocs/ami/app/Models/Admin/IsiModel.php(22): CodeIgniter\BaseModel->findAll()
#7 /Applications/XAMPP/xamppfiles/htdocs/ami/app/Controllers/AdminAreaAudit.php(333): App\Models\Admin\IsiModel->getAllisi('j\xCB\x1E\xB6')
#8 /Applications/XAMPP/xamppfiles/htdocs/ami/system/CodeIgniter.php(942): App\Controllers\AdminAreaAudit->isi('assets', 'vendors', 'chartjs', 'Chart.min.css')
#9 /Applications/XAMPP/xamppfiles/htdocs/ami/system/CodeIgniter.php(502): CodeIgniter\CodeIgniter->runController(Object(App\Controllers\AdminAreaAudit))
#10 /Applications/XAMPP/xamppfiles/htdocs/ami/system/CodeIgniter.php(361): CodeIgniter\CodeIgniter->handleRequest(NULL, Object(Config\Cache), false)
#11 /Applications/XAMPP/xamppfiles/htdocs/ami/public/index.php(79): CodeIgniter\CodeIgniter->run()
#12 /Applications/XAMPP/xamppfiles/htdocs/ami/system/Commands/Server/rewrite.php(47): require_once('/Applications/X...')
#13 {main}
CRITICAL - 2024-04-27 02:32:12 --> Illegal mix of collations (utf8mb4_general_ci,IMPLICIT) and (utf8_general_ci,COERCIBLE) for operation '='
in SYSTEMPATH/Database/BaseConnection.php on line 647.
 1 SYSTEMPATH/Database/BaseBuilder.php(1615): CodeIgniter\Database\BaseConnection->query('SELECT *
FROM `s_pertanyaan_isi`
WHERE `standar_id` = :standar_id:
ORDER BY `urutan` ASC', [...], false)
 2 SYSTEMPATH/Model.php(237): CodeIgniter\Database\BaseBuilder->get()
 3 SYSTEMPATH/BaseModel.php(624): CodeIgniter\Model->doFindAll(0, 0)
 4 APPPATH/Models/Admin/IsiModel.php(22): CodeIgniter\BaseModel->findAll()
 5 APPPATH/Controllers/AdminAreaAudit.php(333): App\Models\Admin\IsiModel->getAllisi('jÀ∂')
 6 SYSTEMPATH/CodeIgniter.php(942): App\Controllers\AdminAreaAudit->isi('assets', 'vendors', 'chartjs', 'Chart.min.css')
 7 SYSTEMPATH/CodeIgniter.php(502): CodeIgniter\CodeIgniter->runController(Object(App\Controllers\AdminAreaAudit))
 8 SYSTEMPATH/CodeIgniter.php(361): CodeIgniter\CodeIgniter->handleRequest(null, Object(Config\Cache), false)
 9 FCPATH/index.php(79): CodeIgniter\CodeIgniter->run()
10 SYSTEMPATH/Commands/Server/rewrite.php(47): require_once('/Applications/XAMPP/xamppfiles/htdocs/ami/public/index.php')
CRITICAL - 2024-04-27 02:32:12 --> Uncaught CodeIgniter\Format\Exceptions\FormatException: Failed to parse JSON string. Error: Malformed UTF-8 characters, possibly incorrectly encoded in /Applications/XAMPP/xamppfiles/htdocs/ami/system/Format/JSONFormatter.php:43
Stack trace:
#0 /Applications/XAMPP/xamppfiles/htdocs/ami/system/Format/JSONFormatter.php(43): CodeIgniter\Format\Exceptions\FormatException::forInvalidJSON('Malformed UTF-8...')
#1 /Applications/XAMPP/xamppfiles/htdocs/ami/system/API/ResponseTrait.php(345): CodeIgniter\Format\JSONFormatter->format(Array)
#2 /Applications/XAMPP/xamppfiles/htdocs/ami/system/API/ResponseTrait.php(98): CodeIgniter\Debug\ExceptionHandler->format(Array)
#3 /Applications/XAMPP/xamppfiles/htdocs/ami/system/Debug/ExceptionHandler.php(81): CodeIgniter\Debug\ExceptionHandler->respond(Array, 500)
#4 /Applications/XAMPP/xamppfiles/htdocs/ami/system/Debug/Exceptions.php(149): CodeIgniter\Debug\ExceptionHandler->handle(Object(mysqli_sql_exception), Object(CodeIgniter\HTTP\IncomingRequest), Object(CodeIgniter\HTTP\Response), 500, 8)
#5 [internal function]: CodeIgniter\Debug\Exceptions->exceptionHandler(Object(mysqli_sql_exception))
#6 {main}
  thrown
„ÄêPrevious Exception„Äë
CodeIgniter\Database\Exceptions\DatabaseException
Illegal mix of collations (utf8mb4_general_ci,IMPLICIT) and (utf8_general_ci,COERCIBLE) for operation '='
#0 /Applications/XAMPP/xamppfiles/htdocs/ami/system/Database/BaseBuilder.php(1615): CodeIgniter\Database\BaseConnection->query('SELECT *\nFROM `...', Array, false)
#1 /Applications/XAMPP/xamppfiles/htdocs/ami/system/Model.php(237): CodeIgniter\Database\BaseBuilder->get()
#2 /Applications/XAMPP/xamppfiles/htdocs/ami/system/BaseModel.php(624): CodeIgniter\Model->doFindAll(0, 0)
#3 /Applications/XAMPP/xamppfiles/htdocs/ami/app/Models/Admin/IsiModel.php(22): CodeIgniter\BaseModel->findAll()
#4 /Applications/XAMPP/xamppfiles/htdocs/ami/app/Controllers/AdminAreaAudit.php(333): App\Models\Admin\IsiModel->getAllisi('j\xCB\x1E\xB6')
#5 /Applications/XAMPP/xamppfiles/htdocs/ami/system/CodeIgniter.php(942): App\Controllers\AdminAreaAudit->isi('assets', 'vendors', 'chartjs', 'Chart.min.css')
#6 /Applications/XAMPP/xamppfiles/htdocs/ami/system/CodeIgniter.php(502): CodeIgniter\CodeIgniter->runController(Object(App\Controllers\AdminAreaAudit))
#7 /Applications/XAMPP/xamppfiles/htdocs/ami/system/CodeIgniter.php(361): CodeIgniter\CodeIgniter->handleRequest(NULL, Object(Config\Cache), false)
#8 /Applications/XAMPP/xamppfiles/htdocs/ami/public/index.php(79): CodeIgniter\CodeIgniter->run()
#9 /Applications/XAMPP/xamppfiles/htdocs/ami/system/Commands/Server/rewrite.php(47): require_once('/Applications/X...')
#10 {main}
in SYSTEMPATH/Format/JSONFormatter.php on line 43.
 1 [internal function]: CodeIgniter\Debug\Exceptions->shutdownHandler()
INFO - 2024-04-27 02:32:13 --> Session: Class initialized using 'CodeIgniter\Session\Handlers\FileHandler' driver.
INFO - 2024-04-27 02:32:13 --> Session: Class initialized using 'CodeIgniter\Session\Handlers\FileHandler' driver.
ERROR - 2024-04-27 02:32:13 --> mysqli_sql_exception: Illegal mix of collations (utf8mb4_general_ci,IMPLICIT) and (utf8_general_ci,COERCIBLE) for operation '=' in /Applications/XAMPP/xamppfiles/htdocs/ami/system/Database/MySQLi/Connection.php:306
Stack trace:
#0 /Applications/XAMPP/xamppfiles/htdocs/ami/system/Database/MySQLi/Connection.php(306): mysqli->query('SELECT *\nFROM `...', 0)
#1 /Applications/XAMPP/xamppfiles/htdocs/ami/system/Database/BaseConnection.php(693): CodeIgniter\Database\MySQLi\Connection->execute('SELECT *\nFROM `...')
#2 /Applications/XAMPP/xamppfiles/htdocs/ami/system/Database/BaseConnection.php(607): CodeIgniter\Database\BaseConnection->simpleQuery('SELECT *\nFROM `...')
#3 /Applications/XAMPP/xamppfiles/htdocs/ami/system/Database/BaseBuilder.php(1615): CodeIgniter\Database\BaseConnection->query('SELECT *\nFROM `...', Array, false)
#4 /Applications/XAMPP/xamppfiles/htdocs/ami/system/Model.php(237): CodeIgniter\Database\BaseBuilder->get()
#5 /Applications/XAMPP/xamppfiles/htdocs/ami/system/BaseModel.php(624): CodeIgniter\Model->doFindAll(0, 0)
#6 /Applications/XAMPP/xamppfiles/htdocs/ami/app/Models/Admin/StandarModel.php(22): CodeIgniter\BaseModel->findAll()
#7 /Applications/XAMPP/xamppfiles/htdocs/ami/app/Controllers/AdminAreaAudit.php(178): App\Models\Admin\StandarModel->getAllStandar('j\xCB\x1E\xB6')
#8 /Applications/XAMPP/xamppfiles/htdocs/ami/system/CodeIgniter.php(942): App\Controllers\AdminAreaAudit->Standar('assets', 'vendors', 'chartjs', 'Chart.min.css')
#9 /Applications/XAMPP/xamppfiles/htdocs/ami/system/CodeIgniter.php(502): CodeIgniter\CodeIgniter->runController(Object(App\Controllers\AdminAreaAudit))
#10 /Applications/XAMPP/xamppfiles/htdocs/ami/system/CodeIgniter.php(361): CodeIgniter\CodeIgniter->handleRequest(NULL, Object(Config\Cache), false)
#11 /Applications/XAMPP/xamppfiles/htdocs/ami/public/index.php(79): CodeIgniter\CodeIgniter->run()
#12 /Applications/XAMPP/xamppfiles/htdocs/ami/system/Commands/Server/rewrite.php(47): require_once('/Applications/X...')
#13 {main}
CRITICAL - 2024-04-27 02:32:13 --> Illegal mix of collations (utf8mb4_general_ci,IMPLICIT) and (utf8_general_ci,COERCIBLE) for operation '='
in SYSTEMPATH/Database/BaseConnection.php on line 647.
 1 SYSTEMPATH/Database/BaseBuilder.php(1615): CodeIgniter\Database\BaseConnection->query('SELECT *
FROM `standar`
WHERE `area_audit_id` = :area_audit_id:
ORDER BY `urutan` ASC', [...], false)
 2 SYSTEMPATH/Model.php(237): CodeIgniter\Database\BaseBuilder->get()
 3 SYSTEMPATH/BaseModel.php(624): CodeIgniter\Model->doFindAll(0, 0)
 4 APPPATH/Models/Admin/StandarModel.php(22): CodeIgniter\BaseModel->findAll()
 5 APPPATH/Controllers/AdminAreaAudit.php(178): App\Models\Admin\StandarModel->getAllStandar('jÀ∂')
 6 SYSTEMPATH/CodeIgniter.php(942): App\Controllers\AdminAreaAudit->Standar('assets', 'vendors', 'chartjs', 'Chart.min.css')
 7 SYSTEMPATH/CodeIgniter.php(502): CodeIgniter\CodeIgniter->runController(Object(App\Controllers\AdminAreaAudit))
 8 SYSTEMPATH/CodeIgniter.php(361): CodeIgniter\CodeIgniter->handleRequest(null, Object(Config\Cache), false)
 9 FCPATH/index.php(79): CodeIgniter\CodeIgniter->run()
10 SYSTEMPATH/Commands/Server/rewrite.php(47): require_once('/Applications/XAMPP/xamppfiles/htdocs/ami/public/index.php')
CRITICAL - 2024-04-27 02:32:13 --> Uncaught CodeIgniter\Format\Exceptions\FormatException: Failed to parse JSON string. Error: Malformed UTF-8 characters, possibly incorrectly encoded in /Applications/XAMPP/xamppfiles/htdocs/ami/system/Format/JSONFormatter.php:43
Stack trace:
#0 /Applications/XAMPP/xamppfiles/htdocs/ami/system/Format/JSONFormatter.php(43): CodeIgniter\Format\Exceptions\FormatException::forInvalidJSON('Malformed UTF-8...')
#1 /Applications/XAMPP/xamppfiles/htdocs/ami/system/API/ResponseTrait.php(345): CodeIgniter\Format\JSONFormatter->format(Array)
#2 /Applications/XAMPP/xamppfiles/htdocs/ami/system/API/ResponseTrait.php(98): CodeIgniter\Debug\ExceptionHandler->format(Array)
#3 /Applications/XAMPP/xamppfiles/htdocs/ami/system/Debug/ExceptionHandler.php(81): CodeIgniter\Debug\ExceptionHandler->respond(Array, 500)
#4 /Applications/XAMPP/xamppfiles/htdocs/ami/system/Debug/Exceptions.php(149): CodeIgniter\Debug\ExceptionHandler->handle(Object(mysqli_sql_exception), Object(CodeIgniter\HTTP\IncomingRequest), Object(CodeIgniter\HTTP\Response), 500, 8)
#5 [internal function]: CodeIgniter\Debug\Exceptions->exceptionHandler(Object(mysqli_sql_exception))
#6 {main}
  thrown
„ÄêPrevious Exception„Äë
CodeIgniter\Database\Exceptions\DatabaseException
Illegal mix of collations (utf8mb4_general_ci,IMPLICIT) and (utf8_general_ci,COERCIBLE) for operation '='
#0 /Applications/XAMPP/xamppfiles/htdocs/ami/system/Database/BaseBuilder.php(1615): CodeIgniter\Database\BaseConnection->query('SELECT *\nFROM `...', Array, false)
#1 /Applications/XAMPP/xamppfiles/htdocs/ami/system/Model.php(237): CodeIgniter\Database\BaseBuilder->get()
#2 /Applications/XAMPP/xamppfiles/htdocs/ami/system/BaseModel.php(624): CodeIgniter\Model->doFindAll(0, 0)
#3 /Applications/XAMPP/xamppfiles/htdocs/ami/app/Models/Admin/StandarModel.php(22): CodeIgniter\BaseModel->findAll()
#4 /Applications/XAMPP/xamppfiles/htdocs/ami/app/Controllers/AdminAreaAudit.php(178): App\Models\Admin\StandarModel->getAllStandar('j\xCB\x1E\xB6')
#5 /Applications/XAMPP/xamppfiles/htdocs/ami/system/CodeIgniter.php(942): App\Controllers\AdminAreaAudit->Standar('assets', 'vendors', 'chartjs', 'Chart.min.css')
#6 /Applications/XAMPP/xamppfiles/htdocs/ami/system/CodeIgniter.php(502): CodeIgniter\CodeIgniter->runController(Object(App\Controllers\AdminAreaAudit))
#7 /Applications/XAMPP/xamppfiles/htdocs/ami/system/CodeIgniter.php(361): CodeIgniter\CodeIgniter->handleRequest(NULL, Object(Config\Cache), false)
#8 /Applications/XAMPP/xamppfiles/htdocs/ami/public/index.php(79): CodeIgniter\CodeIgniter->run()
#9 /Applications/XAMPP/xamppfiles/htdocs/ami/system/Commands/Server/rewrite.php(47): require_once('/Applications/X...')
#10 {main}
in SYSTEMPATH/Format/JSONFormatter.php on line 43.
 1 [internal function]: CodeIgniter\Debug\Exceptions->shutdownHandler()
INFO - 2024-04-27 02:32:14 --> Session: Class initialized using 'CodeIgniter\Session\Handlers\FileHandler' driver.
INFO - 2024-04-27 02:32:18 --> Session: Class initialized using 'CodeIgniter\Session\Handlers\FileHandler' driver.
INFO - 2024-04-27 02:32:18 --> Session: Class initialized using 'CodeIgniter\Session\Handlers\FileHandler' driver.
ERROR - 2024-04-27 02:32:18 --> mysqli_sql_exception: Illegal mix of collations (utf8mb4_general_ci,IMPLICIT) and (utf8_general_ci,COERCIBLE) for operation '=' in /Applications/XAMPP/xamppfiles/htdocs/ami/system/Database/MySQLi/Connection.php:306
Stack trace:
#0 /Applications/XAMPP/xamppfiles/htdocs/ami/system/Database/MySQLi/Connection.php(306): mysqli->query('SELECT *\nFROM `...', 0)
#1 /Applications/XAMPP/xamppfiles/htdocs/ami/system/Database/BaseConnection.php(693): CodeIgniter\Database\MySQLi\Connection->execute('SELECT *\nFROM `...')
#2 /Applications/XAMPP/xamppfiles/htdocs/ami/system/Database/BaseConnection.php(607): CodeIgniter\Database\BaseConnection->simpleQuery('SELECT *\nFROM `...')
#3 /Applications/XAMPP/xamppfiles/htdocs/ami/system/Database/BaseBuilder.php(1615): CodeIgniter\Database\BaseConnection->query('SELECT *\nFROM `...', Array, false)
#4 /Applications/XAMPP/xamppfiles/htdocs/ami/system/Model.php(237): CodeIgniter\Database\BaseBuilder->get()
#5 /Applications/XAMPP/xamppfiles/htdocs/ami/system/BaseModel.php(624): CodeIgniter\Model->doFindAll(0, 0)
#6 /Applications/XAMPP/xamppfiles/htdocs/ami/app/Models/Admin/StandarModel.php(22): CodeIgniter\BaseModel->findAll()
#7 /Applications/XAMPP/xamppfiles/htdocs/ami/app/Controllers/AdminAreaAudit.php(178): App\Models\Admin\StandarModel->getAllStandar('j\xCB\x1E\xB6')
#8 /Applications/XAMPP/xamppfiles/htdocs/ami/system/CodeIgniter.php(942): App\Controllers\AdminAreaAudit->Standar('assets', 'vendors', 'chartjs', 'Chart.min.css')
#9 /Applications/XAMPP/xamppfiles/htdocs/ami/system/CodeIgniter.php(502): CodeIgniter\CodeIgniter->runController(Object(App\Controllers\AdminAreaAudit))
#10 /Applications/XAMPP/xamppfiles/htdocs/ami/system/CodeIgniter.php(361): CodeIgniter\CodeIgniter->handleRequest(NULL, Object(Config\Cache), false)
#11 /Applications/XAMPP/xamppfiles/htdocs/ami/public/index.php(79): CodeIgniter\CodeIgniter->run()
#12 /Applications/XAMPP/xamppfiles/htdocs/ami/system/Commands/Server/rewrite.php(47): require_once('/Applications/X...')
#13 {main}
CRITICAL - 2024-04-27 02:32:18 --> Illegal mix of collations (utf8mb4_general_ci,IMPLICIT) and (utf8_general_ci,COERCIBLE) for operation '='
in SYSTEMPATH/Database/BaseConnection.php on line 647.
 1 SYSTEMPATH/Database/BaseBuilder.php(1615): CodeIgniter\Database\BaseConnection->query('SELECT *
FROM `standar`
WHERE `area_audit_id` = :area_audit_id:
ORDER BY `urutan` ASC', [...], false)
 2 SYSTEMPATH/Model.php(237): CodeIgniter\Database\BaseBuilder->get()
 3 SYSTEMPATH/BaseModel.php(624): CodeIgniter\Model->doFindAll(0, 0)
 4 APPPATH/Models/Admin/StandarModel.php(22): CodeIgniter\BaseModel->findAll()
 5 APPPATH/Controllers/AdminAreaAudit.php(178): App\Models\Admin\StandarModel->getAllStandar('jÀ∂')
 6 SYSTEMPATH/CodeIgniter.php(942): App\Controllers\AdminAreaAudit->Standar('assets', 'vendors', 'chartjs', 'Chart.min.css')
 7 SYSTEMPATH/CodeIgniter.php(502): CodeIgniter\CodeIgniter->runController(Object(App\Controllers\AdminAreaAudit))
 8 SYSTEMPATH/CodeIgniter.php(361): CodeIgniter\CodeIgniter->handleRequest(null, Object(Config\Cache), false)
 9 FCPATH/index.php(79): CodeIgniter\CodeIgniter->run()
10 SYSTEMPATH/Commands/Server/rewrite.php(47): require_once('/Applications/XAMPP/xamppfiles/htdocs/ami/public/index.php')
CRITICAL - 2024-04-27 02:32:18 --> Uncaught CodeIgniter\Format\Exceptions\FormatException: Failed to parse JSON string. Error: Malformed UTF-8 characters, possibly incorrectly encoded in /Applications/XAMPP/xamppfiles/htdocs/ami/system/Format/JSONFormatter.php:43
Stack trace:
#0 /Applications/XAMPP/xamppfiles/htdocs/ami/system/Format/JSONFormatter.php(43): CodeIgniter\Format\Exceptions\FormatException::forInvalidJSON('Malformed UTF-8...')
#1 /Applications/XAMPP/xamppfiles/htdocs/ami/system/API/ResponseTrait.php(345): CodeIgniter\Format\JSONFormatter->format(Array)
#2 /Applications/XAMPP/xamppfiles/htdocs/ami/system/API/ResponseTrait.php(98): CodeIgniter\Debug\ExceptionHandler->format(Array)
#3 /Applications/XAMPP/xamppfiles/htdocs/ami/system/Debug/ExceptionHandler.php(81): CodeIgniter\Debug\ExceptionHandler->respond(Array, 500)
#4 /Applications/XAMPP/xamppfiles/htdocs/ami/system/Debug/Exceptions.php(149): CodeIgniter\Debug\ExceptionHandler->handle(Object(mysqli_sql_exception), Object(CodeIgniter\HTTP\IncomingRequest), Object(CodeIgniter\HTTP\Response), 500, 8)
#5 [internal function]: CodeIgniter\Debug\Exceptions->exceptionHandler(Object(mysqli_sql_exception))
#6 {main}
  thrown
„ÄêPrevious Exception„Äë
CodeIgniter\Database\Exceptions\DatabaseException
Illegal mix of collations (utf8mb4_general_ci,IMPLICIT) and (utf8_general_ci,COERCIBLE) for operation '='
#0 /Applications/XAMPP/xamppfiles/htdocs/ami/system/Database/BaseBuilder.php(1615): CodeIgniter\Database\BaseConnection->query('SELECT *\nFROM `...', Array, false)
#1 /Applications/XAMPP/xamppfiles/htdocs/ami/system/Model.php(237): CodeIgniter\Database\BaseBuilder->get()
#2 /Applications/XAMPP/xamppfiles/htdocs/ami/system/BaseModel.php(624): CodeIgniter\Model->doFindAll(0, 0)
#3 /Applications/XAMPP/xamppfiles/htdocs/ami/app/Models/Admin/StandarModel.php(22): CodeIgniter\BaseModel->findAll()
#4 /Applications/XAMPP/xamppfiles/htdocs/ami/app/Controllers/AdminAreaAudit.php(178): App\Models\Admin\StandarModel->getAllStandar('j\xCB\x1E\xB6')
#5 /Applications/XAMPP/xamppfiles/htdocs/ami/system/CodeIgniter.php(942): App\Controllers\AdminAreaAudit->Standar('assets', 'vendors', 'chartjs', 'Chart.min.css')
#6 /Applications/XAMPP/xamppfiles/htdocs/ami/system/CodeIgniter.php(502): CodeIgniter\CodeIgniter->runController(Object(App\Controllers\AdminAreaAudit))
#7 /Applications/XAMPP/xamppfiles/htdocs/ami/system/CodeIgniter.php(361): CodeIgniter\CodeIgniter->handleRequest(NULL, Object(Config\Cache), false)
#8 /Applications/XAMPP/xamppfiles/htdocs/ami/public/index.php(79): CodeIgniter\CodeIgniter->run()
#9 /Applications/XAMPP/xamppfiles/htdocs/ami/system/Commands/Server/rewrite.php(47): require_once('/Applications/X...')
#10 {main}
in SYSTEMPATH/Format/JSONFormatter.php on line 43.
 1 [internal function]: CodeIgniter\Debug\Exceptions->shutdownHandler()
INFO - 2024-04-27 02:32:19 --> Session: Class initialized using 'CodeIgniter\Session\Handlers\FileHandler' driver.
INFO - 2024-04-27 02:32:20 --> Session: Class initialized using 'CodeIgniter\Session\Handlers\FileHandler' driver.
INFO - 2024-04-27 02:32:20 --> Session: Class initialized using 'CodeIgniter\Session\Handlers\FileHandler' driver.
ERROR - 2024-04-27 02:32:20 --> mysqli_sql_exception: Illegal mix of collations (utf8mb4_general_ci,IMPLICIT) and (utf8_general_ci,COERCIBLE) for operation '=' in /Applications/XAMPP/xamppfiles/htdocs/ami/system/Database/MySQLi/Connection.php:306
Stack trace:
#0 /Applications/XAMPP/xamppfiles/htdocs/ami/system/Database/MySQLi/Connection.php(306): mysqli->query('SELECT *\nFROM `...', 0)
#1 /Applications/XAMPP/xamppfiles/htdocs/ami/system/Database/BaseConnection.php(693): CodeIgniter\Database\MySQLi\Connection->execute('SELECT *\nFROM `...')
#2 /Applications/XAMPP/xamppfiles/htdocs/ami/system/Database/BaseConnection.php(607): CodeIgniter\Database\BaseConnection->simpleQuery('SELECT *\nFROM `...')
#3 /Applications/XAMPP/xamppfiles/htdocs/ami/system/Database/BaseBuilder.php(1615): CodeIgniter\Database\BaseConnection->query('SELECT *\nFROM `...', Array, false)
#4 /Applications/XAMPP/xamppfiles/htdocs/ami/system/Model.php(871): CodeIgniter\Database\BaseBuilder->get()
#5 /Applications/XAMPP/xamppfiles/htdocs/ami/app/Models/Admin/AreaAuditModel.php(41): CodeIgniter\Model->__call('get', Array)
#6 /Applications/XAMPP/xamppfiles/htdocs/ami/app/Controllers/AdminAreaAudit.php(113): App\Models\Admin\AreaAuditModel->getAreaAuditById('j\xCB\x1E\xB6')
#7 /Applications/XAMPP/xamppfiles/htdocs/ami/system/CodeIgniter.php(942): App\Controllers\AdminAreaAudit->editAreaAudit('assets', 'vendors', 'chartjs', 'Chart.min.css')
#8 /Applications/XAMPP/xamppfiles/htdocs/ami/system/CodeIgniter.php(502): CodeIgniter\CodeIgniter->runController(Object(App\Controllers\AdminAreaAudit))
#9 /Applications/XAMPP/xamppfiles/htdocs/ami/system/CodeIgniter.php(361): CodeIgniter\CodeIgniter->handleRequest(NULL, Object(Config\Cache), false)
#10 /Applications/XAMPP/xamppfiles/htdocs/ami/public/index.php(79): CodeIgniter\CodeIgniter->run()
#11 /Applications/XAMPP/xamppfiles/htdocs/ami/system/Commands/Server/rewrite.php(47): require_once('/Applications/X...')
#12 {main}
CRITICAL - 2024-04-27 02:32:20 --> Illegal mix of collations (utf8mb4_general_ci,IMPLICIT) and (utf8_general_ci,COERCIBLE) for operation '='
in SYSTEMPATH/Database/BaseConnection.php on line 647.
 1 SYSTEMPATH/Database/BaseBuilder.php(1615): CodeIgniter\Database\BaseConnection->query('SELECT *
FROM `area_audit`
WHERE `id` = :id:', [...], false)
 2 SYSTEMPATH/Model.php(871): CodeIgniter\Database\BaseBuilder->get()
 3 APPPATH/Models/Admin/AreaAuditModel.php(41): CodeIgniter\Model->__call('get', [])
 4 APPPATH/Controllers/AdminAreaAudit.php(113): App\Models\Admin\AreaAuditModel->getAreaAuditById('jÀ∂')
 5 SYSTEMPATH/CodeIgniter.php(942): App\Controllers\AdminAreaAudit->editAreaAudit('assets', 'vendors', 'chartjs', 'Chart.min.css')
 6 SYSTEMPATH/CodeIgniter.php(502): CodeIgniter\CodeIgniter->runController(Object(App\Controllers\AdminAreaAudit))
 7 SYSTEMPATH/CodeIgniter.php(361): CodeIgniter\CodeIgniter->handleRequest(null, Object(Config\Cache), false)
 8 FCPATH/index.php(79): CodeIgniter\CodeIgniter->run()
 9 SYSTEMPATH/Commands/Server/rewrite.php(47): require_once('/Applications/XAMPP/xamppfiles/htdocs/ami/public/index.php')
CRITICAL - 2024-04-27 02:32:20 --> Uncaught CodeIgniter\Format\Exceptions\FormatException: Failed to parse JSON string. Error: Malformed UTF-8 characters, possibly incorrectly encoded in /Applications/XAMPP/xamppfiles/htdocs/ami/system/Format/JSONFormatter.php:43
Stack trace:
#0 /Applications/XAMPP/xamppfiles/htdocs/ami/system/Format/JSONFormatter.php(43): CodeIgniter\Format\Exceptions\FormatException::forInvalidJSON('Malformed UTF-8...')
#1 /Applications/XAMPP/xamppfiles/htdocs/ami/system/API/ResponseTrait.php(345): CodeIgniter\Format\JSONFormatter->format(Array)
#2 /Applications/XAMPP/xamppfiles/htdocs/ami/system/API/ResponseTrait.php(98): CodeIgniter\Debug\ExceptionHandler->format(Array)
#3 /Applications/XAMPP/xamppfiles/htdocs/ami/system/Debug/ExceptionHandler.php(81): CodeIgniter\Debug\ExceptionHandler->respond(Array, 500)
#4 /Applications/XAMPP/xamppfiles/htdocs/ami/system/Debug/Exceptions.php(149): CodeIgniter\Debug\ExceptionHandler->handle(Object(mysqli_sql_exception), Object(CodeIgniter\HTTP\IncomingRequest), Object(CodeIgniter\HTTP\Response), 500, 8)
#5 [internal function]: CodeIgniter\Debug\Exceptions->exceptionHandler(Object(mysqli_sql_exception))
#6 {main}
  thrown
„ÄêPrevious Exception„Äë
CodeIgniter\Database\Exceptions\DatabaseException
Illegal mix of collations (utf8mb4_general_ci,IMPLICIT) and (utf8_general_ci,COERCIBLE) for operation '='
#0 /Applications/XAMPP/xamppfiles/htdocs/ami/system/Database/BaseBuilder.php(1615): CodeIgniter\Database\BaseConnection->query('SELECT *\nFROM `...', Array, false)
#1 /Applications/XAMPP/xamppfiles/htdocs/ami/system/Model.php(871): CodeIgniter\Database\BaseBuilder->get()
#2 /Applications/XAMPP/xamppfiles/htdocs/ami/app/Models/Admin/AreaAuditModel.php(41): CodeIgniter\Model->__call('get', Array)
#3 /Applications/XAMPP/xamppfiles/htdocs/ami/app/Controllers/AdminAreaAudit.php(113): App\Models\Admin\AreaAuditModel->getAreaAuditById('j\xCB\x1E\xB6')
#4 /Applications/XAMPP/xamppfiles/htdocs/ami/system/CodeIgniter.php(942): App\Controllers\AdminAreaAudit->editAreaAudit('assets', 'vendors', 'chartjs', 'Chart.min.css')
#5 /Applications/XAMPP/xamppfiles/htdocs/ami/system/CodeIgniter.php(502): CodeIgniter\CodeIgniter->runController(Object(App\Controllers\AdminAreaAudit))
#6 /Applications/XAMPP/xamppfiles/htdocs/ami/system/CodeIgniter.php(361): CodeIgniter\CodeIgniter->handleRequest(NULL, Object(Config\Cache), false)
#7 /Applications/XAMPP/xamppfiles/htdocs/ami/public/index.php(79): CodeIgniter\CodeIgniter->run()
#8 /Applications/XAMPP/xamppfiles/htdocs/ami/system/Commands/Server/rewrite.php(47): require_once('/Applications/X...')
#9 {main}
in SYSTEMPATH/Format/JSONFormatter.php on line 43.
 1 [internal function]: CodeIgniter\Debug\Exceptions->shutdownHandler()
INFO - 2024-04-27 02:32:28 --> Session: Class initialized using 'CodeIgniter\Session\Handlers\FileHandler' driver.
INFO - 2024-04-27 02:32:28 --> Session: Class initialized using 'CodeIgniter\Session\Handlers\FileHandler' driver.
INFO - 2024-04-27 02:32:49 --> Session: Class initialized using 'CodeIgniter\Session\Handlers\FileHandler' driver.
INFO - 2024-04-27 02:32:49 --> Session: Class initialized using 'CodeIgniter\Session\Handlers\FileHandler' driver.
ERROR - 2024-04-27 02:32:49 --> mysqli_sql_exception: Illegal mix of collations (utf8mb4_general_ci,IMPLICIT) and (utf8_general_ci,COERCIBLE) for operation '=' in /Applications/XAMPP/xamppfiles/htdocs/ami/system/Database/MySQLi/Connection.php:306
Stack trace:
#0 /Applications/XAMPP/xamppfiles/htdocs/ami/system/Database/MySQLi/Connection.php(306): mysqli->query('SELECT *\nFROM `...', 0)
#1 /Applications/XAMPP/xamppfiles/htdocs/ami/system/Database/BaseConnection.php(693): CodeIgniter\Database\MySQLi\Connection->execute('SELECT *\nFROM `...')
#2 /Applications/XAMPP/xamppfiles/htdocs/ami/system/Database/BaseConnection.php(607): CodeIgniter\Database\BaseConnection->simpleQuery('SELECT *\nFROM `...')
#3 /Applications/XAMPP/xamppfiles/htdocs/ami/system/Database/BaseBuilder.php(1615): CodeIgniter\Database\BaseConnection->query('SELECT *\nFROM `...', Array, false)
#4 /Applications/XAMPP/xamppfiles/htdocs/ami/system/Model.php(237): CodeIgniter\Database\BaseBuilder->get()
#5 /Applications/XAMPP/xamppfiles/htdocs/ami/system/BaseModel.php(624): CodeIgniter\Model->doFindAll(0, 0)
#6 /Applications/XAMPP/xamppfiles/htdocs/ami/app/Models/Admin/StandarModel.php(22): CodeIgniter\BaseModel->findAll()
#7 /Applications/XAMPP/xamppfiles/htdocs/ami/app/Controllers/AdminAreaAudit.php(178): App\Models\Admin\StandarModel->getAllStandar('j\xCB\x1E\xB6')
#8 /Applications/XAMPP/xamppfiles/htdocs/ami/system/CodeIgniter.php(942): App\Controllers\AdminAreaAudit->Standar('assets', 'vendors', 'chartjs', 'Chart.min.css')
#9 /Applications/XAMPP/xamppfiles/htdocs/ami/system/CodeIgniter.php(502): CodeIgniter\CodeIgniter->runController(Object(App\Controllers\AdminAreaAudit))
#10 /Applications/XAMPP/xamppfiles/htdocs/ami/system/CodeIgniter.php(361): CodeIgniter\CodeIgniter->handleRequest(NULL, Object(Config\Cache), false)
#11 /Applications/XAMPP/xamppfiles/htdocs/ami/public/index.php(79): CodeIgniter\CodeIgniter->run()
#12 /Applications/XAMPP/xamppfiles/htdocs/ami/system/Commands/Server/rewrite.php(47): require_once('/Applications/X...')
#13 {main}
CRITICAL - 2024-04-27 02:32:49 --> Illegal mix of collations (utf8mb4_general_ci,IMPLICIT) and (utf8_general_ci,COERCIBLE) for operation '='
in SYSTEMPATH/Database/BaseConnection.php on line 647.
 1 SYSTEMPATH/Database/BaseBuilder.php(1615): CodeIgniter\Database\BaseConnection->query('SELECT *
FROM `standar`
WHERE `area_audit_id` = :area_audit_id:
ORDER BY `urutan` ASC', [...], false)
 2 SYSTEMPATH/Model.php(237): CodeIgniter\Database\BaseBuilder->get()
 3 SYSTEMPATH/BaseModel.php(624): CodeIgniter\Model->doFindAll(0, 0)
 4 APPPATH/Models/Admin/StandarModel.php(22): CodeIgniter\BaseModel->findAll()
 5 APPPATH/Controllers/AdminAreaAudit.php(178): App\Models\Admin\StandarModel->getAllStandar('jÀ∂')
 6 SYSTEMPATH/CodeIgniter.php(942): App\Controllers\AdminAreaAudit->Standar('assets', 'vendors', 'chartjs', 'Chart.min.css')
 7 SYSTEMPATH/CodeIgniter.php(502): CodeIgniter\CodeIgniter->runController(Object(App\Controllers\AdminAreaAudit))
 8 SYSTEMPATH/CodeIgniter.php(361): CodeIgniter\CodeIgniter->handleRequest(null, Object(Config\Cache), false)
 9 FCPATH/index.php(79): CodeIgniter\CodeIgniter->run()
10 SYSTEMPATH/Commands/Server/rewrite.php(47): require_once('/Applications/XAMPP/xamppfiles/htdocs/ami/public/index.php')
CRITICAL - 2024-04-27 02:32:49 --> Uncaught CodeIgniter\Format\Exceptions\FormatException: Failed to parse JSON string. Error: Malformed UTF-8 characters, possibly incorrectly encoded in /Applications/XAMPP/xamppfiles/htdocs/ami/system/Format/JSONFormatter.php:43
Stack trace:
#0 /Applications/XAMPP/xamppfiles/htdocs/ami/system/Format/JSONFormatter.php(43): CodeIgniter\Format\Exceptions\FormatException::forInvalidJSON('Malformed UTF-8...')
#1 /Applications/XAMPP/xamppfiles/htdocs/ami/system/API/ResponseTrait.php(345): CodeIgniter\Format\JSONFormatter->format(Array)
#2 /Applications/XAMPP/xamppfiles/htdocs/ami/system/API/ResponseTrait.php(98): CodeIgniter\Debug\ExceptionHandler->format(Array)
#3 /Applications/XAMPP/xamppfiles/htdocs/ami/system/Debug/ExceptionHandler.php(81): CodeIgniter\Debug\ExceptionHandler->respond(Array, 500)
#4 /Applications/XAMPP/xamppfiles/htdocs/ami/system/Debug/Exceptions.php(149): CodeIgniter\Debug\ExceptionHandler->handle(Object(mysqli_sql_exception), Object(CodeIgniter\HTTP\IncomingRequest), Object(CodeIgniter\HTTP\Response), 500, 8)
#5 [internal function]: CodeIgniter\Debug\Exceptions->exceptionHandler(Object(mysqli_sql_exception))
#6 {main}
  thrown
„ÄêPrevious Exception„Äë
CodeIgniter\Database\Exceptions\DatabaseException
Illegal mix of collations (utf8mb4_general_ci,IMPLICIT) and (utf8_general_ci,COERCIBLE) for operation '='
#0 /Applications/XAMPP/xamppfiles/htdocs/ami/system/Database/BaseBuilder.php(1615): CodeIgniter\Database\BaseConnection->query('SELECT *\nFROM `...', Array, false)
#1 /Applications/XAMPP/xamppfiles/htdocs/ami/system/Model.php(237): CodeIgniter\Database\BaseBuilder->get()
#2 /Applications/XAMPP/xamppfiles/htdocs/ami/system/BaseModel.php(624): CodeIgniter\Model->doFindAll(0, 0)
#3 /Applications/XAMPP/xamppfiles/htdocs/ami/app/Models/Admin/StandarModel.php(22): CodeIgniter\BaseModel->findAll()
#4 /Applications/XAMPP/xamppfiles/htdocs/ami/app/Controllers/AdminAreaAudit.php(178): App\Models\Admin\StandarModel->getAllStandar('j\xCB\x1E\xB6')
#5 /Applications/XAMPP/xamppfiles/htdocs/ami/system/CodeIgniter.php(942): App\Controllers\AdminAreaAudit->Standar('assets', 'vendors', 'chartjs', 'Chart.min.css')
#6 /Applications/XAMPP/xamppfiles/htdocs/ami/system/CodeIgniter.php(502): CodeIgniter\CodeIgniter->runController(Object(App\Controllers\AdminAreaAudit))
#7 /Applications/XAMPP/xamppfiles/htdocs/ami/system/CodeIgniter.php(361): CodeIgniter\CodeIgniter->handleRequest(NULL, Object(Config\Cache), false)
#8 /Applications/XAMPP/xamppfiles/htdocs/ami/public/index.php(79): CodeIgniter\CodeIgniter->run()
#9 /Applications/XAMPP/xamppfiles/htdocs/ami/system/Commands/Server/rewrite.php(47): require_once('/Applications/X...')
#10 {main}
in SYSTEMPATH/Format/JSONFormatter.php on line 43.
 1 [internal function]: CodeIgniter\Debug\Exceptions->shutdownHandler()
INFO - 2024-04-27 02:32:50 --> Session: Class initialized using 'CodeIgniter\Session\Handlers\FileHandler' driver.
INFO - 2024-04-27 02:32:50 --> Session: Class initialized using 'CodeIgniter\Session\Handlers\FileHandler' driver.
ERROR - 2024-04-27 02:32:50 --> mysqli_sql_exception: Illegal mix of collations (utf8mb4_general_ci,IMPLICIT) and (utf8_general_ci,COERCIBLE) for operation '=' in /Applications/XAMPP/xamppfiles/htdocs/ami/system/Database/MySQLi/Connection.php:306
Stack trace:
#0 /Applications/XAMPP/xamppfiles/htdocs/ami/system/Database/MySQLi/Connection.php(306): mysqli->query('SELECT *\nFROM `...', 0)
#1 /Applications/XAMPP/xamppfiles/htdocs/ami/system/Database/BaseConnection.php(693): CodeIgniter\Database\MySQLi\Connection->execute('SELECT *\nFROM `...')
#2 /Applications/XAMPP/xamppfiles/htdocs/ami/system/Database/BaseConnection.php(607): CodeIgniter\Database\BaseConnection->simpleQuery('SELECT *\nFROM `...')
#3 /Applications/XAMPP/xamppfiles/htdocs/ami/system/Database/BaseBuilder.php(1615): CodeIgniter\Database\BaseConnection->query('SELECT *\nFROM `...', Array, false)
#4 /Applications/XAMPP/xamppfiles/htdocs/ami/system/Model.php(237): CodeIgniter\Database\BaseBuilder->get()
#5 /Applications/XAMPP/xamppfiles/htdocs/ami/system/BaseModel.php(624): CodeIgniter\Model->doFindAll(0, 0)
#6 /Applications/XAMPP/xamppfiles/htdocs/ami/app/Models/Admin/IsiModel.php(22): CodeIgniter\BaseModel->findAll()
#7 /Applications/XAMPP/xamppfiles/htdocs/ami/app/Controllers/AdminAreaAudit.php(333): App\Models\Admin\IsiModel->getAllisi('j\xCB\x1E\xB6')
#8 /Applications/XAMPP/xamppfiles/htdocs/ami/system/CodeIgniter.php(942): App\Controllers\AdminAreaAudit->isi('assets', 'vendors', 'chartjs', 'Chart.min.css')
#9 /Applications/XAMPP/xamppfiles/htdocs/ami/system/CodeIgniter.php(502): CodeIgniter\CodeIgniter->runController(Object(App\Controllers\AdminAreaAudit))
#10 /Applications/XAMPP/xamppfiles/htdocs/ami/system/CodeIgniter.php(361): CodeIgniter\CodeIgniter->handleRequest(NULL, Object(Config\Cache), false)
#11 /Applications/XAMPP/xamppfiles/htdocs/ami/public/index.php(79): CodeIgniter\CodeIgniter->run()
#12 /Applications/XAMPP/xamppfiles/htdocs/ami/system/Commands/Server/rewrite.php(47): require_once('/Applications/X...')
#13 {main}
CRITICAL - 2024-04-27 02:32:50 --> Illegal mix of collations (utf8mb4_general_ci,IMPLICIT) and (utf8_general_ci,COERCIBLE) for operation '='
in SYSTEMPATH/Database/BaseConnection.php on line 647.
 1 SYSTEMPATH/Database/BaseBuilder.php(1615): CodeIgniter\Database\BaseConnection->query('SELECT *
FROM `s_pertanyaan_isi`
WHERE `standar_id` = :standar_id:
ORDER BY `urutan` ASC', [...], false)
 2 SYSTEMPATH/Model.php(237): CodeIgniter\Database\BaseBuilder->get()
 3 SYSTEMPATH/BaseModel.php(624): CodeIgniter\Model->doFindAll(0, 0)
 4 APPPATH/Models/Admin/IsiModel.php(22): CodeIgniter\BaseModel->findAll()
 5 APPPATH/Controllers/AdminAreaAudit.php(333): App\Models\Admin\IsiModel->getAllisi('jÀ∂')
 6 SYSTEMPATH/CodeIgniter.php(942): App\Controllers\AdminAreaAudit->isi('assets', 'vendors', 'chartjs', 'Chart.min.css')
 7 SYSTEMPATH/CodeIgniter.php(502): CodeIgniter\CodeIgniter->runController(Object(App\Controllers\AdminAreaAudit))
 8 SYSTEMPATH/CodeIgniter.php(361): CodeIgniter\CodeIgniter->handleRequest(null, Object(Config\Cache), false)
 9 FCPATH/index.php(79): CodeIgniter\CodeIgniter->run()
10 SYSTEMPATH/Commands/Server/rewrite.php(47): require_once('/Applications/XAMPP/xamppfiles/htdocs/ami/public/index.php')
CRITICAL - 2024-04-27 02:32:50 --> Uncaught CodeIgniter\Format\Exceptions\FormatException: Failed to parse JSON string. Error: Malformed UTF-8 characters, possibly incorrectly encoded in /Applications/XAMPP/xamppfiles/htdocs/ami/system/Format/JSONFormatter.php:43
Stack trace:
#0 /Applications/XAMPP/xamppfiles/htdocs/ami/system/Format/JSONFormatter.php(43): CodeIgniter\Format\Exceptions\FormatException::forInvalidJSON('Malformed UTF-8...')
#1 /Applications/XAMPP/xamppfiles/htdocs/ami/system/API/ResponseTrait.php(345): CodeIgniter\Format\JSONFormatter->format(Array)
#2 /Applications/XAMPP/xamppfiles/htdocs/ami/system/API/ResponseTrait.php(98): CodeIgniter\Debug\ExceptionHandler->format(Array)
#3 /Applications/XAMPP/xamppfiles/htdocs/ami/system/Debug/ExceptionHandler.php(81): CodeIgniter\Debug\ExceptionHandler->respond(Array, 500)
#4 /Applications/XAMPP/xamppfiles/htdocs/ami/system/Debug/Exceptions.php(149): CodeIgniter\Debug\ExceptionHandler->handle(Object(mysqli_sql_exception), Object(CodeIgniter\HTTP\IncomingRequest), Object(CodeIgniter\HTTP\Response), 500, 8)
#5 [internal function]: CodeIgniter\Debug\Exceptions->exceptionHandler(Object(mysqli_sql_exception))
#6 {main}
  thrown
„ÄêPrevious Exception„Äë
CodeIgniter\Database\Exceptions\DatabaseException
Illegal mix of collations (utf8mb4_general_ci,IMPLICIT) and (utf8_general_ci,COERCIBLE) for operation '='
#0 /Applications/XAMPP/xamppfiles/htdocs/ami/system/Database/BaseBuilder.php(1615): CodeIgniter\Database\BaseConnection->query('SELECT *\nFROM `...', Array, false)
#1 /Applications/XAMPP/xamppfiles/htdocs/ami/system/Model.php(237): CodeIgniter\Database\BaseBuilder->get()
#2 /Applications/XAMPP/xamppfiles/htdocs/ami/system/BaseModel.php(624): CodeIgniter\Model->doFindAll(0, 0)
#3 /Applications/XAMPP/xamppfiles/htdocs/ami/app/Models/Admin/IsiModel.php(22): CodeIgniter\BaseModel->findAll()
#4 /Applications/XAMPP/xamppfiles/htdocs/ami/app/Controllers/AdminAreaAudit.php(333): App\Models\Admin\IsiModel->getAllisi('j\xCB\x1E\xB6')
#5 /Applications/XAMPP/xamppfiles/htdocs/ami/system/CodeIgniter.php(942): App\Controllers\AdminAreaAudit->isi('assets', 'vendors', 'chartjs', 'Chart.min.css')
#6 /Applications/XAMPP/xamppfiles/htdocs/ami/system/CodeIgniter.php(502): CodeIgniter\CodeIgniter->runController(Object(App\Controllers\AdminAreaAudit))
#7 /Applications/XAMPP/xamppfiles/htdocs/ami/system/CodeIgniter.php(361): CodeIgniter\CodeIgniter->handleRequest(NULL, Object(Config\Cache), false)
#8 /Applications/XAMPP/xamppfiles/htdocs/ami/public/index.php(79): CodeIgniter\CodeIgniter->run()
#9 /Applications/XAMPP/xamppfiles/htdocs/ami/system/Commands/Server/rewrite.php(47): require_once('/Applications/X...')
#10 {main}
in SYSTEMPATH/Format/JSONFormatter.php on line 43.
 1 [internal function]: CodeIgniter\Debug\Exceptions->shutdownHandler()
INFO - 2024-04-27 02:32:51 --> Session: Class initialized using 'CodeIgniter\Session\Handlers\FileHandler' driver.
INFO - 2024-04-27 02:32:51 --> Session: Class initialized using 'CodeIgniter\Session\Handlers\FileHandler' driver.
ERROR - 2024-04-27 02:32:51 --> mysqli_sql_exception: Illegal mix of collations (utf8mb4_general_ci,IMPLICIT) and (utf8_general_ci,COERCIBLE) for operation '=' in /Applications/XAMPP/xamppfiles/htdocs/ami/system/Database/MySQLi/Connection.php:306
Stack trace:
#0 /Applications/XAMPP/xamppfiles/htdocs/ami/system/Database/MySQLi/Connection.php(306): mysqli->query('SELECT *\nFROM `...', 0)
#1 /Applications/XAMPP/xamppfiles/htdocs/ami/system/Database/BaseConnection.php(693): CodeIgniter\Database\MySQLi\Connection->execute('SELECT *\nFROM `...')
#2 /Applications/XAMPP/xamppfiles/htdocs/ami/system/Database/BaseConnection.php(607): CodeIgniter\Database\BaseConnection->simpleQuery('SELECT *\nFROM `...')
#3 /Applications/XAMPP/xamppfiles/htdocs/ami/system/Database/BaseBuilder.php(1615): CodeIgniter\Database\BaseConnection->query('SELECT *\nFROM `...', Array, false)
#4 /Applications/XAMPP/xamppfiles/htdocs/ami/system/Model.php(237): CodeIgniter\Database\BaseBuilder->get()
#5 /Applications/XAMPP/xamppfiles/htdocs/ami/system/BaseModel.php(624): CodeIgniter\Model->doFindAll(0, 0)
#6 /Applications/XAMPP/xamppfiles/htdocs/ami/app/Models/Admin/StandarModel.php(22): CodeIgniter\BaseModel->findAll()
#7 /Applications/XAMPP/xamppfiles/htdocs/ami/app/Controllers/AdminAreaAudit.php(178): App\Models\Admin\StandarModel->getAllStandar('j\xCB\x1E\xB6')
#8 /Applications/XAMPP/xamppfiles/htdocs/ami/system/CodeIgniter.php(942): App\Controllers\AdminAreaAudit->Standar('assets', 'vendors', 'chartjs', 'Chart.min.css')
#9 /Applications/XAMPP/xamppfiles/htdocs/ami/system/CodeIgniter.php(502): CodeIgniter\CodeIgniter->runController(Object(App\Controllers\AdminAreaAudit))
#10 /Applications/XAMPP/xamppfiles/htdocs/ami/system/CodeIgniter.php(361): CodeIgniter\CodeIgniter->handleRequest(NULL, Object(Config\Cache), false)
#11 /Applications/XAMPP/xamppfiles/htdocs/ami/public/index.php(79): CodeIgniter\CodeIgniter->run()
#12 /Applications/XAMPP/xamppfiles/htdocs/ami/system/Commands/Server/rewrite.php(47): require_once('/Applications/X...')
#13 {main}
CRITICAL - 2024-04-27 02:32:51 --> Illegal mix of collations (utf8mb4_general_ci,IMPLICIT) and (utf8_general_ci,COERCIBLE) for operation '='
in SYSTEMPATH/Database/BaseConnection.php on line 647.
 1 SYSTEMPATH/Database/BaseBuilder.php(1615): CodeIgniter\Database\BaseConnection->query('SELECT *
FROM `standar`
WHERE `area_audit_id` = :area_audit_id:
ORDER BY `urutan` ASC', [...], false)
 2 SYSTEMPATH/Model.php(237): CodeIgniter\Database\BaseBuilder->get()
 3 SYSTEMPATH/BaseModel.php(624): CodeIgniter\Model->doFindAll(0, 0)
 4 APPPATH/Models/Admin/StandarModel.php(22): CodeIgniter\BaseModel->findAll()
 5 APPPATH/Controllers/AdminAreaAudit.php(178): App\Models\Admin\StandarModel->getAllStandar('jÀ∂')
 6 SYSTEMPATH/CodeIgniter.php(942): App\Controllers\AdminAreaAudit->Standar('assets', 'vendors', 'chartjs', 'Chart.min.css')
 7 SYSTEMPATH/CodeIgniter.php(502): CodeIgniter\CodeIgniter->runController(Object(App\Controllers\AdminAreaAudit))
 8 SYSTEMPATH/CodeIgniter.php(361): CodeIgniter\CodeIgniter->handleRequest(null, Object(Config\Cache), false)
 9 FCPATH/index.php(79): CodeIgniter\CodeIgniter->run()
10 SYSTEMPATH/Commands/Server/rewrite.php(47): require_once('/Applications/XAMPP/xamppfiles/htdocs/ami/public/index.php')
CRITICAL - 2024-04-27 02:32:51 --> Uncaught CodeIgniter\Format\Exceptions\FormatException: Failed to parse JSON string. Error: Malformed UTF-8 characters, possibly incorrectly encoded in /Applications/XAMPP/xamppfiles/htdocs/ami/system/Format/JSONFormatter.php:43
Stack trace:
#0 /Applications/XAMPP/xamppfiles/htdocs/ami/system/Format/JSONFormatter.php(43): CodeIgniter\Format\Exceptions\FormatException::forInvalidJSON('Malformed UTF-8...')
#1 /Applications/XAMPP/xamppfiles/htdocs/ami/system/API/ResponseTrait.php(345): CodeIgniter\Format\JSONFormatter->format(Array)
#2 /Applications/XAMPP/xamppfiles/htdocs/ami/system/API/ResponseTrait.php(98): CodeIgniter\Debug\ExceptionHandler->format(Array)
#3 /Applications/XAMPP/xamppfiles/htdocs/ami/system/Debug/ExceptionHandler.php(81): CodeIgniter\Debug\ExceptionHandler->respond(Array, 500)
#4 /Applications/XAMPP/xamppfiles/htdocs/ami/system/Debug/Exceptions.php(149): CodeIgniter\Debug\ExceptionHandler->handle(Object(mysqli_sql_exception), Object(CodeIgniter\HTTP\IncomingRequest), Object(CodeIgniter\HTTP\Response), 500, 8)
#5 [internal function]: CodeIgniter\Debug\Exceptions->exceptionHandler(Object(mysqli_sql_exception))
#6 {main}
  thrown
„ÄêPrevious Exception„Äë
CodeIgniter\Database\Exceptions\DatabaseException
Illegal mix of collations (utf8mb4_general_ci,IMPLICIT) and (utf8_general_ci,COERCIBLE) for operation '='
#0 /Applications/XAMPP/xamppfiles/htdocs/ami/system/Database/BaseBuilder.php(1615): CodeIgniter\Database\BaseConnection->query('SELECT *\nFROM `...', Array, false)
#1 /Applications/XAMPP/xamppfiles/htdocs/ami/system/Model.php(237): CodeIgniter\Database\BaseBuilder->get()
#2 /Applications/XAMPP/xamppfiles/htdocs/ami/system/BaseModel.php(624): CodeIgniter\Model->doFindAll(0, 0)
#3 /Applications/XAMPP/xamppfiles/htdocs/ami/app/Models/Admin/StandarModel.php(22): CodeIgniter\BaseModel->findAll()
#4 /Applications/XAMPP/xamppfiles/htdocs/ami/app/Controllers/AdminAreaAudit.php(178): App\Models\Admin\StandarModel->getAllStandar('j\xCB\x1E\xB6')
#5 /Applications/XAMPP/xamppfiles/htdocs/ami/system/CodeIgniter.php(942): App\Controllers\AdminAreaAudit->Standar('assets', 'vendors', 'chartjs', 'Chart.min.css')
#6 /Applications/XAMPP/xamppfiles/htdocs/ami/system/CodeIgniter.php(502): CodeIgniter\CodeIgniter->runController(Object(App\Controllers\AdminAreaAudit))
#7 /Applications/XAMPP/xamppfiles/htdocs/ami/system/CodeIgniter.php(361): CodeIgniter\CodeIgniter->handleRequest(NULL, Object(Config\Cache), false)
#8 /Applications/XAMPP/xamppfiles/htdocs/ami/public/index.php(79): CodeIgniter\CodeIgniter->run()
#9 /Applications/XAMPP/xamppfiles/htdocs/ami/system/Commands/Server/rewrite.php(47): require_once('/Applications/X...')
#10 {main}
in SYSTEMPATH/Format/JSONFormatter.php on line 43.
 1 [internal function]: CodeIgniter\Debug\Exceptions->shutdownHandler()
INFO - 2024-04-27 02:33:54 --> Session: Class initialized using 'CodeIgniter\Session\Handlers\FileHandler' driver.
INFO - 2024-04-27 02:33:54 --> Session: Class initialized using 'CodeIgniter\Session\Handlers\FileHandler' driver.
ERROR - 2024-04-27 02:33:54 --> mysqli_sql_exception: Illegal mix of collations (utf8mb4_general_ci,IMPLICIT) and (utf8_general_ci,COERCIBLE) for operation '=' in /Applications/XAMPP/xamppfiles/htdocs/ami/system/Database/MySQLi/Connection.php:306
Stack trace:
#0 /Applications/XAMPP/xamppfiles/htdocs/ami/system/Database/MySQLi/Connection.php(306): mysqli->query('SELECT *\nFROM `...', 0)
#1 /Applications/XAMPP/xamppfiles/htdocs/ami/system/Database/BaseConnection.php(693): CodeIgniter\Database\MySQLi\Connection->execute('SELECT *\nFROM `...')
#2 /Applications/XAMPP/xamppfiles/htdocs/ami/system/Database/BaseConnection.php(607): CodeIgniter\Database\BaseConnection->simpleQuery('SELECT *\nFROM `...')
#3 /Applications/XAMPP/xamppfiles/htdocs/ami/system/Database/BaseBuilder.php(1615): CodeIgniter\Database\BaseConnection->query('SELECT *\nFROM `...', Array, false)
#4 /Applications/XAMPP/xamppfiles/htdocs/ami/system/Model.php(237): CodeIgniter\Database\BaseBuilder->get()
#5 /Applications/XAMPP/xamppfiles/htdocs/ami/system/BaseModel.php(624): CodeIgniter\Model->doFindAll(0, 0)
#6 /Applications/XAMPP/xamppfiles/htdocs/ami/app/Models/Admin/IsiModel.php(22): CodeIgniter\BaseModel->findAll()
#7 /Applications/XAMPP/xamppfiles/htdocs/ami/app/Controllers/AdminAreaAudit.php(333): App\Models\Admin\IsiModel->getAllisi('j\xCB\x1E\xB6')
#8 /Applications/XAMPP/xamppfiles/htdocs/ami/system/CodeIgniter.php(942): App\Controllers\AdminAreaAudit->isi('assets', 'vendors', 'chartjs', 'Chart.min.css')
#9 /Applications/XAMPP/xamppfiles/htdocs/ami/system/CodeIgniter.php(502): CodeIgniter\CodeIgniter->runController(Object(App\Controllers\AdminAreaAudit))
#10 /Applications/XAMPP/xamppfiles/htdocs/ami/system/CodeIgniter.php(361): CodeIgniter\CodeIgniter->handleRequest(NULL, Object(Config\Cache), false)
#11 /Applications/XAMPP/xamppfiles/htdocs/ami/public/index.php(79): CodeIgniter\CodeIgniter->run()
#12 /Applications/XAMPP/xamppfiles/htdocs/ami/system/Commands/Server/rewrite.php(47): require_once('/Applications/X...')
#13 {main}
CRITICAL - 2024-04-27 02:33:54 --> Illegal mix of collations (utf8mb4_general_ci,IMPLICIT) and (utf8_general_ci,COERCIBLE) for operation '='
in SYSTEMPATH/Database/BaseConnection.php on line 647.
 1 SYSTEMPATH/Database/BaseBuilder.php(1615): CodeIgniter\Database\BaseConnection->query('SELECT *
FROM `s_pertanyaan_isi`
WHERE `standar_id` = :standar_id:
ORDER BY `urutan` ASC', [...], false)
 2 SYSTEMPATH/Model.php(237): CodeIgniter\Database\BaseBuilder->get()
 3 SYSTEMPATH/BaseModel.php(624): CodeIgniter\Model->doFindAll(0, 0)
 4 APPPATH/Models/Admin/IsiModel.php(22): CodeIgniter\BaseModel->findAll()
 5 APPPATH/Controllers/AdminAreaAudit.php(333): App\Models\Admin\IsiModel->getAllisi('jÀ∂')
 6 SYSTEMPATH/CodeIgniter.php(942): App\Controllers\AdminAreaAudit->isi('assets', 'vendors', 'chartjs', 'Chart.min.css')
 7 SYSTEMPATH/CodeIgniter.php(502): CodeIgniter\CodeIgniter->runController(Object(App\Controllers\AdminAreaAudit))
 8 SYSTEMPATH/CodeIgniter.php(361): CodeIgniter\CodeIgniter->handleRequest(null, Object(Config\Cache), false)
 9 FCPATH/index.php(79): CodeIgniter\CodeIgniter->run()
10 SYSTEMPATH/Commands/Server/rewrite.php(47): require_once('/Applications/XAMPP/xamppfiles/htdocs/ami/public/index.php')
CRITICAL - 2024-04-27 02:33:54 --> Uncaught CodeIgniter\Format\Exceptions\FormatException: Failed to parse JSON string. Error: Malformed UTF-8 characters, possibly incorrectly encoded in /Applications/XAMPP/xamppfiles/htdocs/ami/system/Format/JSONFormatter.php:43
Stack trace:
#0 /Applications/XAMPP/xamppfiles/htdocs/ami/system/Format/JSONFormatter.php(43): CodeIgniter\Format\Exceptions\FormatException::forInvalidJSON('Malformed UTF-8...')
#1 /Applications/XAMPP/xamppfiles/htdocs/ami/system/API/ResponseTrait.php(345): CodeIgniter\Format\JSONFormatter->format(Array)
#2 /Applications/XAMPP/xamppfiles/htdocs/ami/system/API/ResponseTrait.php(98): CodeIgniter\Debug\ExceptionHandler->format(Array)
#3 /Applications/XAMPP/xamppfiles/htdocs/ami/system/Debug/ExceptionHandler.php(81): CodeIgniter\Debug\ExceptionHandler->respond(Array, 500)
#4 /Applications/XAMPP/xamppfiles/htdocs/ami/system/Debug/Exceptions.php(149): CodeIgniter\Debug\ExceptionHandler->handle(Object(mysqli_sql_exception), Object(CodeIgniter\HTTP\IncomingRequest), Object(CodeIgniter\HTTP\Response), 500, 8)
#5 [internal function]: CodeIgniter\Debug\Exceptions->exceptionHandler(Object(mysqli_sql_exception))
#6 {main}
  thrown
„ÄêPrevious Exception„Äë
CodeIgniter\Database\Exceptions\DatabaseException
Illegal mix of collations (utf8mb4_general_ci,IMPLICIT) and (utf8_general_ci,COERCIBLE) for operation '='
#0 /Applications/XAMPP/xamppfiles/htdocs/ami/system/Database/BaseBuilder.php(1615): CodeIgniter\Database\BaseConnection->query('SELECT *\nFROM `...', Array, false)
#1 /Applications/XAMPP/xamppfiles/htdocs/ami/system/Model.php(237): CodeIgniter\Database\BaseBuilder->get()
#2 /Applications/XAMPP/xamppfiles/htdocs/ami/system/BaseModel.php(624): CodeIgniter\Model->doFindAll(0, 0)
#3 /Applications/XAMPP/xamppfiles/htdocs/ami/app/Models/Admin/IsiModel.php(22): CodeIgniter\BaseModel->findAll()
#4 /Applications/XAMPP/xamppfiles/htdocs/ami/app/Controllers/AdminAreaAudit.php(333): App\Models\Admin\IsiModel->getAllisi('j\xCB\x1E\xB6')
#5 /Applications/XAMPP/xamppfiles/htdocs/ami/system/CodeIgniter.php(942): App\Controllers\AdminAreaAudit->isi('assets', 'vendors', 'chartjs', 'Chart.min.css')
#6 /Applications/XAMPP/xamppfiles/htdocs/ami/system/CodeIgniter.php(502): CodeIgniter\CodeIgniter->runController(Object(App\Controllers\AdminAreaAudit))
#7 /Applications/XAMPP/xamppfiles/htdocs/ami/system/CodeIgniter.php(361): CodeIgniter\CodeIgniter->handleRequest(NULL, Object(Config\Cache), false)
#8 /Applications/XAMPP/xamppfiles/htdocs/ami/public/index.php(79): CodeIgniter\CodeIgniter->run()
#9 /Applications/XAMPP/xamppfiles/htdocs/ami/system/Commands/Server/rewrite.php(47): require_once('/Applications/X...')
#10 {main}
in SYSTEMPATH/Format/JSONFormatter.php on line 43.
 1 [internal function]: CodeIgniter\Debug\Exceptions->shutdownHandler()
INFO - 2024-04-27 04:25:17 --> Session: Class initialized using 'CodeIgniter\Session\Handlers\FileHandler' driver.
INFO - 2024-04-27 04:27:19 --> Session: Class initialized using 'CodeIgniter\Session\Handlers\FileHandler' driver.
INFO - 2024-04-27 04:27:42 --> Session: Class initialized using 'CodeIgniter\Session\Handlers\FileHandler' driver.
INFO - 2024-04-27 04:28:24 --> Session: Class initialized using 'CodeIgniter\Session\Handlers\FileHandler' driver.
INFO - 2024-04-27 04:29:31 --> Session: Class initialized using 'CodeIgniter\Session\Handlers\FileHandler' driver.
INFO - 2024-04-27 04:30:44 --> Session: Class initialized using 'CodeIgniter\Session\Handlers\FileHandler' driver.
INFO - 2024-04-27 04:30:46 --> Session: Class initialized using 'CodeIgniter\Session\Handlers\FileHandler' driver.
INFO - 2024-04-27 04:32:51 --> Session: Class initialized using 'CodeIgniter\Session\Handlers\FileHandler' driver.
INFO - 2024-04-27 04:33:23 --> Session: Class initialized using 'CodeIgniter\Session\Handlers\FileHandler' driver.
INFO - 2024-04-27 04:33:25 --> Session: Class initialized using 'CodeIgniter\Session\Handlers\FileHandler' driver.
INFO - 2024-04-27 04:33:30 --> Session: Class initialized using 'CodeIgniter\Session\Handlers\FileHandler' driver.
INFO - 2024-04-27 04:33:31 --> Session: Class initialized using 'CodeIgniter\Session\Handlers\FileHandler' driver.
INFO - 2024-04-27 04:33:33 --> Session: Class initialized using 'CodeIgniter\Session\Handlers\FileHandler' driver.
INFO - 2024-04-27 04:33:53 --> Session: Class initialized using 'CodeIgniter\Session\Handlers\FileHandler' driver.
INFO - 2024-04-27 04:33:55 --> Session: Class initialized using 'CodeIgniter\Session\Handlers\FileHandler' driver.
INFO - 2024-04-27 04:34:41 --> Session: Class initialized using 'CodeIgniter\Session\Handlers\FileHandler' driver.
INFO - 2024-04-27 04:35:06 --> Session: Class initialized using 'CodeIgniter\Session\Handlers\FileHandler' driver.
INFO - 2024-04-27 04:35:07 --> Session: Class initialized using 'CodeIgniter\Session\Handlers\FileHandler' driver.
INFO - 2024-04-27 04:35:08 --> Session: Class initialized using 'CodeIgniter\Session\Handlers\FileHandler' driver.
INFO - 2024-04-27 04:35:16 --> Session: Class initialized using 'CodeIgniter\Session\Handlers\FileHandler' driver.
INFO - 2024-04-27 04:36:35 --> Session: Class initialized using 'CodeIgniter\Session\Handlers\FileHandler' driver.
INFO - 2024-04-27 04:36:38 --> Session: Class initialized using 'CodeIgniter\Session\Handlers\FileHandler' driver.
INFO - 2024-04-27 04:36:41 --> Session: Class initialized using 'CodeIgniter\Session\Handlers\FileHandler' driver.
INFO - 2024-04-27 04:36:58 --> Session: Class initialized using 'CodeIgniter\Session\Handlers\FileHandler' driver.
INFO - 2024-04-27 04:37:00 --> Session: Class initialized using 'CodeIgniter\Session\Handlers\FileHandler' driver.
INFO - 2024-04-27 05:12:23 --> Session: Class initialized using 'CodeIgniter\Session\Handlers\FileHandler' driver.
INFO - 2024-04-27 05:13:34 --> Session: Class initialized using 'CodeIgniter\Session\Handlers\FileHandler' driver.
INFO - 2024-04-27 05:13:50 --> Session: Class initialized using 'CodeIgniter\Session\Handlers\FileHandler' driver.
INFO - 2024-04-27 05:14:33 --> Session: Class initialized using 'CodeIgniter\Session\Handlers\FileHandler' driver.
INFO - 2024-04-27 05:14:34 --> Session: Class initialized using 'CodeIgniter\Session\Handlers\FileHandler' driver.
INFO - 2024-04-27 05:14:35 --> Session: Class initialized using 'CodeIgniter\Session\Handlers\FileHandler' driver.
INFO - 2024-04-27 05:16:07 --> Session: Class initialized using 'CodeIgniter\Session\Handlers\FileHandler' driver.
INFO - 2024-04-27 07:10:41 --> Session: Class initialized using 'CodeIgniter\Session\Handlers\FileHandler' driver.
INFO - 2024-04-27 07:10:45 --> Session: Class initialized using 'CodeIgniter\Session\Handlers\FileHandler' driver.
INFO - 2024-04-27 07:10:55 --> Session: Class initialized using 'CodeIgniter\Session\Handlers\FileHandler' driver.
INFO - 2024-04-27 07:10:55 --> Session: Class initialized using 'CodeIgniter\Session\Handlers\FileHandler' driver.
INFO - 2024-04-27 07:18:18 --> Session: Class initialized using 'CodeIgniter\Session\Handlers\FileHandler' driver.
INFO - 2024-04-27 07:18:41 --> Session: Class initialized using 'CodeIgniter\Session\Handlers\FileHandler' driver.
INFO - 2024-04-27 07:18:47 --> Session: Class initialized using 'CodeIgniter\Session\Handlers\FileHandler' driver.
INFO - 2024-04-27 07:18:48 --> Session: Class initialized using 'CodeIgniter\Session\Handlers\FileHandler' driver.
INFO - 2024-04-27 07:19:07 --> Session: Class initialized using 'CodeIgniter\Session\Handlers\FileHandler' driver.
INFO - 2024-04-27 07:19:52 --> Session: Class initialized using 'CodeIgniter\Session\Handlers\FileHandler' driver.
INFO - 2024-04-27 08:02:36 --> Session: Class initialized using 'CodeIgniter\Session\Handlers\FileHandler' driver.
INFO - 2024-04-27 08:37:39 --> Session: Class initialized using 'CodeIgniter\Session\Handlers\FileHandler' driver.
INFO - 2024-04-27 08:38:14 --> Session: Class initialized using 'CodeIgniter\Session\Handlers\FileHandler' driver.
INFO - 2024-04-27 08:38:14 --> Session: Class initialized using 'CodeIgniter\Session\Handlers\FileHandler' driver.
INFO - 2024-04-27 08:38:35 --> Session: Class initialized using 'CodeIgniter\Session\Handlers\FileHandler' driver.
INFO - 2024-04-27 08:38:35 --> Session: Class initialized using 'CodeIgniter\Session\Handlers\FileHandler' driver.
INFO - 2024-04-27 08:39:58 --> Session: Class initialized using 'CodeIgniter\Session\Handlers\FileHandler' driver.
INFO - 2024-04-27 08:40:12 --> Session: Class initialized using 'CodeIgniter\Session\Handlers\FileHandler' driver.
INFO - 2024-04-27 08:40:31 --> Session: Class initialized using 'CodeIgniter\Session\Handlers\FileHandler' driver.
INFO - 2024-04-27 08:41:09 --> Session: Class initialized using 'CodeIgniter\Session\Handlers\FileHandler' driver.
INFO - 2024-04-27 08:41:21 --> Session: Class initialized using 'CodeIgniter\Session\Handlers\FileHandler' driver.
INFO - 2024-04-27 08:41:29 --> Session: Class initialized using 'CodeIgniter\Session\Handlers\FileHandler' driver.
INFO - 2024-04-27 11:30:31 --> Session: Class initialized using 'CodeIgniter\Session\Handlers\FileHandler' driver.
INFO - 2024-04-27 11:30:31 --> Session: Class initialized using 'CodeIgniter\Session\Handlers\FileHandler' driver.
INFO - 2024-04-27 11:30:40 --> Session: Class initialized using 'CodeIgniter\Session\Handlers\FileHandler' driver.
INFO - 2024-04-27 11:30:41 --> Session: Class initialized using 'CodeIgniter\Session\Handlers\FileHandler' driver.
INFO - 2024-04-27 11:30:42 --> Session: Class initialized using 'CodeIgniter\Session\Handlers\FileHandler' driver.
INFO - 2024-04-27 11:30:59 --> Session: Class initialized using 'CodeIgniter\Session\Handlers\FileHandler' driver.
INFO - 2024-04-27 11:32:31 --> Session: Class initialized using 'CodeIgniter\Session\Handlers\FileHandler' driver.
INFO - 2024-04-27 11:32:32 --> Session: Class initialized using 'CodeIgniter\Session\Handlers\FileHandler' driver.
INFO - 2024-04-27 11:39:21 --> Session: Class initialized using 'CodeIgniter\Session\Handlers\FileHandler' driver.
ERROR - 2024-04-27 11:39:21 --> mysqli_sql_exception: Unknown column 'session' in 'where clause' in /Applications/XAMPP/xamppfiles/htdocs/ami/system/Database/MySQLi/Connection.php:306
Stack trace:
#0 /Applications/XAMPP/xamppfiles/htdocs/ami/system/Database/MySQLi/Connection.php(306): mysqli->query('SELECT *\nFROM `...', 0)
#1 /Applications/XAMPP/xamppfiles/htdocs/ami/system/Database/BaseConnection.php(693): CodeIgniter\Database\MySQLi\Connection->execute('SELECT *\nFROM `...')
#2 /Applications/XAMPP/xamppfiles/htdocs/ami/system/Database/BaseConnection.php(607): CodeIgniter\Database\BaseConnection->simpleQuery('SELECT *\nFROM `...')
#3 /Applications/XAMPP/xamppfiles/htdocs/ami/system/Database/BaseBuilder.php(1615): CodeIgniter\Database\BaseConnection->query('SELECT *\nFROM `...', Array, false)
#4 /Applications/XAMPP/xamppfiles/htdocs/ami/app/Models/UPA/UpaUserModel.php(23): CodeIgniter\Database\BaseBuilder->get()
#5 /Applications/XAMPP/xamppfiles/htdocs/ami/app/Controllers/UpaUser.php(37): App\Models\UPA\UpaUserModel->getData('70ced1c4-b134-4...')
#6 /Applications/XAMPP/xamppfiles/htdocs/ami/system/CodeIgniter.php(942): App\Controllers\UpaUser->index()
#7 /Applications/XAMPP/xamppfiles/htdocs/ami/system/CodeIgniter.php(502): CodeIgniter\CodeIgniter->runController(Object(App\Controllers\UpaUser))
#8 /Applications/XAMPP/xamppfiles/htdocs/ami/system/CodeIgniter.php(361): CodeIgniter\CodeIgniter->handleRequest(NULL, Object(Config\Cache), false)
#9 /Applications/XAMPP/xamppfiles/htdocs/ami/public/index.php(79): CodeIgniter\CodeIgniter->run()
#10 /Applications/XAMPP/xamppfiles/htdocs/ami/system/Commands/Server/rewrite.php(47): require_once('/Applications/X...')
#11 {main}
CRITICAL - 2024-04-27 11:39:21 --> Unknown column 'session' in 'where clause'
in SYSTEMPATH/Database/BaseConnection.php on line 647.
 1 SYSTEMPATH/Database/BaseBuilder.php(1615): CodeIgniter\Database\BaseConnection->query('SELECT *
FROM `users`
WHERE `session` = :session:', [...], false)
 2 APPPATH/Models/UPA/UpaUserModel.php(23): CodeIgniter\Database\BaseBuilder->get()
 3 APPPATH/Controllers/UpaUser.php(37): App\Models\UPA\UpaUserModel->getData('70ced1c4-b134-40cc-9838-0d9887356096')
 4 SYSTEMPATH/CodeIgniter.php(942): App\Controllers\UpaUser->index()
 5 SYSTEMPATH/CodeIgniter.php(502): CodeIgniter\CodeIgniter->runController(Object(App\Controllers\UpaUser))
 6 SYSTEMPATH/CodeIgniter.php(361): CodeIgniter\CodeIgniter->handleRequest(null, Object(Config\Cache), false)
 7 FCPATH/index.php(79): CodeIgniter\CodeIgniter->run()
 8 SYSTEMPATH/Commands/Server/rewrite.php(47): require_once('/Applications/XAMPP/xamppfiles/htdocs/ami/public/index.php')
INFO - 2024-04-27 11:40:23 --> Session: Class initialized using 'CodeIgniter\Session\Handlers\FileHandler' driver.
INFO - 2024-04-27 12:05:25 --> Session: Class initialized using 'CodeIgniter\Session\Handlers\FileHandler' driver.
INFO - 2024-04-27 12:06:45 --> Session: Class initialized using 'CodeIgniter\Session\Handlers\FileHandler' driver.
INFO - 2024-04-27 12:06:52 --> Session: Class initialized using 'CodeIgniter\Session\Handlers\FileHandler' driver.
INFO - 2024-04-27 12:07:10 --> Session: Class initialized using 'CodeIgniter\Session\Handlers\FileHandler' driver.
INFO - 2024-04-27 12:07:26 --> Session: Class initialized using 'CodeIgniter\Session\Handlers\FileHandler' driver.
INFO - 2024-04-27 12:08:08 --> Session: Class initialized using 'CodeIgniter\Session\Handlers\FileHandler' driver.
INFO - 2024-04-27 12:08:23 --> Session: Class initialized using 'CodeIgniter\Session\Handlers\FileHandler' driver.
INFO - 2024-04-27 12:10:21 --> Session: Class initialized using 'CodeIgniter\Session\Handlers\FileHandler' driver.
INFO - 2024-04-27 12:10:29 --> Session: Class initialized using 'CodeIgniter\Session\Handlers\FileHandler' driver.
INFO - 2024-04-27 12:11:28 --> Session: Class initialized using 'CodeIgniter\Session\Handlers\FileHandler' driver.
INFO - 2024-04-27 12:11:58 --> Session: Class initialized using 'CodeIgniter\Session\Handlers\FileHandler' driver.
INFO - 2024-04-27 12:12:03 --> Session: Class initialized using 'CodeIgniter\Session\Handlers\FileHandler' driver.
INFO - 2024-04-27 12:12:24 --> Session: Class initialized using 'CodeIgniter\Session\Handlers\FileHandler' driver.
INFO - 2024-04-27 12:12:36 --> Session: Class initialized using 'CodeIgniter\Session\Handlers\FileHandler' driver.
INFO - 2024-04-27 12:13:21 --> Session: Class initialized using 'CodeIgniter\Session\Handlers\FileHandler' driver.
INFO - 2024-04-27 12:13:51 --> Session: Class initialized using 'CodeIgniter\Session\Handlers\FileHandler' driver.
INFO - 2024-04-27 12:14:40 --> Session: Class initialized using 'CodeIgniter\Session\Handlers\FileHandler' driver.
INFO - 2024-04-27 12:14:55 --> Session: Class initialized using 'CodeIgniter\Session\Handlers\FileHandler' driver.
INFO - 2024-04-27 12:15:27 --> Session: Class initialized using 'CodeIgniter\Session\Handlers\FileHandler' driver.
INFO - 2024-04-27 12:15:46 --> Session: Class initialized using 'CodeIgniter\Session\Handlers\FileHandler' driver.
INFO - 2024-04-27 12:17:11 --> Session: Class initialized using 'CodeIgniter\Session\Handlers\FileHandler' driver.
INFO - 2024-04-27 12:17:12 --> Session: Class initialized using 'CodeIgniter\Session\Handlers\FileHandler' driver.
INFO - 2024-04-27 12:18:05 --> Session: Class initialized using 'CodeIgniter\Session\Handlers\FileHandler' driver.
CRITICAL - 2024-04-27 12:18:05 --> Call to undefined method CodeIgniter\Database\MySQLi\Builder::getRow()
in APPPATH/Controllers/UpaUser.php on line 38.
 1 SYSTEMPATH/CodeIgniter.php(942): App\Controllers\UpaUser->index()
 2 SYSTEMPATH/CodeIgniter.php(502): CodeIgniter\CodeIgniter->runController(Object(App\Controllers\UpaUser))
 3 SYSTEMPATH/CodeIgniter.php(361): CodeIgniter\CodeIgniter->handleRequest(null, Object(Config\Cache), false)
 4 FCPATH/index.php(79): CodeIgniter\CodeIgniter->run()
 5 SYSTEMPATH/Commands/Server/rewrite.php(47): require_once('/Applications/XAMPP/xamppfiles/htdocs/ami/public/index.php')
INFO - 2024-04-27 12:18:14 --> Session: Class initialized using 'CodeIgniter\Session\Handlers\FileHandler' driver.
INFO - 2024-04-27 12:20:01 --> Session: Class initialized using 'CodeIgniter\Session\Handlers\FileHandler' driver.
INFO - 2024-04-27 12:20:24 --> Session: Class initialized using 'CodeIgniter\Session\Handlers\FileHandler' driver.
INFO - 2024-04-27 12:21:09 --> Session: Class initialized using 'CodeIgniter\Session\Handlers\FileHandler' driver.
INFO - 2024-04-27 12:21:57 --> Session: Class initialized using 'CodeIgniter\Session\Handlers\FileHandler' driver.
INFO - 2024-04-27 12:22:14 --> Session: Class initialized using 'CodeIgniter\Session\Handlers\FileHandler' driver.
INFO - 2024-04-27 12:22:15 --> Session: Class initialized using 'CodeIgniter\Session\Handlers\FileHandler' driver.
INFO - 2024-04-27 12:29:34 --> Session: Class initialized using 'CodeIgniter\Session\Handlers\FileHandler' driver.
INFO - 2024-04-27 12:29:37 --> Session: Class initialized using 'CodeIgniter\Session\Handlers\FileHandler' driver.
INFO - 2024-04-27 12:29:37 --> Session: Class initialized using 'CodeIgniter\Session\Handlers\FileHandler' driver.
INFO - 2024-04-27 12:29:53 --> Session: Class initialized using 'CodeIgniter\Session\Handlers\FileHandler' driver.
INFO - 2024-04-27 12:29:56 --> Session: Class initialized using 'CodeIgniter\Session\Handlers\FileHandler' driver.
INFO - 2024-04-27 12:29:56 --> Session: Class initialized using 'CodeIgniter\Session\Handlers\FileHandler' driver.
INFO - 2024-04-27 12:31:12 --> Session: Class initialized using 'CodeIgniter\Session\Handlers\FileHandler' driver.
INFO - 2024-04-27 12:31:17 --> Session: Class initialized using 'CodeIgniter\Session\Handlers\FileHandler' driver.
INFO - 2024-04-27 12:31:17 --> Session: Class initialized using 'CodeIgniter\Session\Handlers\FileHandler' driver.
INFO - 2024-04-27 12:35:30 --> Session: Class initialized using 'CodeIgniter\Session\Handlers\FileHandler' driver.
INFO - 2024-04-27 12:35:40 --> Session: Class initialized using 'CodeIgniter\Session\Handlers\FileHandler' driver.
INFO - 2024-04-27 12:37:10 --> Session: Class initialized using 'CodeIgniter\Session\Handlers\FileHandler' driver.
INFO - 2024-04-27 12:37:12 --> Session: Class initialized using 'CodeIgniter\Session\Handlers\FileHandler' driver.
INFO - 2024-04-27 12:37:12 --> Session: Class initialized using 'CodeIgniter\Session\Handlers\FileHandler' driver.
INFO - 2024-04-27 12:37:20 --> Session: Class initialized using 'CodeIgniter\Session\Handlers\FileHandler' driver.
ERROR - 2024-04-27 12:37:20 --> mysqli_sql_exception: Unknown column 'user.id' in 'field list' in /Applications/XAMPP/xamppfiles/htdocs/ami/system/Database/MySQLi/Connection.php:306
Stack trace:
#0 /Applications/XAMPP/xamppfiles/htdocs/ami/system/Database/MySQLi/Connection.php(306): mysqli->query('SELECT `upa`.*,...', 0)
#1 /Applications/XAMPP/xamppfiles/htdocs/ami/system/Database/BaseConnection.php(693): CodeIgniter\Database\MySQLi\Connection->execute('SELECT `upa`.*,...')
#2 /Applications/XAMPP/xamppfiles/htdocs/ami/system/Database/BaseConnection.php(607): CodeIgniter\Database\BaseConnection->simpleQuery('SELECT `upa`.*,...')
#3 /Applications/XAMPP/xamppfiles/htdocs/ami/system/Database/BaseBuilder.php(1615): CodeIgniter\Database\BaseConnection->query('SELECT `upa`.*,...', Array, false)
#4 /Applications/XAMPP/xamppfiles/htdocs/ami/app/Controllers/Auth.php(93): CodeIgniter\Database\BaseBuilder->get()
#5 /Applications/XAMPP/xamppfiles/htdocs/ami/system/CodeIgniter.php(942): App\Controllers\Auth->checkAuth()
#6 /Applications/XAMPP/xamppfiles/htdocs/ami/system/CodeIgniter.php(502): CodeIgniter\CodeIgniter->runController(Object(App\Controllers\Auth))
#7 /Applications/XAMPP/xamppfiles/htdocs/ami/system/CodeIgniter.php(361): CodeIgniter\CodeIgniter->handleRequest(NULL, Object(Config\Cache), false)
#8 /Applications/XAMPP/xamppfiles/htdocs/ami/public/index.php(79): CodeIgniter\CodeIgniter->run()
#9 /Applications/XAMPP/xamppfiles/htdocs/ami/system/Commands/Server/rewrite.php(47): require_once('/Applications/X...')
#10 {main}
CRITICAL - 2024-04-27 12:37:20 --> Unknown column 'user.id' in 'field list'
in SYSTEMPATH/Database/BaseConnection.php on line 647.
 1 SYSTEMPATH/Database/BaseBuilder.php(1615): CodeIgniter\Database\BaseConnection->query('SELECT `upa`.*, `upa`.`email` as `username`, `user`.`id` as `user_id`
FROM `users`
JOIN `upa` ON `upa`.`email` = `users`.`username`
WHERE `username` = :username:', [...], false)
 2 APPPATH/Controllers/Auth.php(93): CodeIgniter\Database\BaseBuilder->get()
 3 SYSTEMPATH/CodeIgniter.php(942): App\Controllers\Auth->checkAuth()
 4 SYSTEMPATH/CodeIgniter.php(502): CodeIgniter\CodeIgniter->runController(Object(App\Controllers\Auth))
 5 SYSTEMPATH/CodeIgniter.php(361): CodeIgniter\CodeIgniter->handleRequest(null, Object(Config\Cache), false)
 6 FCPATH/index.php(79): CodeIgniter\CodeIgniter->run()
 7 SYSTEMPATH/Commands/Server/rewrite.php(47): require_once('/Applications/XAMPP/xamppfiles/htdocs/ami/public/index.php')
INFO - 2024-04-27 12:37:32 --> Session: Class initialized using 'CodeIgniter\Session\Handlers\FileHandler' driver.
INFO - 2024-04-27 12:37:36 --> Session: Class initialized using 'CodeIgniter\Session\Handlers\FileHandler' driver.
INFO - 2024-04-27 12:37:36 --> Session: Class initialized using 'CodeIgniter\Session\Handlers\FileHandler' driver.
INFO - 2024-04-27 12:37:38 --> Session: Class initialized using 'CodeIgniter\Session\Handlers\FileHandler' driver.
INFO - 2024-04-27 12:37:51 --> Session: Class initialized using 'CodeIgniter\Session\Handlers\FileHandler' driver.
INFO - 2024-04-27 12:37:51 --> Session: Class initialized using 'CodeIgniter\Session\Handlers\FileHandler' driver.
INFO - 2024-04-27 12:37:55 --> Session: Class initialized using 'CodeIgniter\Session\Handlers\FileHandler' driver.
INFO - 2024-04-27 12:37:55 --> Session: Class initialized using 'CodeIgniter\Session\Handlers\FileHandler' driver.
INFO - 2024-04-27 12:38:12 --> Session: Class initialized using 'CodeIgniter\Session\Handlers\FileHandler' driver.
INFO - 2024-04-27 12:38:13 --> Session: Class initialized using 'CodeIgniter\Session\Handlers\FileHandler' driver.
INFO - 2024-04-27 12:38:19 --> Session: Class initialized using 'CodeIgniter\Session\Handlers\FileHandler' driver.
INFO - 2024-04-27 12:38:19 --> Session: Class initialized using 'CodeIgniter\Session\Handlers\FileHandler' driver.
INFO - 2024-04-27 12:38:25 --> Session: Class initialized using 'CodeIgniter\Session\Handlers\FileHandler' driver.
INFO - 2024-04-27 12:38:25 --> Session: Class initialized using 'CodeIgniter\Session\Handlers\FileHandler' driver.
INFO - 2024-04-27 23:00:21 --> Session: Class initialized using 'CodeIgniter\Session\Handlers\FileHandler' driver.
INFO - 2024-04-27 23:00:21 --> Session: Class initialized using 'CodeIgniter\Session\Handlers\FileHandler' driver.
INFO - 2024-04-27 23:00:28 --> Session: Class initialized using 'CodeIgniter\Session\Handlers\FileHandler' driver.
INFO - 2024-04-27 23:00:29 --> Session: Class initialized using 'CodeIgniter\Session\Handlers\FileHandler' driver.
INFO - 2024-04-27 23:00:31 --> Session: Class initialized using 'CodeIgniter\Session\Handlers\FileHandler' driver.
INFO - 2024-04-27 23:00:32 --> Session: Class initialized using 'CodeIgniter\Session\Handlers\FileHandler' driver.
INFO - 2024-04-27 23:00:40 --> Session: Class initialized using 'CodeIgniter\Session\Handlers\FileHandler' driver.
INFO - 2024-04-27 23:00:40 --> Session: Class initialized using 'CodeIgniter\Session\Handlers\FileHandler' driver.
INFO - 2024-04-27 23:02:47 --> Session: Class initialized using 'CodeIgniter\Session\Handlers\FileHandler' driver.
INFO - 2024-04-27 23:02:47 --> Session: Class initialized using 'CodeIgniter\Session\Handlers\FileHandler' driver.
INFO - 2024-04-27 23:03:31 --> Session: Class initialized using 'CodeIgniter\Session\Handlers\FileHandler' driver.
INFO - 2024-04-27 23:03:32 --> Session: Class initialized using 'CodeIgniter\Session\Handlers\FileHandler' driver.
INFO - 2024-04-27 23:03:34 --> Session: Class initialized using 'CodeIgniter\Session\Handlers\FileHandler' driver.
INFO - 2024-04-27 23:03:34 --> Session: Class initialized using 'CodeIgniter\Session\Handlers\FileHandler' driver.
INFO - 2024-04-27 23:10:55 --> Session: Class initialized using 'CodeIgniter\Session\Handlers\FileHandler' driver.
INFO - 2024-04-27 23:10:57 --> Session: Class initialized using 'CodeIgniter\Session\Handlers\FileHandler' driver.
INFO - 2024-04-27 23:10:58 --> Session: Class initialized using 'CodeIgniter\Session\Handlers\FileHandler' driver.
INFO - 2024-04-27 23:10:59 --> Session: Class initialized using 'CodeIgniter\Session\Handlers\FileHandler' driver.
INFO - 2024-04-27 23:11:01 --> Session: Class initialized using 'CodeIgniter\Session\Handlers\FileHandler' driver.
INFO - 2024-04-27 23:11:38 --> Session: Class initialized using 'CodeIgniter\Session\Handlers\FileHandler' driver.
INFO - 2024-04-27 23:11:38 --> Session: Class initialized using 'CodeIgniter\Session\Handlers\FileHandler' driver.
INFO - 2024-04-27 23:11:40 --> Session: Class initialized using 'CodeIgniter\Session\Handlers\FileHandler' driver.
INFO - 2024-04-27 23:11:40 --> Session: Class initialized using 'CodeIgniter\Session\Handlers\FileHandler' driver.
ERROR - 2024-04-27 23:11:40 --> mysqli_sql_exception: Illegal mix of collations (utf8mb4_general_ci,IMPLICIT) and (utf8_general_ci,COERCIBLE) for operation '=' in /Applications/XAMPP/xamppfiles/htdocs/ami/system/Database/MySQLi/Connection.php:306
Stack trace:
#0 /Applications/XAMPP/xamppfiles/htdocs/ami/system/Database/MySQLi/Connection.php(306): mysqli->query('SELECT *\nFROM `...', 0)
#1 /Applications/XAMPP/xamppfiles/htdocs/ami/system/Database/BaseConnection.php(693): CodeIgniter\Database\MySQLi\Connection->execute('SELECT *\nFROM `...')
#2 /Applications/XAMPP/xamppfiles/htdocs/ami/system/Database/BaseConnection.php(607): CodeIgniter\Database\BaseConnection->simpleQuery('SELECT *\nFROM `...')
#3 /Applications/XAMPP/xamppfiles/htdocs/ami/system/Database/BaseBuilder.php(1615): CodeIgniter\Database\BaseConnection->query('SELECT *\nFROM `...', Array, false)
#4 /Applications/XAMPP/xamppfiles/htdocs/ami/system/Model.php(237): CodeIgniter\Database\BaseBuilder->get()
#5 /Applications/XAMPP/xamppfiles/htdocs/ami/system/BaseModel.php(624): CodeIgniter\Model->doFindAll(0, 0)
#6 /Applications/XAMPP/xamppfiles/htdocs/ami/app/Models/Admin/StandarModel.php(22): CodeIgniter\BaseModel->findAll()
#7 /Applications/XAMPP/xamppfiles/htdocs/ami/app/Controllers/AdminAreaAudit.php(178): App\Models\Admin\StandarModel->getAllStandar('j\xCB\x1E\xB6')
#8 /Applications/XAMPP/xamppfiles/htdocs/ami/system/CodeIgniter.php(942): App\Controllers\AdminAreaAudit->Standar('assets', 'vendors', 'chartjs', 'Chart.min.css')
#9 /Applications/XAMPP/xamppfiles/htdocs/ami/system/CodeIgniter.php(502): CodeIgniter\CodeIgniter->runController(Object(App\Controllers\AdminAreaAudit))
#10 /Applications/XAMPP/xamppfiles/htdocs/ami/system/CodeIgniter.php(361): CodeIgniter\CodeIgniter->handleRequest(NULL, Object(Config\Cache), false)
#11 /Applications/XAMPP/xamppfiles/htdocs/ami/public/index.php(79): CodeIgniter\CodeIgniter->run()
#12 /Applications/XAMPP/xamppfiles/htdocs/ami/system/Commands/Server/rewrite.php(47): require_once('/Applications/X...')
#13 {main}
CRITICAL - 2024-04-27 23:11:40 --> Illegal mix of collations (utf8mb4_general_ci,IMPLICIT) and (utf8_general_ci,COERCIBLE) for operation '='
in SYSTEMPATH/Database/BaseConnection.php on line 647.
 1 SYSTEMPATH/Database/BaseBuilder.php(1615): CodeIgniter\Database\BaseConnection->query('SELECT *
FROM `standar`
WHERE `area_audit_id` = :area_audit_id:
ORDER BY `urutan` ASC', [...], false)
 2 SYSTEMPATH/Model.php(237): CodeIgniter\Database\BaseBuilder->get()
 3 SYSTEMPATH/BaseModel.php(624): CodeIgniter\Model->doFindAll(0, 0)
 4 APPPATH/Models/Admin/StandarModel.php(22): CodeIgniter\BaseModel->findAll()
 5 APPPATH/Controllers/AdminAreaAudit.php(178): App\Models\Admin\StandarModel->getAllStandar('jÀ∂')
 6 SYSTEMPATH/CodeIgniter.php(942): App\Controllers\AdminAreaAudit->Standar('assets', 'vendors', 'chartjs', 'Chart.min.css')
 7 SYSTEMPATH/CodeIgniter.php(502): CodeIgniter\CodeIgniter->runController(Object(App\Controllers\AdminAreaAudit))
 8 SYSTEMPATH/CodeIgniter.php(361): CodeIgniter\CodeIgniter->handleRequest(null, Object(Config\Cache), false)
 9 FCPATH/index.php(79): CodeIgniter\CodeIgniter->run()
10 SYSTEMPATH/Commands/Server/rewrite.php(47): require_once('/Applications/XAMPP/xamppfiles/htdocs/ami/public/index.php')
CRITICAL - 2024-04-27 23:11:40 --> Uncaught CodeIgniter\Format\Exceptions\FormatException: Failed to parse JSON string. Error: Malformed UTF-8 characters, possibly incorrectly encoded in /Applications/XAMPP/xamppfiles/htdocs/ami/system/Format/JSONFormatter.php:43
Stack trace:
#0 /Applications/XAMPP/xamppfiles/htdocs/ami/system/Format/JSONFormatter.php(43): CodeIgniter\Format\Exceptions\FormatException::forInvalidJSON('Malformed UTF-8...')
#1 /Applications/XAMPP/xamppfiles/htdocs/ami/system/API/ResponseTrait.php(345): CodeIgniter\Format\JSONFormatter->format(Array)
#2 /Applications/XAMPP/xamppfiles/htdocs/ami/system/API/ResponseTrait.php(98): CodeIgniter\Debug\ExceptionHandler->format(Array)
#3 /Applications/XAMPP/xamppfiles/htdocs/ami/system/Debug/ExceptionHandler.php(81): CodeIgniter\Debug\ExceptionHandler->respond(Array, 500)
#4 /Applications/XAMPP/xamppfiles/htdocs/ami/system/Debug/Exceptions.php(149): CodeIgniter\Debug\ExceptionHandler->handle(Object(mysqli_sql_exception), Object(CodeIgniter\HTTP\IncomingRequest), Object(CodeIgniter\HTTP\Response), 500, 8)
#5 [internal function]: CodeIgniter\Debug\Exceptions->exceptionHandler(Object(mysqli_sql_exception))
#6 {main}
  thrown
„ÄêPrevious Exception„Äë
CodeIgniter\Database\Exceptions\DatabaseException
Illegal mix of collations (utf8mb4_general_ci,IMPLICIT) and (utf8_general_ci,COERCIBLE) for operation '='
#0 /Applications/XAMPP/xamppfiles/htdocs/ami/system/Database/BaseBuilder.php(1615): CodeIgniter\Database\BaseConnection->query('SELECT *\nFROM `...', Array, false)
#1 /Applications/XAMPP/xamppfiles/htdocs/ami/system/Model.php(237): CodeIgniter\Database\BaseBuilder->get()
#2 /Applications/XAMPP/xamppfiles/htdocs/ami/system/BaseModel.php(624): CodeIgniter\Model->doFindAll(0, 0)
#3 /Applications/XAMPP/xamppfiles/htdocs/ami/app/Models/Admin/StandarModel.php(22): CodeIgniter\BaseModel->findAll()
#4 /Applications/XAMPP/xamppfiles/htdocs/ami/app/Controllers/AdminAreaAudit.php(178): App\Models\Admin\StandarModel->getAllStandar('j\xCB\x1E\xB6')
#5 /Applications/XAMPP/xamppfiles/htdocs/ami/system/CodeIgniter.php(942): App\Controllers\AdminAreaAudit->Standar('assets', 'vendors', 'chartjs', 'Chart.min.css')
#6 /Applications/XAMPP/xamppfiles/htdocs/ami/system/CodeIgniter.php(502): CodeIgniter\CodeIgniter->runController(Object(App\Controllers\AdminAreaAudit))
#7 /Applications/XAMPP/xamppfiles/htdocs/ami/system/CodeIgniter.php(361): CodeIgniter\CodeIgniter->handleRequest(NULL, Object(Config\Cache), false)
#8 /Applications/XAMPP/xamppfiles/htdocs/ami/public/index.php(79): CodeIgniter\CodeIgniter->run()
#9 /Applications/XAMPP/xamppfiles/htdocs/ami/system/Commands/Server/rewrite.php(47): require_once('/Applications/X...')
#10 {main}
in SYSTEMPATH/Format/JSONFormatter.php on line 43.
 1 [internal function]: CodeIgniter\Debug\Exceptions->shutdownHandler()
INFO - 2024-04-27 23:11:48 --> Session: Class initialized using 'CodeIgniter\Session\Handlers\FileHandler' driver.
INFO - 2024-04-27 23:11:48 --> Session: Class initialized using 'CodeIgniter\Session\Handlers\FileHandler' driver.
ERROR - 2024-04-27 23:11:48 --> mysqli_sql_exception: Illegal mix of collations (utf8mb4_general_ci,IMPLICIT) and (utf8_general_ci,COERCIBLE) for operation '=' in /Applications/XAMPP/xamppfiles/htdocs/ami/system/Database/MySQLi/Connection.php:306
Stack trace:
#0 /Applications/XAMPP/xamppfiles/htdocs/ami/system/Database/MySQLi/Connection.php(306): mysqli->query('SELECT *\nFROM `...', 0)
#1 /Applications/XAMPP/xamppfiles/htdocs/ami/system/Database/BaseConnection.php(693): CodeIgniter\Database\MySQLi\Connection->execute('SELECT *\nFROM `...')
#2 /Applications/XAMPP/xamppfiles/htdocs/ami/system/Database/BaseConnection.php(607): CodeIgniter\Database\BaseConnection->simpleQuery('SELECT *\nFROM `...')
#3 /Applications/XAMPP/xamppfiles/htdocs/ami/system/Database/BaseBuilder.php(1615): CodeIgniter\Database\BaseConnection->query('SELECT *\nFROM `...', Array, false)
#4 /Applications/XAMPP/xamppfiles/htdocs/ami/system/Model.php(871): CodeIgniter\Database\BaseBuilder->get()
#5 /Applications/XAMPP/xamppfiles/htdocs/ami/app/Models/Admin/AreaAuditModel.php(41): CodeIgniter\Model->__call('get', Array)
#6 /Applications/XAMPP/xamppfiles/htdocs/ami/app/Controllers/AdminAreaAudit.php(193): App\Models\Admin\AreaAuditModel->getAreaAuditById('j\xCB\x1E\xB6')
#7 /Applications/XAMPP/xamppfiles/htdocs/ami/system/CodeIgniter.php(942): App\Controllers\AdminAreaAudit->addStandar('assets', 'vendors', 'chartjs', 'Chart.min.css')
#8 /Applications/XAMPP/xamppfiles/htdocs/ami/system/CodeIgniter.php(502): CodeIgniter\CodeIgniter->runController(Object(App\Controllers\AdminAreaAudit))
#9 /Applications/XAMPP/xamppfiles/htdocs/ami/system/CodeIgniter.php(361): CodeIgniter\CodeIgniter->handleRequest(NULL, Object(Config\Cache), false)
#10 /Applications/XAMPP/xamppfiles/htdocs/ami/public/index.php(79): CodeIgniter\CodeIgniter->run()
#11 /Applications/XAMPP/xamppfiles/htdocs/ami/system/Commands/Server/rewrite.php(47): require_once('/Applications/X...')
#12 {main}
CRITICAL - 2024-04-27 23:11:48 --> Illegal mix of collations (utf8mb4_general_ci,IMPLICIT) and (utf8_general_ci,COERCIBLE) for operation '='
in SYSTEMPATH/Database/BaseConnection.php on line 647.
 1 SYSTEMPATH/Database/BaseBuilder.php(1615): CodeIgniter\Database\BaseConnection->query('SELECT *
FROM `area_audit`
WHERE `id` = :id:', [...], false)
 2 SYSTEMPATH/Model.php(871): CodeIgniter\Database\BaseBuilder->get()
 3 APPPATH/Models/Admin/AreaAuditModel.php(41): CodeIgniter\Model->__call('get', [])
 4 APPPATH/Controllers/AdminAreaAudit.php(193): App\Models\Admin\AreaAuditModel->getAreaAuditById('jÀ∂')
 5 SYSTEMPATH/CodeIgniter.php(942): App\Controllers\AdminAreaAudit->addStandar('assets', 'vendors', 'chartjs', 'Chart.min.css')
 6 SYSTEMPATH/CodeIgniter.php(502): CodeIgniter\CodeIgniter->runController(Object(App\Controllers\AdminAreaAudit))
 7 SYSTEMPATH/CodeIgniter.php(361): CodeIgniter\CodeIgniter->handleRequest(null, Object(Config\Cache), false)
 8 FCPATH/index.php(79): CodeIgniter\CodeIgniter->run()
 9 SYSTEMPATH/Commands/Server/rewrite.php(47): require_once('/Applications/XAMPP/xamppfiles/htdocs/ami/public/index.php')
CRITICAL - 2024-04-27 23:11:48 --> Uncaught CodeIgniter\Format\Exceptions\FormatException: Failed to parse JSON string. Error: Malformed UTF-8 characters, possibly incorrectly encoded in /Applications/XAMPP/xamppfiles/htdocs/ami/system/Format/JSONFormatter.php:43
Stack trace:
#0 /Applications/XAMPP/xamppfiles/htdocs/ami/system/Format/JSONFormatter.php(43): CodeIgniter\Format\Exceptions\FormatException::forInvalidJSON('Malformed UTF-8...')
#1 /Applications/XAMPP/xamppfiles/htdocs/ami/system/API/ResponseTrait.php(345): CodeIgniter\Format\JSONFormatter->format(Array)
#2 /Applications/XAMPP/xamppfiles/htdocs/ami/system/API/ResponseTrait.php(98): CodeIgniter\Debug\ExceptionHandler->format(Array)
#3 /Applications/XAMPP/xamppfiles/htdocs/ami/system/Debug/ExceptionHandler.php(81): CodeIgniter\Debug\ExceptionHandler->respond(Array, 500)
#4 /Applications/XAMPP/xamppfiles/htdocs/ami/system/Debug/Exceptions.php(149): CodeIgniter\Debug\ExceptionHandler->handle(Object(mysqli_sql_exception), Object(CodeIgniter\HTTP\IncomingRequest), Object(CodeIgniter\HTTP\Response), 500, 8)
#5 [internal function]: CodeIgniter\Debug\Exceptions->exceptionHandler(Object(mysqli_sql_exception))
#6 {main}
  thrown
„ÄêPrevious Exception„Äë
CodeIgniter\Database\Exceptions\DatabaseException
Illegal mix of collations (utf8mb4_general_ci,IMPLICIT) and (utf8_general_ci,COERCIBLE) for operation '='
#0 /Applications/XAMPP/xamppfiles/htdocs/ami/system/Database/BaseBuilder.php(1615): CodeIgniter\Database\BaseConnection->query('SELECT *\nFROM `...', Array, false)
#1 /Applications/XAMPP/xamppfiles/htdocs/ami/system/Model.php(871): CodeIgniter\Database\BaseBuilder->get()
#2 /Applications/XAMPP/xamppfiles/htdocs/ami/app/Models/Admin/AreaAuditModel.php(41): CodeIgniter\Model->__call('get', Array)
#3 /Applications/XAMPP/xamppfiles/htdocs/ami/app/Controllers/AdminAreaAudit.php(193): App\Models\Admin\AreaAuditModel->getAreaAuditById('j\xCB\x1E\xB6')
#4 /Applications/XAMPP/xamppfiles/htdocs/ami/system/CodeIgniter.php(942): App\Controllers\AdminAreaAudit->addStandar('assets', 'vendors', 'chartjs', 'Chart.min.css')
#5 /Applications/XAMPP/xamppfiles/htdocs/ami/system/CodeIgniter.php(502): CodeIgniter\CodeIgniter->runController(Object(App\Controllers\AdminAreaAudit))
#6 /Applications/XAMPP/xamppfiles/htdocs/ami/system/CodeIgniter.php(361): CodeIgniter\CodeIgniter->handleRequest(NULL, Object(Config\Cache), false)
#7 /Applications/XAMPP/xamppfiles/htdocs/ami/public/index.php(79): CodeIgniter\CodeIgniter->run()
#8 /Applications/XAMPP/xamppfiles/htdocs/ami/system/Commands/Server/rewrite.php(47): require_once('/Applications/X...')
#9 {main}
in SYSTEMPATH/Format/JSONFormatter.php on line 43.
 1 [internal function]: CodeIgniter\Debug\Exceptions->shutdownHandler()
INFO - 2024-04-27 23:12:16 --> Session: Class initialized using 'CodeIgniter\Session\Handlers\FileHandler' driver.
INFO - 2024-04-27 23:12:16 --> Session: Class initialized using 'CodeIgniter\Session\Handlers\FileHandler' driver.
INFO - 2024-04-27 23:12:16 --> Session: Class initialized using 'CodeIgniter\Session\Handlers\FileHandler' driver.
ERROR - 2024-04-27 23:12:16 --> mysqli_sql_exception: Illegal mix of collations (utf8mb4_general_ci,IMPLICIT) and (utf8_general_ci,COERCIBLE) for operation '=' in /Applications/XAMPP/xamppfiles/htdocs/ami/system/Database/MySQLi/Connection.php:306
Stack trace:
#0 /Applications/XAMPP/xamppfiles/htdocs/ami/system/Database/MySQLi/Connection.php(306): mysqli->query('SELECT *\nFROM `...', 0)
#1 /Applications/XAMPP/xamppfiles/htdocs/ami/system/Database/BaseConnection.php(693): CodeIgniter\Database\MySQLi\Connection->execute('SELECT *\nFROM `...')
#2 /Applications/XAMPP/xamppfiles/htdocs/ami/system/Database/BaseConnection.php(607): CodeIgniter\Database\BaseConnection->simpleQuery('SELECT *\nFROM `...')
#3 /Applications/XAMPP/xamppfiles/htdocs/ami/system/Database/BaseBuilder.php(1615): CodeIgniter\Database\BaseConnection->query('SELECT *\nFROM `...', Array, false)
#4 /Applications/XAMPP/xamppfiles/htdocs/ami/system/Model.php(237): CodeIgniter\Database\BaseBuilder->get()
#5 /Applications/XAMPP/xamppfiles/htdocs/ami/system/BaseModel.php(624): CodeIgniter\Model->doFindAll(0, 0)
#6 /Applications/XAMPP/xamppfiles/htdocs/ami/app/Models/Admin/StandarModel.php(22): CodeIgniter\BaseModel->findAll()
#7 /Applications/XAMPP/xamppfiles/htdocs/ami/app/Controllers/AdminAreaAudit.php(178): App\Models\Admin\StandarModel->getAllStandar('j\xCB\x1E\xB6')
#8 /Applications/XAMPP/xamppfiles/htdocs/ami/system/CodeIgniter.php(942): App\Controllers\AdminAreaAudit->Standar('assets', 'vendors', 'chartjs', 'Chart.min.css')
#9 /Applications/XAMPP/xamppfiles/htdocs/ami/system/CodeIgniter.php(502): CodeIgniter\CodeIgniter->runController(Object(App\Controllers\AdminAreaAudit))
#10 /Applications/XAMPP/xamppfiles/htdocs/ami/system/CodeIgniter.php(361): CodeIgniter\CodeIgniter->handleRequest(NULL, Object(Config\Cache), false)
#11 /Applications/XAMPP/xamppfiles/htdocs/ami/public/index.php(79): CodeIgniter\CodeIgniter->run()
#12 /Applications/XAMPP/xamppfiles/htdocs/ami/system/Commands/Server/rewrite.php(47): require_once('/Applications/X...')
#13 {main}
CRITICAL - 2024-04-27 23:12:16 --> Illegal mix of collations (utf8mb4_general_ci,IMPLICIT) and (utf8_general_ci,COERCIBLE) for operation '='
in SYSTEMPATH/Database/BaseConnection.php on line 647.
 1 SYSTEMPATH/Database/BaseBuilder.php(1615): CodeIgniter\Database\BaseConnection->query('SELECT *
FROM `standar`
WHERE `area_audit_id` = :area_audit_id:
ORDER BY `urutan` ASC', [...], false)
 2 SYSTEMPATH/Model.php(237): CodeIgniter\Database\BaseBuilder->get()
 3 SYSTEMPATH/BaseModel.php(624): CodeIgniter\Model->doFindAll(0, 0)
 4 APPPATH/Models/Admin/StandarModel.php(22): CodeIgniter\BaseModel->findAll()
 5 APPPATH/Controllers/AdminAreaAudit.php(178): App\Models\Admin\StandarModel->getAllStandar('jÀ∂')
 6 SYSTEMPATH/CodeIgniter.php(942): App\Controllers\AdminAreaAudit->Standar('assets', 'vendors', 'chartjs', 'Chart.min.css')
 7 SYSTEMPATH/CodeIgniter.php(502): CodeIgniter\CodeIgniter->runController(Object(App\Controllers\AdminAreaAudit))
 8 SYSTEMPATH/CodeIgniter.php(361): CodeIgniter\CodeIgniter->handleRequest(null, Object(Config\Cache), false)
 9 FCPATH/index.php(79): CodeIgniter\CodeIgniter->run()
10 SYSTEMPATH/Commands/Server/rewrite.php(47): require_once('/Applications/XAMPP/xamppfiles/htdocs/ami/public/index.php')
CRITICAL - 2024-04-27 23:12:16 --> Uncaught CodeIgniter\Format\Exceptions\FormatException: Failed to parse JSON string. Error: Malformed UTF-8 characters, possibly incorrectly encoded in /Applications/XAMPP/xamppfiles/htdocs/ami/system/Format/JSONFormatter.php:43
Stack trace:
#0 /Applications/XAMPP/xamppfiles/htdocs/ami/system/Format/JSONFormatter.php(43): CodeIgniter\Format\Exceptions\FormatException::forInvalidJSON('Malformed UTF-8...')
#1 /Applications/XAMPP/xamppfiles/htdocs/ami/system/API/ResponseTrait.php(345): CodeIgniter\Format\JSONFormatter->format(Array)
#2 /Applications/XAMPP/xamppfiles/htdocs/ami/system/API/ResponseTrait.php(98): CodeIgniter\Debug\ExceptionHandler->format(Array)
#3 /Applications/XAMPP/xamppfiles/htdocs/ami/system/Debug/ExceptionHandler.php(81): CodeIgniter\Debug\ExceptionHandler->respond(Array, 500)
#4 /Applications/XAMPP/xamppfiles/htdocs/ami/system/Debug/Exceptions.php(149): CodeIgniter\Debug\ExceptionHandler->handle(Object(mysqli_sql_exception), Object(CodeIgniter\HTTP\IncomingRequest), Object(CodeIgniter\HTTP\Response), 500, 8)
#5 [internal function]: CodeIgniter\Debug\Exceptions->exceptionHandler(Object(mysqli_sql_exception))
#6 {main}
  thrown
„ÄêPrevious Exception„Äë
CodeIgniter\Database\Exceptions\DatabaseException
Illegal mix of collations (utf8mb4_general_ci,IMPLICIT) and (utf8_general_ci,COERCIBLE) for operation '='
#0 /Applications/XAMPP/xamppfiles/htdocs/ami/system/Database/BaseBuilder.php(1615): CodeIgniter\Database\BaseConnection->query('SELECT *\nFROM `...', Array, false)
#1 /Applications/XAMPP/xamppfiles/htdocs/ami/system/Model.php(237): CodeIgniter\Database\BaseBuilder->get()
#2 /Applications/XAMPP/xamppfiles/htdocs/ami/system/BaseModel.php(624): CodeIgniter\Model->doFindAll(0, 0)
#3 /Applications/XAMPP/xamppfiles/htdocs/ami/app/Models/Admin/StandarModel.php(22): CodeIgniter\BaseModel->findAll()
#4 /Applications/XAMPP/xamppfiles/htdocs/ami/app/Controllers/AdminAreaAudit.php(178): App\Models\Admin\StandarModel->getAllStandar('j\xCB\x1E\xB6')
#5 /Applications/XAMPP/xamppfiles/htdocs/ami/system/CodeIgniter.php(942): App\Controllers\AdminAreaAudit->Standar('assets', 'vendors', 'chartjs', 'Chart.min.css')
#6 /Applications/XAMPP/xamppfiles/htdocs/ami/system/CodeIgniter.php(502): CodeIgniter\CodeIgniter->runController(Object(App\Controllers\AdminAreaAudit))
#7 /Applications/XAMPP/xamppfiles/htdocs/ami/system/CodeIgniter.php(361): CodeIgniter\CodeIgniter->handleRequest(NULL, Object(Config\Cache), false)
#8 /Applications/XAMPP/xamppfiles/htdocs/ami/public/index.php(79): CodeIgniter\CodeIgniter->run()
#9 /Applications/XAMPP/xamppfiles/htdocs/ami/system/Commands/Server/rewrite.php(47): require_once('/Applications/X...')
#10 {main}
in SYSTEMPATH/Format/JSONFormatter.php on line 43.
 1 [internal function]: CodeIgniter\Debug\Exceptions->shutdownHandler()
INFO - 2024-04-27 23:12:22 --> Session: Class initialized using 'CodeIgniter\Session\Handlers\FileHandler' driver.
INFO - 2024-04-27 23:12:22 --> Session: Class initialized using 'CodeIgniter\Session\Handlers\FileHandler' driver.
ERROR - 2024-04-27 23:12:22 --> mysqli_sql_exception: Illegal mix of collations (utf8mb4_general_ci,IMPLICIT) and (utf8_general_ci,COERCIBLE) for operation '=' in /Applications/XAMPP/xamppfiles/htdocs/ami/system/Database/MySQLi/Connection.php:306
Stack trace:
#0 /Applications/XAMPP/xamppfiles/htdocs/ami/system/Database/MySQLi/Connection.php(306): mysqli->query('SELECT *\nFROM `...', 0)
#1 /Applications/XAMPP/xamppfiles/htdocs/ami/system/Database/BaseConnection.php(693): CodeIgniter\Database\MySQLi\Connection->execute('SELECT *\nFROM `...')
#2 /Applications/XAMPP/xamppfiles/htdocs/ami/system/Database/BaseConnection.php(607): CodeIgniter\Database\BaseConnection->simpleQuery('SELECT *\nFROM `...')
#3 /Applications/XAMPP/xamppfiles/htdocs/ami/system/Database/BaseBuilder.php(1615): CodeIgniter\Database\BaseConnection->query('SELECT *\nFROM `...', Array, false)
#4 /Applications/XAMPP/xamppfiles/htdocs/ami/system/Model.php(237): CodeIgniter\Database\BaseBuilder->get()
#5 /Applications/XAMPP/xamppfiles/htdocs/ami/system/BaseModel.php(624): CodeIgniter\Model->doFindAll(0, 0)
#6 /Applications/XAMPP/xamppfiles/htdocs/ami/app/Models/Admin/IsiModel.php(22): CodeIgniter\BaseModel->findAll()
#7 /Applications/XAMPP/xamppfiles/htdocs/ami/app/Controllers/AdminAreaAudit.php(333): App\Models\Admin\IsiModel->getAllisi('j\xCB\x1E\xB6')
#8 /Applications/XAMPP/xamppfiles/htdocs/ami/system/CodeIgniter.php(942): App\Controllers\AdminAreaAudit->isi('assets', 'vendors', 'chartjs', 'Chart.min.css')
#9 /Applications/XAMPP/xamppfiles/htdocs/ami/system/CodeIgniter.php(502): CodeIgniter\CodeIgniter->runController(Object(App\Controllers\AdminAreaAudit))
#10 /Applications/XAMPP/xamppfiles/htdocs/ami/system/CodeIgniter.php(361): CodeIgniter\CodeIgniter->handleRequest(NULL, Object(Config\Cache), false)
#11 /Applications/XAMPP/xamppfiles/htdocs/ami/public/index.php(79): CodeIgniter\CodeIgniter->run()
#12 /Applications/XAMPP/xamppfiles/htdocs/ami/system/Commands/Server/rewrite.php(47): require_once('/Applications/X...')
#13 {main}
CRITICAL - 2024-04-27 23:12:22 --> Illegal mix of collations (utf8mb4_general_ci,IMPLICIT) and (utf8_general_ci,COERCIBLE) for operation '='
in SYSTEMPATH/Database/BaseConnection.php on line 647.
 1 SYSTEMPATH/Database/BaseBuilder.php(1615): CodeIgniter\Database\BaseConnection->query('SELECT *
FROM `s_pertanyaan_isi`
WHERE `standar_id` = :standar_id:
ORDER BY `urutan` ASC', [...], false)
 2 SYSTEMPATH/Model.php(237): CodeIgniter\Database\BaseBuilder->get()
 3 SYSTEMPATH/BaseModel.php(624): CodeIgniter\Model->doFindAll(0, 0)
 4 APPPATH/Models/Admin/IsiModel.php(22): CodeIgniter\BaseModel->findAll()
 5 APPPATH/Controllers/AdminAreaAudit.php(333): App\Models\Admin\IsiModel->getAllisi('jÀ∂')
 6 SYSTEMPATH/CodeIgniter.php(942): App\Controllers\AdminAreaAudit->isi('assets', 'vendors', 'chartjs', 'Chart.min.css')
 7 SYSTEMPATH/CodeIgniter.php(502): CodeIgniter\CodeIgniter->runController(Object(App\Controllers\AdminAreaAudit))
 8 SYSTEMPATH/CodeIgniter.php(361): CodeIgniter\CodeIgniter->handleRequest(null, Object(Config\Cache), false)
 9 FCPATH/index.php(79): CodeIgniter\CodeIgniter->run()
10 SYSTEMPATH/Commands/Server/rewrite.php(47): require_once('/Applications/XAMPP/xamppfiles/htdocs/ami/public/index.php')
CRITICAL - 2024-04-27 23:12:22 --> Uncaught CodeIgniter\Format\Exceptions\FormatException: Failed to parse JSON string. Error: Malformed UTF-8 characters, possibly incorrectly encoded in /Applications/XAMPP/xamppfiles/htdocs/ami/system/Format/JSONFormatter.php:43
Stack trace:
#0 /Applications/XAMPP/xamppfiles/htdocs/ami/system/Format/JSONFormatter.php(43): CodeIgniter\Format\Exceptions\FormatException::forInvalidJSON('Malformed UTF-8...')
#1 /Applications/XAMPP/xamppfiles/htdocs/ami/system/API/ResponseTrait.php(345): CodeIgniter\Format\JSONFormatter->format(Array)
#2 /Applications/XAMPP/xamppfiles/htdocs/ami/system/API/ResponseTrait.php(98): CodeIgniter\Debug\ExceptionHandler->format(Array)
#3 /Applications/XAMPP/xamppfiles/htdocs/ami/system/Debug/ExceptionHandler.php(81): CodeIgniter\Debug\ExceptionHandler->respond(Array, 500)
#4 /Applications/XAMPP/xamppfiles/htdocs/ami/system/Debug/Exceptions.php(149): CodeIgniter\Debug\ExceptionHandler->handle(Object(mysqli_sql_exception), Object(CodeIgniter\HTTP\IncomingRequest), Object(CodeIgniter\HTTP\Response), 500, 8)
#5 [internal function]: CodeIgniter\Debug\Exceptions->exceptionHandler(Object(mysqli_sql_exception))
#6 {main}
  thrown
„ÄêPrevious Exception„Äë
CodeIgniter\Database\Exceptions\DatabaseException
Illegal mix of collations (utf8mb4_general_ci,IMPLICIT) and (utf8_general_ci,COERCIBLE) for operation '='
#0 /Applications/XAMPP/xamppfiles/htdocs/ami/system/Database/BaseBuilder.php(1615): CodeIgniter\Database\BaseConnection->query('SELECT *\nFROM `...', Array, false)
#1 /Applications/XAMPP/xamppfiles/htdocs/ami/system/Model.php(237): CodeIgniter\Database\BaseBuilder->get()
#2 /Applications/XAMPP/xamppfiles/htdocs/ami/system/BaseModel.php(624): CodeIgniter\Model->doFindAll(0, 0)
#3 /Applications/XAMPP/xamppfiles/htdocs/ami/app/Models/Admin/IsiModel.php(22): CodeIgniter\BaseModel->findAll()
#4 /Applications/XAMPP/xamppfiles/htdocs/ami/app/Controllers/AdminAreaAudit.php(333): App\Models\Admin\IsiModel->getAllisi('j\xCB\x1E\xB6')
#5 /Applications/XAMPP/xamppfiles/htdocs/ami/system/CodeIgniter.php(942): App\Controllers\AdminAreaAudit->isi('assets', 'vendors', 'chartjs', 'Chart.min.css')
#6 /Applications/XAMPP/xamppfiles/htdocs/ami/system/CodeIgniter.php(502): CodeIgniter\CodeIgniter->runController(Object(App\Controllers\AdminAreaAudit))
#7 /Applications/XAMPP/xamppfiles/htdocs/ami/system/CodeIgniter.php(361): CodeIgniter\CodeIgniter->handleRequest(NULL, Object(Config\Cache), false)
#8 /Applications/XAMPP/xamppfiles/htdocs/ami/public/index.php(79): CodeIgniter\CodeIgniter->run()
#9 /Applications/XAMPP/xamppfiles/htdocs/ami/system/Commands/Server/rewrite.php(47): require_once('/Applications/X...')
#10 {main}
in SYSTEMPATH/Format/JSONFormatter.php on line 43.
 1 [internal function]: CodeIgniter\Debug\Exceptions->shutdownHandler()
INFO - 2024-04-27 23:12:23 --> Session: Class initialized using 'CodeIgniter\Session\Handlers\FileHandler' driver.
INFO - 2024-04-27 23:12:24 --> Session: Class initialized using 'CodeIgniter\Session\Handlers\FileHandler' driver.
ERROR - 2024-04-27 23:12:24 --> mysqli_sql_exception: Illegal mix of collations (utf8mb4_general_ci,IMPLICIT) and (utf8_general_ci,COERCIBLE) for operation '=' in /Applications/XAMPP/xamppfiles/htdocs/ami/system/Database/MySQLi/Connection.php:306
Stack trace:
#0 /Applications/XAMPP/xamppfiles/htdocs/ami/system/Database/MySQLi/Connection.php(306): mysqli->query('SELECT `area_au...', 0)
#1 /Applications/XAMPP/xamppfiles/htdocs/ami/system/Database/BaseConnection.php(693): CodeIgniter\Database\MySQLi\Connection->execute('SELECT `area_au...')
#2 /Applications/XAMPP/xamppfiles/htdocs/ami/system/Database/BaseConnection.php(607): CodeIgniter\Database\BaseConnection->simpleQuery('SELECT `area_au...')
#3 /Applications/XAMPP/xamppfiles/htdocs/ami/system/Database/BaseBuilder.php(1615): CodeIgniter\Database\BaseConnection->query('SELECT `area_au...', Array, false)
#4 /Applications/XAMPP/xamppfiles/htdocs/ami/system/Model.php(871): CodeIgniter\Database\BaseBuilder->get()
#5 /Applications/XAMPP/xamppfiles/htdocs/ami/app/Models/Admin/StandarModel.php(47): CodeIgniter\Model->__call('get', Array)
#6 /Applications/XAMPP/xamppfiles/htdocs/ami/app/Controllers/AdminAreaAudit.php(348): App\Models\Admin\StandarModel->getStandarById('j\xCB\x1E\xB6')
#7 /Applications/XAMPP/xamppfiles/htdocs/ami/system/CodeIgniter.php(942): App\Controllers\AdminAreaAudit->addisi('assets', 'vendors', 'chartjs', 'Chart.min.css')
#8 /Applications/XAMPP/xamppfiles/htdocs/ami/system/CodeIgniter.php(502): CodeIgniter\CodeIgniter->runController(Object(App\Controllers\AdminAreaAudit))
#9 /Applications/XAMPP/xamppfiles/htdocs/ami/system/CodeIgniter.php(361): CodeIgniter\CodeIgniter->handleRequest(NULL, Object(Config\Cache), false)
#10 /Applications/XAMPP/xamppfiles/htdocs/ami/public/index.php(79): CodeIgniter\CodeIgniter->run()
#11 /Applications/XAMPP/xamppfiles/htdocs/ami/system/Commands/Server/rewrite.php(47): require_once('/Applications/X...')
#12 {main}
CRITICAL - 2024-04-27 23:12:24 --> Illegal mix of collations (utf8mb4_general_ci,IMPLICIT) and (utf8_general_ci,COERCIBLE) for operation '='
in SYSTEMPATH/Database/BaseConnection.php on line 647.
 1 SYSTEMPATH/Database/BaseBuilder.php(1615): CodeIgniter\Database\BaseConnection->query('SELECT `area_audit`.`area_audit`, `standar`.*
FROM `standar`
JOIN `area_audit` ON `standar`.`area_audit_id` = `area_audit`.`id`
WHERE `standar`.`id` = :standar.id:', [...], false)
 2 SYSTEMPATH/Model.php(871): CodeIgniter\Database\BaseBuilder->get()
 3 APPPATH/Models/Admin/StandarModel.php(47): CodeIgniter\Model->__call('get', [])
 4 APPPATH/Controllers/AdminAreaAudit.php(348): App\Models\Admin\StandarModel->getStandarById('jÀ∂')
 5 SYSTEMPATH/CodeIgniter.php(942): App\Controllers\AdminAreaAudit->addisi('assets', 'vendors', 'chartjs', 'Chart.min.css')
 6 SYSTEMPATH/CodeIgniter.php(502): CodeIgniter\CodeIgniter->runController(Object(App\Controllers\AdminAreaAudit))
 7 SYSTEMPATH/CodeIgniter.php(361): CodeIgniter\CodeIgniter->handleRequest(null, Object(Config\Cache), false)
 8 FCPATH/index.php(79): CodeIgniter\CodeIgniter->run()
 9 SYSTEMPATH/Commands/Server/rewrite.php(47): require_once('/Applications/XAMPP/xamppfiles/htdocs/ami/public/index.php')
CRITICAL - 2024-04-27 23:12:24 --> Uncaught CodeIgniter\Format\Exceptions\FormatException: Failed to parse JSON string. Error: Malformed UTF-8 characters, possibly incorrectly encoded in /Applications/XAMPP/xamppfiles/htdocs/ami/system/Format/JSONFormatter.php:43
Stack trace:
#0 /Applications/XAMPP/xamppfiles/htdocs/ami/system/Format/JSONFormatter.php(43): CodeIgniter\Format\Exceptions\FormatException::forInvalidJSON('Malformed UTF-8...')
#1 /Applications/XAMPP/xamppfiles/htdocs/ami/system/API/ResponseTrait.php(345): CodeIgniter\Format\JSONFormatter->format(Array)
#2 /Applications/XAMPP/xamppfiles/htdocs/ami/system/API/ResponseTrait.php(98): CodeIgniter\Debug\ExceptionHandler->format(Array)
#3 /Applications/XAMPP/xamppfiles/htdocs/ami/system/Debug/ExceptionHandler.php(81): CodeIgniter\Debug\ExceptionHandler->respond(Array, 500)
#4 /Applications/XAMPP/xamppfiles/htdocs/ami/system/Debug/Exceptions.php(149): CodeIgniter\Debug\ExceptionHandler->handle(Object(mysqli_sql_exception), Object(CodeIgniter\HTTP\IncomingRequest), Object(CodeIgniter\HTTP\Response), 500, 8)
#5 [internal function]: CodeIgniter\Debug\Exceptions->exceptionHandler(Object(mysqli_sql_exception))
#6 {main}
  thrown
„ÄêPrevious Exception„Äë
CodeIgniter\Database\Exceptions\DatabaseException
Illegal mix of collations (utf8mb4_general_ci,IMPLICIT) and (utf8_general_ci,COERCIBLE) for operation '='
#0 /Applications/XAMPP/xamppfiles/htdocs/ami/system/Database/BaseBuilder.php(1615): CodeIgniter\Database\BaseConnection->query('SELECT `area_au...', Array, false)
#1 /Applications/XAMPP/xamppfiles/htdocs/ami/system/Model.php(871): CodeIgniter\Database\BaseBuilder->get()
#2 /Applications/XAMPP/xamppfiles/htdocs/ami/app/Models/Admin/StandarModel.php(47): CodeIgniter\Model->__call('get', Array)
#3 /Applications/XAMPP/xamppfiles/htdocs/ami/app/Controllers/AdminAreaAudit.php(348): App\Models\Admin\StandarModel->getStandarById('j\xCB\x1E\xB6')
#4 /Applications/XAMPP/xamppfiles/htdocs/ami/system/CodeIgniter.php(942): App\Controllers\AdminAreaAudit->addisi('assets', 'vendors', 'chartjs', 'Chart.min.css')
#5 /Applications/XAMPP/xamppfiles/htdocs/ami/system/CodeIgniter.php(502): CodeIgniter\CodeIgniter->runController(Object(App\Controllers\AdminAreaAudit))
#6 /Applications/XAMPP/xamppfiles/htdocs/ami/system/CodeIgniter.php(361): CodeIgniter\CodeIgniter->handleRequest(NULL, Object(Config\Cache), false)
#7 /Applications/XAMPP/xamppfiles/htdocs/ami/public/index.php(79): CodeIgniter\CodeIgniter->run()
#8 /Applications/XAMPP/xamppfiles/htdocs/ami/system/Commands/Server/rewrite.php(47): require_once('/Applications/X...')
#9 {main}
in SYSTEMPATH/Format/JSONFormatter.php on line 43.
 1 [internal function]: CodeIgniter\Debug\Exceptions->shutdownHandler()
INFO - 2024-04-27 23:12:29 --> Session: Class initialized using 'CodeIgniter\Session\Handlers\FileHandler' driver.
INFO - 2024-04-27 23:12:29 --> Session: Class initialized using 'CodeIgniter\Session\Handlers\FileHandler' driver.
INFO - 2024-04-27 23:12:30 --> Session: Class initialized using 'CodeIgniter\Session\Handlers\FileHandler' driver.
ERROR - 2024-04-27 23:12:30 --> mysqli_sql_exception: Illegal mix of collations (utf8mb4_general_ci,IMPLICIT) and (utf8_general_ci,COERCIBLE) for operation '=' in /Applications/XAMPP/xamppfiles/htdocs/ami/system/Database/MySQLi/Connection.php:306
Stack trace:
#0 /Applications/XAMPP/xamppfiles/htdocs/ami/system/Database/MySQLi/Connection.php(306): mysqli->query('SELECT *\nFROM `...', 0)
#1 /Applications/XAMPP/xamppfiles/htdocs/ami/system/Database/BaseConnection.php(693): CodeIgniter\Database\MySQLi\Connection->execute('SELECT *\nFROM `...')
#2 /Applications/XAMPP/xamppfiles/htdocs/ami/system/Database/BaseConnection.php(607): CodeIgniter\Database\BaseConnection->simpleQuery('SELECT *\nFROM `...')
#3 /Applications/XAMPP/xamppfiles/htdocs/ami/system/Database/BaseBuilder.php(1615): CodeIgniter\Database\BaseConnection->query('SELECT *\nFROM `...', Array, false)
#4 /Applications/XAMPP/xamppfiles/htdocs/ami/system/Model.php(237): CodeIgniter\Database\BaseBuilder->get()
#5 /Applications/XAMPP/xamppfiles/htdocs/ami/system/BaseModel.php(624): CodeIgniter\Model->doFindAll(0, 0)
#6 /Applications/XAMPP/xamppfiles/htdocs/ami/app/Models/Admin/IsiModel.php(22): CodeIgniter\BaseModel->findAll()
#7 /Applications/XAMPP/xamppfiles/htdocs/ami/app/Controllers/AdminAreaAudit.php(333): App\Models\Admin\IsiModel->getAllisi('j\xCB\x1E\xB6')
#8 /Applications/XAMPP/xamppfiles/htdocs/ami/system/CodeIgniter.php(942): App\Controllers\AdminAreaAudit->isi('assets', 'vendors', 'chartjs', 'Chart.min.css')
#9 /Applications/XAMPP/xamppfiles/htdocs/ami/system/CodeIgniter.php(502): CodeIgniter\CodeIgniter->runController(Object(App\Controllers\AdminAreaAudit))
#10 /Applications/XAMPP/xamppfiles/htdocs/ami/system/CodeIgniter.php(361): CodeIgniter\CodeIgniter->handleRequest(NULL, Object(Config\Cache), false)
#11 /Applications/XAMPP/xamppfiles/htdocs/ami/public/index.php(79): CodeIgniter\CodeIgniter->run()
#12 /Applications/XAMPP/xamppfiles/htdocs/ami/system/Commands/Server/rewrite.php(47): require_once('/Applications/X...')
#13 {main}
CRITICAL - 2024-04-27 23:12:30 --> Illegal mix of collations (utf8mb4_general_ci,IMPLICIT) and (utf8_general_ci,COERCIBLE) for operation '='
in SYSTEMPATH/Database/BaseConnection.php on line 647.
 1 SYSTEMPATH/Database/BaseBuilder.php(1615): CodeIgniter\Database\BaseConnection->query('SELECT *
FROM `s_pertanyaan_isi`
WHERE `standar_id` = :standar_id:
ORDER BY `urutan` ASC', [...], false)
 2 SYSTEMPATH/Model.php(237): CodeIgniter\Database\BaseBuilder->get()
 3 SYSTEMPATH/BaseModel.php(624): CodeIgniter\Model->doFindAll(0, 0)
 4 APPPATH/Models/Admin/IsiModel.php(22): CodeIgniter\BaseModel->findAll()
 5 APPPATH/Controllers/AdminAreaAudit.php(333): App\Models\Admin\IsiModel->getAllisi('jÀ∂')
 6 SYSTEMPATH/CodeIgniter.php(942): App\Controllers\AdminAreaAudit->isi('assets', 'vendors', 'chartjs', 'Chart.min.css')
 7 SYSTEMPATH/CodeIgniter.php(502): CodeIgniter\CodeIgniter->runController(Object(App\Controllers\AdminAreaAudit))
 8 SYSTEMPATH/CodeIgniter.php(361): CodeIgniter\CodeIgniter->handleRequest(null, Object(Config\Cache), false)
 9 FCPATH/index.php(79): CodeIgniter\CodeIgniter->run()
10 SYSTEMPATH/Commands/Server/rewrite.php(47): require_once('/Applications/XAMPP/xamppfiles/htdocs/ami/public/index.php')
CRITICAL - 2024-04-27 23:12:30 --> Uncaught CodeIgniter\Format\Exceptions\FormatException: Failed to parse JSON string. Error: Malformed UTF-8 characters, possibly incorrectly encoded in /Applications/XAMPP/xamppfiles/htdocs/ami/system/Format/JSONFormatter.php:43
Stack trace:
#0 /Applications/XAMPP/xamppfiles/htdocs/ami/system/Format/JSONFormatter.php(43): CodeIgniter\Format\Exceptions\FormatException::forInvalidJSON('Malformed UTF-8...')
#1 /Applications/XAMPP/xamppfiles/htdocs/ami/system/API/ResponseTrait.php(345): CodeIgniter\Format\JSONFormatter->format(Array)
#2 /Applications/XAMPP/xamppfiles/htdocs/ami/system/API/ResponseTrait.php(98): CodeIgniter\Debug\ExceptionHandler->format(Array)
#3 /Applications/XAMPP/xamppfiles/htdocs/ami/system/Debug/ExceptionHandler.php(81): CodeIgniter\Debug\ExceptionHandler->respond(Array, 500)
#4 /Applications/XAMPP/xamppfiles/htdocs/ami/system/Debug/Exceptions.php(149): CodeIgniter\Debug\ExceptionHandler->handle(Object(mysqli_sql_exception), Object(CodeIgniter\HTTP\IncomingRequest), Object(CodeIgniter\HTTP\Response), 500, 8)
#5 [internal function]: CodeIgniter\Debug\Exceptions->exceptionHandler(Object(mysqli_sql_exception))
#6 {main}
  thrown
„ÄêPrevious Exception„Äë
CodeIgniter\Database\Exceptions\DatabaseException
Illegal mix of collations (utf8mb4_general_ci,IMPLICIT) and (utf8_general_ci,COERCIBLE) for operation '='
#0 /Applications/XAMPP/xamppfiles/htdocs/ami/system/Database/BaseBuilder.php(1615): CodeIgniter\Database\BaseConnection->query('SELECT *\nFROM `...', Array, false)
#1 /Applications/XAMPP/xamppfiles/htdocs/ami/system/Model.php(237): CodeIgniter\Database\BaseBuilder->get()
#2 /Applications/XAMPP/xamppfiles/htdocs/ami/system/BaseModel.php(624): CodeIgniter\Model->doFindAll(0, 0)
#3 /Applications/XAMPP/xamppfiles/htdocs/ami/app/Models/Admin/IsiModel.php(22): CodeIgniter\BaseModel->findAll()
#4 /Applications/XAMPP/xamppfiles/htdocs/ami/app/Controllers/AdminAreaAudit.php(333): App\Models\Admin\IsiModel->getAllisi('j\xCB\x1E\xB6')
#5 /Applications/XAMPP/xamppfiles/htdocs/ami/system/CodeIgniter.php(942): App\Controllers\AdminAreaAudit->isi('assets', 'vendors', 'chartjs', 'Chart.min.css')
#6 /Applications/XAMPP/xamppfiles/htdocs/ami/system/CodeIgniter.php(502): CodeIgniter\CodeIgniter->runController(Object(App\Controllers\AdminAreaAudit))
#7 /Applications/XAMPP/xamppfiles/htdocs/ami/system/CodeIgniter.php(361): CodeIgniter\CodeIgniter->handleRequest(NULL, Object(Config\Cache), false)
#8 /Applications/XAMPP/xamppfiles/htdocs/ami/public/index.php(79): CodeIgniter\CodeIgniter->run()
#9 /Applications/XAMPP/xamppfiles/htdocs/ami/system/Commands/Server/rewrite.php(47): require_once('/Applications/X...')
#10 {main}
in SYSTEMPATH/Format/JSONFormatter.php on line 43.
 1 [internal function]: CodeIgniter\Debug\Exceptions->shutdownHandler()
INFO - 2024-04-27 23:12:37 --> Session: Class initialized using 'CodeIgniter\Session\Handlers\FileHandler' driver.
INFO - 2024-04-27 23:12:37 --> Session: Class initialized using 'CodeIgniter\Session\Handlers\FileHandler' driver.
ERROR - 2024-04-27 23:12:37 --> mysqli_sql_exception: Illegal mix of collations (utf8mb4_general_ci,IMPLICIT) and (utf8_general_ci,COERCIBLE) for operation '=' in /Applications/XAMPP/xamppfiles/htdocs/ami/system/Database/MySQLi/Connection.php:306
Stack trace:
#0 /Applications/XAMPP/xamppfiles/htdocs/ami/system/Database/MySQLi/Connection.php(306): mysqli->query('SELECT *\nFROM `...', 0)
#1 /Applications/XAMPP/xamppfiles/htdocs/ami/system/Database/BaseConnection.php(693): CodeIgniter\Database\MySQLi\Connection->execute('SELECT *\nFROM `...')
#2 /Applications/XAMPP/xamppfiles/htdocs/ami/system/Database/BaseConnection.php(607): CodeIgniter\Database\BaseConnection->simpleQuery('SELECT *\nFROM `...')
#3 /Applications/XAMPP/xamppfiles/htdocs/ami/system/Database/BaseBuilder.php(1615): CodeIgniter\Database\BaseConnection->query('SELECT *\nFROM `...', Array, false)
#4 /Applications/XAMPP/xamppfiles/htdocs/ami/system/Model.php(237): CodeIgniter\Database\BaseBuilder->get()
#5 /Applications/XAMPP/xamppfiles/htdocs/ami/system/BaseModel.php(624): CodeIgniter\Model->doFindAll(0, 0)
#6 /Applications/XAMPP/xamppfiles/htdocs/ami/app/Models/Admin/LanjutanModel.php(22): CodeIgniter\BaseModel->findAll()
#7 /Applications/XAMPP/xamppfiles/htdocs/ami/app/Controllers/AdminAreaAudit.php(482): App\Models\Admin\LanjutanModel->getAlllanjutan('j\xCB\x1E\xB6')
#8 /Applications/XAMPP/xamppfiles/htdocs/ami/system/CodeIgniter.php(942): App\Controllers\AdminAreaAudit->lanjutan('assets', 'vendors', 'chartjs', 'Chart.min.css')
#9 /Applications/XAMPP/xamppfiles/htdocs/ami/system/CodeIgniter.php(502): CodeIgniter\CodeIgniter->runController(Object(App\Controllers\AdminAreaAudit))
#10 /Applications/XAMPP/xamppfiles/htdocs/ami/system/CodeIgniter.php(361): CodeIgniter\CodeIgniter->handleRequest(NULL, Object(Config\Cache), false)
#11 /Applications/XAMPP/xamppfiles/htdocs/ami/public/index.php(79): CodeIgniter\CodeIgniter->run()
#12 /Applications/XAMPP/xamppfiles/htdocs/ami/system/Commands/Server/rewrite.php(47): require_once('/Applications/X...')
#13 {main}
CRITICAL - 2024-04-27 23:12:37 --> Illegal mix of collations (utf8mb4_general_ci,IMPLICIT) and (utf8_general_ci,COERCIBLE) for operation '='
in SYSTEMPATH/Database/BaseConnection.php on line 647.
 1 SYSTEMPATH/Database/BaseBuilder.php(1615): CodeIgniter\Database\BaseConnection->query('SELECT *
FROM `s_pertanyaan_lanjutan`
WHERE `s_p_isi_id` = :s_p_isi_id:
ORDER BY `urutan` ASC', [...], false)
 2 SYSTEMPATH/Model.php(237): CodeIgniter\Database\BaseBuilder->get()
 3 SYSTEMPATH/BaseModel.php(624): CodeIgniter\Model->doFindAll(0, 0)
 4 APPPATH/Models/Admin/LanjutanModel.php(22): CodeIgniter\BaseModel->findAll()
 5 APPPATH/Controllers/AdminAreaAudit.php(482): App\Models\Admin\LanjutanModel->getAlllanjutan('jÀ∂')
 6 SYSTEMPATH/CodeIgniter.php(942): App\Controllers\AdminAreaAudit->lanjutan('assets', 'vendors', 'chartjs', 'Chart.min.css')
 7 SYSTEMPATH/CodeIgniter.php(502): CodeIgniter\CodeIgniter->runController(Object(App\Controllers\AdminAreaAudit))
 8 SYSTEMPATH/CodeIgniter.php(361): CodeIgniter\CodeIgniter->handleRequest(null, Object(Config\Cache), false)
 9 FCPATH/index.php(79): CodeIgniter\CodeIgniter->run()
10 SYSTEMPATH/Commands/Server/rewrite.php(47): require_once('/Applications/XAMPP/xamppfiles/htdocs/ami/public/index.php')
CRITICAL - 2024-04-27 23:12:37 --> Uncaught CodeIgniter\Format\Exceptions\FormatException: Failed to parse JSON string. Error: Malformed UTF-8 characters, possibly incorrectly encoded in /Applications/XAMPP/xamppfiles/htdocs/ami/system/Format/JSONFormatter.php:43
Stack trace:
#0 /Applications/XAMPP/xamppfiles/htdocs/ami/system/Format/JSONFormatter.php(43): CodeIgniter\Format\Exceptions\FormatException::forInvalidJSON('Malformed UTF-8...')
#1 /Applications/XAMPP/xamppfiles/htdocs/ami/system/API/ResponseTrait.php(345): CodeIgniter\Format\JSONFormatter->format(Array)
#2 /Applications/XAMPP/xamppfiles/htdocs/ami/system/API/ResponseTrait.php(98): CodeIgniter\Debug\ExceptionHandler->format(Array)
#3 /Applications/XAMPP/xamppfiles/htdocs/ami/system/Debug/ExceptionHandler.php(81): CodeIgniter\Debug\ExceptionHandler->respond(Array, 500)
#4 /Applications/XAMPP/xamppfiles/htdocs/ami/system/Debug/Exceptions.php(149): CodeIgniter\Debug\ExceptionHandler->handle(Object(mysqli_sql_exception), Object(CodeIgniter\HTTP\IncomingRequest), Object(CodeIgniter\HTTP\Response), 500, 8)
#5 [internal function]: CodeIgniter\Debug\Exceptions->exceptionHandler(Object(mysqli_sql_exception))
#6 {main}
  thrown
„ÄêPrevious Exception„Äë
CodeIgniter\Database\Exceptions\DatabaseException
Illegal mix of collations (utf8mb4_general_ci,IMPLICIT) and (utf8_general_ci,COERCIBLE) for operation '='
#0 /Applications/XAMPP/xamppfiles/htdocs/ami/system/Database/BaseBuilder.php(1615): CodeIgniter\Database\BaseConnection->query('SELECT *\nFROM `...', Array, false)
#1 /Applications/XAMPP/xamppfiles/htdocs/ami/system/Model.php(237): CodeIgniter\Database\BaseBuilder->get()
#2 /Applications/XAMPP/xamppfiles/htdocs/ami/system/BaseModel.php(624): CodeIgniter\Model->doFindAll(0, 0)
#3 /Applications/XAMPP/xamppfiles/htdocs/ami/app/Models/Admin/LanjutanModel.php(22): CodeIgniter\BaseModel->findAll()
#4 /Applications/XAMPP/xamppfiles/htdocs/ami/app/Controllers/AdminAreaAudit.php(482): App\Models\Admin\LanjutanModel->getAlllanjutan('j\xCB\x1E\xB6')
#5 /Applications/XAMPP/xamppfiles/htdocs/ami/system/CodeIgniter.php(942): App\Controllers\AdminAreaAudit->lanjutan('assets', 'vendors', 'chartjs', 'Chart.min.css')
#6 /Applications/XAMPP/xamppfiles/htdocs/ami/system/CodeIgniter.php(502): CodeIgniter\CodeIgniter->runController(Object(App\Controllers\AdminAreaAudit))
#7 /Applications/XAMPP/xamppfiles/htdocs/ami/system/CodeIgniter.php(361): CodeIgniter\CodeIgniter->handleRequest(NULL, Object(Config\Cache), false)
#8 /Applications/XAMPP/xamppfiles/htdocs/ami/public/index.php(79): CodeIgniter\CodeIgniter->run()
#9 /Applications/XAMPP/xamppfiles/htdocs/ami/system/Commands/Server/rewrite.php(47): require_once('/Applications/X...')
#10 {main}
in SYSTEMPATH/Format/JSONFormatter.php on line 43.
 1 [internal function]: CodeIgniter\Debug\Exceptions->shutdownHandler()
INFO - 2024-04-27 23:12:41 --> Session: Class initialized using 'CodeIgniter\Session\Handlers\FileHandler' driver.
INFO - 2024-04-27 23:12:41 --> Session: Class initialized using 'CodeIgniter\Session\Handlers\FileHandler' driver.
ERROR - 2024-04-27 23:12:41 --> mysqli_sql_exception: Illegal mix of collations (utf8mb4_general_ci,IMPLICIT) and (utf8_general_ci,COERCIBLE) for operation '=' in /Applications/XAMPP/xamppfiles/htdocs/ami/system/Database/MySQLi/Connection.php:306
Stack trace:
#0 /Applications/XAMPP/xamppfiles/htdocs/ami/system/Database/MySQLi/Connection.php(306): mysqli->query('SELECT `standar...', 0)
#1 /Applications/XAMPP/xamppfiles/htdocs/ami/system/Database/BaseConnection.php(693): CodeIgniter\Database\MySQLi\Connection->execute('SELECT `standar...')
#2 /Applications/XAMPP/xamppfiles/htdocs/ami/system/Database/BaseConnection.php(607): CodeIgniter\Database\BaseConnection->simpleQuery('SELECT `standar...')
#3 /Applications/XAMPP/xamppfiles/htdocs/ami/system/Database/BaseBuilder.php(1615): CodeIgniter\Database\BaseConnection->query('SELECT `standar...', Array, false)
#4 /Applications/XAMPP/xamppfiles/htdocs/ami/system/Model.php(871): CodeIgniter\Database\BaseBuilder->get()
#5 /Applications/XAMPP/xamppfiles/htdocs/ami/app/Models/Admin/IsiModel.php(49): CodeIgniter\Model->__call('get', Array)
#6 /Applications/XAMPP/xamppfiles/htdocs/ami/app/Controllers/AdminAreaAudit.php(498): App\Models\Admin\IsiModel->getisiById('j\xCB\x1E\xB6')
#7 /Applications/XAMPP/xamppfiles/htdocs/ami/system/CodeIgniter.php(942): App\Controllers\AdminAreaAudit->addlanjutan('assets', 'vendors', 'chartjs', 'Chart.min.css')
#8 /Applications/XAMPP/xamppfiles/htdocs/ami/system/CodeIgniter.php(502): CodeIgniter\CodeIgniter->runController(Object(App\Controllers\AdminAreaAudit))
#9 /Applications/XAMPP/xamppfiles/htdocs/ami/system/CodeIgniter.php(361): CodeIgniter\CodeIgniter->handleRequest(NULL, Object(Config\Cache), false)
#10 /Applications/XAMPP/xamppfiles/htdocs/ami/public/index.php(79): CodeIgniter\CodeIgniter->run()
#11 /Applications/XAMPP/xamppfiles/htdocs/ami/system/Commands/Server/rewrite.php(47): require_once('/Applications/X...')
#12 {main}
CRITICAL - 2024-04-27 23:12:41 --> Illegal mix of collations (utf8mb4_general_ci,IMPLICIT) and (utf8_general_ci,COERCIBLE) for operation '='
in SYSTEMPATH/Database/BaseConnection.php on line 647.
 1 SYSTEMPATH/Database/BaseBuilder.php(1615): CodeIgniter\Database\BaseConnection->query('SELECT `standar`.`standar`, `s_pertanyaan_isi`.*
FROM `s_pertanyaan_isi`
JOIN `standar` ON `s_pertanyaan_isi`.`standar_id` = `standar`.`id`
WHERE `s_pertanyaan_isi`.`id` = :s_pertanyaan_isi.id:', [...], false)
 2 SYSTEMPATH/Model.php(871): CodeIgniter\Database\BaseBuilder->get()
 3 APPPATH/Models/Admin/IsiModel.php(49): CodeIgniter\Model->__call('get', [])
 4 APPPATH/Controllers/AdminAreaAudit.php(498): App\Models\Admin\IsiModel->getisiById('jÀ∂')
 5 SYSTEMPATH/CodeIgniter.php(942): App\Controllers\AdminAreaAudit->addlanjutan('assets', 'vendors', 'chartjs', 'Chart.min.css')
 6 SYSTEMPATH/CodeIgniter.php(502): CodeIgniter\CodeIgniter->runController(Object(App\Controllers\AdminAreaAudit))
 7 SYSTEMPATH/CodeIgniter.php(361): CodeIgniter\CodeIgniter->handleRequest(null, Object(Config\Cache), false)
 8 FCPATH/index.php(79): CodeIgniter\CodeIgniter->run()
 9 SYSTEMPATH/Commands/Server/rewrite.php(47): require_once('/Applications/XAMPP/xamppfiles/htdocs/ami/public/index.php')
CRITICAL - 2024-04-27 23:12:41 --> Uncaught CodeIgniter\Format\Exceptions\FormatException: Failed to parse JSON string. Error: Malformed UTF-8 characters, possibly incorrectly encoded in /Applications/XAMPP/xamppfiles/htdocs/ami/system/Format/JSONFormatter.php:43
Stack trace:
#0 /Applications/XAMPP/xamppfiles/htdocs/ami/system/Format/JSONFormatter.php(43): CodeIgniter\Format\Exceptions\FormatException::forInvalidJSON('Malformed UTF-8...')
#1 /Applications/XAMPP/xamppfiles/htdocs/ami/system/API/ResponseTrait.php(345): CodeIgniter\Format\JSONFormatter->format(Array)
#2 /Applications/XAMPP/xamppfiles/htdocs/ami/system/API/ResponseTrait.php(98): CodeIgniter\Debug\ExceptionHandler->format(Array)
#3 /Applications/XAMPP/xamppfiles/htdocs/ami/system/Debug/ExceptionHandler.php(81): CodeIgniter\Debug\ExceptionHandler->respond(Array, 500)
#4 /Applications/XAMPP/xamppfiles/htdocs/ami/system/Debug/Exceptions.php(149): CodeIgniter\Debug\ExceptionHandler->handle(Object(mysqli_sql_exception), Object(CodeIgniter\HTTP\IncomingRequest), Object(CodeIgniter\HTTP\Response), 500, 8)
#5 [internal function]: CodeIgniter\Debug\Exceptions->exceptionHandler(Object(mysqli_sql_exception))
#6 {main}
  thrown
„ÄêPrevious Exception„Äë
CodeIgniter\Database\Exceptions\DatabaseException
Illegal mix of collations (utf8mb4_general_ci,IMPLICIT) and (utf8_general_ci,COERCIBLE) for operation '='
#0 /Applications/XAMPP/xamppfiles/htdocs/ami/system/Database/BaseBuilder.php(1615): CodeIgniter\Database\BaseConnection->query('SELECT `standar...', Array, false)
#1 /Applications/XAMPP/xamppfiles/htdocs/ami/system/Model.php(871): CodeIgniter\Database\BaseBuilder->get()
#2 /Applications/XAMPP/xamppfiles/htdocs/ami/app/Models/Admin/IsiModel.php(49): CodeIgniter\Model->__call('get', Array)
#3 /Applications/XAMPP/xamppfiles/htdocs/ami/app/Controllers/AdminAreaAudit.php(498): App\Models\Admin\IsiModel->getisiById('j\xCB\x1E\xB6')
#4 /Applications/XAMPP/xamppfiles/htdocs/ami/system/CodeIgniter.php(942): App\Controllers\AdminAreaAudit->addlanjutan('assets', 'vendors', 'chartjs', 'Chart.min.css')
#5 /Applications/XAMPP/xamppfiles/htdocs/ami/system/CodeIgniter.php(502): CodeIgniter\CodeIgniter->runController(Object(App\Controllers\AdminAreaAudit))
#6 /Applications/XAMPP/xamppfiles/htdocs/ami/system/CodeIgniter.php(361): CodeIgniter\CodeIgniter->handleRequest(NULL, Object(Config\Cache), false)
#7 /Applications/XAMPP/xamppfiles/htdocs/ami/public/index.php(79): CodeIgniter\CodeIgniter->run()
#8 /Applications/XAMPP/xamppfiles/htdocs/ami/system/Commands/Server/rewrite.php(47): require_once('/Applications/X...')
#9 {main}
in SYSTEMPATH/Format/JSONFormatter.php on line 43.
 1 [internal function]: CodeIgniter\Debug\Exceptions->shutdownHandler()
INFO - 2024-04-27 23:12:42 --> Session: Class initialized using 'CodeIgniter\Session\Handlers\FileHandler' driver.
INFO - 2024-04-27 23:12:42 --> Session: Class initialized using 'CodeIgniter\Session\Handlers\FileHandler' driver.
ERROR - 2024-04-27 23:12:42 --> mysqli_sql_exception: Illegal mix of collations (utf8mb4_general_ci,IMPLICIT) and (utf8_general_ci,COERCIBLE) for operation '=' in /Applications/XAMPP/xamppfiles/htdocs/ami/system/Database/MySQLi/Connection.php:306
Stack trace:
#0 /Applications/XAMPP/xamppfiles/htdocs/ami/system/Database/MySQLi/Connection.php(306): mysqli->query('SELECT *\nFROM `...', 0)
#1 /Applications/XAMPP/xamppfiles/htdocs/ami/system/Database/BaseConnection.php(693): CodeIgniter\Database\MySQLi\Connection->execute('SELECT *\nFROM `...')
#2 /Applications/XAMPP/xamppfiles/htdocs/ami/system/Database/BaseConnection.php(607): CodeIgniter\Database\BaseConnection->simpleQuery('SELECT *\nFROM `...')
#3 /Applications/XAMPP/xamppfiles/htdocs/ami/system/Database/BaseBuilder.php(1615): CodeIgniter\Database\BaseConnection->query('SELECT *\nFROM `...', Array, false)
#4 /Applications/XAMPP/xamppfiles/htdocs/ami/system/Model.php(237): CodeIgniter\Database\BaseBuilder->get()
#5 /Applications/XAMPP/xamppfiles/htdocs/ami/system/BaseModel.php(624): CodeIgniter\Model->doFindAll(0, 0)
#6 /Applications/XAMPP/xamppfiles/htdocs/ami/app/Models/Admin/LanjutanModel.php(22): CodeIgniter\BaseModel->findAll()
#7 /Applications/XAMPP/xamppfiles/htdocs/ami/app/Controllers/AdminAreaAudit.php(482): App\Models\Admin\LanjutanModel->getAlllanjutan('j\xCB\x1E\xB6')
#8 /Applications/XAMPP/xamppfiles/htdocs/ami/system/CodeIgniter.php(942): App\Controllers\AdminAreaAudit->lanjutan('assets', 'vendors', 'chartjs', 'Chart.min.css')
#9 /Applications/XAMPP/xamppfiles/htdocs/ami/system/CodeIgniter.php(502): CodeIgniter\CodeIgniter->runController(Object(App\Controllers\AdminAreaAudit))
#10 /Applications/XAMPP/xamppfiles/htdocs/ami/system/CodeIgniter.php(361): CodeIgniter\CodeIgniter->handleRequest(NULL, Object(Config\Cache), false)
#11 /Applications/XAMPP/xamppfiles/htdocs/ami/public/index.php(79): CodeIgniter\CodeIgniter->run()
#12 /Applications/XAMPP/xamppfiles/htdocs/ami/system/Commands/Server/rewrite.php(47): require_once('/Applications/X...')
#13 {main}
CRITICAL - 2024-04-27 23:12:42 --> Illegal mix of collations (utf8mb4_general_ci,IMPLICIT) and (utf8_general_ci,COERCIBLE) for operation '='
in SYSTEMPATH/Database/BaseConnection.php on line 647.
 1 SYSTEMPATH/Database/BaseBuilder.php(1615): CodeIgniter\Database\BaseConnection->query('SELECT *
FROM `s_pertanyaan_lanjutan`
WHERE `s_p_isi_id` = :s_p_isi_id:
ORDER BY `urutan` ASC', [...], false)
 2 SYSTEMPATH/Model.php(237): CodeIgniter\Database\BaseBuilder->get()
 3 SYSTEMPATH/BaseModel.php(624): CodeIgniter\Model->doFindAll(0, 0)
 4 APPPATH/Models/Admin/LanjutanModel.php(22): CodeIgniter\BaseModel->findAll()
 5 APPPATH/Controllers/AdminAreaAudit.php(482): App\Models\Admin\LanjutanModel->getAlllanjutan('jÀ∂')
 6 SYSTEMPATH/CodeIgniter.php(942): App\Controllers\AdminAreaAudit->lanjutan('assets', 'vendors', 'chartjs', 'Chart.min.css')
 7 SYSTEMPATH/CodeIgniter.php(502): CodeIgniter\CodeIgniter->runController(Object(App\Controllers\AdminAreaAudit))
 8 SYSTEMPATH/CodeIgniter.php(361): CodeIgniter\CodeIgniter->handleRequest(null, Object(Config\Cache), false)
 9 FCPATH/index.php(79): CodeIgniter\CodeIgniter->run()
10 SYSTEMPATH/Commands/Server/rewrite.php(47): require_once('/Applications/XAMPP/xamppfiles/htdocs/ami/public/index.php')
CRITICAL - 2024-04-27 23:12:42 --> Uncaught CodeIgniter\Format\Exceptions\FormatException: Failed to parse JSON string. Error: Malformed UTF-8 characters, possibly incorrectly encoded in /Applications/XAMPP/xamppfiles/htdocs/ami/system/Format/JSONFormatter.php:43
Stack trace:
#0 /Applications/XAMPP/xamppfiles/htdocs/ami/system/Format/JSONFormatter.php(43): CodeIgniter\Format\Exceptions\FormatException::forInvalidJSON('Malformed UTF-8...')
#1 /Applications/XAMPP/xamppfiles/htdocs/ami/system/API/ResponseTrait.php(345): CodeIgniter\Format\JSONFormatter->format(Array)
#2 /Applications/XAMPP/xamppfiles/htdocs/ami/system/API/ResponseTrait.php(98): CodeIgniter\Debug\ExceptionHandler->format(Array)
#3 /Applications/XAMPP/xamppfiles/htdocs/ami/system/Debug/ExceptionHandler.php(81): CodeIgniter\Debug\ExceptionHandler->respond(Array, 500)
#4 /Applications/XAMPP/xamppfiles/htdocs/ami/system/Debug/Exceptions.php(149): CodeIgniter\Debug\ExceptionHandler->handle(Object(mysqli_sql_exception), Object(CodeIgniter\HTTP\IncomingRequest), Object(CodeIgniter\HTTP\Response), 500, 8)
#5 [internal function]: CodeIgniter\Debug\Exceptions->exceptionHandler(Object(mysqli_sql_exception))
#6 {main}
  thrown
„ÄêPrevious Exception„Äë
CodeIgniter\Database\Exceptions\DatabaseException
Illegal mix of collations (utf8mb4_general_ci,IMPLICIT) and (utf8_general_ci,COERCIBLE) for operation '='
#0 /Applications/XAMPP/xamppfiles/htdocs/ami/system/Database/BaseBuilder.php(1615): CodeIgniter\Database\BaseConnection->query('SELECT *\nFROM `...', Array, false)
#1 /Applications/XAMPP/xamppfiles/htdocs/ami/system/Model.php(237): CodeIgniter\Database\BaseBuilder->get()
#2 /Applications/XAMPP/xamppfiles/htdocs/ami/system/BaseModel.php(624): CodeIgniter\Model->doFindAll(0, 0)
#3 /Applications/XAMPP/xamppfiles/htdocs/ami/app/Models/Admin/LanjutanModel.php(22): CodeIgniter\BaseModel->findAll()
#4 /Applications/XAMPP/xamppfiles/htdocs/ami/app/Controllers/AdminAreaAudit.php(482): App\Models\Admin\LanjutanModel->getAlllanjutan('j\xCB\x1E\xB6')
#5 /Applications/XAMPP/xamppfiles/htdocs/ami/system/CodeIgniter.php(942): App\Controllers\AdminAreaAudit->lanjutan('assets', 'vendors', 'chartjs', 'Chart.min.css')
#6 /Applications/XAMPP/xamppfiles/htdocs/ami/system/CodeIgniter.php(502): CodeIgniter\CodeIgniter->runController(Object(App\Controllers\AdminAreaAudit))
#7 /Applications/XAMPP/xamppfiles/htdocs/ami/system/CodeIgniter.php(361): CodeIgniter\CodeIgniter->handleRequest(NULL, Object(Config\Cache), false)
#8 /Applications/XAMPP/xamppfiles/htdocs/ami/public/index.php(79): CodeIgniter\CodeIgniter->run()
#9 /Applications/XAMPP/xamppfiles/htdocs/ami/system/Commands/Server/rewrite.php(47): require_once('/Applications/X...')
#10 {main}
in SYSTEMPATH/Format/JSONFormatter.php on line 43.
 1 [internal function]: CodeIgniter\Debug\Exceptions->shutdownHandler()
INFO - 2024-04-27 23:12:49 --> Session: Class initialized using 'CodeIgniter\Session\Handlers\FileHandler' driver.
INFO - 2024-04-27 23:12:49 --> Session: Class initialized using 'CodeIgniter\Session\Handlers\FileHandler' driver.
ERROR - 2024-04-27 23:12:49 --> mysqli_sql_exception: Illegal mix of collations (utf8mb4_general_ci,IMPLICIT) and (utf8_general_ci,COERCIBLE) for operation '=' in /Applications/XAMPP/xamppfiles/htdocs/ami/system/Database/MySQLi/Connection.php:306
Stack trace:
#0 /Applications/XAMPP/xamppfiles/htdocs/ami/system/Database/MySQLi/Connection.php(306): mysqli->query('SELECT *\nFROM `...', 0)
#1 /Applications/XAMPP/xamppfiles/htdocs/ami/system/Database/BaseConnection.php(693): CodeIgniter\Database\MySQLi\Connection->execute('SELECT *\nFROM `...')
#2 /Applications/XAMPP/xamppfiles/htdocs/ami/system/Database/BaseConnection.php(607): CodeIgniter\Database\BaseConnection->simpleQuery('SELECT *\nFROM `...')
#3 /Applications/XAMPP/xamppfiles/htdocs/ami/system/Database/BaseBuilder.php(1615): CodeIgniter\Database\BaseConnection->query('SELECT *\nFROM `...', Array, false)
#4 /Applications/XAMPP/xamppfiles/htdocs/ami/system/Model.php(237): CodeIgniter\Database\BaseBuilder->get()
#5 /Applications/XAMPP/xamppfiles/htdocs/ami/system/BaseModel.php(624): CodeIgniter\Model->doFindAll(0, 0)
#6 /Applications/XAMPP/xamppfiles/htdocs/ami/app/Models/Admin/IsiModel.php(22): CodeIgniter\BaseModel->findAll()
#7 /Applications/XAMPP/xamppfiles/htdocs/ami/app/Controllers/AdminAreaAudit.php(333): App\Models\Admin\IsiModel->getAllisi('j\xCB\x1E\xB6')
#8 /Applications/XAMPP/xamppfiles/htdocs/ami/system/CodeIgniter.php(942): App\Controllers\AdminAreaAudit->isi('assets', 'vendors', 'chartjs', 'Chart.min.css')
#9 /Applications/XAMPP/xamppfiles/htdocs/ami/system/CodeIgniter.php(502): CodeIgniter\CodeIgniter->runController(Object(App\Controllers\AdminAreaAudit))
#10 /Applications/XAMPP/xamppfiles/htdocs/ami/system/CodeIgniter.php(361): CodeIgniter\CodeIgniter->handleRequest(NULL, Object(Config\Cache), false)
#11 /Applications/XAMPP/xamppfiles/htdocs/ami/public/index.php(79): CodeIgniter\CodeIgniter->run()
#12 /Applications/XAMPP/xamppfiles/htdocs/ami/system/Commands/Server/rewrite.php(47): require_once('/Applications/X...')
#13 {main}
CRITICAL - 2024-04-27 23:12:49 --> Illegal mix of collations (utf8mb4_general_ci,IMPLICIT) and (utf8_general_ci,COERCIBLE) for operation '='
in SYSTEMPATH/Database/BaseConnection.php on line 647.
 1 SYSTEMPATH/Database/BaseBuilder.php(1615): CodeIgniter\Database\BaseConnection->query('SELECT *
FROM `s_pertanyaan_isi`
WHERE `standar_id` = :standar_id:
ORDER BY `urutan` ASC', [...], false)
 2 SYSTEMPATH/Model.php(237): CodeIgniter\Database\BaseBuilder->get()
 3 SYSTEMPATH/BaseModel.php(624): CodeIgniter\Model->doFindAll(0, 0)
 4 APPPATH/Models/Admin/IsiModel.php(22): CodeIgniter\BaseModel->findAll()
 5 APPPATH/Controllers/AdminAreaAudit.php(333): App\Models\Admin\IsiModel->getAllisi('jÀ∂')
 6 SYSTEMPATH/CodeIgniter.php(942): App\Controllers\AdminAreaAudit->isi('assets', 'vendors', 'chartjs', 'Chart.min.css')
 7 SYSTEMPATH/CodeIgniter.php(502): CodeIgniter\CodeIgniter->runController(Object(App\Controllers\AdminAreaAudit))
 8 SYSTEMPATH/CodeIgniter.php(361): CodeIgniter\CodeIgniter->handleRequest(null, Object(Config\Cache), false)
 9 FCPATH/index.php(79): CodeIgniter\CodeIgniter->run()
10 SYSTEMPATH/Commands/Server/rewrite.php(47): require_once('/Applications/XAMPP/xamppfiles/htdocs/ami/public/index.php')
CRITICAL - 2024-04-27 23:12:49 --> Uncaught CodeIgniter\Format\Exceptions\FormatException: Failed to parse JSON string. Error: Malformed UTF-8 characters, possibly incorrectly encoded in /Applications/XAMPP/xamppfiles/htdocs/ami/system/Format/JSONFormatter.php:43
Stack trace:
#0 /Applications/XAMPP/xamppfiles/htdocs/ami/system/Format/JSONFormatter.php(43): CodeIgniter\Format\Exceptions\FormatException::forInvalidJSON('Malformed UTF-8...')
#1 /Applications/XAMPP/xamppfiles/htdocs/ami/system/API/ResponseTrait.php(345): CodeIgniter\Format\JSONFormatter->format(Array)
#2 /Applications/XAMPP/xamppfiles/htdocs/ami/system/API/ResponseTrait.php(98): CodeIgniter\Debug\ExceptionHandler->format(Array)
#3 /Applications/XAMPP/xamppfiles/htdocs/ami/system/Debug/ExceptionHandler.php(81): CodeIgniter\Debug\ExceptionHandler->respond(Array, 500)
#4 /Applications/XAMPP/xamppfiles/htdocs/ami/system/Debug/Exceptions.php(149): CodeIgniter\Debug\ExceptionHandler->handle(Object(mysqli_sql_exception), Object(CodeIgniter\HTTP\IncomingRequest), Object(CodeIgniter\HTTP\Response), 500, 8)
#5 [internal function]: CodeIgniter\Debug\Exceptions->exceptionHandler(Object(mysqli_sql_exception))
#6 {main}
  thrown
„ÄêPrevious Exception„Äë
CodeIgniter\Database\Exceptions\DatabaseException
Illegal mix of collations (utf8mb4_general_ci,IMPLICIT) and (utf8_general_ci,COERCIBLE) for operation '='
#0 /Applications/XAMPP/xamppfiles/htdocs/ami/system/Database/BaseBuilder.php(1615): CodeIgniter\Database\BaseConnection->query('SELECT *\nFROM `...', Array, false)
#1 /Applications/XAMPP/xamppfiles/htdocs/ami/system/Model.php(237): CodeIgniter\Database\BaseBuilder->get()
#2 /Applications/XAMPP/xamppfiles/htdocs/ami/system/BaseModel.php(624): CodeIgniter\Model->doFindAll(0, 0)
#3 /Applications/XAMPP/xamppfiles/htdocs/ami/app/Models/Admin/IsiModel.php(22): CodeIgniter\BaseModel->findAll()
#4 /Applications/XAMPP/xamppfiles/htdocs/ami/app/Controllers/AdminAreaAudit.php(333): App\Models\Admin\IsiModel->getAllisi('j\xCB\x1E\xB6')
#5 /Applications/XAMPP/xamppfiles/htdocs/ami/system/CodeIgniter.php(942): App\Controllers\AdminAreaAudit->isi('assets', 'vendors', 'chartjs', 'Chart.min.css')
#6 /Applications/XAMPP/xamppfiles/htdocs/ami/system/CodeIgniter.php(502): CodeIgniter\CodeIgniter->runController(Object(App\Controllers\AdminAreaAudit))
#7 /Applications/XAMPP/xamppfiles/htdocs/ami/system/CodeIgniter.php(361): CodeIgniter\CodeIgniter->handleRequest(NULL, Object(Config\Cache), false)
#8 /Applications/XAMPP/xamppfiles/htdocs/ami/public/index.php(79): CodeIgniter\CodeIgniter->run()
#9 /Applications/XAMPP/xamppfiles/htdocs/ami/system/Commands/Server/rewrite.php(47): require_once('/Applications/X...')
#10 {main}
in SYSTEMPATH/Format/JSONFormatter.php on line 43.
 1 [internal function]: CodeIgniter\Debug\Exceptions->shutdownHandler()
INFO - 2024-04-27 23:12:51 --> Session: Class initialized using 'CodeIgniter\Session\Handlers\FileHandler' driver.
INFO - 2024-04-27 23:12:51 --> Session: Class initialized using 'CodeIgniter\Session\Handlers\FileHandler' driver.
ERROR - 2024-04-27 23:12:51 --> mysqli_sql_exception: Illegal mix of collations (utf8mb4_general_ci,IMPLICIT) and (utf8_general_ci,COERCIBLE) for operation '=' in /Applications/XAMPP/xamppfiles/htdocs/ami/system/Database/MySQLi/Connection.php:306
Stack trace:
#0 /Applications/XAMPP/xamppfiles/htdocs/ami/system/Database/MySQLi/Connection.php(306): mysqli->query('SELECT *\nFROM `...', 0)
#1 /Applications/XAMPP/xamppfiles/htdocs/ami/system/Database/BaseConnection.php(693): CodeIgniter\Database\MySQLi\Connection->execute('SELECT *\nFROM `...')
#2 /Applications/XAMPP/xamppfiles/htdocs/ami/system/Database/BaseConnection.php(607): CodeIgniter\Database\BaseConnection->simpleQuery('SELECT *\nFROM `...')
#3 /Applications/XAMPP/xamppfiles/htdocs/ami/system/Database/BaseBuilder.php(1615): CodeIgniter\Database\BaseConnection->query('SELECT *\nFROM `...', Array, false)
#4 /Applications/XAMPP/xamppfiles/htdocs/ami/system/Model.php(237): CodeIgniter\Database\BaseBuilder->get()
#5 /Applications/XAMPP/xamppfiles/htdocs/ami/system/BaseModel.php(624): CodeIgniter\Model->doFindAll(0, 0)
#6 /Applications/XAMPP/xamppfiles/htdocs/ami/app/Models/Admin/StandarModel.php(22): CodeIgniter\BaseModel->findAll()
#7 /Applications/XAMPP/xamppfiles/htdocs/ami/app/Controllers/AdminAreaAudit.php(178): App\Models\Admin\StandarModel->getAllStandar('j\xCB\x1E\xB6')
#8 /Applications/XAMPP/xamppfiles/htdocs/ami/system/CodeIgniter.php(942): App\Controllers\AdminAreaAudit->Standar('assets', 'vendors', 'chartjs', 'Chart.min.css')
#9 /Applications/XAMPP/xamppfiles/htdocs/ami/system/CodeIgniter.php(502): CodeIgniter\CodeIgniter->runController(Object(App\Controllers\AdminAreaAudit))
#10 /Applications/XAMPP/xamppfiles/htdocs/ami/system/CodeIgniter.php(361): CodeIgniter\CodeIgniter->handleRequest(NULL, Object(Config\Cache), false)
#11 /Applications/XAMPP/xamppfiles/htdocs/ami/public/index.php(79): CodeIgniter\CodeIgniter->run()
#12 /Applications/XAMPP/xamppfiles/htdocs/ami/system/Commands/Server/rewrite.php(47): require_once('/Applications/X...')
#13 {main}
CRITICAL - 2024-04-27 23:12:51 --> Illegal mix of collations (utf8mb4_general_ci,IMPLICIT) and (utf8_general_ci,COERCIBLE) for operation '='
in SYSTEMPATH/Database/BaseConnection.php on line 647.
 1 SYSTEMPATH/Database/BaseBuilder.php(1615): CodeIgniter\Database\BaseConnection->query('SELECT *
FROM `standar`
WHERE `area_audit_id` = :area_audit_id:
ORDER BY `urutan` ASC', [...], false)
 2 SYSTEMPATH/Model.php(237): CodeIgniter\Database\BaseBuilder->get()
 3 SYSTEMPATH/BaseModel.php(624): CodeIgniter\Model->doFindAll(0, 0)
 4 APPPATH/Models/Admin/StandarModel.php(22): CodeIgniter\BaseModel->findAll()
 5 APPPATH/Controllers/AdminAreaAudit.php(178): App\Models\Admin\StandarModel->getAllStandar('jÀ∂')
 6 SYSTEMPATH/CodeIgniter.php(942): App\Controllers\AdminAreaAudit->Standar('assets', 'vendors', 'chartjs', 'Chart.min.css')
 7 SYSTEMPATH/CodeIgniter.php(502): CodeIgniter\CodeIgniter->runController(Object(App\Controllers\AdminAreaAudit))
 8 SYSTEMPATH/CodeIgniter.php(361): CodeIgniter\CodeIgniter->handleRequest(null, Object(Config\Cache), false)
 9 FCPATH/index.php(79): CodeIgniter\CodeIgniter->run()
10 SYSTEMPATH/Commands/Server/rewrite.php(47): require_once('/Applications/XAMPP/xamppfiles/htdocs/ami/public/index.php')
CRITICAL - 2024-04-27 23:12:51 --> Uncaught CodeIgniter\Format\Exceptions\FormatException: Failed to parse JSON string. Error: Malformed UTF-8 characters, possibly incorrectly encoded in /Applications/XAMPP/xamppfiles/htdocs/ami/system/Format/JSONFormatter.php:43
Stack trace:
#0 /Applications/XAMPP/xamppfiles/htdocs/ami/system/Format/JSONFormatter.php(43): CodeIgniter\Format\Exceptions\FormatException::forInvalidJSON('Malformed UTF-8...')
#1 /Applications/XAMPP/xamppfiles/htdocs/ami/system/API/ResponseTrait.php(345): CodeIgniter\Format\JSONFormatter->format(Array)
#2 /Applications/XAMPP/xamppfiles/htdocs/ami/system/API/ResponseTrait.php(98): CodeIgniter\Debug\ExceptionHandler->format(Array)
#3 /Applications/XAMPP/xamppfiles/htdocs/ami/system/Debug/ExceptionHandler.php(81): CodeIgniter\Debug\ExceptionHandler->respond(Array, 500)
#4 /Applications/XAMPP/xamppfiles/htdocs/ami/system/Debug/Exceptions.php(149): CodeIgniter\Debug\ExceptionHandler->handle(Object(mysqli_sql_exception), Object(CodeIgniter\HTTP\IncomingRequest), Object(CodeIgniter\HTTP\Response), 500, 8)
#5 [internal function]: CodeIgniter\Debug\Exceptions->exceptionHandler(Object(mysqli_sql_exception))
#6 {main}
  thrown
„ÄêPrevious Exception„Äë
CodeIgniter\Database\Exceptions\DatabaseException
Illegal mix of collations (utf8mb4_general_ci,IMPLICIT) and (utf8_general_ci,COERCIBLE) for operation '='
#0 /Applications/XAMPP/xamppfiles/htdocs/ami/system/Database/BaseBuilder.php(1615): CodeIgniter\Database\BaseConnection->query('SELECT *\nFROM `...', Array, false)
#1 /Applications/XAMPP/xamppfiles/htdocs/ami/system/Model.php(237): CodeIgniter\Database\BaseBuilder->get()
#2 /Applications/XAMPP/xamppfiles/htdocs/ami/system/BaseModel.php(624): CodeIgniter\Model->doFindAll(0, 0)
#3 /Applications/XAMPP/xamppfiles/htdocs/ami/app/Models/Admin/StandarModel.php(22): CodeIgniter\BaseModel->findAll()
#4 /Applications/XAMPP/xamppfiles/htdocs/ami/app/Controllers/AdminAreaAudit.php(178): App\Models\Admin\StandarModel->getAllStandar('j\xCB\x1E\xB6')
#5 /Applications/XAMPP/xamppfiles/htdocs/ami/system/CodeIgniter.php(942): App\Controllers\AdminAreaAudit->Standar('assets', 'vendors', 'chartjs', 'Chart.min.css')
#6 /Applications/XAMPP/xamppfiles/htdocs/ami/system/CodeIgniter.php(502): CodeIgniter\CodeIgniter->runController(Object(App\Controllers\AdminAreaAudit))
#7 /Applications/XAMPP/xamppfiles/htdocs/ami/system/CodeIgniter.php(361): CodeIgniter\CodeIgniter->handleRequest(NULL, Object(Config\Cache), false)
#8 /Applications/XAMPP/xamppfiles/htdocs/ami/public/index.php(79): CodeIgniter\CodeIgniter->run()
#9 /Applications/XAMPP/xamppfiles/htdocs/ami/system/Commands/Server/rewrite.php(47): require_once('/Applications/X...')
#10 {main}
in SYSTEMPATH/Format/JSONFormatter.php on line 43.
 1 [internal function]: CodeIgniter\Debug\Exceptions->shutdownHandler()
INFO - 2024-04-27 23:13:04 --> Session: Class initialized using 'CodeIgniter\Session\Handlers\FileHandler' driver.
INFO - 2024-04-27 23:13:04 --> Session: Class initialized using 'CodeIgniter\Session\Handlers\FileHandler' driver.
ERROR - 2024-04-27 23:13:04 --> mysqli_sql_exception: Illegal mix of collations (utf8mb4_general_ci,IMPLICIT) and (utf8_general_ci,COERCIBLE) for operation '=' in /Applications/XAMPP/xamppfiles/htdocs/ami/system/Database/MySQLi/Connection.php:306
Stack trace:
#0 /Applications/XAMPP/xamppfiles/htdocs/ami/system/Database/MySQLi/Connection.php(306): mysqli->query('SELECT *\nFROM `...', 0)
#1 /Applications/XAMPP/xamppfiles/htdocs/ami/system/Database/BaseConnection.php(693): CodeIgniter\Database\MySQLi\Connection->execute('SELECT *\nFROM `...')
#2 /Applications/XAMPP/xamppfiles/htdocs/ami/system/Database/BaseConnection.php(607): CodeIgniter\Database\BaseConnection->simpleQuery('SELECT *\nFROM `...')
#3 /Applications/XAMPP/xamppfiles/htdocs/ami/system/Database/BaseBuilder.php(1615): CodeIgniter\Database\BaseConnection->query('SELECT *\nFROM `...', Array, false)
#4 /Applications/XAMPP/xamppfiles/htdocs/ami/system/Model.php(237): CodeIgniter\Database\BaseBuilder->get()
#5 /Applications/XAMPP/xamppfiles/htdocs/ami/system/BaseModel.php(624): CodeIgniter\Model->doFindAll(0, 0)
#6 /Applications/XAMPP/xamppfiles/htdocs/ami/app/Models/Admin/IsiModel.php(22): CodeIgniter\BaseModel->findAll()
#7 /Applications/XAMPP/xamppfiles/htdocs/ami/app/Controllers/AdminAreaAudit.php(333): App\Models\Admin\IsiModel->getAllisi('j\xCB\x1E\xB6')
#8 /Applications/XAMPP/xamppfiles/htdocs/ami/system/CodeIgniter.php(942): App\Controllers\AdminAreaAudit->isi('assets', 'vendors', 'chartjs', 'Chart.min.css')
#9 /Applications/XAMPP/xamppfiles/htdocs/ami/system/CodeIgniter.php(502): CodeIgniter\CodeIgniter->runController(Object(App\Controllers\AdminAreaAudit))
#10 /Applications/XAMPP/xamppfiles/htdocs/ami/system/CodeIgniter.php(361): CodeIgniter\CodeIgniter->handleRequest(NULL, Object(Config\Cache), false)
#11 /Applications/XAMPP/xamppfiles/htdocs/ami/public/index.php(79): CodeIgniter\CodeIgniter->run()
#12 /Applications/XAMPP/xamppfiles/htdocs/ami/system/Commands/Server/rewrite.php(47): require_once('/Applications/X...')
#13 {main}
CRITICAL - 2024-04-27 23:13:04 --> Illegal mix of collations (utf8mb4_general_ci,IMPLICIT) and (utf8_general_ci,COERCIBLE) for operation '='
in SYSTEMPATH/Database/BaseConnection.php on line 647.
 1 SYSTEMPATH/Database/BaseBuilder.php(1615): CodeIgniter\Database\BaseConnection->query('SELECT *
FROM `s_pertanyaan_isi`
WHERE `standar_id` = :standar_id:
ORDER BY `urutan` ASC', [...], false)
 2 SYSTEMPATH/Model.php(237): CodeIgniter\Database\BaseBuilder->get()
 3 SYSTEMPATH/BaseModel.php(624): CodeIgniter\Model->doFindAll(0, 0)
 4 APPPATH/Models/Admin/IsiModel.php(22): CodeIgniter\BaseModel->findAll()
 5 APPPATH/Controllers/AdminAreaAudit.php(333): App\Models\Admin\IsiModel->getAllisi('jÀ∂')
 6 SYSTEMPATH/CodeIgniter.php(942): App\Controllers\AdminAreaAudit->isi('assets', 'vendors', 'chartjs', 'Chart.min.css')
 7 SYSTEMPATH/CodeIgniter.php(502): CodeIgniter\CodeIgniter->runController(Object(App\Controllers\AdminAreaAudit))
 8 SYSTEMPATH/CodeIgniter.php(361): CodeIgniter\CodeIgniter->handleRequest(null, Object(Config\Cache), false)
 9 FCPATH/index.php(79): CodeIgniter\CodeIgniter->run()
10 SYSTEMPATH/Commands/Server/rewrite.php(47): require_once('/Applications/XAMPP/xamppfiles/htdocs/ami/public/index.php')
CRITICAL - 2024-04-27 23:13:04 --> Uncaught CodeIgniter\Format\Exceptions\FormatException: Failed to parse JSON string. Error: Malformed UTF-8 characters, possibly incorrectly encoded in /Applications/XAMPP/xamppfiles/htdocs/ami/system/Format/JSONFormatter.php:43
Stack trace:
#0 /Applications/XAMPP/xamppfiles/htdocs/ami/system/Format/JSONFormatter.php(43): CodeIgniter\Format\Exceptions\FormatException::forInvalidJSON('Malformed UTF-8...')
#1 /Applications/XAMPP/xamppfiles/htdocs/ami/system/API/ResponseTrait.php(345): CodeIgniter\Format\JSONFormatter->format(Array)
#2 /Applications/XAMPP/xamppfiles/htdocs/ami/system/API/ResponseTrait.php(98): CodeIgniter\Debug\ExceptionHandler->format(Array)
#3 /Applications/XAMPP/xamppfiles/htdocs/ami/system/Debug/ExceptionHandler.php(81): CodeIgniter\Debug\ExceptionHandler->respond(Array, 500)
#4 /Applications/XAMPP/xamppfiles/htdocs/ami/system/Debug/Exceptions.php(149): CodeIgniter\Debug\ExceptionHandler->handle(Object(mysqli_sql_exception), Object(CodeIgniter\HTTP\IncomingRequest), Object(CodeIgniter\HTTP\Response), 500, 8)
#5 [internal function]: CodeIgniter\Debug\Exceptions->exceptionHandler(Object(mysqli_sql_exception))
#6 {main}
  thrown
„ÄêPrevious Exception„Äë
CodeIgniter\Database\Exceptions\DatabaseException
Illegal mix of collations (utf8mb4_general_ci,IMPLICIT) and (utf8_general_ci,COERCIBLE) for operation '='
#0 /Applications/XAMPP/xamppfiles/htdocs/ami/system/Database/BaseBuilder.php(1615): CodeIgniter\Database\BaseConnection->query('SELECT *\nFROM `...', Array, false)
#1 /Applications/XAMPP/xamppfiles/htdocs/ami/system/Model.php(237): CodeIgniter\Database\BaseBuilder->get()
#2 /Applications/XAMPP/xamppfiles/htdocs/ami/system/BaseModel.php(624): CodeIgniter\Model->doFindAll(0, 0)
#3 /Applications/XAMPP/xamppfiles/htdocs/ami/app/Models/Admin/IsiModel.php(22): CodeIgniter\BaseModel->findAll()
#4 /Applications/XAMPP/xamppfiles/htdocs/ami/app/Controllers/AdminAreaAudit.php(333): App\Models\Admin\IsiModel->getAllisi('j\xCB\x1E\xB6')
#5 /Applications/XAMPP/xamppfiles/htdocs/ami/system/CodeIgniter.php(942): App\Controllers\AdminAreaAudit->isi('assets', 'vendors', 'chartjs', 'Chart.min.css')
#6 /Applications/XAMPP/xamppfiles/htdocs/ami/system/CodeIgniter.php(502): CodeIgniter\CodeIgniter->runController(Object(App\Controllers\AdminAreaAudit))
#7 /Applications/XAMPP/xamppfiles/htdocs/ami/system/CodeIgniter.php(361): CodeIgniter\CodeIgniter->handleRequest(NULL, Object(Config\Cache), false)
#8 /Applications/XAMPP/xamppfiles/htdocs/ami/public/index.php(79): CodeIgniter\CodeIgniter->run()
#9 /Applications/XAMPP/xamppfiles/htdocs/ami/system/Commands/Server/rewrite.php(47): require_once('/Applications/X...')
#10 {main}
in SYSTEMPATH/Format/JSONFormatter.php on line 43.
 1 [internal function]: CodeIgniter\Debug\Exceptions->shutdownHandler()
INFO - 2024-04-27 23:13:05 --> Session: Class initialized using 'CodeIgniter\Session\Handlers\FileHandler' driver.
INFO - 2024-04-27 23:13:06 --> Session: Class initialized using 'CodeIgniter\Session\Handlers\FileHandler' driver.
ERROR - 2024-04-27 23:13:06 --> mysqli_sql_exception: Illegal mix of collations (utf8mb4_general_ci,IMPLICIT) and (utf8_general_ci,COERCIBLE) for operation '=' in /Applications/XAMPP/xamppfiles/htdocs/ami/system/Database/MySQLi/Connection.php:306
Stack trace:
#0 /Applications/XAMPP/xamppfiles/htdocs/ami/system/Database/MySQLi/Connection.php(306): mysqli->query('SELECT `standar...', 0)
#1 /Applications/XAMPP/xamppfiles/htdocs/ami/system/Database/BaseConnection.php(693): CodeIgniter\Database\MySQLi\Connection->execute('SELECT `standar...')
#2 /Applications/XAMPP/xamppfiles/htdocs/ami/system/Database/BaseConnection.php(607): CodeIgniter\Database\BaseConnection->simpleQuery('SELECT `standar...')
#3 /Applications/XAMPP/xamppfiles/htdocs/ami/system/Database/BaseBuilder.php(1615): CodeIgniter\Database\BaseConnection->query('SELECT `standar...', Array, false)
#4 /Applications/XAMPP/xamppfiles/htdocs/ami/system/Model.php(871): CodeIgniter\Database\BaseBuilder->get()
#5 /Applications/XAMPP/xamppfiles/htdocs/ami/app/Models/Admin/IsiModel.php(49): CodeIgniter\Model->__call('get', Array)
#6 /Applications/XAMPP/xamppfiles/htdocs/ami/app/Controllers/AdminAreaAudit.php(412): App\Models\Admin\IsiModel->getisiById('j\xCB\x1E\xB6')
#7 /Applications/XAMPP/xamppfiles/htdocs/ami/system/CodeIgniter.php(942): App\Controllers\AdminAreaAudit->editisi('assets', 'vendors', 'chartjs', 'Chart.min.css')
#8 /Applications/XAMPP/xamppfiles/htdocs/ami/system/CodeIgniter.php(502): CodeIgniter\CodeIgniter->runController(Object(App\Controllers\AdminAreaAudit))
#9 /Applications/XAMPP/xamppfiles/htdocs/ami/system/CodeIgniter.php(361): CodeIgniter\CodeIgniter->handleRequest(NULL, Object(Config\Cache), false)
#10 /Applications/XAMPP/xamppfiles/htdocs/ami/public/index.php(79): CodeIgniter\CodeIgniter->run()
#11 /Applications/XAMPP/xamppfiles/htdocs/ami/system/Commands/Server/rewrite.php(47): require_once('/Applications/X...')
#12 {main}
CRITICAL - 2024-04-27 23:13:06 --> Illegal mix of collations (utf8mb4_general_ci,IMPLICIT) and (utf8_general_ci,COERCIBLE) for operation '='
in SYSTEMPATH/Database/BaseConnection.php on line 647.
 1 SYSTEMPATH/Database/BaseBuilder.php(1615): CodeIgniter\Database\BaseConnection->query('SELECT `standar`.`standar`, `s_pertanyaan_isi`.*
FROM `s_pertanyaan_isi`
JOIN `standar` ON `s_pertanyaan_isi`.`standar_id` = `standar`.`id`
WHERE `s_pertanyaan_isi`.`id` = :s_pertanyaan_isi.id:', [...], false)
 2 SYSTEMPATH/Model.php(871): CodeIgniter\Database\BaseBuilder->get()
 3 APPPATH/Models/Admin/IsiModel.php(49): CodeIgniter\Model->__call('get', [])
 4 APPPATH/Controllers/AdminAreaAudit.php(412): App\Models\Admin\IsiModel->getisiById('jÀ∂')
 5 SYSTEMPATH/CodeIgniter.php(942): App\Controllers\AdminAreaAudit->editisi('assets', 'vendors', 'chartjs', 'Chart.min.css')
 6 SYSTEMPATH/CodeIgniter.php(502): CodeIgniter\CodeIgniter->runController(Object(App\Controllers\AdminAreaAudit))
 7 SYSTEMPATH/CodeIgniter.php(361): CodeIgniter\CodeIgniter->handleRequest(null, Object(Config\Cache), false)
 8 FCPATH/index.php(79): CodeIgniter\CodeIgniter->run()
 9 SYSTEMPATH/Commands/Server/rewrite.php(47): require_once('/Applications/XAMPP/xamppfiles/htdocs/ami/public/index.php')
CRITICAL - 2024-04-27 23:13:06 --> Uncaught CodeIgniter\Format\Exceptions\FormatException: Failed to parse JSON string. Error: Malformed UTF-8 characters, possibly incorrectly encoded in /Applications/XAMPP/xamppfiles/htdocs/ami/system/Format/JSONFormatter.php:43
Stack trace:
#0 /Applications/XAMPP/xamppfiles/htdocs/ami/system/Format/JSONFormatter.php(43): CodeIgniter\Format\Exceptions\FormatException::forInvalidJSON('Malformed UTF-8...')
#1 /Applications/XAMPP/xamppfiles/htdocs/ami/system/API/ResponseTrait.php(345): CodeIgniter\Format\JSONFormatter->format(Array)
#2 /Applications/XAMPP/xamppfiles/htdocs/ami/system/API/ResponseTrait.php(98): CodeIgniter\Debug\ExceptionHandler->format(Array)
#3 /Applications/XAMPP/xamppfiles/htdocs/ami/system/Debug/ExceptionHandler.php(81): CodeIgniter\Debug\ExceptionHandler->respond(Array, 500)
#4 /Applications/XAMPP/xamppfiles/htdocs/ami/system/Debug/Exceptions.php(149): CodeIgniter\Debug\ExceptionHandler->handle(Object(mysqli_sql_exception), Object(CodeIgniter\HTTP\IncomingRequest), Object(CodeIgniter\HTTP\Response), 500, 8)
#5 [internal function]: CodeIgniter\Debug\Exceptions->exceptionHandler(Object(mysqli_sql_exception))
#6 {main}
  thrown
„ÄêPrevious Exception„Äë
CodeIgniter\Database\Exceptions\DatabaseException
Illegal mix of collations (utf8mb4_general_ci,IMPLICIT) and (utf8_general_ci,COERCIBLE) for operation '='
#0 /Applications/XAMPP/xamppfiles/htdocs/ami/system/Database/BaseBuilder.php(1615): CodeIgniter\Database\BaseConnection->query('SELECT `standar...', Array, false)
#1 /Applications/XAMPP/xamppfiles/htdocs/ami/system/Model.php(871): CodeIgniter\Database\BaseBuilder->get()
#2 /Applications/XAMPP/xamppfiles/htdocs/ami/app/Models/Admin/IsiModel.php(49): CodeIgniter\Model->__call('get', Array)
#3 /Applications/XAMPP/xamppfiles/htdocs/ami/app/Controllers/AdminAreaAudit.php(412): App\Models\Admin\IsiModel->getisiById('j\xCB\x1E\xB6')
#4 /Applications/XAMPP/xamppfiles/htdocs/ami/system/CodeIgniter.php(942): App\Controllers\AdminAreaAudit->editisi('assets', 'vendors', 'chartjs', 'Chart.min.css')
#5 /Applications/XAMPP/xamppfiles/htdocs/ami/system/CodeIgniter.php(502): CodeIgniter\CodeIgniter->runController(Object(App\Controllers\AdminAreaAudit))
#6 /Applications/XAMPP/xamppfiles/htdocs/ami/system/CodeIgniter.php(361): CodeIgniter\CodeIgniter->handleRequest(NULL, Object(Config\Cache), false)
#7 /Applications/XAMPP/xamppfiles/htdocs/ami/public/index.php(79): CodeIgniter\CodeIgniter->run()
#8 /Applications/XAMPP/xamppfiles/htdocs/ami/system/Commands/Server/rewrite.php(47): require_once('/Applications/X...')
#9 {main}
in SYSTEMPATH/Format/JSONFormatter.php on line 43.
 1 [internal function]: CodeIgniter\Debug\Exceptions->shutdownHandler()
INFO - 2024-04-27 23:13:11 --> Session: Class initialized using 'CodeIgniter\Session\Handlers\FileHandler' driver.
INFO - 2024-04-27 23:13:11 --> Session: Class initialized using 'CodeIgniter\Session\Handlers\FileHandler' driver.
INFO - 2024-04-27 23:13:11 --> Session: Class initialized using 'CodeIgniter\Session\Handlers\FileHandler' driver.
ERROR - 2024-04-27 23:13:11 --> mysqli_sql_exception: Illegal mix of collations (utf8mb4_general_ci,IMPLICIT) and (utf8_general_ci,COERCIBLE) for operation '=' in /Applications/XAMPP/xamppfiles/htdocs/ami/system/Database/MySQLi/Connection.php:306
Stack trace:
#0 /Applications/XAMPP/xamppfiles/htdocs/ami/system/Database/MySQLi/Connection.php(306): mysqli->query('SELECT *\nFROM `...', 0)
#1 /Applications/XAMPP/xamppfiles/htdocs/ami/system/Database/BaseConnection.php(693): CodeIgniter\Database\MySQLi\Connection->execute('SELECT *\nFROM `...')
#2 /Applications/XAMPP/xamppfiles/htdocs/ami/system/Database/BaseConnection.php(607): CodeIgniter\Database\BaseConnection->simpleQuery('SELECT *\nFROM `...')
#3 /Applications/XAMPP/xamppfiles/htdocs/ami/system/Database/BaseBuilder.php(1615): CodeIgniter\Database\BaseConnection->query('SELECT *\nFROM `...', Array, false)
#4 /Applications/XAMPP/xamppfiles/htdocs/ami/system/Model.php(237): CodeIgniter\Database\BaseBuilder->get()
#5 /Applications/XAMPP/xamppfiles/htdocs/ami/system/BaseModel.php(624): CodeIgniter\Model->doFindAll(0, 0)
#6 /Applications/XAMPP/xamppfiles/htdocs/ami/app/Models/Admin/IsiModel.php(22): CodeIgniter\BaseModel->findAll()
#7 /Applications/XAMPP/xamppfiles/htdocs/ami/app/Controllers/AdminAreaAudit.php(333): App\Models\Admin\IsiModel->getAllisi('j\xCB\x1E\xB6')
#8 /Applications/XAMPP/xamppfiles/htdocs/ami/system/CodeIgniter.php(942): App\Controllers\AdminAreaAudit->isi('assets', 'vendors', 'chartjs', 'Chart.min.css')
#9 /Applications/XAMPP/xamppfiles/htdocs/ami/system/CodeIgniter.php(502): CodeIgniter\CodeIgniter->runController(Object(App\Controllers\AdminAreaAudit))
#10 /Applications/XAMPP/xamppfiles/htdocs/ami/system/CodeIgniter.php(361): CodeIgniter\CodeIgniter->handleRequest(NULL, Object(Config\Cache), false)
#11 /Applications/XAMPP/xamppfiles/htdocs/ami/public/index.php(79): CodeIgniter\CodeIgniter->run()
#12 /Applications/XAMPP/xamppfiles/htdocs/ami/system/Commands/Server/rewrite.php(47): require_once('/Applications/X...')
#13 {main}
CRITICAL - 2024-04-27 23:13:11 --> Illegal mix of collations (utf8mb4_general_ci,IMPLICIT) and (utf8_general_ci,COERCIBLE) for operation '='
in SYSTEMPATH/Database/BaseConnection.php on line 647.
 1 SYSTEMPATH/Database/BaseBuilder.php(1615): CodeIgniter\Database\BaseConnection->query('SELECT *
FROM `s_pertanyaan_isi`
WHERE `standar_id` = :standar_id:
ORDER BY `urutan` ASC', [...], false)
 2 SYSTEMPATH/Model.php(237): CodeIgniter\Database\BaseBuilder->get()
 3 SYSTEMPATH/BaseModel.php(624): CodeIgniter\Model->doFindAll(0, 0)
 4 APPPATH/Models/Admin/IsiModel.php(22): CodeIgniter\BaseModel->findAll()
 5 APPPATH/Controllers/AdminAreaAudit.php(333): App\Models\Admin\IsiModel->getAllisi('jÀ∂')
 6 SYSTEMPATH/CodeIgniter.php(942): App\Controllers\AdminAreaAudit->isi('assets', 'vendors', 'chartjs', 'Chart.min.css')
 7 SYSTEMPATH/CodeIgniter.php(502): CodeIgniter\CodeIgniter->runController(Object(App\Controllers\AdminAreaAudit))
 8 SYSTEMPATH/CodeIgniter.php(361): CodeIgniter\CodeIgniter->handleRequest(null, Object(Config\Cache), false)
 9 FCPATH/index.php(79): CodeIgniter\CodeIgniter->run()
10 SYSTEMPATH/Commands/Server/rewrite.php(47): require_once('/Applications/XAMPP/xamppfiles/htdocs/ami/public/index.php')
CRITICAL - 2024-04-27 23:13:11 --> Uncaught CodeIgniter\Format\Exceptions\FormatException: Failed to parse JSON string. Error: Malformed UTF-8 characters, possibly incorrectly encoded in /Applications/XAMPP/xamppfiles/htdocs/ami/system/Format/JSONFormatter.php:43
Stack trace:
#0 /Applications/XAMPP/xamppfiles/htdocs/ami/system/Format/JSONFormatter.php(43): CodeIgniter\Format\Exceptions\FormatException::forInvalidJSON('Malformed UTF-8...')
#1 /Applications/XAMPP/xamppfiles/htdocs/ami/system/API/ResponseTrait.php(345): CodeIgniter\Format\JSONFormatter->format(Array)
#2 /Applications/XAMPP/xamppfiles/htdocs/ami/system/API/ResponseTrait.php(98): CodeIgniter\Debug\ExceptionHandler->format(Array)
#3 /Applications/XAMPP/xamppfiles/htdocs/ami/system/Debug/ExceptionHandler.php(81): CodeIgniter\Debug\ExceptionHandler->respond(Array, 500)
#4 /Applications/XAMPP/xamppfiles/htdocs/ami/system/Debug/Exceptions.php(149): CodeIgniter\Debug\ExceptionHandler->handle(Object(mysqli_sql_exception), Object(CodeIgniter\HTTP\IncomingRequest), Object(CodeIgniter\HTTP\Response), 500, 8)
#5 [internal function]: CodeIgniter\Debug\Exceptions->exceptionHandler(Object(mysqli_sql_exception))
#6 {main}
  thrown
„ÄêPrevious Exception„Äë
CodeIgniter\Database\Exceptions\DatabaseException
Illegal mix of collations (utf8mb4_general_ci,IMPLICIT) and (utf8_general_ci,COERCIBLE) for operation '='
#0 /Applications/XAMPP/xamppfiles/htdocs/ami/system/Database/BaseBuilder.php(1615): CodeIgniter\Database\BaseConnection->query('SELECT *\nFROM `...', Array, false)
#1 /Applications/XAMPP/xamppfiles/htdocs/ami/system/Model.php(237): CodeIgniter\Database\BaseBuilder->get()
#2 /Applications/XAMPP/xamppfiles/htdocs/ami/system/BaseModel.php(624): CodeIgniter\Model->doFindAll(0, 0)
#3 /Applications/XAMPP/xamppfiles/htdocs/ami/app/Models/Admin/IsiModel.php(22): CodeIgniter\BaseModel->findAll()
#4 /Applications/XAMPP/xamppfiles/htdocs/ami/app/Controllers/AdminAreaAudit.php(333): App\Models\Admin\IsiModel->getAllisi('j\xCB\x1E\xB6')
#5 /Applications/XAMPP/xamppfiles/htdocs/ami/system/CodeIgniter.php(942): App\Controllers\AdminAreaAudit->isi('assets', 'vendors', 'chartjs', 'Chart.min.css')
#6 /Applications/XAMPP/xamppfiles/htdocs/ami/system/CodeIgniter.php(502): CodeIgniter\CodeIgniter->runController(Object(App\Controllers\AdminAreaAudit))
#7 /Applications/XAMPP/xamppfiles/htdocs/ami/system/CodeIgniter.php(361): CodeIgniter\CodeIgniter->handleRequest(NULL, Object(Config\Cache), false)
#8 /Applications/XAMPP/xamppfiles/htdocs/ami/public/index.php(79): CodeIgniter\CodeIgniter->run()
#9 /Applications/XAMPP/xamppfiles/htdocs/ami/system/Commands/Server/rewrite.php(47): require_once('/Applications/X...')
#10 {main}
in SYSTEMPATH/Format/JSONFormatter.php on line 43.
 1 [internal function]: CodeIgniter\Debug\Exceptions->shutdownHandler()
INFO - 2024-04-27 23:13:18 --> Session: Class initialized using 'CodeIgniter\Session\Handlers\FileHandler' driver.
INFO - 2024-04-27 23:13:18 --> Session: Class initialized using 'CodeIgniter\Session\Handlers\FileHandler' driver.
ERROR - 2024-04-27 23:13:18 --> mysqli_sql_exception: Illegal mix of collations (utf8mb4_general_ci,IMPLICIT) and (utf8_general_ci,COERCIBLE) for operation '=' in /Applications/XAMPP/xamppfiles/htdocs/ami/system/Database/MySQLi/Connection.php:306
Stack trace:
#0 /Applications/XAMPP/xamppfiles/htdocs/ami/system/Database/MySQLi/Connection.php(306): mysqli->query('SELECT *\nFROM `...', 0)
#1 /Applications/XAMPP/xamppfiles/htdocs/ami/system/Database/BaseConnection.php(693): CodeIgniter\Database\MySQLi\Connection->execute('SELECT *\nFROM `...')
#2 /Applications/XAMPP/xamppfiles/htdocs/ami/system/Database/BaseConnection.php(607): CodeIgniter\Database\BaseConnection->simpleQuery('SELECT *\nFROM `...')
#3 /Applications/XAMPP/xamppfiles/htdocs/ami/system/Database/BaseBuilder.php(1615): CodeIgniter\Database\BaseConnection->query('SELECT *\nFROM `...', Array, false)
#4 /Applications/XAMPP/xamppfiles/htdocs/ami/system/Model.php(237): CodeIgniter\Database\BaseBuilder->get()
#5 /Applications/XAMPP/xamppfiles/htdocs/ami/system/BaseModel.php(624): CodeIgniter\Model->doFindAll(0, 0)
#6 /Applications/XAMPP/xamppfiles/htdocs/ami/app/Models/Admin/LanjutanModel.php(22): CodeIgniter\BaseModel->findAll()
#7 /Applications/XAMPP/xamppfiles/htdocs/ami/app/Controllers/AdminAreaAudit.php(482): App\Models\Admin\LanjutanModel->getAlllanjutan('j\xCB\x1E\xB6')
#8 /Applications/XAMPP/xamppfiles/htdocs/ami/system/CodeIgniter.php(942): App\Controllers\AdminAreaAudit->lanjutan('assets', 'vendors', 'chartjs', 'Chart.min.css')
#9 /Applications/XAMPP/xamppfiles/htdocs/ami/system/CodeIgniter.php(502): CodeIgniter\CodeIgniter->runController(Object(App\Controllers\AdminAreaAudit))
#10 /Applications/XAMPP/xamppfiles/htdocs/ami/system/CodeIgniter.php(361): CodeIgniter\CodeIgniter->handleRequest(NULL, Object(Config\Cache), false)
#11 /Applications/XAMPP/xamppfiles/htdocs/ami/public/index.php(79): CodeIgniter\CodeIgniter->run()
#12 /Applications/XAMPP/xamppfiles/htdocs/ami/system/Commands/Server/rewrite.php(47): require_once('/Applications/X...')
#13 {main}
CRITICAL - 2024-04-27 23:13:18 --> Illegal mix of collations (utf8mb4_general_ci,IMPLICIT) and (utf8_general_ci,COERCIBLE) for operation '='
in SYSTEMPATH/Database/BaseConnection.php on line 647.
 1 SYSTEMPATH/Database/BaseBuilder.php(1615): CodeIgniter\Database\BaseConnection->query('SELECT *
FROM `s_pertanyaan_lanjutan`
WHERE `s_p_isi_id` = :s_p_isi_id:
ORDER BY `urutan` ASC', [...], false)
 2 SYSTEMPATH/Model.php(237): CodeIgniter\Database\BaseBuilder->get()
 3 SYSTEMPATH/BaseModel.php(624): CodeIgniter\Model->doFindAll(0, 0)
 4 APPPATH/Models/Admin/LanjutanModel.php(22): CodeIgniter\BaseModel->findAll()
 5 APPPATH/Controllers/AdminAreaAudit.php(482): App\Models\Admin\LanjutanModel->getAlllanjutan('jÀ∂')
 6 SYSTEMPATH/CodeIgniter.php(942): App\Controllers\AdminAreaAudit->lanjutan('assets', 'vendors', 'chartjs', 'Chart.min.css')
 7 SYSTEMPATH/CodeIgniter.php(502): CodeIgniter\CodeIgniter->runController(Object(App\Controllers\AdminAreaAudit))
 8 SYSTEMPATH/CodeIgniter.php(361): CodeIgniter\CodeIgniter->handleRequest(null, Object(Config\Cache), false)
 9 FCPATH/index.php(79): CodeIgniter\CodeIgniter->run()
10 SYSTEMPATH/Commands/Server/rewrite.php(47): require_once('/Applications/XAMPP/xamppfiles/htdocs/ami/public/index.php')
CRITICAL - 2024-04-27 23:13:18 --> Uncaught CodeIgniter\Format\Exceptions\FormatException: Failed to parse JSON string. Error: Malformed UTF-8 characters, possibly incorrectly encoded in /Applications/XAMPP/xamppfiles/htdocs/ami/system/Format/JSONFormatter.php:43
Stack trace:
#0 /Applications/XAMPP/xamppfiles/htdocs/ami/system/Format/JSONFormatter.php(43): CodeIgniter\Format\Exceptions\FormatException::forInvalidJSON('Malformed UTF-8...')
#1 /Applications/XAMPP/xamppfiles/htdocs/ami/system/API/ResponseTrait.php(345): CodeIgniter\Format\JSONFormatter->format(Array)
#2 /Applications/XAMPP/xamppfiles/htdocs/ami/system/API/ResponseTrait.php(98): CodeIgniter\Debug\ExceptionHandler->format(Array)
#3 /Applications/XAMPP/xamppfiles/htdocs/ami/system/Debug/ExceptionHandler.php(81): CodeIgniter\Debug\ExceptionHandler->respond(Array, 500)
#4 /Applications/XAMPP/xamppfiles/htdocs/ami/system/Debug/Exceptions.php(149): CodeIgniter\Debug\ExceptionHandler->handle(Object(mysqli_sql_exception), Object(CodeIgniter\HTTP\IncomingRequest), Object(CodeIgniter\HTTP\Response), 500, 8)
#5 [internal function]: CodeIgniter\Debug\Exceptions->exceptionHandler(Object(mysqli_sql_exception))
#6 {main}
  thrown
„ÄêPrevious Exception„Äë
CodeIgniter\Database\Exceptions\DatabaseException
Illegal mix of collations (utf8mb4_general_ci,IMPLICIT) and (utf8_general_ci,COERCIBLE) for operation '='
#0 /Applications/XAMPP/xamppfiles/htdocs/ami/system/Database/BaseBuilder.php(1615): CodeIgniter\Database\BaseConnection->query('SELECT *\nFROM `...', Array, false)
#1 /Applications/XAMPP/xamppfiles/htdocs/ami/system/Model.php(237): CodeIgniter\Database\BaseBuilder->get()
#2 /Applications/XAMPP/xamppfiles/htdocs/ami/system/BaseModel.php(624): CodeIgniter\Model->doFindAll(0, 0)
#3 /Applications/XAMPP/xamppfiles/htdocs/ami/app/Models/Admin/LanjutanModel.php(22): CodeIgniter\BaseModel->findAll()
#4 /Applications/XAMPP/xamppfiles/htdocs/ami/app/Controllers/AdminAreaAudit.php(482): App\Models\Admin\LanjutanModel->getAlllanjutan('j\xCB\x1E\xB6')
#5 /Applications/XAMPP/xamppfiles/htdocs/ami/system/CodeIgniter.php(942): App\Controllers\AdminAreaAudit->lanjutan('assets', 'vendors', 'chartjs', 'Chart.min.css')
#6 /Applications/XAMPP/xamppfiles/htdocs/ami/system/CodeIgniter.php(502): CodeIgniter\CodeIgniter->runController(Object(App\Controllers\AdminAreaAudit))
#7 /Applications/XAMPP/xamppfiles/htdocs/ami/system/CodeIgniter.php(361): CodeIgniter\CodeIgniter->handleRequest(NULL, Object(Config\Cache), false)
#8 /Applications/XAMPP/xamppfiles/htdocs/ami/public/index.php(79): CodeIgniter\CodeIgniter->run()
#9 /Applications/XAMPP/xamppfiles/htdocs/ami/system/Commands/Server/rewrite.php(47): require_once('/Applications/X...')
#10 {main}
in SYSTEMPATH/Format/JSONFormatter.php on line 43.
 1 [internal function]: CodeIgniter\Debug\Exceptions->shutdownHandler()
INFO - 2024-04-27 23:13:20 --> Session: Class initialized using 'CodeIgniter\Session\Handlers\FileHandler' driver.
INFO - 2024-04-27 23:13:20 --> Session: Class initialized using 'CodeIgniter\Session\Handlers\FileHandler' driver.
ERROR - 2024-04-27 23:13:20 --> mysqli_sql_exception: Illegal mix of collations (utf8mb4_general_ci,IMPLICIT) and (utf8_general_ci,COERCIBLE) for operation '=' in /Applications/XAMPP/xamppfiles/htdocs/ami/system/Database/MySQLi/Connection.php:306
Stack trace:
#0 /Applications/XAMPP/xamppfiles/htdocs/ami/system/Database/MySQLi/Connection.php(306): mysqli->query('SELECT `standar...', 0)
#1 /Applications/XAMPP/xamppfiles/htdocs/ami/system/Database/BaseConnection.php(693): CodeIgniter\Database\MySQLi\Connection->execute('SELECT `standar...')
#2 /Applications/XAMPP/xamppfiles/htdocs/ami/system/Database/BaseConnection.php(607): CodeIgniter\Database\BaseConnection->simpleQuery('SELECT `standar...')
#3 /Applications/XAMPP/xamppfiles/htdocs/ami/system/Database/BaseBuilder.php(1615): CodeIgniter\Database\BaseConnection->query('SELECT `standar...', Array, false)
#4 /Applications/XAMPP/xamppfiles/htdocs/ami/system/Model.php(871): CodeIgniter\Database\BaseBuilder->get()
#5 /Applications/XAMPP/xamppfiles/htdocs/ami/app/Models/Admin/IsiModel.php(49): CodeIgniter\Model->__call('get', Array)
#6 /Applications/XAMPP/xamppfiles/htdocs/ami/app/Controllers/AdminAreaAudit.php(498): App\Models\Admin\IsiModel->getisiById('j\xCB\x1E\xB6')
#7 /Applications/XAMPP/xamppfiles/htdocs/ami/system/CodeIgniter.php(942): App\Controllers\AdminAreaAudit->addlanjutan('assets', 'vendors', 'chartjs', 'Chart.min.css')
#8 /Applications/XAMPP/xamppfiles/htdocs/ami/system/CodeIgniter.php(502): CodeIgniter\CodeIgniter->runController(Object(App\Controllers\AdminAreaAudit))
#9 /Applications/XAMPP/xamppfiles/htdocs/ami/system/CodeIgniter.php(361): CodeIgniter\CodeIgniter->handleRequest(NULL, Object(Config\Cache), false)
#10 /Applications/XAMPP/xamppfiles/htdocs/ami/public/index.php(79): CodeIgniter\CodeIgniter->run()
#11 /Applications/XAMPP/xamppfiles/htdocs/ami/system/Commands/Server/rewrite.php(47): require_once('/Applications/X...')
#12 {main}
CRITICAL - 2024-04-27 23:13:20 --> Illegal mix of collations (utf8mb4_general_ci,IMPLICIT) and (utf8_general_ci,COERCIBLE) for operation '='
in SYSTEMPATH/Database/BaseConnection.php on line 647.
 1 SYSTEMPATH/Database/BaseBuilder.php(1615): CodeIgniter\Database\BaseConnection->query('SELECT `standar`.`standar`, `s_pertanyaan_isi`.*
FROM `s_pertanyaan_isi`
JOIN `standar` ON `s_pertanyaan_isi`.`standar_id` = `standar`.`id`
WHERE `s_pertanyaan_isi`.`id` = :s_pertanyaan_isi.id:', [...], false)
 2 SYSTEMPATH/Model.php(871): CodeIgniter\Database\BaseBuilder->get()
 3 APPPATH/Models/Admin/IsiModel.php(49): CodeIgniter\Model->__call('get', [])
 4 APPPATH/Controllers/AdminAreaAudit.php(498): App\Models\Admin\IsiModel->getisiById('jÀ∂')
 5 SYSTEMPATH/CodeIgniter.php(942): App\Controllers\AdminAreaAudit->addlanjutan('assets', 'vendors', 'chartjs', 'Chart.min.css')
 6 SYSTEMPATH/CodeIgniter.php(502): CodeIgniter\CodeIgniter->runController(Object(App\Controllers\AdminAreaAudit))
 7 SYSTEMPATH/CodeIgniter.php(361): CodeIgniter\CodeIgniter->handleRequest(null, Object(Config\Cache), false)
 8 FCPATH/index.php(79): CodeIgniter\CodeIgniter->run()
 9 SYSTEMPATH/Commands/Server/rewrite.php(47): require_once('/Applications/XAMPP/xamppfiles/htdocs/ami/public/index.php')
CRITICAL - 2024-04-27 23:13:20 --> Uncaught CodeIgniter\Format\Exceptions\FormatException: Failed to parse JSON string. Error: Malformed UTF-8 characters, possibly incorrectly encoded in /Applications/XAMPP/xamppfiles/htdocs/ami/system/Format/JSONFormatter.php:43
Stack trace:
#0 /Applications/XAMPP/xamppfiles/htdocs/ami/system/Format/JSONFormatter.php(43): CodeIgniter\Format\Exceptions\FormatException::forInvalidJSON('Malformed UTF-8...')
#1 /Applications/XAMPP/xamppfiles/htdocs/ami/system/API/ResponseTrait.php(345): CodeIgniter\Format\JSONFormatter->format(Array)
#2 /Applications/XAMPP/xamppfiles/htdocs/ami/system/API/ResponseTrait.php(98): CodeIgniter\Debug\ExceptionHandler->format(Array)
#3 /Applications/XAMPP/xamppfiles/htdocs/ami/system/Debug/ExceptionHandler.php(81): CodeIgniter\Debug\ExceptionHandler->respond(Array, 500)
#4 /Applications/XAMPP/xamppfiles/htdocs/ami/system/Debug/Exceptions.php(149): CodeIgniter\Debug\ExceptionHandler->handle(Object(mysqli_sql_exception), Object(CodeIgniter\HTTP\IncomingRequest), Object(CodeIgniter\HTTP\Response), 500, 8)
#5 [internal function]: CodeIgniter\Debug\Exceptions->exceptionHandler(Object(mysqli_sql_exception))
#6 {main}
  thrown
„ÄêPrevious Exception„Äë
CodeIgniter\Database\Exceptions\DatabaseException
Illegal mix of collations (utf8mb4_general_ci,IMPLICIT) and (utf8_general_ci,COERCIBLE) for operation '='
#0 /Applications/XAMPP/xamppfiles/htdocs/ami/system/Database/BaseBuilder.php(1615): CodeIgniter\Database\BaseConnection->query('SELECT `standar...', Array, false)
#1 /Applications/XAMPP/xamppfiles/htdocs/ami/system/Model.php(871): CodeIgniter\Database\BaseBuilder->get()
#2 /Applications/XAMPP/xamppfiles/htdocs/ami/app/Models/Admin/IsiModel.php(49): CodeIgniter\Model->__call('get', Array)
#3 /Applications/XAMPP/xamppfiles/htdocs/ami/app/Controllers/AdminAreaAudit.php(498): App\Models\Admin\IsiModel->getisiById('j\xCB\x1E\xB6')
#4 /Applications/XAMPP/xamppfiles/htdocs/ami/system/CodeIgniter.php(942): App\Controllers\AdminAreaAudit->addlanjutan('assets', 'vendors', 'chartjs', 'Chart.min.css')
#5 /Applications/XAMPP/xamppfiles/htdocs/ami/system/CodeIgniter.php(502): CodeIgniter\CodeIgniter->runController(Object(App\Controllers\AdminAreaAudit))
#6 /Applications/XAMPP/xamppfiles/htdocs/ami/system/CodeIgniter.php(361): CodeIgniter\CodeIgniter->handleRequest(NULL, Object(Config\Cache), false)
#7 /Applications/XAMPP/xamppfiles/htdocs/ami/public/index.php(79): CodeIgniter\CodeIgniter->run()
#8 /Applications/XAMPP/xamppfiles/htdocs/ami/system/Commands/Server/rewrite.php(47): require_once('/Applications/X...')
#9 {main}
in SYSTEMPATH/Format/JSONFormatter.php on line 43.
 1 [internal function]: CodeIgniter\Debug\Exceptions->shutdownHandler()
INFO - 2024-04-27 23:13:24 --> Session: Class initialized using 'CodeIgniter\Session\Handlers\FileHandler' driver.
INFO - 2024-04-27 23:13:24 --> Session: Class initialized using 'CodeIgniter\Session\Handlers\FileHandler' driver.
INFO - 2024-04-27 23:13:24 --> Session: Class initialized using 'CodeIgniter\Session\Handlers\FileHandler' driver.
ERROR - 2024-04-27 23:13:24 --> mysqli_sql_exception: Illegal mix of collations (utf8mb4_general_ci,IMPLICIT) and (utf8_general_ci,COERCIBLE) for operation '=' in /Applications/XAMPP/xamppfiles/htdocs/ami/system/Database/MySQLi/Connection.php:306
Stack trace:
#0 /Applications/XAMPP/xamppfiles/htdocs/ami/system/Database/MySQLi/Connection.php(306): mysqli->query('SELECT *\nFROM `...', 0)
#1 /Applications/XAMPP/xamppfiles/htdocs/ami/system/Database/BaseConnection.php(693): CodeIgniter\Database\MySQLi\Connection->execute('SELECT *\nFROM `...')
#2 /Applications/XAMPP/xamppfiles/htdocs/ami/system/Database/BaseConnection.php(607): CodeIgniter\Database\BaseConnection->simpleQuery('SELECT *\nFROM `...')
#3 /Applications/XAMPP/xamppfiles/htdocs/ami/system/Database/BaseBuilder.php(1615): CodeIgniter\Database\BaseConnection->query('SELECT *\nFROM `...', Array, false)
#4 /Applications/XAMPP/xamppfiles/htdocs/ami/system/Model.php(237): CodeIgniter\Database\BaseBuilder->get()
#5 /Applications/XAMPP/xamppfiles/htdocs/ami/system/BaseModel.php(624): CodeIgniter\Model->doFindAll(0, 0)
#6 /Applications/XAMPP/xamppfiles/htdocs/ami/app/Models/Admin/LanjutanModel.php(22): CodeIgniter\BaseModel->findAll()
#7 /Applications/XAMPP/xamppfiles/htdocs/ami/app/Controllers/AdminAreaAudit.php(482): App\Models\Admin\LanjutanModel->getAlllanjutan('j\xCB\x1E\xB6')
#8 /Applications/XAMPP/xamppfiles/htdocs/ami/system/CodeIgniter.php(942): App\Controllers\AdminAreaAudit->lanjutan('assets', 'vendors', 'chartjs', 'Chart.min.css')
#9 /Applications/XAMPP/xamppfiles/htdocs/ami/system/CodeIgniter.php(502): CodeIgniter\CodeIgniter->runController(Object(App\Controllers\AdminAreaAudit))
#10 /Applications/XAMPP/xamppfiles/htdocs/ami/system/CodeIgniter.php(361): CodeIgniter\CodeIgniter->handleRequest(NULL, Object(Config\Cache), false)
#11 /Applications/XAMPP/xamppfiles/htdocs/ami/public/index.php(79): CodeIgniter\CodeIgniter->run()
#12 /Applications/XAMPP/xamppfiles/htdocs/ami/system/Commands/Server/rewrite.php(47): require_once('/Applications/X...')
#13 {main}
CRITICAL - 2024-04-27 23:13:24 --> Illegal mix of collations (utf8mb4_general_ci,IMPLICIT) and (utf8_general_ci,COERCIBLE) for operation '='
in SYSTEMPATH/Database/BaseConnection.php on line 647.
 1 SYSTEMPATH/Database/BaseBuilder.php(1615): CodeIgniter\Database\BaseConnection->query('SELECT *
FROM `s_pertanyaan_lanjutan`
WHERE `s_p_isi_id` = :s_p_isi_id:
ORDER BY `urutan` ASC', [...], false)
 2 SYSTEMPATH/Model.php(237): CodeIgniter\Database\BaseBuilder->get()
 3 SYSTEMPATH/BaseModel.php(624): CodeIgniter\Model->doFindAll(0, 0)
 4 APPPATH/Models/Admin/LanjutanModel.php(22): CodeIgniter\BaseModel->findAll()
 5 APPPATH/Controllers/AdminAreaAudit.php(482): App\Models\Admin\LanjutanModel->getAlllanjutan('jÀ∂')
 6 SYSTEMPATH/CodeIgniter.php(942): App\Controllers\AdminAreaAudit->lanjutan('assets', 'vendors', 'chartjs', 'Chart.min.css')
 7 SYSTEMPATH/CodeIgniter.php(502): CodeIgniter\CodeIgniter->runController(Object(App\Controllers\AdminAreaAudit))
 8 SYSTEMPATH/CodeIgniter.php(361): CodeIgniter\CodeIgniter->handleRequest(null, Object(Config\Cache), false)
 9 FCPATH/index.php(79): CodeIgniter\CodeIgniter->run()
10 SYSTEMPATH/Commands/Server/rewrite.php(47): require_once('/Applications/XAMPP/xamppfiles/htdocs/ami/public/index.php')
CRITICAL - 2024-04-27 23:13:24 --> Uncaught CodeIgniter\Format\Exceptions\FormatException: Failed to parse JSON string. Error: Malformed UTF-8 characters, possibly incorrectly encoded in /Applications/XAMPP/xamppfiles/htdocs/ami/system/Format/JSONFormatter.php:43
Stack trace:
#0 /Applications/XAMPP/xamppfiles/htdocs/ami/system/Format/JSONFormatter.php(43): CodeIgniter\Format\Exceptions\FormatException::forInvalidJSON('Malformed UTF-8...')
#1 /Applications/XAMPP/xamppfiles/htdocs/ami/system/API/ResponseTrait.php(345): CodeIgniter\Format\JSONFormatter->format(Array)
#2 /Applications/XAMPP/xamppfiles/htdocs/ami/system/API/ResponseTrait.php(98): CodeIgniter\Debug\ExceptionHandler->format(Array)
#3 /Applications/XAMPP/xamppfiles/htdocs/ami/system/Debug/ExceptionHandler.php(81): CodeIgniter\Debug\ExceptionHandler->respond(Array, 500)
#4 /Applications/XAMPP/xamppfiles/htdocs/ami/system/Debug/Exceptions.php(149): CodeIgniter\Debug\ExceptionHandler->handle(Object(mysqli_sql_exception), Object(CodeIgniter\HTTP\IncomingRequest), Object(CodeIgniter\HTTP\Response), 500, 8)
#5 [internal function]: CodeIgniter\Debug\Exceptions->exceptionHandler(Object(mysqli_sql_exception))
#6 {main}
  thrown
„ÄêPrevious Exception„Äë
CodeIgniter\Database\Exceptions\DatabaseException
Illegal mix of collations (utf8mb4_general_ci,IMPLICIT) and (utf8_general_ci,COERCIBLE) for operation '='
#0 /Applications/XAMPP/xamppfiles/htdocs/ami/system/Database/BaseBuilder.php(1615): CodeIgniter\Database\BaseConnection->query('SELECT *\nFROM `...', Array, false)
#1 /Applications/XAMPP/xamppfiles/htdocs/ami/system/Model.php(237): CodeIgniter\Database\BaseBuilder->get()
#2 /Applications/XAMPP/xamppfiles/htdocs/ami/system/BaseModel.php(624): CodeIgniter\Model->doFindAll(0, 0)
#3 /Applications/XAMPP/xamppfiles/htdocs/ami/app/Models/Admin/LanjutanModel.php(22): CodeIgniter\BaseModel->findAll()
#4 /Applications/XAMPP/xamppfiles/htdocs/ami/app/Controllers/AdminAreaAudit.php(482): App\Models\Admin\LanjutanModel->getAlllanjutan('j\xCB\x1E\xB6')
#5 /Applications/XAMPP/xamppfiles/htdocs/ami/system/CodeIgniter.php(942): App\Controllers\AdminAreaAudit->lanjutan('assets', 'vendors', 'chartjs', 'Chart.min.css')
#6 /Applications/XAMPP/xamppfiles/htdocs/ami/system/CodeIgniter.php(502): CodeIgniter\CodeIgniter->runController(Object(App\Controllers\AdminAreaAudit))
#7 /Applications/XAMPP/xamppfiles/htdocs/ami/system/CodeIgniter.php(361): CodeIgniter\CodeIgniter->handleRequest(NULL, Object(Config\Cache), false)
#8 /Applications/XAMPP/xamppfiles/htdocs/ami/public/index.php(79): CodeIgniter\CodeIgniter->run()
#9 /Applications/XAMPP/xamppfiles/htdocs/ami/system/Commands/Server/rewrite.php(47): require_once('/Applications/X...')
#10 {main}
in SYSTEMPATH/Format/JSONFormatter.php on line 43.
 1 [internal function]: CodeIgniter\Debug\Exceptions->shutdownHandler()
INFO - 2024-04-27 23:13:26 --> Session: Class initialized using 'CodeIgniter\Session\Handlers\FileHandler' driver.
INFO - 2024-04-27 23:13:26 --> Session: Class initialized using 'CodeIgniter\Session\Handlers\FileHandler' driver.
ERROR - 2024-04-27 23:13:26 --> mysqli_sql_exception: Illegal mix of collations (utf8mb4_general_ci,IMPLICIT) and (utf8_general_ci,COERCIBLE) for operation '=' in /Applications/XAMPP/xamppfiles/htdocs/ami/system/Database/MySQLi/Connection.php:306
Stack trace:
#0 /Applications/XAMPP/xamppfiles/htdocs/ami/system/Database/MySQLi/Connection.php(306): mysqli->query('SELECT *\nFROM `...', 0)
#1 /Applications/XAMPP/xamppfiles/htdocs/ami/system/Database/BaseConnection.php(693): CodeIgniter\Database\MySQLi\Connection->execute('SELECT *\nFROM `...')
#2 /Applications/XAMPP/xamppfiles/htdocs/ami/system/Database/BaseConnection.php(607): CodeIgniter\Database\BaseConnection->simpleQuery('SELECT *\nFROM `...')
#3 /Applications/XAMPP/xamppfiles/htdocs/ami/system/Database/BaseBuilder.php(1615): CodeIgniter\Database\BaseConnection->query('SELECT *\nFROM `...', Array, false)
#4 /Applications/XAMPP/xamppfiles/htdocs/ami/system/Model.php(237): CodeIgniter\Database\BaseBuilder->get()
#5 /Applications/XAMPP/xamppfiles/htdocs/ami/system/BaseModel.php(624): CodeIgniter\Model->doFindAll(0, 0)
#6 /Applications/XAMPP/xamppfiles/htdocs/ami/app/Models/Admin/DetailModel.php(22): CodeIgniter\BaseModel->findAll()
#7 /Applications/XAMPP/xamppfiles/htdocs/ami/app/Controllers/AdminAreaAudit.php(630): App\Models\Admin\DetailModel->getAlldetail('j\xCB\x1E\xB6')
#8 /Applications/XAMPP/xamppfiles/htdocs/ami/system/CodeIgniter.php(942): App\Controllers\AdminAreaAudit->detail('assets', 'vendors', 'chartjs', 'Chart.min.css')
#9 /Applications/XAMPP/xamppfiles/htdocs/ami/system/CodeIgniter.php(502): CodeIgniter\CodeIgniter->runController(Object(App\Controllers\AdminAreaAudit))
#10 /Applications/XAMPP/xamppfiles/htdocs/ami/system/CodeIgniter.php(361): CodeIgniter\CodeIgniter->handleRequest(NULL, Object(Config\Cache), false)
#11 /Applications/XAMPP/xamppfiles/htdocs/ami/public/index.php(79): CodeIgniter\CodeIgniter->run()
#12 /Applications/XAMPP/xamppfiles/htdocs/ami/system/Commands/Server/rewrite.php(47): require_once('/Applications/X...')
#13 {main}
CRITICAL - 2024-04-27 23:13:26 --> Illegal mix of collations (utf8mb4_general_ci,IMPLICIT) and (utf8_general_ci,COERCIBLE) for operation '='
in SYSTEMPATH/Database/BaseConnection.php on line 647.
 1 SYSTEMPATH/Database/BaseBuilder.php(1615): CodeIgniter\Database\BaseConnection->query('SELECT *
FROM `s_pertanyaan_detail`
WHERE `s_p_lanjutan_id` = :s_p_lanjutan_id:
ORDER BY `urutan` ASC', [...], false)
 2 SYSTEMPATH/Model.php(237): CodeIgniter\Database\BaseBuilder->get()
 3 SYSTEMPATH/BaseModel.php(624): CodeIgniter\Model->doFindAll(0, 0)
 4 APPPATH/Models/Admin/DetailModel.php(22): CodeIgniter\BaseModel->findAll()
 5 APPPATH/Controllers/AdminAreaAudit.php(630): App\Models\Admin\DetailModel->getAlldetail('jÀ∂')
 6 SYSTEMPATH/CodeIgniter.php(942): App\Controllers\AdminAreaAudit->detail('assets', 'vendors', 'chartjs', 'Chart.min.css')
 7 SYSTEMPATH/CodeIgniter.php(502): CodeIgniter\CodeIgniter->runController(Object(App\Controllers\AdminAreaAudit))
 8 SYSTEMPATH/CodeIgniter.php(361): CodeIgniter\CodeIgniter->handleRequest(null, Object(Config\Cache), false)
 9 FCPATH/index.php(79): CodeIgniter\CodeIgniter->run()
10 SYSTEMPATH/Commands/Server/rewrite.php(47): require_once('/Applications/XAMPP/xamppfiles/htdocs/ami/public/index.php')
CRITICAL - 2024-04-27 23:13:26 --> Uncaught CodeIgniter\Format\Exceptions\FormatException: Failed to parse JSON string. Error: Malformed UTF-8 characters, possibly incorrectly encoded in /Applications/XAMPP/xamppfiles/htdocs/ami/system/Format/JSONFormatter.php:43
Stack trace:
#0 /Applications/XAMPP/xamppfiles/htdocs/ami/system/Format/JSONFormatter.php(43): CodeIgniter\Format\Exceptions\FormatException::forInvalidJSON('Malformed UTF-8...')
#1 /Applications/XAMPP/xamppfiles/htdocs/ami/system/API/ResponseTrait.php(345): CodeIgniter\Format\JSONFormatter->format(Array)
#2 /Applications/XAMPP/xamppfiles/htdocs/ami/system/API/ResponseTrait.php(98): CodeIgniter\Debug\ExceptionHandler->format(Array)
#3 /Applications/XAMPP/xamppfiles/htdocs/ami/system/Debug/ExceptionHandler.php(81): CodeIgniter\Debug\ExceptionHandler->respond(Array, 500)
#4 /Applications/XAMPP/xamppfiles/htdocs/ami/system/Debug/Exceptions.php(149): CodeIgniter\Debug\ExceptionHandler->handle(Object(mysqli_sql_exception), Object(CodeIgniter\HTTP\IncomingRequest), Object(CodeIgniter\HTTP\Response), 500, 8)
#5 [internal function]: CodeIgniter\Debug\Exceptions->exceptionHandler(Object(mysqli_sql_exception))
#6 {main}
  thrown
„ÄêPrevious Exception„Äë
CodeIgniter\Database\Exceptions\DatabaseException
Illegal mix of collations (utf8mb4_general_ci,IMPLICIT) and (utf8_general_ci,COERCIBLE) for operation '='
#0 /Applications/XAMPP/xamppfiles/htdocs/ami/system/Database/BaseBuilder.php(1615): CodeIgniter\Database\BaseConnection->query('SELECT *\nFROM `...', Array, false)
#1 /Applications/XAMPP/xamppfiles/htdocs/ami/system/Model.php(237): CodeIgniter\Database\BaseBuilder->get()
#2 /Applications/XAMPP/xamppfiles/htdocs/ami/system/BaseModel.php(624): CodeIgniter\Model->doFindAll(0, 0)
#3 /Applications/XAMPP/xamppfiles/htdocs/ami/app/Models/Admin/DetailModel.php(22): CodeIgniter\BaseModel->findAll()
#4 /Applications/XAMPP/xamppfiles/htdocs/ami/app/Controllers/AdminAreaAudit.php(630): App\Models\Admin\DetailModel->getAlldetail('j\xCB\x1E\xB6')
#5 /Applications/XAMPP/xamppfiles/htdocs/ami/system/CodeIgniter.php(942): App\Controllers\AdminAreaAudit->detail('assets', 'vendors', 'chartjs', 'Chart.min.css')
#6 /Applications/XAMPP/xamppfiles/htdocs/ami/system/CodeIgniter.php(502): CodeIgniter\CodeIgniter->runController(Object(App\Controllers\AdminAreaAudit))
#7 /Applications/XAMPP/xamppfiles/htdocs/ami/system/CodeIgniter.php(361): CodeIgniter\CodeIgniter->handleRequest(NULL, Object(Config\Cache), false)
#8 /Applications/XAMPP/xamppfiles/htdocs/ami/public/index.php(79): CodeIgniter\CodeIgniter->run()
#9 /Applications/XAMPP/xamppfiles/htdocs/ami/system/Commands/Server/rewrite.php(47): require_once('/Applications/X...')
#10 {main}
in SYSTEMPATH/Format/JSONFormatter.php on line 43.
 1 [internal function]: CodeIgniter\Debug\Exceptions->shutdownHandler()
INFO - 2024-04-27 23:13:31 --> Session: Class initialized using 'CodeIgniter\Session\Handlers\FileHandler' driver.
INFO - 2024-04-27 23:13:31 --> Session: Class initialized using 'CodeIgniter\Session\Handlers\FileHandler' driver.
ERROR - 2024-04-27 23:13:31 --> mysqli_sql_exception: Illegal mix of collations (utf8mb4_general_ci,IMPLICIT) and (utf8_general_ci,COERCIBLE) for operation '=' in /Applications/XAMPP/xamppfiles/htdocs/ami/system/Database/MySQLi/Connection.php:306
Stack trace:
#0 /Applications/XAMPP/xamppfiles/htdocs/ami/system/Database/MySQLi/Connection.php(306): mysqli->query('SELECT `s_perta...', 0)
#1 /Applications/XAMPP/xamppfiles/htdocs/ami/system/Database/BaseConnection.php(693): CodeIgniter\Database\MySQLi\Connection->execute('SELECT `s_perta...')
#2 /Applications/XAMPP/xamppfiles/htdocs/ami/system/Database/BaseConnection.php(607): CodeIgniter\Database\BaseConnection->simpleQuery('SELECT `s_perta...')
#3 /Applications/XAMPP/xamppfiles/htdocs/ami/system/Database/BaseBuilder.php(1615): CodeIgniter\Database\BaseConnection->query('SELECT `s_perta...', Array, false)
#4 /Applications/XAMPP/xamppfiles/htdocs/ami/system/Model.php(871): CodeIgniter\Database\BaseBuilder->get()
#5 /Applications/XAMPP/xamppfiles/htdocs/ami/app/Models/Admin/LanjutanModel.php(48): CodeIgniter\Model->__call('get', Array)
#6 /Applications/XAMPP/xamppfiles/htdocs/ami/app/Controllers/AdminAreaAudit.php(646): App\Models\Admin\LanjutanModel->getlanjutanById('j\xCB\x1E\xB6')
#7 /Applications/XAMPP/xamppfiles/htdocs/ami/system/CodeIgniter.php(942): App\Controllers\AdminAreaAudit->adddetail('assets', 'vendors', 'chartjs', 'Chart.min.css')
#8 /Applications/XAMPP/xamppfiles/htdocs/ami/system/CodeIgniter.php(502): CodeIgniter\CodeIgniter->runController(Object(App\Controllers\AdminAreaAudit))
#9 /Applications/XAMPP/xamppfiles/htdocs/ami/system/CodeIgniter.php(361): CodeIgniter\CodeIgniter->handleRequest(NULL, Object(Config\Cache), false)
#10 /Applications/XAMPP/xamppfiles/htdocs/ami/public/index.php(79): CodeIgniter\CodeIgniter->run()
#11 /Applications/XAMPP/xamppfiles/htdocs/ami/system/Commands/Server/rewrite.php(47): require_once('/Applications/X...')
#12 {main}
CRITICAL - 2024-04-27 23:13:31 --> Illegal mix of collations (utf8mb4_general_ci,IMPLICIT) and (utf8_general_ci,COERCIBLE) for operation '='
in SYSTEMPATH/Database/BaseConnection.php on line 647.
 1 SYSTEMPATH/Database/BaseBuilder.php(1615): CodeIgniter\Database\BaseConnection->query('SELECT `s_pertanyaan_isi`.`text`, `s_pertanyaan_lanjutan`.*
FROM `s_pertanyaan_lanjutan`
JOIN `s_pertanyaan_isi` ON `s_pertanyaan_lanjutan`.`s_p_isi_id` = `s_pertanyaan_isi`.`id`
WHERE `s_pertanyaan_lanjutan`.`id` = :s_pertanyaan_lanjutan.id:', [...], false)
 2 SYSTEMPATH/Model.php(871): CodeIgniter\Database\BaseBuilder->get()
 3 APPPATH/Models/Admin/LanjutanModel.php(48): CodeIgniter\Model->__call('get', [])
 4 APPPATH/Controllers/AdminAreaAudit.php(646): App\Models\Admin\LanjutanModel->getlanjutanById('jÀ∂')
 5 SYSTEMPATH/CodeIgniter.php(942): App\Controllers\AdminAreaAudit->adddetail('assets', 'vendors', 'chartjs', 'Chart.min.css')
 6 SYSTEMPATH/CodeIgniter.php(502): CodeIgniter\CodeIgniter->runController(Object(App\Controllers\AdminAreaAudit))
 7 SYSTEMPATH/CodeIgniter.php(361): CodeIgniter\CodeIgniter->handleRequest(null, Object(Config\Cache), false)
 8 FCPATH/index.php(79): CodeIgniter\CodeIgniter->run()
 9 SYSTEMPATH/Commands/Server/rewrite.php(47): require_once('/Applications/XAMPP/xamppfiles/htdocs/ami/public/index.php')
CRITICAL - 2024-04-27 23:13:31 --> Uncaught CodeIgniter\Format\Exceptions\FormatException: Failed to parse JSON string. Error: Malformed UTF-8 characters, possibly incorrectly encoded in /Applications/XAMPP/xamppfiles/htdocs/ami/system/Format/JSONFormatter.php:43
Stack trace:
#0 /Applications/XAMPP/xamppfiles/htdocs/ami/system/Format/JSONFormatter.php(43): CodeIgniter\Format\Exceptions\FormatException::forInvalidJSON('Malformed UTF-8...')
#1 /Applications/XAMPP/xamppfiles/htdocs/ami/system/API/ResponseTrait.php(345): CodeIgniter\Format\JSONFormatter->format(Array)
#2 /Applications/XAMPP/xamppfiles/htdocs/ami/system/API/ResponseTrait.php(98): CodeIgniter\Debug\ExceptionHandler->format(Array)
#3 /Applications/XAMPP/xamppfiles/htdocs/ami/system/Debug/ExceptionHandler.php(81): CodeIgniter\Debug\ExceptionHandler->respond(Array, 500)
#4 /Applications/XAMPP/xamppfiles/htdocs/ami/system/Debug/Exceptions.php(149): CodeIgniter\Debug\ExceptionHandler->handle(Object(mysqli_sql_exception), Object(CodeIgniter\HTTP\IncomingRequest), Object(CodeIgniter\HTTP\Response), 500, 8)
#5 [internal function]: CodeIgniter\Debug\Exceptions->exceptionHandler(Object(mysqli_sql_exception))
#6 {main}
  thrown
„ÄêPrevious Exception„Äë
CodeIgniter\Database\Exceptions\DatabaseException
Illegal mix of collations (utf8mb4_general_ci,IMPLICIT) and (utf8_general_ci,COERCIBLE) for operation '='
#0 /Applications/XAMPP/xamppfiles/htdocs/ami/system/Database/BaseBuilder.php(1615): CodeIgniter\Database\BaseConnection->query('SELECT `s_perta...', Array, false)
#1 /Applications/XAMPP/xamppfiles/htdocs/ami/system/Model.php(871): CodeIgniter\Database\BaseBuilder->get()
#2 /Applications/XAMPP/xamppfiles/htdocs/ami/app/Models/Admin/LanjutanModel.php(48): CodeIgniter\Model->__call('get', Array)
#3 /Applications/XAMPP/xamppfiles/htdocs/ami/app/Controllers/AdminAreaAudit.php(646): App\Models\Admin\LanjutanModel->getlanjutanById('j\xCB\x1E\xB6')
#4 /Applications/XAMPP/xamppfiles/htdocs/ami/system/CodeIgniter.php(942): App\Controllers\AdminAreaAudit->adddetail('assets', 'vendors', 'chartjs', 'Chart.min.css')
#5 /Applications/XAMPP/xamppfiles/htdocs/ami/system/CodeIgniter.php(502): CodeIgniter\CodeIgniter->runController(Object(App\Controllers\AdminAreaAudit))
#6 /Applications/XAMPP/xamppfiles/htdocs/ami/system/CodeIgniter.php(361): CodeIgniter\CodeIgniter->handleRequest(NULL, Object(Config\Cache), false)
#7 /Applications/XAMPP/xamppfiles/htdocs/ami/public/index.php(79): CodeIgniter\CodeIgniter->run()
#8 /Applications/XAMPP/xamppfiles/htdocs/ami/system/Commands/Server/rewrite.php(47): require_once('/Applications/X...')
#9 {main}
in SYSTEMPATH/Format/JSONFormatter.php on line 43.
 1 [internal function]: CodeIgniter\Debug\Exceptions->shutdownHandler()
INFO - 2024-04-27 23:13:37 --> Session: Class initialized using 'CodeIgniter\Session\Handlers\FileHandler' driver.
INFO - 2024-04-27 23:13:37 --> Session: Class initialized using 'CodeIgniter\Session\Handlers\FileHandler' driver.
INFO - 2024-04-27 23:13:37 --> Session: Class initialized using 'CodeIgniter\Session\Handlers\FileHandler' driver.
ERROR - 2024-04-27 23:13:37 --> mysqli_sql_exception: Illegal mix of collations (utf8mb4_general_ci,IMPLICIT) and (utf8_general_ci,COERCIBLE) for operation '=' in /Applications/XAMPP/xamppfiles/htdocs/ami/system/Database/MySQLi/Connection.php:306
Stack trace:
#0 /Applications/XAMPP/xamppfiles/htdocs/ami/system/Database/MySQLi/Connection.php(306): mysqli->query('SELECT *\nFROM `...', 0)
#1 /Applications/XAMPP/xamppfiles/htdocs/ami/system/Database/BaseConnection.php(693): CodeIgniter\Database\MySQLi\Connection->execute('SELECT *\nFROM `...')
#2 /Applications/XAMPP/xamppfiles/htdocs/ami/system/Database/BaseConnection.php(607): CodeIgniter\Database\BaseConnection->simpleQuery('SELECT *\nFROM `...')
#3 /Applications/XAMPP/xamppfiles/htdocs/ami/system/Database/BaseBuilder.php(1615): CodeIgniter\Database\BaseConnection->query('SELECT *\nFROM `...', Array, false)
#4 /Applications/XAMPP/xamppfiles/htdocs/ami/system/Model.php(237): CodeIgniter\Database\BaseBuilder->get()
#5 /Applications/XAMPP/xamppfiles/htdocs/ami/system/BaseModel.php(624): CodeIgniter\Model->doFindAll(0, 0)
#6 /Applications/XAMPP/xamppfiles/htdocs/ami/app/Models/Admin/DetailModel.php(22): CodeIgniter\BaseModel->findAll()
#7 /Applications/XAMPP/xamppfiles/htdocs/ami/app/Controllers/AdminAreaAudit.php(630): App\Models\Admin\DetailModel->getAlldetail('j\xCB\x1E\xB6')
#8 /Applications/XAMPP/xamppfiles/htdocs/ami/system/CodeIgniter.php(942): App\Controllers\AdminAreaAudit->detail('assets', 'vendors', 'chartjs', 'Chart.min.css')
#9 /Applications/XAMPP/xamppfiles/htdocs/ami/system/CodeIgniter.php(502): CodeIgniter\CodeIgniter->runController(Object(App\Controllers\AdminAreaAudit))
#10 /Applications/XAMPP/xamppfiles/htdocs/ami/system/CodeIgniter.php(361): CodeIgniter\CodeIgniter->handleRequest(NULL, Object(Config\Cache), false)
#11 /Applications/XAMPP/xamppfiles/htdocs/ami/public/index.php(79): CodeIgniter\CodeIgniter->run()
#12 /Applications/XAMPP/xamppfiles/htdocs/ami/system/Commands/Server/rewrite.php(47): require_once('/Applications/X...')
#13 {main}
CRITICAL - 2024-04-27 23:13:37 --> Illegal mix of collations (utf8mb4_general_ci,IMPLICIT) and (utf8_general_ci,COERCIBLE) for operation '='
in SYSTEMPATH/Database/BaseConnection.php on line 647.
 1 SYSTEMPATH/Database/BaseBuilder.php(1615): CodeIgniter\Database\BaseConnection->query('SELECT *
FROM `s_pertanyaan_detail`
WHERE `s_p_lanjutan_id` = :s_p_lanjutan_id:
ORDER BY `urutan` ASC', [...], false)
 2 SYSTEMPATH/Model.php(237): CodeIgniter\Database\BaseBuilder->get()
 3 SYSTEMPATH/BaseModel.php(624): CodeIgniter\Model->doFindAll(0, 0)
 4 APPPATH/Models/Admin/DetailModel.php(22): CodeIgniter\BaseModel->findAll()
 5 APPPATH/Controllers/AdminAreaAudit.php(630): App\Models\Admin\DetailModel->getAlldetail('jÀ∂')
 6 SYSTEMPATH/CodeIgniter.php(942): App\Controllers\AdminAreaAudit->detail('assets', 'vendors', 'chartjs', 'Chart.min.css')
 7 SYSTEMPATH/CodeIgniter.php(502): CodeIgniter\CodeIgniter->runController(Object(App\Controllers\AdminAreaAudit))
 8 SYSTEMPATH/CodeIgniter.php(361): CodeIgniter\CodeIgniter->handleRequest(null, Object(Config\Cache), false)
 9 FCPATH/index.php(79): CodeIgniter\CodeIgniter->run()
10 SYSTEMPATH/Commands/Server/rewrite.php(47): require_once('/Applications/XAMPP/xamppfiles/htdocs/ami/public/index.php')
CRITICAL - 2024-04-27 23:13:37 --> Uncaught CodeIgniter\Format\Exceptions\FormatException: Failed to parse JSON string. Error: Malformed UTF-8 characters, possibly incorrectly encoded in /Applications/XAMPP/xamppfiles/htdocs/ami/system/Format/JSONFormatter.php:43
Stack trace:
#0 /Applications/XAMPP/xamppfiles/htdocs/ami/system/Format/JSONFormatter.php(43): CodeIgniter\Format\Exceptions\FormatException::forInvalidJSON('Malformed UTF-8...')
#1 /Applications/XAMPP/xamppfiles/htdocs/ami/system/API/ResponseTrait.php(345): CodeIgniter\Format\JSONFormatter->format(Array)
#2 /Applications/XAMPP/xamppfiles/htdocs/ami/system/API/ResponseTrait.php(98): CodeIgniter\Debug\ExceptionHandler->format(Array)
#3 /Applications/XAMPP/xamppfiles/htdocs/ami/system/Debug/ExceptionHandler.php(81): CodeIgniter\Debug\ExceptionHandler->respond(Array, 500)
#4 /Applications/XAMPP/xamppfiles/htdocs/ami/system/Debug/Exceptions.php(149): CodeIgniter\Debug\ExceptionHandler->handle(Object(mysqli_sql_exception), Object(CodeIgniter\HTTP\IncomingRequest), Object(CodeIgniter\HTTP\Response), 500, 8)
#5 [internal function]: CodeIgniter\Debug\Exceptions->exceptionHandler(Object(mysqli_sql_exception))
#6 {main}
  thrown
„ÄêPrevious Exception„Äë
CodeIgniter\Database\Exceptions\DatabaseException
Illegal mix of collations (utf8mb4_general_ci,IMPLICIT) and (utf8_general_ci,COERCIBLE) for operation '='
#0 /Applications/XAMPP/xamppfiles/htdocs/ami/system/Database/BaseBuilder.php(1615): CodeIgniter\Database\BaseConnection->query('SELECT *\nFROM `...', Array, false)
#1 /Applications/XAMPP/xamppfiles/htdocs/ami/system/Model.php(237): CodeIgniter\Database\BaseBuilder->get()
#2 /Applications/XAMPP/xamppfiles/htdocs/ami/system/BaseModel.php(624): CodeIgniter\Model->doFindAll(0, 0)
#3 /Applications/XAMPP/xamppfiles/htdocs/ami/app/Models/Admin/DetailModel.php(22): CodeIgniter\BaseModel->findAll()
#4 /Applications/XAMPP/xamppfiles/htdocs/ami/app/Controllers/AdminAreaAudit.php(630): App\Models\Admin\DetailModel->getAlldetail('j\xCB\x1E\xB6')
#5 /Applications/XAMPP/xamppfiles/htdocs/ami/system/CodeIgniter.php(942): App\Controllers\AdminAreaAudit->detail('assets', 'vendors', 'chartjs', 'Chart.min.css')
#6 /Applications/XAMPP/xamppfiles/htdocs/ami/system/CodeIgniter.php(502): CodeIgniter\CodeIgniter->runController(Object(App\Controllers\AdminAreaAudit))
#7 /Applications/XAMPP/xamppfiles/htdocs/ami/system/CodeIgniter.php(361): CodeIgniter\CodeIgniter->handleRequest(NULL, Object(Config\Cache), false)
#8 /Applications/XAMPP/xamppfiles/htdocs/ami/public/index.php(79): CodeIgniter\CodeIgniter->run()
#9 /Applications/XAMPP/xamppfiles/htdocs/ami/system/Commands/Server/rewrite.php(47): require_once('/Applications/X...')
#10 {main}
in SYSTEMPATH/Format/JSONFormatter.php on line 43.
 1 [internal function]: CodeIgniter\Debug\Exceptions->shutdownHandler()
INFO - 2024-04-27 23:13:39 --> Session: Class initialized using 'CodeIgniter\Session\Handlers\FileHandler' driver.
INFO - 2024-04-27 23:13:39 --> Session: Class initialized using 'CodeIgniter\Session\Handlers\FileHandler' driver.
ERROR - 2024-04-27 23:13:39 --> mysqli_sql_exception: Illegal mix of collations (utf8mb4_general_ci,IMPLICIT) and (utf8_general_ci,COERCIBLE) for operation '=' in /Applications/XAMPP/xamppfiles/htdocs/ami/system/Database/MySQLi/Connection.php:306
Stack trace:
#0 /Applications/XAMPP/xamppfiles/htdocs/ami/system/Database/MySQLi/Connection.php(306): mysqli->query('SELECT `s_perta...', 0)
#1 /Applications/XAMPP/xamppfiles/htdocs/ami/system/Database/BaseConnection.php(693): CodeIgniter\Database\MySQLi\Connection->execute('SELECT `s_perta...')
#2 /Applications/XAMPP/xamppfiles/htdocs/ami/system/Database/BaseConnection.php(607): CodeIgniter\Database\BaseConnection->simpleQuery('SELECT `s_perta...')
#3 /Applications/XAMPP/xamppfiles/htdocs/ami/system/Database/BaseBuilder.php(1615): CodeIgniter\Database\BaseConnection->query('SELECT `s_perta...', Array, false)
#4 /Applications/XAMPP/xamppfiles/htdocs/ami/system/Model.php(871): CodeIgniter\Database\BaseBuilder->get()
#5 /Applications/XAMPP/xamppfiles/htdocs/ami/app/Models/Admin/LanjutanModel.php(48): CodeIgniter\Model->__call('get', Array)
#6 /Applications/XAMPP/xamppfiles/htdocs/ami/app/Controllers/AdminAreaAudit.php(646): App\Models\Admin\LanjutanModel->getlanjutanById('j\xCB\x1E\xB6')
#7 /Applications/XAMPP/xamppfiles/htdocs/ami/system/CodeIgniter.php(942): App\Controllers\AdminAreaAudit->adddetail('assets', 'vendors', 'chartjs', 'Chart.min.css')
#8 /Applications/XAMPP/xamppfiles/htdocs/ami/system/CodeIgniter.php(502): CodeIgniter\CodeIgniter->runController(Object(App\Controllers\AdminAreaAudit))
#9 /Applications/XAMPP/xamppfiles/htdocs/ami/system/CodeIgniter.php(361): CodeIgniter\CodeIgniter->handleRequest(NULL, Object(Config\Cache), false)
#10 /Applications/XAMPP/xamppfiles/htdocs/ami/public/index.php(79): CodeIgniter\CodeIgniter->run()
#11 /Applications/XAMPP/xamppfiles/htdocs/ami/system/Commands/Server/rewrite.php(47): require_once('/Applications/X...')
#12 {main}
CRITICAL - 2024-04-27 23:13:39 --> Illegal mix of collations (utf8mb4_general_ci,IMPLICIT) and (utf8_general_ci,COERCIBLE) for operation '='
in SYSTEMPATH/Database/BaseConnection.php on line 647.
 1 SYSTEMPATH/Database/BaseBuilder.php(1615): CodeIgniter\Database\BaseConnection->query('SELECT `s_pertanyaan_isi`.`text`, `s_pertanyaan_lanjutan`.*
FROM `s_pertanyaan_lanjutan`
JOIN `s_pertanyaan_isi` ON `s_pertanyaan_lanjutan`.`s_p_isi_id` = `s_pertanyaan_isi`.`id`
WHERE `s_pertanyaan_lanjutan`.`id` = :s_pertanyaan_lanjutan.id:', [...], false)
 2 SYSTEMPATH/Model.php(871): CodeIgniter\Database\BaseBuilder->get()
 3 APPPATH/Models/Admin/LanjutanModel.php(48): CodeIgniter\Model->__call('get', [])
 4 APPPATH/Controllers/AdminAreaAudit.php(646): App\Models\Admin\LanjutanModel->getlanjutanById('jÀ∂')
 5 SYSTEMPATH/CodeIgniter.php(942): App\Controllers\AdminAreaAudit->adddetail('assets', 'vendors', 'chartjs', 'Chart.min.css')
 6 SYSTEMPATH/CodeIgniter.php(502): CodeIgniter\CodeIgniter->runController(Object(App\Controllers\AdminAreaAudit))
 7 SYSTEMPATH/CodeIgniter.php(361): CodeIgniter\CodeIgniter->handleRequest(null, Object(Config\Cache), false)
 8 FCPATH/index.php(79): CodeIgniter\CodeIgniter->run()
 9 SYSTEMPATH/Commands/Server/rewrite.php(47): require_once('/Applications/XAMPP/xamppfiles/htdocs/ami/public/index.php')
CRITICAL - 2024-04-27 23:13:39 --> Uncaught CodeIgniter\Format\Exceptions\FormatException: Failed to parse JSON string. Error: Malformed UTF-8 characters, possibly incorrectly encoded in /Applications/XAMPP/xamppfiles/htdocs/ami/system/Format/JSONFormatter.php:43
Stack trace:
#0 /Applications/XAMPP/xamppfiles/htdocs/ami/system/Format/JSONFormatter.php(43): CodeIgniter\Format\Exceptions\FormatException::forInvalidJSON('Malformed UTF-8...')
#1 /Applications/XAMPP/xamppfiles/htdocs/ami/system/API/ResponseTrait.php(345): CodeIgniter\Format\JSONFormatter->format(Array)
#2 /Applications/XAMPP/xamppfiles/htdocs/ami/system/API/ResponseTrait.php(98): CodeIgniter\Debug\ExceptionHandler->format(Array)
#3 /Applications/XAMPP/xamppfiles/htdocs/ami/system/Debug/ExceptionHandler.php(81): CodeIgniter\Debug\ExceptionHandler->respond(Array, 500)
#4 /Applications/XAMPP/xamppfiles/htdocs/ami/system/Debug/Exceptions.php(149): CodeIgniter\Debug\ExceptionHandler->handle(Object(mysqli_sql_exception), Object(CodeIgniter\HTTP\IncomingRequest), Object(CodeIgniter\HTTP\Response), 500, 8)
#5 [internal function]: CodeIgniter\Debug\Exceptions->exceptionHandler(Object(mysqli_sql_exception))
#6 {main}
  thrown
„ÄêPrevious Exception„Äë
CodeIgniter\Database\Exceptions\DatabaseException
Illegal mix of collations (utf8mb4_general_ci,IMPLICIT) and (utf8_general_ci,COERCIBLE) for operation '='
#0 /Applications/XAMPP/xamppfiles/htdocs/ami/system/Database/BaseBuilder.php(1615): CodeIgniter\Database\BaseConnection->query('SELECT `s_perta...', Array, false)
#1 /Applications/XAMPP/xamppfiles/htdocs/ami/system/Model.php(871): CodeIgniter\Database\BaseBuilder->get()
#2 /Applications/XAMPP/xamppfiles/htdocs/ami/app/Models/Admin/LanjutanModel.php(48): CodeIgniter\Model->__call('get', Array)
#3 /Applications/XAMPP/xamppfiles/htdocs/ami/app/Controllers/AdminAreaAudit.php(646): App\Models\Admin\LanjutanModel->getlanjutanById('j\xCB\x1E\xB6')
#4 /Applications/XAMPP/xamppfiles/htdocs/ami/system/CodeIgniter.php(942): App\Controllers\AdminAreaAudit->adddetail('assets', 'vendors', 'chartjs', 'Chart.min.css')
#5 /Applications/XAMPP/xamppfiles/htdocs/ami/system/CodeIgniter.php(502): CodeIgniter\CodeIgniter->runController(Object(App\Controllers\AdminAreaAudit))
#6 /Applications/XAMPP/xamppfiles/htdocs/ami/system/CodeIgniter.php(361): CodeIgniter\CodeIgniter->handleRequest(NULL, Object(Config\Cache), false)
#7 /Applications/XAMPP/xamppfiles/htdocs/ami/public/index.php(79): CodeIgniter\CodeIgniter->run()
#8 /Applications/XAMPP/xamppfiles/htdocs/ami/system/Commands/Server/rewrite.php(47): require_once('/Applications/X...')
#9 {main}
in SYSTEMPATH/Format/JSONFormatter.php on line 43.
 1 [internal function]: CodeIgniter\Debug\Exceptions->shutdownHandler()
INFO - 2024-04-27 23:13:48 --> Session: Class initialized using 'CodeIgniter\Session\Handlers\FileHandler' driver.
INFO - 2024-04-27 23:13:49 --> Session: Class initialized using 'CodeIgniter\Session\Handlers\FileHandler' driver.
INFO - 2024-04-27 23:13:49 --> Session: Class initialized using 'CodeIgniter\Session\Handlers\FileHandler' driver.
ERROR - 2024-04-27 23:13:49 --> mysqli_sql_exception: Illegal mix of collations (utf8mb4_general_ci,IMPLICIT) and (utf8_general_ci,COERCIBLE) for operation '=' in /Applications/XAMPP/xamppfiles/htdocs/ami/system/Database/MySQLi/Connection.php:306
Stack trace:
#0 /Applications/XAMPP/xamppfiles/htdocs/ami/system/Database/MySQLi/Connection.php(306): mysqli->query('SELECT *\nFROM `...', 0)
#1 /Applications/XAMPP/xamppfiles/htdocs/ami/system/Database/BaseConnection.php(693): CodeIgniter\Database\MySQLi\Connection->execute('SELECT *\nFROM `...')
#2 /Applications/XAMPP/xamppfiles/htdocs/ami/system/Database/BaseConnection.php(607): CodeIgniter\Database\BaseConnection->simpleQuery('SELECT *\nFROM `...')
#3 /Applications/XAMPP/xamppfiles/htdocs/ami/system/Database/BaseBuilder.php(1615): CodeIgniter\Database\BaseConnection->query('SELECT *\nFROM `...', Array, false)
#4 /Applications/XAMPP/xamppfiles/htdocs/ami/system/Model.php(237): CodeIgniter\Database\BaseBuilder->get()
#5 /Applications/XAMPP/xamppfiles/htdocs/ami/system/BaseModel.php(624): CodeIgniter\Model->doFindAll(0, 0)
#6 /Applications/XAMPP/xamppfiles/htdocs/ami/app/Models/Admin/DetailModel.php(22): CodeIgniter\BaseModel->findAll()
#7 /Applications/XAMPP/xamppfiles/htdocs/ami/app/Controllers/AdminAreaAudit.php(630): App\Models\Admin\DetailModel->getAlldetail('j\xCB\x1E\xB6')
#8 /Applications/XAMPP/xamppfiles/htdocs/ami/system/CodeIgniter.php(942): App\Controllers\AdminAreaAudit->detail('assets', 'vendors', 'chartjs', 'Chart.min.css')
#9 /Applications/XAMPP/xamppfiles/htdocs/ami/system/CodeIgniter.php(502): CodeIgniter\CodeIgniter->runController(Object(App\Controllers\AdminAreaAudit))
#10 /Applications/XAMPP/xamppfiles/htdocs/ami/system/CodeIgniter.php(361): CodeIgniter\CodeIgniter->handleRequest(NULL, Object(Config\Cache), false)
#11 /Applications/XAMPP/xamppfiles/htdocs/ami/public/index.php(79): CodeIgniter\CodeIgniter->run()
#12 /Applications/XAMPP/xamppfiles/htdocs/ami/system/Commands/Server/rewrite.php(47): require_once('/Applications/X...')
#13 {main}
CRITICAL - 2024-04-27 23:13:49 --> Illegal mix of collations (utf8mb4_general_ci,IMPLICIT) and (utf8_general_ci,COERCIBLE) for operation '='
in SYSTEMPATH/Database/BaseConnection.php on line 647.
 1 SYSTEMPATH/Database/BaseBuilder.php(1615): CodeIgniter\Database\BaseConnection->query('SELECT *
FROM `s_pertanyaan_detail`
WHERE `s_p_lanjutan_id` = :s_p_lanjutan_id:
ORDER BY `urutan` ASC', [...], false)
 2 SYSTEMPATH/Model.php(237): CodeIgniter\Database\BaseBuilder->get()
 3 SYSTEMPATH/BaseModel.php(624): CodeIgniter\Model->doFindAll(0, 0)
 4 APPPATH/Models/Admin/DetailModel.php(22): CodeIgniter\BaseModel->findAll()
 5 APPPATH/Controllers/AdminAreaAudit.php(630): App\Models\Admin\DetailModel->getAlldetail('jÀ∂')
 6 SYSTEMPATH/CodeIgniter.php(942): App\Controllers\AdminAreaAudit->detail('assets', 'vendors', 'chartjs', 'Chart.min.css')
 7 SYSTEMPATH/CodeIgniter.php(502): CodeIgniter\CodeIgniter->runController(Object(App\Controllers\AdminAreaAudit))
 8 SYSTEMPATH/CodeIgniter.php(361): CodeIgniter\CodeIgniter->handleRequest(null, Object(Config\Cache), false)
 9 FCPATH/index.php(79): CodeIgniter\CodeIgniter->run()
10 SYSTEMPATH/Commands/Server/rewrite.php(47): require_once('/Applications/XAMPP/xamppfiles/htdocs/ami/public/index.php')
CRITICAL - 2024-04-27 23:13:49 --> Uncaught CodeIgniter\Format\Exceptions\FormatException: Failed to parse JSON string. Error: Malformed UTF-8 characters, possibly incorrectly encoded in /Applications/XAMPP/xamppfiles/htdocs/ami/system/Format/JSONFormatter.php:43
Stack trace:
#0 /Applications/XAMPP/xamppfiles/htdocs/ami/system/Format/JSONFormatter.php(43): CodeIgniter\Format\Exceptions\FormatException::forInvalidJSON('Malformed UTF-8...')
#1 /Applications/XAMPP/xamppfiles/htdocs/ami/system/API/ResponseTrait.php(345): CodeIgniter\Format\JSONFormatter->format(Array)
#2 /Applications/XAMPP/xamppfiles/htdocs/ami/system/API/ResponseTrait.php(98): CodeIgniter\Debug\ExceptionHandler->format(Array)
#3 /Applications/XAMPP/xamppfiles/htdocs/ami/system/Debug/ExceptionHandler.php(81): CodeIgniter\Debug\ExceptionHandler->respond(Array, 500)
#4 /Applications/XAMPP/xamppfiles/htdocs/ami/system/Debug/Exceptions.php(149): CodeIgniter\Debug\ExceptionHandler->handle(Object(mysqli_sql_exception), Object(CodeIgniter\HTTP\IncomingRequest), Object(CodeIgniter\HTTP\Response), 500, 8)
#5 [internal function]: CodeIgniter\Debug\Exceptions->exceptionHandler(Object(mysqli_sql_exception))
#6 {main}
  thrown
„ÄêPrevious Exception„Äë
CodeIgniter\Database\Exceptions\DatabaseException
Illegal mix of collations (utf8mb4_general_ci,IMPLICIT) and (utf8_general_ci,COERCIBLE) for operation '='
#0 /Applications/XAMPP/xamppfiles/htdocs/ami/system/Database/BaseBuilder.php(1615): CodeIgniter\Database\BaseConnection->query('SELECT *\nFROM `...', Array, false)
#1 /Applications/XAMPP/xamppfiles/htdocs/ami/system/Model.php(237): CodeIgniter\Database\BaseBuilder->get()
#2 /Applications/XAMPP/xamppfiles/htdocs/ami/system/BaseModel.php(624): CodeIgniter\Model->doFindAll(0, 0)
#3 /Applications/XAMPP/xamppfiles/htdocs/ami/app/Models/Admin/DetailModel.php(22): CodeIgniter\BaseModel->findAll()
#4 /Applications/XAMPP/xamppfiles/htdocs/ami/app/Controllers/AdminAreaAudit.php(630): App\Models\Admin\DetailModel->getAlldetail('j\xCB\x1E\xB6')
#5 /Applications/XAMPP/xamppfiles/htdocs/ami/system/CodeIgniter.php(942): App\Controllers\AdminAreaAudit->detail('assets', 'vendors', 'chartjs', 'Chart.min.css')
#6 /Applications/XAMPP/xamppfiles/htdocs/ami/system/CodeIgniter.php(502): CodeIgniter\CodeIgniter->runController(Object(App\Controllers\AdminAreaAudit))
#7 /Applications/XAMPP/xamppfiles/htdocs/ami/system/CodeIgniter.php(361): CodeIgniter\CodeIgniter->handleRequest(NULL, Object(Config\Cache), false)
#8 /Applications/XAMPP/xamppfiles/htdocs/ami/public/index.php(79): CodeIgniter\CodeIgniter->run()
#9 /Applications/XAMPP/xamppfiles/htdocs/ami/system/Commands/Server/rewrite.php(47): require_once('/Applications/X...')
#10 {main}
in SYSTEMPATH/Format/JSONFormatter.php on line 43.
 1 [internal function]: CodeIgniter\Debug\Exceptions->shutdownHandler()
INFO - 2024-04-27 23:13:56 --> Session: Class initialized using 'CodeIgniter\Session\Handlers\FileHandler' driver.
INFO - 2024-04-27 23:13:56 --> Session: Class initialized using 'CodeIgniter\Session\Handlers\FileHandler' driver.
ERROR - 2024-04-27 23:13:56 --> mysqli_sql_exception: Illegal mix of collations (utf8mb4_general_ci,IMPLICIT) and (utf8_general_ci,COERCIBLE) for operation '=' in /Applications/XAMPP/xamppfiles/htdocs/ami/system/Database/MySQLi/Connection.php:306
Stack trace:
#0 /Applications/XAMPP/xamppfiles/htdocs/ami/system/Database/MySQLi/Connection.php(306): mysqli->query('SELECT `s_perta...', 0)
#1 /Applications/XAMPP/xamppfiles/htdocs/ami/system/Database/BaseConnection.php(693): CodeIgniter\Database\MySQLi\Connection->execute('SELECT `s_perta...')
#2 /Applications/XAMPP/xamppfiles/htdocs/ami/system/Database/BaseConnection.php(607): CodeIgniter\Database\BaseConnection->simpleQuery('SELECT `s_perta...')
#3 /Applications/XAMPP/xamppfiles/htdocs/ami/system/Database/BaseBuilder.php(1615): CodeIgniter\Database\BaseConnection->query('SELECT `s_perta...', Array, false)
#4 /Applications/XAMPP/xamppfiles/htdocs/ami/system/Model.php(871): CodeIgniter\Database\BaseBuilder->get()
#5 /Applications/XAMPP/xamppfiles/htdocs/ami/app/Models/Admin/LanjutanModel.php(48): CodeIgniter\Model->__call('get', Array)
#6 /Applications/XAMPP/xamppfiles/htdocs/ami/app/Controllers/AdminAreaAudit.php(646): App\Models\Admin\LanjutanModel->getlanjutanById('j\xCB\x1E\xB6')
#7 /Applications/XAMPP/xamppfiles/htdocs/ami/system/CodeIgniter.php(942): App\Controllers\AdminAreaAudit->adddetail('assets', 'vendors', 'chartjs', 'Chart.min.css')
#8 /Applications/XAMPP/xamppfiles/htdocs/ami/system/CodeIgniter.php(502): CodeIgniter\CodeIgniter->runController(Object(App\Controllers\AdminAreaAudit))
#9 /Applications/XAMPP/xamppfiles/htdocs/ami/system/CodeIgniter.php(361): CodeIgniter\CodeIgniter->handleRequest(NULL, Object(Config\Cache), false)
#10 /Applications/XAMPP/xamppfiles/htdocs/ami/public/index.php(79): CodeIgniter\CodeIgniter->run()
#11 /Applications/XAMPP/xamppfiles/htdocs/ami/system/Commands/Server/rewrite.php(47): require_once('/Applications/X...')
#12 {main}
CRITICAL - 2024-04-27 23:13:56 --> Illegal mix of collations (utf8mb4_general_ci,IMPLICIT) and (utf8_general_ci,COERCIBLE) for operation '='
in SYSTEMPATH/Database/BaseConnection.php on line 647.
 1 SYSTEMPATH/Database/BaseBuilder.php(1615): CodeIgniter\Database\BaseConnection->query('SELECT `s_pertanyaan_isi`.`text`, `s_pertanyaan_lanjutan`.*
FROM `s_pertanyaan_lanjutan`
JOIN `s_pertanyaan_isi` ON `s_pertanyaan_lanjutan`.`s_p_isi_id` = `s_pertanyaan_isi`.`id`
WHERE `s_pertanyaan_lanjutan`.`id` = :s_pertanyaan_lanjutan.id:', [...], false)
 2 SYSTEMPATH/Model.php(871): CodeIgniter\Database\BaseBuilder->get()
 3 APPPATH/Models/Admin/LanjutanModel.php(48): CodeIgniter\Model->__call('get', [])
 4 APPPATH/Controllers/AdminAreaAudit.php(646): App\Models\Admin\LanjutanModel->getlanjutanById('jÀ∂')
 5 SYSTEMPATH/CodeIgniter.php(942): App\Controllers\AdminAreaAudit->adddetail('assets', 'vendors', 'chartjs', 'Chart.min.css')
 6 SYSTEMPATH/CodeIgniter.php(502): CodeIgniter\CodeIgniter->runController(Object(App\Controllers\AdminAreaAudit))
 7 SYSTEMPATH/CodeIgniter.php(361): CodeIgniter\CodeIgniter->handleRequest(null, Object(Config\Cache), false)
 8 FCPATH/index.php(79): CodeIgniter\CodeIgniter->run()
 9 SYSTEMPATH/Commands/Server/rewrite.php(47): require_once('/Applications/XAMPP/xamppfiles/htdocs/ami/public/index.php')
CRITICAL - 2024-04-27 23:13:56 --> Uncaught CodeIgniter\Format\Exceptions\FormatException: Failed to parse JSON string. Error: Malformed UTF-8 characters, possibly incorrectly encoded in /Applications/XAMPP/xamppfiles/htdocs/ami/system/Format/JSONFormatter.php:43
Stack trace:
#0 /Applications/XAMPP/xamppfiles/htdocs/ami/system/Format/JSONFormatter.php(43): CodeIgniter\Format\Exceptions\FormatException::forInvalidJSON('Malformed UTF-8...')
#1 /Applications/XAMPP/xamppfiles/htdocs/ami/system/API/ResponseTrait.php(345): CodeIgniter\Format\JSONFormatter->format(Array)
#2 /Applications/XAMPP/xamppfiles/htdocs/ami/system/API/ResponseTrait.php(98): CodeIgniter\Debug\ExceptionHandler->format(Array)
#3 /Applications/XAMPP/xamppfiles/htdocs/ami/system/Debug/ExceptionHandler.php(81): CodeIgniter\Debug\ExceptionHandler->respond(Array, 500)
#4 /Applications/XAMPP/xamppfiles/htdocs/ami/system/Debug/Exceptions.php(149): CodeIgniter\Debug\ExceptionHandler->handle(Object(mysqli_sql_exception), Object(CodeIgniter\HTTP\IncomingRequest), Object(CodeIgniter\HTTP\Response), 500, 8)
#5 [internal function]: CodeIgniter\Debug\Exceptions->exceptionHandler(Object(mysqli_sql_exception))
#6 {main}
  thrown
„ÄêPrevious Exception„Äë
CodeIgniter\Database\Exceptions\DatabaseException
Illegal mix of collations (utf8mb4_general_ci,IMPLICIT) and (utf8_general_ci,COERCIBLE) for operation '='
#0 /Applications/XAMPP/xamppfiles/htdocs/ami/system/Database/BaseBuilder.php(1615): CodeIgniter\Database\BaseConnection->query('SELECT `s_perta...', Array, false)
#1 /Applications/XAMPP/xamppfiles/htdocs/ami/system/Model.php(871): CodeIgniter\Database\BaseBuilder->get()
#2 /Applications/XAMPP/xamppfiles/htdocs/ami/app/Models/Admin/LanjutanModel.php(48): CodeIgniter\Model->__call('get', Array)
#3 /Applications/XAMPP/xamppfiles/htdocs/ami/app/Controllers/AdminAreaAudit.php(646): App\Models\Admin\LanjutanModel->getlanjutanById('j\xCB\x1E\xB6')
#4 /Applications/XAMPP/xamppfiles/htdocs/ami/system/CodeIgniter.php(942): App\Controllers\AdminAreaAudit->adddetail('assets', 'vendors', 'chartjs', 'Chart.min.css')
#5 /Applications/XAMPP/xamppfiles/htdocs/ami/system/CodeIgniter.php(502): CodeIgniter\CodeIgniter->runController(Object(App\Controllers\AdminAreaAudit))
#6 /Applications/XAMPP/xamppfiles/htdocs/ami/system/CodeIgniter.php(361): CodeIgniter\CodeIgniter->handleRequest(NULL, Object(Config\Cache), false)
#7 /Applications/XAMPP/xamppfiles/htdocs/ami/public/index.php(79): CodeIgniter\CodeIgniter->run()
#8 /Applications/XAMPP/xamppfiles/htdocs/ami/system/Commands/Server/rewrite.php(47): require_once('/Applications/X...')
#9 {main}
in SYSTEMPATH/Format/JSONFormatter.php on line 43.
 1 [internal function]: CodeIgniter\Debug\Exceptions->shutdownHandler()
INFO - 2024-04-27 23:14:03 --> Session: Class initialized using 'CodeIgniter\Session\Handlers\FileHandler' driver.
INFO - 2024-04-27 23:14:03 --> Session: Class initialized using 'CodeIgniter\Session\Handlers\FileHandler' driver.
INFO - 2024-04-27 23:14:03 --> Session: Class initialized using 'CodeIgniter\Session\Handlers\FileHandler' driver.
ERROR - 2024-04-27 23:14:03 --> mysqli_sql_exception: Illegal mix of collations (utf8mb4_general_ci,IMPLICIT) and (utf8_general_ci,COERCIBLE) for operation '=' in /Applications/XAMPP/xamppfiles/htdocs/ami/system/Database/MySQLi/Connection.php:306
Stack trace:
#0 /Applications/XAMPP/xamppfiles/htdocs/ami/system/Database/MySQLi/Connection.php(306): mysqli->query('SELECT *\nFROM `...', 0)
#1 /Applications/XAMPP/xamppfiles/htdocs/ami/system/Database/BaseConnection.php(693): CodeIgniter\Database\MySQLi\Connection->execute('SELECT *\nFROM `...')
#2 /Applications/XAMPP/xamppfiles/htdocs/ami/system/Database/BaseConnection.php(607): CodeIgniter\Database\BaseConnection->simpleQuery('SELECT *\nFROM `...')
#3 /Applications/XAMPP/xamppfiles/htdocs/ami/system/Database/BaseBuilder.php(1615): CodeIgniter\Database\BaseConnection->query('SELECT *\nFROM `...', Array, false)
#4 /Applications/XAMPP/xamppfiles/htdocs/ami/system/Model.php(237): CodeIgniter\Database\BaseBuilder->get()
#5 /Applications/XAMPP/xamppfiles/htdocs/ami/system/BaseModel.php(624): CodeIgniter\Model->doFindAll(0, 0)
#6 /Applications/XAMPP/xamppfiles/htdocs/ami/app/Models/Admin/DetailModel.php(22): CodeIgniter\BaseModel->findAll()
#7 /Applications/XAMPP/xamppfiles/htdocs/ami/app/Controllers/AdminAreaAudit.php(630): App\Models\Admin\DetailModel->getAlldetail('j\xCB\x1E\xB6')
#8 /Applications/XAMPP/xamppfiles/htdocs/ami/system/CodeIgniter.php(942): App\Controllers\AdminAreaAudit->detail('assets', 'vendors', 'chartjs', 'Chart.min.css')
#9 /Applications/XAMPP/xamppfiles/htdocs/ami/system/CodeIgniter.php(502): CodeIgniter\CodeIgniter->runController(Object(App\Controllers\AdminAreaAudit))
#10 /Applications/XAMPP/xamppfiles/htdocs/ami/system/CodeIgniter.php(361): CodeIgniter\CodeIgniter->handleRequest(NULL, Object(Config\Cache), false)
#11 /Applications/XAMPP/xamppfiles/htdocs/ami/public/index.php(79): CodeIgniter\CodeIgniter->run()
#12 /Applications/XAMPP/xamppfiles/htdocs/ami/system/Commands/Server/rewrite.php(47): require_once('/Applications/X...')
#13 {main}
CRITICAL - 2024-04-27 23:14:03 --> Illegal mix of collations (utf8mb4_general_ci,IMPLICIT) and (utf8_general_ci,COERCIBLE) for operation '='
in SYSTEMPATH/Database/BaseConnection.php on line 647.
 1 SYSTEMPATH/Database/BaseBuilder.php(1615): CodeIgniter\Database\BaseConnection->query('SELECT *
FROM `s_pertanyaan_detail`
WHERE `s_p_lanjutan_id` = :s_p_lanjutan_id:
ORDER BY `urutan` ASC', [...], false)
 2 SYSTEMPATH/Model.php(237): CodeIgniter\Database\BaseBuilder->get()
 3 SYSTEMPATH/BaseModel.php(624): CodeIgniter\Model->doFindAll(0, 0)
 4 APPPATH/Models/Admin/DetailModel.php(22): CodeIgniter\BaseModel->findAll()
 5 APPPATH/Controllers/AdminAreaAudit.php(630): App\Models\Admin\DetailModel->getAlldetail('jÀ∂')
 6 SYSTEMPATH/CodeIgniter.php(942): App\Controllers\AdminAreaAudit->detail('assets', 'vendors', 'chartjs', 'Chart.min.css')
 7 SYSTEMPATH/CodeIgniter.php(502): CodeIgniter\CodeIgniter->runController(Object(App\Controllers\AdminAreaAudit))
 8 SYSTEMPATH/CodeIgniter.php(361): CodeIgniter\CodeIgniter->handleRequest(null, Object(Config\Cache), false)
 9 FCPATH/index.php(79): CodeIgniter\CodeIgniter->run()
10 SYSTEMPATH/Commands/Server/rewrite.php(47): require_once('/Applications/XAMPP/xamppfiles/htdocs/ami/public/index.php')
CRITICAL - 2024-04-27 23:14:03 --> Uncaught CodeIgniter\Format\Exceptions\FormatException: Failed to parse JSON string. Error: Malformed UTF-8 characters, possibly incorrectly encoded in /Applications/XAMPP/xamppfiles/htdocs/ami/system/Format/JSONFormatter.php:43
Stack trace:
#0 /Applications/XAMPP/xamppfiles/htdocs/ami/system/Format/JSONFormatter.php(43): CodeIgniter\Format\Exceptions\FormatException::forInvalidJSON('Malformed UTF-8...')
#1 /Applications/XAMPP/xamppfiles/htdocs/ami/system/API/ResponseTrait.php(345): CodeIgniter\Format\JSONFormatter->format(Array)
#2 /Applications/XAMPP/xamppfiles/htdocs/ami/system/API/ResponseTrait.php(98): CodeIgniter\Debug\ExceptionHandler->format(Array)
#3 /Applications/XAMPP/xamppfiles/htdocs/ami/system/Debug/ExceptionHandler.php(81): CodeIgniter\Debug\ExceptionHandler->respond(Array, 500)
#4 /Applications/XAMPP/xamppfiles/htdocs/ami/system/Debug/Exceptions.php(149): CodeIgniter\Debug\ExceptionHandler->handle(Object(mysqli_sql_exception), Object(CodeIgniter\HTTP\IncomingRequest), Object(CodeIgniter\HTTP\Response), 500, 8)
#5 [internal function]: CodeIgniter\Debug\Exceptions->exceptionHandler(Object(mysqli_sql_exception))
#6 {main}
  thrown
„ÄêPrevious Exception„Äë
CodeIgniter\Database\Exceptions\DatabaseException
Illegal mix of collations (utf8mb4_general_ci,IMPLICIT) and (utf8_general_ci,COERCIBLE) for operation '='
#0 /Applications/XAMPP/xamppfiles/htdocs/ami/system/Database/BaseBuilder.php(1615): CodeIgniter\Database\BaseConnection->query('SELECT *\nFROM `...', Array, false)
#1 /Applications/XAMPP/xamppfiles/htdocs/ami/system/Model.php(237): CodeIgniter\Database\BaseBuilder->get()
#2 /Applications/XAMPP/xamppfiles/htdocs/ami/system/BaseModel.php(624): CodeIgniter\Model->doFindAll(0, 0)
#3 /Applications/XAMPP/xamppfiles/htdocs/ami/app/Models/Admin/DetailModel.php(22): CodeIgniter\BaseModel->findAll()
#4 /Applications/XAMPP/xamppfiles/htdocs/ami/app/Controllers/AdminAreaAudit.php(630): App\Models\Admin\DetailModel->getAlldetail('j\xCB\x1E\xB6')
#5 /Applications/XAMPP/xamppfiles/htdocs/ami/system/CodeIgniter.php(942): App\Controllers\AdminAreaAudit->detail('assets', 'vendors', 'chartjs', 'Chart.min.css')
#6 /Applications/XAMPP/xamppfiles/htdocs/ami/system/CodeIgniter.php(502): CodeIgniter\CodeIgniter->runController(Object(App\Controllers\AdminAreaAudit))
#7 /Applications/XAMPP/xamppfiles/htdocs/ami/system/CodeIgniter.php(361): CodeIgniter\CodeIgniter->handleRequest(NULL, Object(Config\Cache), false)
#8 /Applications/XAMPP/xamppfiles/htdocs/ami/public/index.php(79): CodeIgniter\CodeIgniter->run()
#9 /Applications/XAMPP/xamppfiles/htdocs/ami/system/Commands/Server/rewrite.php(47): require_once('/Applications/X...')
#10 {main}
in SYSTEMPATH/Format/JSONFormatter.php on line 43.
 1 [internal function]: CodeIgniter\Debug\Exceptions->shutdownHandler()
INFO - 2024-04-27 23:14:09 --> Session: Class initialized using 'CodeIgniter\Session\Handlers\FileHandler' driver.
INFO - 2024-04-27 23:14:09 --> Session: Class initialized using 'CodeIgniter\Session\Handlers\FileHandler' driver.
ERROR - 2024-04-27 23:14:09 --> mysqli_sql_exception: Illegal mix of collations (utf8mb4_general_ci,IMPLICIT) and (utf8_general_ci,COERCIBLE) for operation '=' in /Applications/XAMPP/xamppfiles/htdocs/ami/system/Database/MySQLi/Connection.php:306
Stack trace:
#0 /Applications/XAMPP/xamppfiles/htdocs/ami/system/Database/MySQLi/Connection.php(306): mysqli->query('SELECT `s_perta...', 0)
#1 /Applications/XAMPP/xamppfiles/htdocs/ami/system/Database/BaseConnection.php(693): CodeIgniter\Database\MySQLi\Connection->execute('SELECT `s_perta...')
#2 /Applications/XAMPP/xamppfiles/htdocs/ami/system/Database/BaseConnection.php(607): CodeIgniter\Database\BaseConnection->simpleQuery('SELECT `s_perta...')
#3 /Applications/XAMPP/xamppfiles/htdocs/ami/system/Database/BaseBuilder.php(1615): CodeIgniter\Database\BaseConnection->query('SELECT `s_perta...', Array, false)
#4 /Applications/XAMPP/xamppfiles/htdocs/ami/system/Model.php(871): CodeIgniter\Database\BaseBuilder->get()
#5 /Applications/XAMPP/xamppfiles/htdocs/ami/app/Models/Admin/LanjutanModel.php(48): CodeIgniter\Model->__call('get', Array)
#6 /Applications/XAMPP/xamppfiles/htdocs/ami/app/Controllers/AdminAreaAudit.php(646): App\Models\Admin\LanjutanModel->getlanjutanById('j\xCB\x1E\xB6')
#7 /Applications/XAMPP/xamppfiles/htdocs/ami/system/CodeIgniter.php(942): App\Controllers\AdminAreaAudit->adddetail('assets', 'vendors', 'chartjs', 'Chart.min.css')
#8 /Applications/XAMPP/xamppfiles/htdocs/ami/system/CodeIgniter.php(502): CodeIgniter\CodeIgniter->runController(Object(App\Controllers\AdminAreaAudit))
#9 /Applications/XAMPP/xamppfiles/htdocs/ami/system/CodeIgniter.php(361): CodeIgniter\CodeIgniter->handleRequest(NULL, Object(Config\Cache), false)
#10 /Applications/XAMPP/xamppfiles/htdocs/ami/public/index.php(79): CodeIgniter\CodeIgniter->run()
#11 /Applications/XAMPP/xamppfiles/htdocs/ami/system/Commands/Server/rewrite.php(47): require_once('/Applications/X...')
#12 {main}
CRITICAL - 2024-04-27 23:14:09 --> Illegal mix of collations (utf8mb4_general_ci,IMPLICIT) and (utf8_general_ci,COERCIBLE) for operation '='
in SYSTEMPATH/Database/BaseConnection.php on line 647.
 1 SYSTEMPATH/Database/BaseBuilder.php(1615): CodeIgniter\Database\BaseConnection->query('SELECT `s_pertanyaan_isi`.`text`, `s_pertanyaan_lanjutan`.*
FROM `s_pertanyaan_lanjutan`
JOIN `s_pertanyaan_isi` ON `s_pertanyaan_lanjutan`.`s_p_isi_id` = `s_pertanyaan_isi`.`id`
WHERE `s_pertanyaan_lanjutan`.`id` = :s_pertanyaan_lanjutan.id:', [...], false)
 2 SYSTEMPATH/Model.php(871): CodeIgniter\Database\BaseBuilder->get()
 3 APPPATH/Models/Admin/LanjutanModel.php(48): CodeIgniter\Model->__call('get', [])
 4 APPPATH/Controllers/AdminAreaAudit.php(646): App\Models\Admin\LanjutanModel->getlanjutanById('jÀ∂')
 5 SYSTEMPATH/CodeIgniter.php(942): App\Controllers\AdminAreaAudit->adddetail('assets', 'vendors', 'chartjs', 'Chart.min.css')
 6 SYSTEMPATH/CodeIgniter.php(502): CodeIgniter\CodeIgniter->runController(Object(App\Controllers\AdminAreaAudit))
 7 SYSTEMPATH/CodeIgniter.php(361): CodeIgniter\CodeIgniter->handleRequest(null, Object(Config\Cache), false)
 8 FCPATH/index.php(79): CodeIgniter\CodeIgniter->run()
 9 SYSTEMPATH/Commands/Server/rewrite.php(47): require_once('/Applications/XAMPP/xamppfiles/htdocs/ami/public/index.php')
CRITICAL - 2024-04-27 23:14:09 --> Uncaught CodeIgniter\Format\Exceptions\FormatException: Failed to parse JSON string. Error: Malformed UTF-8 characters, possibly incorrectly encoded in /Applications/XAMPP/xamppfiles/htdocs/ami/system/Format/JSONFormatter.php:43
Stack trace:
#0 /Applications/XAMPP/xamppfiles/htdocs/ami/system/Format/JSONFormatter.php(43): CodeIgniter\Format\Exceptions\FormatException::forInvalidJSON('Malformed UTF-8...')
#1 /Applications/XAMPP/xamppfiles/htdocs/ami/system/API/ResponseTrait.php(345): CodeIgniter\Format\JSONFormatter->format(Array)
#2 /Applications/XAMPP/xamppfiles/htdocs/ami/system/API/ResponseTrait.php(98): CodeIgniter\Debug\ExceptionHandler->format(Array)
#3 /Applications/XAMPP/xamppfiles/htdocs/ami/system/Debug/ExceptionHandler.php(81): CodeIgniter\Debug\ExceptionHandler->respond(Array, 500)
#4 /Applications/XAMPP/xamppfiles/htdocs/ami/system/Debug/Exceptions.php(149): CodeIgniter\Debug\ExceptionHandler->handle(Object(mysqli_sql_exception), Object(CodeIgniter\HTTP\IncomingRequest), Object(CodeIgniter\HTTP\Response), 500, 8)
#5 [internal function]: CodeIgniter\Debug\Exceptions->exceptionHandler(Object(mysqli_sql_exception))
#6 {main}
  thrown
„ÄêPrevious Exception„Äë
CodeIgniter\Database\Exceptions\DatabaseException
Illegal mix of collations (utf8mb4_general_ci,IMPLICIT) and (utf8_general_ci,COERCIBLE) for operation '='
#0 /Applications/XAMPP/xamppfiles/htdocs/ami/system/Database/BaseBuilder.php(1615): CodeIgniter\Database\BaseConnection->query('SELECT `s_perta...', Array, false)
#1 /Applications/XAMPP/xamppfiles/htdocs/ami/system/Model.php(871): CodeIgniter\Database\BaseBuilder->get()
#2 /Applications/XAMPP/xamppfiles/htdocs/ami/app/Models/Admin/LanjutanModel.php(48): CodeIgniter\Model->__call('get', Array)
#3 /Applications/XAMPP/xamppfiles/htdocs/ami/app/Controllers/AdminAreaAudit.php(646): App\Models\Admin\LanjutanModel->getlanjutanById('j\xCB\x1E\xB6')
#4 /Applications/XAMPP/xamppfiles/htdocs/ami/system/CodeIgniter.php(942): App\Controllers\AdminAreaAudit->adddetail('assets', 'vendors', 'chartjs', 'Chart.min.css')
#5 /Applications/XAMPP/xamppfiles/htdocs/ami/system/CodeIgniter.php(502): CodeIgniter\CodeIgniter->runController(Object(App\Controllers\AdminAreaAudit))
#6 /Applications/XAMPP/xamppfiles/htdocs/ami/system/CodeIgniter.php(361): CodeIgniter\CodeIgniter->handleRequest(NULL, Object(Config\Cache), false)
#7 /Applications/XAMPP/xamppfiles/htdocs/ami/public/index.php(79): CodeIgniter\CodeIgniter->run()
#8 /Applications/XAMPP/xamppfiles/htdocs/ami/system/Commands/Server/rewrite.php(47): require_once('/Applications/X...')
#9 {main}
in SYSTEMPATH/Format/JSONFormatter.php on line 43.
 1 [internal function]: CodeIgniter\Debug\Exceptions->shutdownHandler()
INFO - 2024-04-27 23:14:14 --> Session: Class initialized using 'CodeIgniter\Session\Handlers\FileHandler' driver.
INFO - 2024-04-27 23:14:14 --> Session: Class initialized using 'CodeIgniter\Session\Handlers\FileHandler' driver.
INFO - 2024-04-27 23:14:14 --> Session: Class initialized using 'CodeIgniter\Session\Handlers\FileHandler' driver.
ERROR - 2024-04-27 23:14:14 --> mysqli_sql_exception: Illegal mix of collations (utf8mb4_general_ci,IMPLICIT) and (utf8_general_ci,COERCIBLE) for operation '=' in /Applications/XAMPP/xamppfiles/htdocs/ami/system/Database/MySQLi/Connection.php:306
Stack trace:
#0 /Applications/XAMPP/xamppfiles/htdocs/ami/system/Database/MySQLi/Connection.php(306): mysqli->query('SELECT *\nFROM `...', 0)
#1 /Applications/XAMPP/xamppfiles/htdocs/ami/system/Database/BaseConnection.php(693): CodeIgniter\Database\MySQLi\Connection->execute('SELECT *\nFROM `...')
#2 /Applications/XAMPP/xamppfiles/htdocs/ami/system/Database/BaseConnection.php(607): CodeIgniter\Database\BaseConnection->simpleQuery('SELECT *\nFROM `...')
#3 /Applications/XAMPP/xamppfiles/htdocs/ami/system/Database/BaseBuilder.php(1615): CodeIgniter\Database\BaseConnection->query('SELECT *\nFROM `...', Array, false)
#4 /Applications/XAMPP/xamppfiles/htdocs/ami/system/Model.php(237): CodeIgniter\Database\BaseBuilder->get()
#5 /Applications/XAMPP/xamppfiles/htdocs/ami/system/BaseModel.php(624): CodeIgniter\Model->doFindAll(0, 0)
#6 /Applications/XAMPP/xamppfiles/htdocs/ami/app/Models/Admin/DetailModel.php(22): CodeIgniter\BaseModel->findAll()
#7 /Applications/XAMPP/xamppfiles/htdocs/ami/app/Controllers/AdminAreaAudit.php(630): App\Models\Admin\DetailModel->getAlldetail('j\xCB\x1E\xB6')
#8 /Applications/XAMPP/xamppfiles/htdocs/ami/system/CodeIgniter.php(942): App\Controllers\AdminAreaAudit->detail('assets', 'vendors', 'chartjs', 'Chart.min.css')
#9 /Applications/XAMPP/xamppfiles/htdocs/ami/system/CodeIgniter.php(502): CodeIgniter\CodeIgniter->runController(Object(App\Controllers\AdminAreaAudit))
#10 /Applications/XAMPP/xamppfiles/htdocs/ami/system/CodeIgniter.php(361): CodeIgniter\CodeIgniter->handleRequest(NULL, Object(Config\Cache), false)
#11 /Applications/XAMPP/xamppfiles/htdocs/ami/public/index.php(79): CodeIgniter\CodeIgniter->run()
#12 /Applications/XAMPP/xamppfiles/htdocs/ami/system/Commands/Server/rewrite.php(47): require_once('/Applications/X...')
#13 {main}
CRITICAL - 2024-04-27 23:14:14 --> Illegal mix of collations (utf8mb4_general_ci,IMPLICIT) and (utf8_general_ci,COERCIBLE) for operation '='
in SYSTEMPATH/Database/BaseConnection.php on line 647.
 1 SYSTEMPATH/Database/BaseBuilder.php(1615): CodeIgniter\Database\BaseConnection->query('SELECT *
FROM `s_pertanyaan_detail`
WHERE `s_p_lanjutan_id` = :s_p_lanjutan_id:
ORDER BY `urutan` ASC', [...], false)
 2 SYSTEMPATH/Model.php(237): CodeIgniter\Database\BaseBuilder->get()
 3 SYSTEMPATH/BaseModel.php(624): CodeIgniter\Model->doFindAll(0, 0)
 4 APPPATH/Models/Admin/DetailModel.php(22): CodeIgniter\BaseModel->findAll()
 5 APPPATH/Controllers/AdminAreaAudit.php(630): App\Models\Admin\DetailModel->getAlldetail('jÀ∂')
 6 SYSTEMPATH/CodeIgniter.php(942): App\Controllers\AdminAreaAudit->detail('assets', 'vendors', 'chartjs', 'Chart.min.css')
 7 SYSTEMPATH/CodeIgniter.php(502): CodeIgniter\CodeIgniter->runController(Object(App\Controllers\AdminAreaAudit))
 8 SYSTEMPATH/CodeIgniter.php(361): CodeIgniter\CodeIgniter->handleRequest(null, Object(Config\Cache), false)
 9 FCPATH/index.php(79): CodeIgniter\CodeIgniter->run()
10 SYSTEMPATH/Commands/Server/rewrite.php(47): require_once('/Applications/XAMPP/xamppfiles/htdocs/ami/public/index.php')
CRITICAL - 2024-04-27 23:14:14 --> Uncaught CodeIgniter\Format\Exceptions\FormatException: Failed to parse JSON string. Error: Malformed UTF-8 characters, possibly incorrectly encoded in /Applications/XAMPP/xamppfiles/htdocs/ami/system/Format/JSONFormatter.php:43
Stack trace:
#0 /Applications/XAMPP/xamppfiles/htdocs/ami/system/Format/JSONFormatter.php(43): CodeIgniter\Format\Exceptions\FormatException::forInvalidJSON('Malformed UTF-8...')
#1 /Applications/XAMPP/xamppfiles/htdocs/ami/system/API/ResponseTrait.php(345): CodeIgniter\Format\JSONFormatter->format(Array)
#2 /Applications/XAMPP/xamppfiles/htdocs/ami/system/API/ResponseTrait.php(98): CodeIgniter\Debug\ExceptionHandler->format(Array)
#3 /Applications/XAMPP/xamppfiles/htdocs/ami/system/Debug/ExceptionHandler.php(81): CodeIgniter\Debug\ExceptionHandler->respond(Array, 500)
#4 /Applications/XAMPP/xamppfiles/htdocs/ami/system/Debug/Exceptions.php(149): CodeIgniter\Debug\ExceptionHandler->handle(Object(mysqli_sql_exception), Object(CodeIgniter\HTTP\IncomingRequest), Object(CodeIgniter\HTTP\Response), 500, 8)
#5 [internal function]: CodeIgniter\Debug\Exceptions->exceptionHandler(Object(mysqli_sql_exception))
#6 {main}
  thrown
„ÄêPrevious Exception„Äë
CodeIgniter\Database\Exceptions\DatabaseException
Illegal mix of collations (utf8mb4_general_ci,IMPLICIT) and (utf8_general_ci,COERCIBLE) for operation '='
#0 /Applications/XAMPP/xamppfiles/htdocs/ami/system/Database/BaseBuilder.php(1615): CodeIgniter\Database\BaseConnection->query('SELECT *\nFROM `...', Array, false)
#1 /Applications/XAMPP/xamppfiles/htdocs/ami/system/Model.php(237): CodeIgniter\Database\BaseBuilder->get()
#2 /Applications/XAMPP/xamppfiles/htdocs/ami/system/BaseModel.php(624): CodeIgniter\Model->doFindAll(0, 0)
#3 /Applications/XAMPP/xamppfiles/htdocs/ami/app/Models/Admin/DetailModel.php(22): CodeIgniter\BaseModel->findAll()
#4 /Applications/XAMPP/xamppfiles/htdocs/ami/app/Controllers/AdminAreaAudit.php(630): App\Models\Admin\DetailModel->getAlldetail('j\xCB\x1E\xB6')
#5 /Applications/XAMPP/xamppfiles/htdocs/ami/system/CodeIgniter.php(942): App\Controllers\AdminAreaAudit->detail('assets', 'vendors', 'chartjs', 'Chart.min.css')
#6 /Applications/XAMPP/xamppfiles/htdocs/ami/system/CodeIgniter.php(502): CodeIgniter\CodeIgniter->runController(Object(App\Controllers\AdminAreaAudit))
#7 /Applications/XAMPP/xamppfiles/htdocs/ami/system/CodeIgniter.php(361): CodeIgniter\CodeIgniter->handleRequest(NULL, Object(Config\Cache), false)
#8 /Applications/XAMPP/xamppfiles/htdocs/ami/public/index.php(79): CodeIgniter\CodeIgniter->run()
#9 /Applications/XAMPP/xamppfiles/htdocs/ami/system/Commands/Server/rewrite.php(47): require_once('/Applications/X...')
#10 {main}
in SYSTEMPATH/Format/JSONFormatter.php on line 43.
 1 [internal function]: CodeIgniter\Debug\Exceptions->shutdownHandler()
INFO - 2024-04-27 23:14:20 --> Session: Class initialized using 'CodeIgniter\Session\Handlers\FileHandler' driver.
INFO - 2024-04-27 23:14:20 --> Session: Class initialized using 'CodeIgniter\Session\Handlers\FileHandler' driver.
ERROR - 2024-04-27 23:14:20 --> mysqli_sql_exception: Illegal mix of collations (utf8mb4_general_ci,IMPLICIT) and (utf8_general_ci,COERCIBLE) for operation '=' in /Applications/XAMPP/xamppfiles/htdocs/ami/system/Database/MySQLi/Connection.php:306
Stack trace:
#0 /Applications/XAMPP/xamppfiles/htdocs/ami/system/Database/MySQLi/Connection.php(306): mysqli->query('SELECT `s_perta...', 0)
#1 /Applications/XAMPP/xamppfiles/htdocs/ami/system/Database/BaseConnection.php(693): CodeIgniter\Database\MySQLi\Connection->execute('SELECT `s_perta...')
#2 /Applications/XAMPP/xamppfiles/htdocs/ami/system/Database/BaseConnection.php(607): CodeIgniter\Database\BaseConnection->simpleQuery('SELECT `s_perta...')
#3 /Applications/XAMPP/xamppfiles/htdocs/ami/system/Database/BaseBuilder.php(1615): CodeIgniter\Database\BaseConnection->query('SELECT `s_perta...', Array, false)
#4 /Applications/XAMPP/xamppfiles/htdocs/ami/system/Model.php(871): CodeIgniter\Database\BaseBuilder->get()
#5 /Applications/XAMPP/xamppfiles/htdocs/ami/app/Models/Admin/LanjutanModel.php(48): CodeIgniter\Model->__call('get', Array)
#6 /Applications/XAMPP/xamppfiles/htdocs/ami/app/Controllers/AdminAreaAudit.php(646): App\Models\Admin\LanjutanModel->getlanjutanById('j\xCB\x1E\xB6')
#7 /Applications/XAMPP/xamppfiles/htdocs/ami/system/CodeIgniter.php(942): App\Controllers\AdminAreaAudit->adddetail('assets', 'vendors', 'chartjs', 'Chart.min.css')
#8 /Applications/XAMPP/xamppfiles/htdocs/ami/system/CodeIgniter.php(502): CodeIgniter\CodeIgniter->runController(Object(App\Controllers\AdminAreaAudit))
#9 /Applications/XAMPP/xamppfiles/htdocs/ami/system/CodeIgniter.php(361): CodeIgniter\CodeIgniter->handleRequest(NULL, Object(Config\Cache), false)
#10 /Applications/XAMPP/xamppfiles/htdocs/ami/public/index.php(79): CodeIgniter\CodeIgniter->run()
#11 /Applications/XAMPP/xamppfiles/htdocs/ami/system/Commands/Server/rewrite.php(47): require_once('/Applications/X...')
#12 {main}
CRITICAL - 2024-04-27 23:14:20 --> Illegal mix of collations (utf8mb4_general_ci,IMPLICIT) and (utf8_general_ci,COERCIBLE) for operation '='
in SYSTEMPATH/Database/BaseConnection.php on line 647.
 1 SYSTEMPATH/Database/BaseBuilder.php(1615): CodeIgniter\Database\BaseConnection->query('SELECT `s_pertanyaan_isi`.`text`, `s_pertanyaan_lanjutan`.*
FROM `s_pertanyaan_lanjutan`
JOIN `s_pertanyaan_isi` ON `s_pertanyaan_lanjutan`.`s_p_isi_id` = `s_pertanyaan_isi`.`id`
WHERE `s_pertanyaan_lanjutan`.`id` = :s_pertanyaan_lanjutan.id:', [...], false)
 2 SYSTEMPATH/Model.php(871): CodeIgniter\Database\BaseBuilder->get()
 3 APPPATH/Models/Admin/LanjutanModel.php(48): CodeIgniter\Model->__call('get', [])
 4 APPPATH/Controllers/AdminAreaAudit.php(646): App\Models\Admin\LanjutanModel->getlanjutanById('jÀ∂')
 5 SYSTEMPATH/CodeIgniter.php(942): App\Controllers\AdminAreaAudit->adddetail('assets', 'vendors', 'chartjs', 'Chart.min.css')
 6 SYSTEMPATH/CodeIgniter.php(502): CodeIgniter\CodeIgniter->runController(Object(App\Controllers\AdminAreaAudit))
 7 SYSTEMPATH/CodeIgniter.php(361): CodeIgniter\CodeIgniter->handleRequest(null, Object(Config\Cache), false)
 8 FCPATH/index.php(79): CodeIgniter\CodeIgniter->run()
 9 SYSTEMPATH/Commands/Server/rewrite.php(47): require_once('/Applications/XAMPP/xamppfiles/htdocs/ami/public/index.php')
CRITICAL - 2024-04-27 23:14:20 --> Uncaught CodeIgniter\Format\Exceptions\FormatException: Failed to parse JSON string. Error: Malformed UTF-8 characters, possibly incorrectly encoded in /Applications/XAMPP/xamppfiles/htdocs/ami/system/Format/JSONFormatter.php:43
Stack trace:
#0 /Applications/XAMPP/xamppfiles/htdocs/ami/system/Format/JSONFormatter.php(43): CodeIgniter\Format\Exceptions\FormatException::forInvalidJSON('Malformed UTF-8...')
#1 /Applications/XAMPP/xamppfiles/htdocs/ami/system/API/ResponseTrait.php(345): CodeIgniter\Format\JSONFormatter->format(Array)
#2 /Applications/XAMPP/xamppfiles/htdocs/ami/system/API/ResponseTrait.php(98): CodeIgniter\Debug\ExceptionHandler->format(Array)
#3 /Applications/XAMPP/xamppfiles/htdocs/ami/system/Debug/ExceptionHandler.php(81): CodeIgniter\Debug\ExceptionHandler->respond(Array, 500)
#4 /Applications/XAMPP/xamppfiles/htdocs/ami/system/Debug/Exceptions.php(149): CodeIgniter\Debug\ExceptionHandler->handle(Object(mysqli_sql_exception), Object(CodeIgniter\HTTP\IncomingRequest), Object(CodeIgniter\HTTP\Response), 500, 8)
#5 [internal function]: CodeIgniter\Debug\Exceptions->exceptionHandler(Object(mysqli_sql_exception))
#6 {main}
  thrown
„ÄêPrevious Exception„Äë
CodeIgniter\Database\Exceptions\DatabaseException
Illegal mix of collations (utf8mb4_general_ci,IMPLICIT) and (utf8_general_ci,COERCIBLE) for operation '='
#0 /Applications/XAMPP/xamppfiles/htdocs/ami/system/Database/BaseBuilder.php(1615): CodeIgniter\Database\BaseConnection->query('SELECT `s_perta...', Array, false)
#1 /Applications/XAMPP/xamppfiles/htdocs/ami/system/Model.php(871): CodeIgniter\Database\BaseBuilder->get()
#2 /Applications/XAMPP/xamppfiles/htdocs/ami/app/Models/Admin/LanjutanModel.php(48): CodeIgniter\Model->__call('get', Array)
#3 /Applications/XAMPP/xamppfiles/htdocs/ami/app/Controllers/AdminAreaAudit.php(646): App\Models\Admin\LanjutanModel->getlanjutanById('j\xCB\x1E\xB6')
#4 /Applications/XAMPP/xamppfiles/htdocs/ami/system/CodeIgniter.php(942): App\Controllers\AdminAreaAudit->adddetail('assets', 'vendors', 'chartjs', 'Chart.min.css')
#5 /Applications/XAMPP/xamppfiles/htdocs/ami/system/CodeIgniter.php(502): CodeIgniter\CodeIgniter->runController(Object(App\Controllers\AdminAreaAudit))
#6 /Applications/XAMPP/xamppfiles/htdocs/ami/system/CodeIgniter.php(361): CodeIgniter\CodeIgniter->handleRequest(NULL, Object(Config\Cache), false)
#7 /Applications/XAMPP/xamppfiles/htdocs/ami/public/index.php(79): CodeIgniter\CodeIgniter->run()
#8 /Applications/XAMPP/xamppfiles/htdocs/ami/system/Commands/Server/rewrite.php(47): require_once('/Applications/X...')
#9 {main}
in SYSTEMPATH/Format/JSONFormatter.php on line 43.
 1 [internal function]: CodeIgniter\Debug\Exceptions->shutdownHandler()
INFO - 2024-04-27 23:14:26 --> Session: Class initialized using 'CodeIgniter\Session\Handlers\FileHandler' driver.
INFO - 2024-04-27 23:14:26 --> Session: Class initialized using 'CodeIgniter\Session\Handlers\FileHandler' driver.
INFO - 2024-04-27 23:14:26 --> Session: Class initialized using 'CodeIgniter\Session\Handlers\FileHandler' driver.
ERROR - 2024-04-27 23:14:26 --> mysqli_sql_exception: Illegal mix of collations (utf8mb4_general_ci,IMPLICIT) and (utf8_general_ci,COERCIBLE) for operation '=' in /Applications/XAMPP/xamppfiles/htdocs/ami/system/Database/MySQLi/Connection.php:306
Stack trace:
#0 /Applications/XAMPP/xamppfiles/htdocs/ami/system/Database/MySQLi/Connection.php(306): mysqli->query('SELECT *\nFROM `...', 0)
#1 /Applications/XAMPP/xamppfiles/htdocs/ami/system/Database/BaseConnection.php(693): CodeIgniter\Database\MySQLi\Connection->execute('SELECT *\nFROM `...')
#2 /Applications/XAMPP/xamppfiles/htdocs/ami/system/Database/BaseConnection.php(607): CodeIgniter\Database\BaseConnection->simpleQuery('SELECT *\nFROM `...')
#3 /Applications/XAMPP/xamppfiles/htdocs/ami/system/Database/BaseBuilder.php(1615): CodeIgniter\Database\BaseConnection->query('SELECT *\nFROM `...', Array, false)
#4 /Applications/XAMPP/xamppfiles/htdocs/ami/system/Model.php(237): CodeIgniter\Database\BaseBuilder->get()
#5 /Applications/XAMPP/xamppfiles/htdocs/ami/system/BaseModel.php(624): CodeIgniter\Model->doFindAll(0, 0)
#6 /Applications/XAMPP/xamppfiles/htdocs/ami/app/Models/Admin/DetailModel.php(22): CodeIgniter\BaseModel->findAll()
#7 /Applications/XAMPP/xamppfiles/htdocs/ami/app/Controllers/AdminAreaAudit.php(630): App\Models\Admin\DetailModel->getAlldetail('j\xCB\x1E\xB6')
#8 /Applications/XAMPP/xamppfiles/htdocs/ami/system/CodeIgniter.php(942): App\Controllers\AdminAreaAudit->detail('assets', 'vendors', 'chartjs', 'Chart.min.css')
#9 /Applications/XAMPP/xamppfiles/htdocs/ami/system/CodeIgniter.php(502): CodeIgniter\CodeIgniter->runController(Object(App\Controllers\AdminAreaAudit))
#10 /Applications/XAMPP/xamppfiles/htdocs/ami/system/CodeIgniter.php(361): CodeIgniter\CodeIgniter->handleRequest(NULL, Object(Config\Cache), false)
#11 /Applications/XAMPP/xamppfiles/htdocs/ami/public/index.php(79): CodeIgniter\CodeIgniter->run()
#12 /Applications/XAMPP/xamppfiles/htdocs/ami/system/Commands/Server/rewrite.php(47): require_once('/Applications/X...')
#13 {main}
CRITICAL - 2024-04-27 23:14:26 --> Illegal mix of collations (utf8mb4_general_ci,IMPLICIT) and (utf8_general_ci,COERCIBLE) for operation '='
in SYSTEMPATH/Database/BaseConnection.php on line 647.
 1 SYSTEMPATH/Database/BaseBuilder.php(1615): CodeIgniter\Database\BaseConnection->query('SELECT *
FROM `s_pertanyaan_detail`
WHERE `s_p_lanjutan_id` = :s_p_lanjutan_id:
ORDER BY `urutan` ASC', [...], false)
 2 SYSTEMPATH/Model.php(237): CodeIgniter\Database\BaseBuilder->get()
 3 SYSTEMPATH/BaseModel.php(624): CodeIgniter\Model->doFindAll(0, 0)
 4 APPPATH/Models/Admin/DetailModel.php(22): CodeIgniter\BaseModel->findAll()
 5 APPPATH/Controllers/AdminAreaAudit.php(630): App\Models\Admin\DetailModel->getAlldetail('jÀ∂')
 6 SYSTEMPATH/CodeIgniter.php(942): App\Controllers\AdminAreaAudit->detail('assets', 'vendors', 'chartjs', 'Chart.min.css')
 7 SYSTEMPATH/CodeIgniter.php(502): CodeIgniter\CodeIgniter->runController(Object(App\Controllers\AdminAreaAudit))
 8 SYSTEMPATH/CodeIgniter.php(361): CodeIgniter\CodeIgniter->handleRequest(null, Object(Config\Cache), false)
 9 FCPATH/index.php(79): CodeIgniter\CodeIgniter->run()
10 SYSTEMPATH/Commands/Server/rewrite.php(47): require_once('/Applications/XAMPP/xamppfiles/htdocs/ami/public/index.php')
CRITICAL - 2024-04-27 23:14:26 --> Uncaught CodeIgniter\Format\Exceptions\FormatException: Failed to parse JSON string. Error: Malformed UTF-8 characters, possibly incorrectly encoded in /Applications/XAMPP/xamppfiles/htdocs/ami/system/Format/JSONFormatter.php:43
Stack trace:
#0 /Applications/XAMPP/xamppfiles/htdocs/ami/system/Format/JSONFormatter.php(43): CodeIgniter\Format\Exceptions\FormatException::forInvalidJSON('Malformed UTF-8...')
#1 /Applications/XAMPP/xamppfiles/htdocs/ami/system/API/ResponseTrait.php(345): CodeIgniter\Format\JSONFormatter->format(Array)
#2 /Applications/XAMPP/xamppfiles/htdocs/ami/system/API/ResponseTrait.php(98): CodeIgniter\Debug\ExceptionHandler->format(Array)
#3 /Applications/XAMPP/xamppfiles/htdocs/ami/system/Debug/ExceptionHandler.php(81): CodeIgniter\Debug\ExceptionHandler->respond(Array, 500)
#4 /Applications/XAMPP/xamppfiles/htdocs/ami/system/Debug/Exceptions.php(149): CodeIgniter\Debug\ExceptionHandler->handle(Object(mysqli_sql_exception), Object(CodeIgniter\HTTP\IncomingRequest), Object(CodeIgniter\HTTP\Response), 500, 8)
#5 [internal function]: CodeIgniter\Debug\Exceptions->exceptionHandler(Object(mysqli_sql_exception))
#6 {main}
  thrown
„ÄêPrevious Exception„Äë
CodeIgniter\Database\Exceptions\DatabaseException
Illegal mix of collations (utf8mb4_general_ci,IMPLICIT) and (utf8_general_ci,COERCIBLE) for operation '='
#0 /Applications/XAMPP/xamppfiles/htdocs/ami/system/Database/BaseBuilder.php(1615): CodeIgniter\Database\BaseConnection->query('SELECT *\nFROM `...', Array, false)
#1 /Applications/XAMPP/xamppfiles/htdocs/ami/system/Model.php(237): CodeIgniter\Database\BaseBuilder->get()
#2 /Applications/XAMPP/xamppfiles/htdocs/ami/system/BaseModel.php(624): CodeIgniter\Model->doFindAll(0, 0)
#3 /Applications/XAMPP/xamppfiles/htdocs/ami/app/Models/Admin/DetailModel.php(22): CodeIgniter\BaseModel->findAll()
#4 /Applications/XAMPP/xamppfiles/htdocs/ami/app/Controllers/AdminAreaAudit.php(630): App\Models\Admin\DetailModel->getAlldetail('j\xCB\x1E\xB6')
#5 /Applications/XAMPP/xamppfiles/htdocs/ami/system/CodeIgniter.php(942): App\Controllers\AdminAreaAudit->detail('assets', 'vendors', 'chartjs', 'Chart.min.css')
#6 /Applications/XAMPP/xamppfiles/htdocs/ami/system/CodeIgniter.php(502): CodeIgniter\CodeIgniter->runController(Object(App\Controllers\AdminAreaAudit))
#7 /Applications/XAMPP/xamppfiles/htdocs/ami/system/CodeIgniter.php(361): CodeIgniter\CodeIgniter->handleRequest(NULL, Object(Config\Cache), false)
#8 /Applications/XAMPP/xamppfiles/htdocs/ami/public/index.php(79): CodeIgniter\CodeIgniter->run()
#9 /Applications/XAMPP/xamppfiles/htdocs/ami/system/Commands/Server/rewrite.php(47): require_once('/Applications/X...')
#10 {main}
in SYSTEMPATH/Format/JSONFormatter.php on line 43.
 1 [internal function]: CodeIgniter\Debug\Exceptions->shutdownHandler()
INFO - 2024-04-27 23:14:28 --> Session: Class initialized using 'CodeIgniter\Session\Handlers\FileHandler' driver.
INFO - 2024-04-27 23:14:28 --> Session: Class initialized using 'CodeIgniter\Session\Handlers\FileHandler' driver.
ERROR - 2024-04-27 23:14:28 --> mysqli_sql_exception: Illegal mix of collations (utf8mb4_general_ci,IMPLICIT) and (utf8_general_ci,COERCIBLE) for operation '=' in /Applications/XAMPP/xamppfiles/htdocs/ami/system/Database/MySQLi/Connection.php:306
Stack trace:
#0 /Applications/XAMPP/xamppfiles/htdocs/ami/system/Database/MySQLi/Connection.php(306): mysqli->query('SELECT `s_perta...', 0)
#1 /Applications/XAMPP/xamppfiles/htdocs/ami/system/Database/BaseConnection.php(693): CodeIgniter\Database\MySQLi\Connection->execute('SELECT `s_perta...')
#2 /Applications/XAMPP/xamppfiles/htdocs/ami/system/Database/BaseConnection.php(607): CodeIgniter\Database\BaseConnection->simpleQuery('SELECT `s_perta...')
#3 /Applications/XAMPP/xamppfiles/htdocs/ami/system/Database/BaseBuilder.php(1615): CodeIgniter\Database\BaseConnection->query('SELECT `s_perta...', Array, false)
#4 /Applications/XAMPP/xamppfiles/htdocs/ami/system/Model.php(871): CodeIgniter\Database\BaseBuilder->get()
#5 /Applications/XAMPP/xamppfiles/htdocs/ami/app/Models/Admin/LanjutanModel.php(48): CodeIgniter\Model->__call('get', Array)
#6 /Applications/XAMPP/xamppfiles/htdocs/ami/app/Controllers/AdminAreaAudit.php(646): App\Models\Admin\LanjutanModel->getlanjutanById('j\xCB\x1E\xB6')
#7 /Applications/XAMPP/xamppfiles/htdocs/ami/system/CodeIgniter.php(942): App\Controllers\AdminAreaAudit->adddetail('assets', 'vendors', 'chartjs', 'Chart.min.css')
#8 /Applications/XAMPP/xamppfiles/htdocs/ami/system/CodeIgniter.php(502): CodeIgniter\CodeIgniter->runController(Object(App\Controllers\AdminAreaAudit))
#9 /Applications/XAMPP/xamppfiles/htdocs/ami/system/CodeIgniter.php(361): CodeIgniter\CodeIgniter->handleRequest(NULL, Object(Config\Cache), false)
#10 /Applications/XAMPP/xamppfiles/htdocs/ami/public/index.php(79): CodeIgniter\CodeIgniter->run()
#11 /Applications/XAMPP/xamppfiles/htdocs/ami/system/Commands/Server/rewrite.php(47): require_once('/Applications/X...')
#12 {main}
CRITICAL - 2024-04-27 23:14:28 --> Illegal mix of collations (utf8mb4_general_ci,IMPLICIT) and (utf8_general_ci,COERCIBLE) for operation '='
in SYSTEMPATH/Database/BaseConnection.php on line 647.
 1 SYSTEMPATH/Database/BaseBuilder.php(1615): CodeIgniter\Database\BaseConnection->query('SELECT `s_pertanyaan_isi`.`text`, `s_pertanyaan_lanjutan`.*
FROM `s_pertanyaan_lanjutan`
JOIN `s_pertanyaan_isi` ON `s_pertanyaan_lanjutan`.`s_p_isi_id` = `s_pertanyaan_isi`.`id`
WHERE `s_pertanyaan_lanjutan`.`id` = :s_pertanyaan_lanjutan.id:', [...], false)
 2 SYSTEMPATH/Model.php(871): CodeIgniter\Database\BaseBuilder->get()
 3 APPPATH/Models/Admin/LanjutanModel.php(48): CodeIgniter\Model->__call('get', [])
 4 APPPATH/Controllers/AdminAreaAudit.php(646): App\Models\Admin\LanjutanModel->getlanjutanById('jÀ∂')
 5 SYSTEMPATH/CodeIgniter.php(942): App\Controllers\AdminAreaAudit->adddetail('assets', 'vendors', 'chartjs', 'Chart.min.css')
 6 SYSTEMPATH/CodeIgniter.php(502): CodeIgniter\CodeIgniter->runController(Object(App\Controllers\AdminAreaAudit))
 7 SYSTEMPATH/CodeIgniter.php(361): CodeIgniter\CodeIgniter->handleRequest(null, Object(Config\Cache), false)
 8 FCPATH/index.php(79): CodeIgniter\CodeIgniter->run()
 9 SYSTEMPATH/Commands/Server/rewrite.php(47): require_once('/Applications/XAMPP/xamppfiles/htdocs/ami/public/index.php')
CRITICAL - 2024-04-27 23:14:28 --> Uncaught CodeIgniter\Format\Exceptions\FormatException: Failed to parse JSON string. Error: Malformed UTF-8 characters, possibly incorrectly encoded in /Applications/XAMPP/xamppfiles/htdocs/ami/system/Format/JSONFormatter.php:43
Stack trace:
#0 /Applications/XAMPP/xamppfiles/htdocs/ami/system/Format/JSONFormatter.php(43): CodeIgniter\Format\Exceptions\FormatException::forInvalidJSON('Malformed UTF-8...')
#1 /Applications/XAMPP/xamppfiles/htdocs/ami/system/API/ResponseTrait.php(345): CodeIgniter\Format\JSONFormatter->format(Array)
#2 /Applications/XAMPP/xamppfiles/htdocs/ami/system/API/ResponseTrait.php(98): CodeIgniter\Debug\ExceptionHandler->format(Array)
#3 /Applications/XAMPP/xamppfiles/htdocs/ami/system/Debug/ExceptionHandler.php(81): CodeIgniter\Debug\ExceptionHandler->respond(Array, 500)
#4 /Applications/XAMPP/xamppfiles/htdocs/ami/system/Debug/Exceptions.php(149): CodeIgniter\Debug\ExceptionHandler->handle(Object(mysqli_sql_exception), Object(CodeIgniter\HTTP\IncomingRequest), Object(CodeIgniter\HTTP\Response), 500, 8)
#5 [internal function]: CodeIgniter\Debug\Exceptions->exceptionHandler(Object(mysqli_sql_exception))
#6 {main}
  thrown
„ÄêPrevious Exception„Äë
CodeIgniter\Database\Exceptions\DatabaseException
Illegal mix of collations (utf8mb4_general_ci,IMPLICIT) and (utf8_general_ci,COERCIBLE) for operation '='
#0 /Applications/XAMPP/xamppfiles/htdocs/ami/system/Database/BaseBuilder.php(1615): CodeIgniter\Database\BaseConnection->query('SELECT `s_perta...', Array, false)
#1 /Applications/XAMPP/xamppfiles/htdocs/ami/system/Model.php(871): CodeIgniter\Database\BaseBuilder->get()
#2 /Applications/XAMPP/xamppfiles/htdocs/ami/app/Models/Admin/LanjutanModel.php(48): CodeIgniter\Model->__call('get', Array)
#3 /Applications/XAMPP/xamppfiles/htdocs/ami/app/Controllers/AdminAreaAudit.php(646): App\Models\Admin\LanjutanModel->getlanjutanById('j\xCB\x1E\xB6')
#4 /Applications/XAMPP/xamppfiles/htdocs/ami/system/CodeIgniter.php(942): App\Controllers\AdminAreaAudit->adddetail('assets', 'vendors', 'chartjs', 'Chart.min.css')
#5 /Applications/XAMPP/xamppfiles/htdocs/ami/system/CodeIgniter.php(502): CodeIgniter\CodeIgniter->runController(Object(App\Controllers\AdminAreaAudit))
#6 /Applications/XAMPP/xamppfiles/htdocs/ami/system/CodeIgniter.php(361): CodeIgniter\CodeIgniter->handleRequest(NULL, Object(Config\Cache), false)
#7 /Applications/XAMPP/xamppfiles/htdocs/ami/public/index.php(79): CodeIgniter\CodeIgniter->run()
#8 /Applications/XAMPP/xamppfiles/htdocs/ami/system/Commands/Server/rewrite.php(47): require_once('/Applications/X...')
#9 {main}
in SYSTEMPATH/Format/JSONFormatter.php on line 43.
 1 [internal function]: CodeIgniter\Debug\Exceptions->shutdownHandler()
INFO - 2024-04-27 23:14:42 --> Session: Class initialized using 'CodeIgniter\Session\Handlers\FileHandler' driver.
INFO - 2024-04-27 23:14:42 --> Session: Class initialized using 'CodeIgniter\Session\Handlers\FileHandler' driver.
INFO - 2024-04-27 23:14:42 --> Session: Class initialized using 'CodeIgniter\Session\Handlers\FileHandler' driver.
ERROR - 2024-04-27 23:14:42 --> mysqli_sql_exception: Illegal mix of collations (utf8mb4_general_ci,IMPLICIT) and (utf8_general_ci,COERCIBLE) for operation '=' in /Applications/XAMPP/xamppfiles/htdocs/ami/system/Database/MySQLi/Connection.php:306
Stack trace:
#0 /Applications/XAMPP/xamppfiles/htdocs/ami/system/Database/MySQLi/Connection.php(306): mysqli->query('SELECT *\nFROM `...', 0)
#1 /Applications/XAMPP/xamppfiles/htdocs/ami/system/Database/BaseConnection.php(693): CodeIgniter\Database\MySQLi\Connection->execute('SELECT *\nFROM `...')
#2 /Applications/XAMPP/xamppfiles/htdocs/ami/system/Database/BaseConnection.php(607): CodeIgniter\Database\BaseConnection->simpleQuery('SELECT *\nFROM `...')
#3 /Applications/XAMPP/xamppfiles/htdocs/ami/system/Database/BaseBuilder.php(1615): CodeIgniter\Database\BaseConnection->query('SELECT *\nFROM `...', Array, false)
#4 /Applications/XAMPP/xamppfiles/htdocs/ami/system/Model.php(237): CodeIgniter\Database\BaseBuilder->get()
#5 /Applications/XAMPP/xamppfiles/htdocs/ami/system/BaseModel.php(624): CodeIgniter\Model->doFindAll(0, 0)
#6 /Applications/XAMPP/xamppfiles/htdocs/ami/app/Models/Admin/DetailModel.php(22): CodeIgniter\BaseModel->findAll()
#7 /Applications/XAMPP/xamppfiles/htdocs/ami/app/Controllers/AdminAreaAudit.php(630): App\Models\Admin\DetailModel->getAlldetail('j\xCB\x1E\xB6')
#8 /Applications/XAMPP/xamppfiles/htdocs/ami/system/CodeIgniter.php(942): App\Controllers\AdminAreaAudit->detail('assets', 'vendors', 'chartjs', 'Chart.min.css')
#9 /Applications/XAMPP/xamppfiles/htdocs/ami/system/CodeIgniter.php(502): CodeIgniter\CodeIgniter->runController(Object(App\Controllers\AdminAreaAudit))
#10 /Applications/XAMPP/xamppfiles/htdocs/ami/system/CodeIgniter.php(361): CodeIgniter\CodeIgniter->handleRequest(NULL, Object(Config\Cache), false)
#11 /Applications/XAMPP/xamppfiles/htdocs/ami/public/index.php(79): CodeIgniter\CodeIgniter->run()
#12 /Applications/XAMPP/xamppfiles/htdocs/ami/system/Commands/Server/rewrite.php(47): require_once('/Applications/X...')
#13 {main}
CRITICAL - 2024-04-27 23:14:42 --> Illegal mix of collations (utf8mb4_general_ci,IMPLICIT) and (utf8_general_ci,COERCIBLE) for operation '='
in SYSTEMPATH/Database/BaseConnection.php on line 647.
 1 SYSTEMPATH/Database/BaseBuilder.php(1615): CodeIgniter\Database\BaseConnection->query('SELECT *
FROM `s_pertanyaan_detail`
WHERE `s_p_lanjutan_id` = :s_p_lanjutan_id:
ORDER BY `urutan` ASC', [...], false)
 2 SYSTEMPATH/Model.php(237): CodeIgniter\Database\BaseBuilder->get()
 3 SYSTEMPATH/BaseModel.php(624): CodeIgniter\Model->doFindAll(0, 0)
 4 APPPATH/Models/Admin/DetailModel.php(22): CodeIgniter\BaseModel->findAll()
 5 APPPATH/Controllers/AdminAreaAudit.php(630): App\Models\Admin\DetailModel->getAlldetail('jÀ∂')
 6 SYSTEMPATH/CodeIgniter.php(942): App\Controllers\AdminAreaAudit->detail('assets', 'vendors', 'chartjs', 'Chart.min.css')
 7 SYSTEMPATH/CodeIgniter.php(502): CodeIgniter\CodeIgniter->runController(Object(App\Controllers\AdminAreaAudit))
 8 SYSTEMPATH/CodeIgniter.php(361): CodeIgniter\CodeIgniter->handleRequest(null, Object(Config\Cache), false)
 9 FCPATH/index.php(79): CodeIgniter\CodeIgniter->run()
10 SYSTEMPATH/Commands/Server/rewrite.php(47): require_once('/Applications/XAMPP/xamppfiles/htdocs/ami/public/index.php')
CRITICAL - 2024-04-27 23:14:42 --> Uncaught CodeIgniter\Format\Exceptions\FormatException: Failed to parse JSON string. Error: Malformed UTF-8 characters, possibly incorrectly encoded in /Applications/XAMPP/xamppfiles/htdocs/ami/system/Format/JSONFormatter.php:43
Stack trace:
#0 /Applications/XAMPP/xamppfiles/htdocs/ami/system/Format/JSONFormatter.php(43): CodeIgniter\Format\Exceptions\FormatException::forInvalidJSON('Malformed UTF-8...')
#1 /Applications/XAMPP/xamppfiles/htdocs/ami/system/API/ResponseTrait.php(345): CodeIgniter\Format\JSONFormatter->format(Array)
#2 /Applications/XAMPP/xamppfiles/htdocs/ami/system/API/ResponseTrait.php(98): CodeIgniter\Debug\ExceptionHandler->format(Array)
#3 /Applications/XAMPP/xamppfiles/htdocs/ami/system/Debug/ExceptionHandler.php(81): CodeIgniter\Debug\ExceptionHandler->respond(Array, 500)
#4 /Applications/XAMPP/xamppfiles/htdocs/ami/system/Debug/Exceptions.php(149): CodeIgniter\Debug\ExceptionHandler->handle(Object(mysqli_sql_exception), Object(CodeIgniter\HTTP\IncomingRequest), Object(CodeIgniter\HTTP\Response), 500, 8)
#5 [internal function]: CodeIgniter\Debug\Exceptions->exceptionHandler(Object(mysqli_sql_exception))
#6 {main}
  thrown
„ÄêPrevious Exception„Äë
CodeIgniter\Database\Exceptions\DatabaseException
Illegal mix of collations (utf8mb4_general_ci,IMPLICIT) and (utf8_general_ci,COERCIBLE) for operation '='
#0 /Applications/XAMPP/xamppfiles/htdocs/ami/system/Database/BaseBuilder.php(1615): CodeIgniter\Database\BaseConnection->query('SELECT *\nFROM `...', Array, false)
#1 /Applications/XAMPP/xamppfiles/htdocs/ami/system/Model.php(237): CodeIgniter\Database\BaseBuilder->get()
#2 /Applications/XAMPP/xamppfiles/htdocs/ami/system/BaseModel.php(624): CodeIgniter\Model->doFindAll(0, 0)
#3 /Applications/XAMPP/xamppfiles/htdocs/ami/app/Models/Admin/DetailModel.php(22): CodeIgniter\BaseModel->findAll()
#4 /Applications/XAMPP/xamppfiles/htdocs/ami/app/Controllers/AdminAreaAudit.php(630): App\Models\Admin\DetailModel->getAlldetail('j\xCB\x1E\xB6')
#5 /Applications/XAMPP/xamppfiles/htdocs/ami/system/CodeIgniter.php(942): App\Controllers\AdminAreaAudit->detail('assets', 'vendors', 'chartjs', 'Chart.min.css')
#6 /Applications/XAMPP/xamppfiles/htdocs/ami/system/CodeIgniter.php(502): CodeIgniter\CodeIgniter->runController(Object(App\Controllers\AdminAreaAudit))
#7 /Applications/XAMPP/xamppfiles/htdocs/ami/system/CodeIgniter.php(361): CodeIgniter\CodeIgniter->handleRequest(NULL, Object(Config\Cache), false)
#8 /Applications/XAMPP/xamppfiles/htdocs/ami/public/index.php(79): CodeIgniter\CodeIgniter->run()
#9 /Applications/XAMPP/xamppfiles/htdocs/ami/system/Commands/Server/rewrite.php(47): require_once('/Applications/X...')
#10 {main}
in SYSTEMPATH/Format/JSONFormatter.php on line 43.
 1 [internal function]: CodeIgniter\Debug\Exceptions->shutdownHandler()
INFO - 2024-04-27 23:14:48 --> Session: Class initialized using 'CodeIgniter\Session\Handlers\FileHandler' driver.
INFO - 2024-04-27 23:14:48 --> Session: Class initialized using 'CodeIgniter\Session\Handlers\FileHandler' driver.
ERROR - 2024-04-27 23:14:48 --> mysqli_sql_exception: Illegal mix of collations (utf8mb4_general_ci,IMPLICIT) and (utf8_general_ci,COERCIBLE) for operation '=' in /Applications/XAMPP/xamppfiles/htdocs/ami/system/Database/MySQLi/Connection.php:306
Stack trace:
#0 /Applications/XAMPP/xamppfiles/htdocs/ami/system/Database/MySQLi/Connection.php(306): mysqli->query('SELECT `s_perta...', 0)
#1 /Applications/XAMPP/xamppfiles/htdocs/ami/system/Database/BaseConnection.php(693): CodeIgniter\Database\MySQLi\Connection->execute('SELECT `s_perta...')
#2 /Applications/XAMPP/xamppfiles/htdocs/ami/system/Database/BaseConnection.php(607): CodeIgniter\Database\BaseConnection->simpleQuery('SELECT `s_perta...')
#3 /Applications/XAMPP/xamppfiles/htdocs/ami/system/Database/BaseBuilder.php(1615): CodeIgniter\Database\BaseConnection->query('SELECT `s_perta...', Array, false)
#4 /Applications/XAMPP/xamppfiles/htdocs/ami/system/Model.php(871): CodeIgniter\Database\BaseBuilder->get()
#5 /Applications/XAMPP/xamppfiles/htdocs/ami/app/Models/Admin/LanjutanModel.php(48): CodeIgniter\Model->__call('get', Array)
#6 /Applications/XAMPP/xamppfiles/htdocs/ami/app/Controllers/AdminAreaAudit.php(646): App\Models\Admin\LanjutanModel->getlanjutanById('j\xCB\x1E\xB6')
#7 /Applications/XAMPP/xamppfiles/htdocs/ami/system/CodeIgniter.php(942): App\Controllers\AdminAreaAudit->adddetail('assets', 'vendors', 'chartjs', 'Chart.min.css')
#8 /Applications/XAMPP/xamppfiles/htdocs/ami/system/CodeIgniter.php(502): CodeIgniter\CodeIgniter->runController(Object(App\Controllers\AdminAreaAudit))
#9 /Applications/XAMPP/xamppfiles/htdocs/ami/system/CodeIgniter.php(361): CodeIgniter\CodeIgniter->handleRequest(NULL, Object(Config\Cache), false)
#10 /Applications/XAMPP/xamppfiles/htdocs/ami/public/index.php(79): CodeIgniter\CodeIgniter->run()
#11 /Applications/XAMPP/xamppfiles/htdocs/ami/system/Commands/Server/rewrite.php(47): require_once('/Applications/X...')
#12 {main}
CRITICAL - 2024-04-27 23:14:48 --> Illegal mix of collations (utf8mb4_general_ci,IMPLICIT) and (utf8_general_ci,COERCIBLE) for operation '='
in SYSTEMPATH/Database/BaseConnection.php on line 647.
 1 SYSTEMPATH/Database/BaseBuilder.php(1615): CodeIgniter\Database\BaseConnection->query('SELECT `s_pertanyaan_isi`.`text`, `s_pertanyaan_lanjutan`.*
FROM `s_pertanyaan_lanjutan`
JOIN `s_pertanyaan_isi` ON `s_pertanyaan_lanjutan`.`s_p_isi_id` = `s_pertanyaan_isi`.`id`
WHERE `s_pertanyaan_lanjutan`.`id` = :s_pertanyaan_lanjutan.id:', [...], false)
 2 SYSTEMPATH/Model.php(871): CodeIgniter\Database\BaseBuilder->get()
 3 APPPATH/Models/Admin/LanjutanModel.php(48): CodeIgniter\Model->__call('get', [])
 4 APPPATH/Controllers/AdminAreaAudit.php(646): App\Models\Admin\LanjutanModel->getlanjutanById('jÀ∂')
 5 SYSTEMPATH/CodeIgniter.php(942): App\Controllers\AdminAreaAudit->adddetail('assets', 'vendors', 'chartjs', 'Chart.min.css')
 6 SYSTEMPATH/CodeIgniter.php(502): CodeIgniter\CodeIgniter->runController(Object(App\Controllers\AdminAreaAudit))
 7 SYSTEMPATH/CodeIgniter.php(361): CodeIgniter\CodeIgniter->handleRequest(null, Object(Config\Cache), false)
 8 FCPATH/index.php(79): CodeIgniter\CodeIgniter->run()
 9 SYSTEMPATH/Commands/Server/rewrite.php(47): require_once('/Applications/XAMPP/xamppfiles/htdocs/ami/public/index.php')
CRITICAL - 2024-04-27 23:14:48 --> Uncaught CodeIgniter\Format\Exceptions\FormatException: Failed to parse JSON string. Error: Malformed UTF-8 characters, possibly incorrectly encoded in /Applications/XAMPP/xamppfiles/htdocs/ami/system/Format/JSONFormatter.php:43
Stack trace:
#0 /Applications/XAMPP/xamppfiles/htdocs/ami/system/Format/JSONFormatter.php(43): CodeIgniter\Format\Exceptions\FormatException::forInvalidJSON('Malformed UTF-8...')
#1 /Applications/XAMPP/xamppfiles/htdocs/ami/system/API/ResponseTrait.php(345): CodeIgniter\Format\JSONFormatter->format(Array)
#2 /Applications/XAMPP/xamppfiles/htdocs/ami/system/API/ResponseTrait.php(98): CodeIgniter\Debug\ExceptionHandler->format(Array)
#3 /Applications/XAMPP/xamppfiles/htdocs/ami/system/Debug/ExceptionHandler.php(81): CodeIgniter\Debug\ExceptionHandler->respond(Array, 500)
#4 /Applications/XAMPP/xamppfiles/htdocs/ami/system/Debug/Exceptions.php(149): CodeIgniter\Debug\ExceptionHandler->handle(Object(mysqli_sql_exception), Object(CodeIgniter\HTTP\IncomingRequest), Object(CodeIgniter\HTTP\Response), 500, 8)
#5 [internal function]: CodeIgniter\Debug\Exceptions->exceptionHandler(Object(mysqli_sql_exception))
#6 {main}
  thrown
„ÄêPrevious Exception„Äë
CodeIgniter\Database\Exceptions\DatabaseException
Illegal mix of collations (utf8mb4_general_ci,IMPLICIT) and (utf8_general_ci,COERCIBLE) for operation '='
#0 /Applications/XAMPP/xamppfiles/htdocs/ami/system/Database/BaseBuilder.php(1615): CodeIgniter\Database\BaseConnection->query('SELECT `s_perta...', Array, false)
#1 /Applications/XAMPP/xamppfiles/htdocs/ami/system/Model.php(871): CodeIgniter\Database\BaseBuilder->get()
#2 /Applications/XAMPP/xamppfiles/htdocs/ami/app/Models/Admin/LanjutanModel.php(48): CodeIgniter\Model->__call('get', Array)
#3 /Applications/XAMPP/xamppfiles/htdocs/ami/app/Controllers/AdminAreaAudit.php(646): App\Models\Admin\LanjutanModel->getlanjutanById('j\xCB\x1E\xB6')
#4 /Applications/XAMPP/xamppfiles/htdocs/ami/system/CodeIgniter.php(942): App\Controllers\AdminAreaAudit->adddetail('assets', 'vendors', 'chartjs', 'Chart.min.css')
#5 /Applications/XAMPP/xamppfiles/htdocs/ami/system/CodeIgniter.php(502): CodeIgniter\CodeIgniter->runController(Object(App\Controllers\AdminAreaAudit))
#6 /Applications/XAMPP/xamppfiles/htdocs/ami/system/CodeIgniter.php(361): CodeIgniter\CodeIgniter->handleRequest(NULL, Object(Config\Cache), false)
#7 /Applications/XAMPP/xamppfiles/htdocs/ami/public/index.php(79): CodeIgniter\CodeIgniter->run()
#8 /Applications/XAMPP/xamppfiles/htdocs/ami/system/Commands/Server/rewrite.php(47): require_once('/Applications/X...')
#9 {main}
in SYSTEMPATH/Format/JSONFormatter.php on line 43.
 1 [internal function]: CodeIgniter\Debug\Exceptions->shutdownHandler()
INFO - 2024-04-27 23:14:56 --> Session: Class initialized using 'CodeIgniter\Session\Handlers\FileHandler' driver.
INFO - 2024-04-27 23:14:56 --> Session: Class initialized using 'CodeIgniter\Session\Handlers\FileHandler' driver.
INFO - 2024-04-27 23:14:56 --> Session: Class initialized using 'CodeIgniter\Session\Handlers\FileHandler' driver.
ERROR - 2024-04-27 23:14:56 --> mysqli_sql_exception: Illegal mix of collations (utf8mb4_general_ci,IMPLICIT) and (utf8_general_ci,COERCIBLE) for operation '=' in /Applications/XAMPP/xamppfiles/htdocs/ami/system/Database/MySQLi/Connection.php:306
Stack trace:
#0 /Applications/XAMPP/xamppfiles/htdocs/ami/system/Database/MySQLi/Connection.php(306): mysqli->query('SELECT *\nFROM `...', 0)
#1 /Applications/XAMPP/xamppfiles/htdocs/ami/system/Database/BaseConnection.php(693): CodeIgniter\Database\MySQLi\Connection->execute('SELECT *\nFROM `...')
#2 /Applications/XAMPP/xamppfiles/htdocs/ami/system/Database/BaseConnection.php(607): CodeIgniter\Database\BaseConnection->simpleQuery('SELECT *\nFROM `...')
#3 /Applications/XAMPP/xamppfiles/htdocs/ami/system/Database/BaseBuilder.php(1615): CodeIgniter\Database\BaseConnection->query('SELECT *\nFROM `...', Array, false)
#4 /Applications/XAMPP/xamppfiles/htdocs/ami/system/Model.php(237): CodeIgniter\Database\BaseBuilder->get()
#5 /Applications/XAMPP/xamppfiles/htdocs/ami/system/BaseModel.php(624): CodeIgniter\Model->doFindAll(0, 0)
#6 /Applications/XAMPP/xamppfiles/htdocs/ami/app/Models/Admin/DetailModel.php(22): CodeIgniter\BaseModel->findAll()
#7 /Applications/XAMPP/xamppfiles/htdocs/ami/app/Controllers/AdminAreaAudit.php(630): App\Models\Admin\DetailModel->getAlldetail('j\xCB\x1E\xB6')
#8 /Applications/XAMPP/xamppfiles/htdocs/ami/system/CodeIgniter.php(942): App\Controllers\AdminAreaAudit->detail('assets', 'vendors', 'chartjs', 'Chart.min.css')
#9 /Applications/XAMPP/xamppfiles/htdocs/ami/system/CodeIgniter.php(502): CodeIgniter\CodeIgniter->runController(Object(App\Controllers\AdminAreaAudit))
#10 /Applications/XAMPP/xamppfiles/htdocs/ami/system/CodeIgniter.php(361): CodeIgniter\CodeIgniter->handleRequest(NULL, Object(Config\Cache), false)
#11 /Applications/XAMPP/xamppfiles/htdocs/ami/public/index.php(79): CodeIgniter\CodeIgniter->run()
#12 /Applications/XAMPP/xamppfiles/htdocs/ami/system/Commands/Server/rewrite.php(47): require_once('/Applications/X...')
#13 {main}
CRITICAL - 2024-04-27 23:14:56 --> Illegal mix of collations (utf8mb4_general_ci,IMPLICIT) and (utf8_general_ci,COERCIBLE) for operation '='
in SYSTEMPATH/Database/BaseConnection.php on line 647.
 1 SYSTEMPATH/Database/BaseBuilder.php(1615): CodeIgniter\Database\BaseConnection->query('SELECT *
FROM `s_pertanyaan_detail`
WHERE `s_p_lanjutan_id` = :s_p_lanjutan_id:
ORDER BY `urutan` ASC', [...], false)
 2 SYSTEMPATH/Model.php(237): CodeIgniter\Database\BaseBuilder->get()
 3 SYSTEMPATH/BaseModel.php(624): CodeIgniter\Model->doFindAll(0, 0)
 4 APPPATH/Models/Admin/DetailModel.php(22): CodeIgniter\BaseModel->findAll()
 5 APPPATH/Controllers/AdminAreaAudit.php(630): App\Models\Admin\DetailModel->getAlldetail('jÀ∂')
 6 SYSTEMPATH/CodeIgniter.php(942): App\Controllers\AdminAreaAudit->detail('assets', 'vendors', 'chartjs', 'Chart.min.css')
 7 SYSTEMPATH/CodeIgniter.php(502): CodeIgniter\CodeIgniter->runController(Object(App\Controllers\AdminAreaAudit))
 8 SYSTEMPATH/CodeIgniter.php(361): CodeIgniter\CodeIgniter->handleRequest(null, Object(Config\Cache), false)
 9 FCPATH/index.php(79): CodeIgniter\CodeIgniter->run()
10 SYSTEMPATH/Commands/Server/rewrite.php(47): require_once('/Applications/XAMPP/xamppfiles/htdocs/ami/public/index.php')
CRITICAL - 2024-04-27 23:14:56 --> Uncaught CodeIgniter\Format\Exceptions\FormatException: Failed to parse JSON string. Error: Malformed UTF-8 characters, possibly incorrectly encoded in /Applications/XAMPP/xamppfiles/htdocs/ami/system/Format/JSONFormatter.php:43
Stack trace:
#0 /Applications/XAMPP/xamppfiles/htdocs/ami/system/Format/JSONFormatter.php(43): CodeIgniter\Format\Exceptions\FormatException::forInvalidJSON('Malformed UTF-8...')
#1 /Applications/XAMPP/xamppfiles/htdocs/ami/system/API/ResponseTrait.php(345): CodeIgniter\Format\JSONFormatter->format(Array)
#2 /Applications/XAMPP/xamppfiles/htdocs/ami/system/API/ResponseTrait.php(98): CodeIgniter\Debug\ExceptionHandler->format(Array)
#3 /Applications/XAMPP/xamppfiles/htdocs/ami/system/Debug/ExceptionHandler.php(81): CodeIgniter\Debug\ExceptionHandler->respond(Array, 500)
#4 /Applications/XAMPP/xamppfiles/htdocs/ami/system/Debug/Exceptions.php(149): CodeIgniter\Debug\ExceptionHandler->handle(Object(mysqli_sql_exception), Object(CodeIgniter\HTTP\IncomingRequest), Object(CodeIgniter\HTTP\Response), 500, 8)
#5 [internal function]: CodeIgniter\Debug\Exceptions->exceptionHandler(Object(mysqli_sql_exception))
#6 {main}
  thrown
„ÄêPrevious Exception„Äë
CodeIgniter\Database\Exceptions\DatabaseException
Illegal mix of collations (utf8mb4_general_ci,IMPLICIT) and (utf8_general_ci,COERCIBLE) for operation '='
#0 /Applications/XAMPP/xamppfiles/htdocs/ami/system/Database/BaseBuilder.php(1615): CodeIgniter\Database\BaseConnection->query('SELECT *\nFROM `...', Array, false)
#1 /Applications/XAMPP/xamppfiles/htdocs/ami/system/Model.php(237): CodeIgniter\Database\BaseBuilder->get()
#2 /Applications/XAMPP/xamppfiles/htdocs/ami/system/BaseModel.php(624): CodeIgniter\Model->doFindAll(0, 0)
#3 /Applications/XAMPP/xamppfiles/htdocs/ami/app/Models/Admin/DetailModel.php(22): CodeIgniter\BaseModel->findAll()
#4 /Applications/XAMPP/xamppfiles/htdocs/ami/app/Controllers/AdminAreaAudit.php(630): App\Models\Admin\DetailModel->getAlldetail('j\xCB\x1E\xB6')
#5 /Applications/XAMPP/xamppfiles/htdocs/ami/system/CodeIgniter.php(942): App\Controllers\AdminAreaAudit->detail('assets', 'vendors', 'chartjs', 'Chart.min.css')
#6 /Applications/XAMPP/xamppfiles/htdocs/ami/system/CodeIgniter.php(502): CodeIgniter\CodeIgniter->runController(Object(App\Controllers\AdminAreaAudit))
#7 /Applications/XAMPP/xamppfiles/htdocs/ami/system/CodeIgniter.php(361): CodeIgniter\CodeIgniter->handleRequest(NULL, Object(Config\Cache), false)
#8 /Applications/XAMPP/xamppfiles/htdocs/ami/public/index.php(79): CodeIgniter\CodeIgniter->run()
#9 /Applications/XAMPP/xamppfiles/htdocs/ami/system/Commands/Server/rewrite.php(47): require_once('/Applications/X...')
#10 {main}
in SYSTEMPATH/Format/JSONFormatter.php on line 43.
 1 [internal function]: CodeIgniter\Debug\Exceptions->shutdownHandler()
INFO - 2024-04-27 23:15:09 --> Session: Class initialized using 'CodeIgniter\Session\Handlers\FileHandler' driver.
INFO - 2024-04-27 23:15:09 --> Session: Class initialized using 'CodeIgniter\Session\Handlers\FileHandler' driver.
ERROR - 2024-04-27 23:15:09 --> mysqli_sql_exception: Illegal mix of collations (utf8mb4_general_ci,IMPLICIT) and (utf8_general_ci,COERCIBLE) for operation '=' in /Applications/XAMPP/xamppfiles/htdocs/ami/system/Database/MySQLi/Connection.php:306
Stack trace:
#0 /Applications/XAMPP/xamppfiles/htdocs/ami/system/Database/MySQLi/Connection.php(306): mysqli->query('SELECT *\nFROM `...', 0)
#1 /Applications/XAMPP/xamppfiles/htdocs/ami/system/Database/BaseConnection.php(693): CodeIgniter\Database\MySQLi\Connection->execute('SELECT *\nFROM `...')
#2 /Applications/XAMPP/xamppfiles/htdocs/ami/system/Database/BaseConnection.php(607): CodeIgniter\Database\BaseConnection->simpleQuery('SELECT *\nFROM `...')
#3 /Applications/XAMPP/xamppfiles/htdocs/ami/system/Database/BaseBuilder.php(1615): CodeIgniter\Database\BaseConnection->query('SELECT *\nFROM `...', Array, false)
#4 /Applications/XAMPP/xamppfiles/htdocs/ami/system/Model.php(237): CodeIgniter\Database\BaseBuilder->get()
#5 /Applications/XAMPP/xamppfiles/htdocs/ami/system/BaseModel.php(624): CodeIgniter\Model->doFindAll(0, 0)
#6 /Applications/XAMPP/xamppfiles/htdocs/ami/app/Models/Admin/LanjutanModel.php(22): CodeIgniter\BaseModel->findAll()
#7 /Applications/XAMPP/xamppfiles/htdocs/ami/app/Controllers/AdminAreaAudit.php(482): App\Models\Admin\LanjutanModel->getAlllanjutan('j\xCB\x1E\xB6')
#8 /Applications/XAMPP/xamppfiles/htdocs/ami/system/CodeIgniter.php(942): App\Controllers\AdminAreaAudit->lanjutan('assets', 'vendors', 'chartjs', 'Chart.min.css')
#9 /Applications/XAMPP/xamppfiles/htdocs/ami/system/CodeIgniter.php(502): CodeIgniter\CodeIgniter->runController(Object(App\Controllers\AdminAreaAudit))
#10 /Applications/XAMPP/xamppfiles/htdocs/ami/system/CodeIgniter.php(361): CodeIgniter\CodeIgniter->handleRequest(NULL, Object(Config\Cache), false)
#11 /Applications/XAMPP/xamppfiles/htdocs/ami/public/index.php(79): CodeIgniter\CodeIgniter->run()
#12 /Applications/XAMPP/xamppfiles/htdocs/ami/system/Commands/Server/rewrite.php(47): require_once('/Applications/X...')
#13 {main}
CRITICAL - 2024-04-27 23:15:09 --> Illegal mix of collations (utf8mb4_general_ci,IMPLICIT) and (utf8_general_ci,COERCIBLE) for operation '='
in SYSTEMPATH/Database/BaseConnection.php on line 647.
 1 SYSTEMPATH/Database/BaseBuilder.php(1615): CodeIgniter\Database\BaseConnection->query('SELECT *
FROM `s_pertanyaan_lanjutan`
WHERE `s_p_isi_id` = :s_p_isi_id:
ORDER BY `urutan` ASC', [...], false)
 2 SYSTEMPATH/Model.php(237): CodeIgniter\Database\BaseBuilder->get()
 3 SYSTEMPATH/BaseModel.php(624): CodeIgniter\Model->doFindAll(0, 0)
 4 APPPATH/Models/Admin/LanjutanModel.php(22): CodeIgniter\BaseModel->findAll()
 5 APPPATH/Controllers/AdminAreaAudit.php(482): App\Models\Admin\LanjutanModel->getAlllanjutan('jÀ∂')
 6 SYSTEMPATH/CodeIgniter.php(942): App\Controllers\AdminAreaAudit->lanjutan('assets', 'vendors', 'chartjs', 'Chart.min.css')
 7 SYSTEMPATH/CodeIgniter.php(502): CodeIgniter\CodeIgniter->runController(Object(App\Controllers\AdminAreaAudit))
 8 SYSTEMPATH/CodeIgniter.php(361): CodeIgniter\CodeIgniter->handleRequest(null, Object(Config\Cache), false)
 9 FCPATH/index.php(79): CodeIgniter\CodeIgniter->run()
10 SYSTEMPATH/Commands/Server/rewrite.php(47): require_once('/Applications/XAMPP/xamppfiles/htdocs/ami/public/index.php')
CRITICAL - 2024-04-27 23:15:09 --> Uncaught CodeIgniter\Format\Exceptions\FormatException: Failed to parse JSON string. Error: Malformed UTF-8 characters, possibly incorrectly encoded in /Applications/XAMPP/xamppfiles/htdocs/ami/system/Format/JSONFormatter.php:43
Stack trace:
#0 /Applications/XAMPP/xamppfiles/htdocs/ami/system/Format/JSONFormatter.php(43): CodeIgniter\Format\Exceptions\FormatException::forInvalidJSON('Malformed UTF-8...')
#1 /Applications/XAMPP/xamppfiles/htdocs/ami/system/API/ResponseTrait.php(345): CodeIgniter\Format\JSONFormatter->format(Array)
#2 /Applications/XAMPP/xamppfiles/htdocs/ami/system/API/ResponseTrait.php(98): CodeIgniter\Debug\ExceptionHandler->format(Array)
#3 /Applications/XAMPP/xamppfiles/htdocs/ami/system/Debug/ExceptionHandler.php(81): CodeIgniter\Debug\ExceptionHandler->respond(Array, 500)
#4 /Applications/XAMPP/xamppfiles/htdocs/ami/system/Debug/Exceptions.php(149): CodeIgniter\Debug\ExceptionHandler->handle(Object(mysqli_sql_exception), Object(CodeIgniter\HTTP\IncomingRequest), Object(CodeIgniter\HTTP\Response), 500, 8)
#5 [internal function]: CodeIgniter\Debug\Exceptions->exceptionHandler(Object(mysqli_sql_exception))
#6 {main}
  thrown
„ÄêPrevious Exception„Äë
CodeIgniter\Database\Exceptions\DatabaseException
Illegal mix of collations (utf8mb4_general_ci,IMPLICIT) and (utf8_general_ci,COERCIBLE) for operation '='
#0 /Applications/XAMPP/xamppfiles/htdocs/ami/system/Database/BaseBuilder.php(1615): CodeIgniter\Database\BaseConnection->query('SELECT *\nFROM `...', Array, false)
#1 /Applications/XAMPP/xamppfiles/htdocs/ami/system/Model.php(237): CodeIgniter\Database\BaseBuilder->get()
#2 /Applications/XAMPP/xamppfiles/htdocs/ami/system/BaseModel.php(624): CodeIgniter\Model->doFindAll(0, 0)
#3 /Applications/XAMPP/xamppfiles/htdocs/ami/app/Models/Admin/LanjutanModel.php(22): CodeIgniter\BaseModel->findAll()
#4 /Applications/XAMPP/xamppfiles/htdocs/ami/app/Controllers/AdminAreaAudit.php(482): App\Models\Admin\LanjutanModel->getAlllanjutan('j\xCB\x1E\xB6')
#5 /Applications/XAMPP/xamppfiles/htdocs/ami/system/CodeIgniter.php(942): App\Controllers\AdminAreaAudit->lanjutan('assets', 'vendors', 'chartjs', 'Chart.min.css')
#6 /Applications/XAMPP/xamppfiles/htdocs/ami/system/CodeIgniter.php(502): CodeIgniter\CodeIgniter->runController(Object(App\Controllers\AdminAreaAudit))
#7 /Applications/XAMPP/xamppfiles/htdocs/ami/system/CodeIgniter.php(361): CodeIgniter\CodeIgniter->handleRequest(NULL, Object(Config\Cache), false)
#8 /Applications/XAMPP/xamppfiles/htdocs/ami/public/index.php(79): CodeIgniter\CodeIgniter->run()
#9 /Applications/XAMPP/xamppfiles/htdocs/ami/system/Commands/Server/rewrite.php(47): require_once('/Applications/X...')
#10 {main}
in SYSTEMPATH/Format/JSONFormatter.php on line 43.
 1 [internal function]: CodeIgniter\Debug\Exceptions->shutdownHandler()
INFO - 2024-04-27 23:15:11 --> Session: Class initialized using 'CodeIgniter\Session\Handlers\FileHandler' driver.
INFO - 2024-04-27 23:15:11 --> Session: Class initialized using 'CodeIgniter\Session\Handlers\FileHandler' driver.
ERROR - 2024-04-27 23:15:11 --> mysqli_sql_exception: Illegal mix of collations (utf8mb4_general_ci,IMPLICIT) and (utf8_general_ci,COERCIBLE) for operation '=' in /Applications/XAMPP/xamppfiles/htdocs/ami/system/Database/MySQLi/Connection.php:306
Stack trace:
#0 /Applications/XAMPP/xamppfiles/htdocs/ami/system/Database/MySQLi/Connection.php(306): mysqli->query('SELECT *\nFROM `...', 0)
#1 /Applications/XAMPP/xamppfiles/htdocs/ami/system/Database/BaseConnection.php(693): CodeIgniter\Database\MySQLi\Connection->execute('SELECT *\nFROM `...')
#2 /Applications/XAMPP/xamppfiles/htdocs/ami/system/Database/BaseConnection.php(607): CodeIgniter\Database\BaseConnection->simpleQuery('SELECT *\nFROM `...')
#3 /Applications/XAMPP/xamppfiles/htdocs/ami/system/Database/BaseBuilder.php(1615): CodeIgniter\Database\BaseConnection->query('SELECT *\nFROM `...', Array, false)
#4 /Applications/XAMPP/xamppfiles/htdocs/ami/system/Model.php(237): CodeIgniter\Database\BaseBuilder->get()
#5 /Applications/XAMPP/xamppfiles/htdocs/ami/system/BaseModel.php(624): CodeIgniter\Model->doFindAll(0, 0)
#6 /Applications/XAMPP/xamppfiles/htdocs/ami/app/Models/Admin/IsiModel.php(22): CodeIgniter\BaseModel->findAll()
#7 /Applications/XAMPP/xamppfiles/htdocs/ami/app/Controllers/AdminAreaAudit.php(333): App\Models\Admin\IsiModel->getAllisi('j\xCB\x1E\xB6')
#8 /Applications/XAMPP/xamppfiles/htdocs/ami/system/CodeIgniter.php(942): App\Controllers\AdminAreaAudit->isi('assets', 'vendors', 'chartjs', 'Chart.min.css')
#9 /Applications/XAMPP/xamppfiles/htdocs/ami/system/CodeIgniter.php(502): CodeIgniter\CodeIgniter->runController(Object(App\Controllers\AdminAreaAudit))
#10 /Applications/XAMPP/xamppfiles/htdocs/ami/system/CodeIgniter.php(361): CodeIgniter\CodeIgniter->handleRequest(NULL, Object(Config\Cache), false)
#11 /Applications/XAMPP/xamppfiles/htdocs/ami/public/index.php(79): CodeIgniter\CodeIgniter->run()
#12 /Applications/XAMPP/xamppfiles/htdocs/ami/system/Commands/Server/rewrite.php(47): require_once('/Applications/X...')
#13 {main}
CRITICAL - 2024-04-27 23:15:11 --> Illegal mix of collations (utf8mb4_general_ci,IMPLICIT) and (utf8_general_ci,COERCIBLE) for operation '='
in SYSTEMPATH/Database/BaseConnection.php on line 647.
 1 SYSTEMPATH/Database/BaseBuilder.php(1615): CodeIgniter\Database\BaseConnection->query('SELECT *
FROM `s_pertanyaan_isi`
WHERE `standar_id` = :standar_id:
ORDER BY `urutan` ASC', [...], false)
 2 SYSTEMPATH/Model.php(237): CodeIgniter\Database\BaseBuilder->get()
 3 SYSTEMPATH/BaseModel.php(624): CodeIgniter\Model->doFindAll(0, 0)
 4 APPPATH/Models/Admin/IsiModel.php(22): CodeIgniter\BaseModel->findAll()
 5 APPPATH/Controllers/AdminAreaAudit.php(333): App\Models\Admin\IsiModel->getAllisi('jÀ∂')
 6 SYSTEMPATH/CodeIgniter.php(942): App\Controllers\AdminAreaAudit->isi('assets', 'vendors', 'chartjs', 'Chart.min.css')
 7 SYSTEMPATH/CodeIgniter.php(502): CodeIgniter\CodeIgniter->runController(Object(App\Controllers\AdminAreaAudit))
 8 SYSTEMPATH/CodeIgniter.php(361): CodeIgniter\CodeIgniter->handleRequest(null, Object(Config\Cache), false)
 9 FCPATH/index.php(79): CodeIgniter\CodeIgniter->run()
10 SYSTEMPATH/Commands/Server/rewrite.php(47): require_once('/Applications/XAMPP/xamppfiles/htdocs/ami/public/index.php')
CRITICAL - 2024-04-27 23:15:11 --> Uncaught CodeIgniter\Format\Exceptions\FormatException: Failed to parse JSON string. Error: Malformed UTF-8 characters, possibly incorrectly encoded in /Applications/XAMPP/xamppfiles/htdocs/ami/system/Format/JSONFormatter.php:43
Stack trace:
#0 /Applications/XAMPP/xamppfiles/htdocs/ami/system/Format/JSONFormatter.php(43): CodeIgniter\Format\Exceptions\FormatException::forInvalidJSON('Malformed UTF-8...')
#1 /Applications/XAMPP/xamppfiles/htdocs/ami/system/API/ResponseTrait.php(345): CodeIgniter\Format\JSONFormatter->format(Array)
#2 /Applications/XAMPP/xamppfiles/htdocs/ami/system/API/ResponseTrait.php(98): CodeIgniter\Debug\ExceptionHandler->format(Array)
#3 /Applications/XAMPP/xamppfiles/htdocs/ami/system/Debug/ExceptionHandler.php(81): CodeIgniter\Debug\ExceptionHandler->respond(Array, 500)
#4 /Applications/XAMPP/xamppfiles/htdocs/ami/system/Debug/Exceptions.php(149): CodeIgniter\Debug\ExceptionHandler->handle(Object(mysqli_sql_exception), Object(CodeIgniter\HTTP\IncomingRequest), Object(CodeIgniter\HTTP\Response), 500, 8)
#5 [internal function]: CodeIgniter\Debug\Exceptions->exceptionHandler(Object(mysqli_sql_exception))
#6 {main}
  thrown
„ÄêPrevious Exception„Äë
CodeIgniter\Database\Exceptions\DatabaseException
Illegal mix of collations (utf8mb4_general_ci,IMPLICIT) and (utf8_general_ci,COERCIBLE) for operation '='
#0 /Applications/XAMPP/xamppfiles/htdocs/ami/system/Database/BaseBuilder.php(1615): CodeIgniter\Database\BaseConnection->query('SELECT *\nFROM `...', Array, false)
#1 /Applications/XAMPP/xamppfiles/htdocs/ami/system/Model.php(237): CodeIgniter\Database\BaseBuilder->get()
#2 /Applications/XAMPP/xamppfiles/htdocs/ami/system/BaseModel.php(624): CodeIgniter\Model->doFindAll(0, 0)
#3 /Applications/XAMPP/xamppfiles/htdocs/ami/app/Models/Admin/IsiModel.php(22): CodeIgniter\BaseModel->findAll()
#4 /Applications/XAMPP/xamppfiles/htdocs/ami/app/Controllers/AdminAreaAudit.php(333): App\Models\Admin\IsiModel->getAllisi('j\xCB\x1E\xB6')
#5 /Applications/XAMPP/xamppfiles/htdocs/ami/system/CodeIgniter.php(942): App\Controllers\AdminAreaAudit->isi('assets', 'vendors', 'chartjs', 'Chart.min.css')
#6 /Applications/XAMPP/xamppfiles/htdocs/ami/system/CodeIgniter.php(502): CodeIgniter\CodeIgniter->runController(Object(App\Controllers\AdminAreaAudit))
#7 /Applications/XAMPP/xamppfiles/htdocs/ami/system/CodeIgniter.php(361): CodeIgniter\CodeIgniter->handleRequest(NULL, Object(Config\Cache), false)
#8 /Applications/XAMPP/xamppfiles/htdocs/ami/public/index.php(79): CodeIgniter\CodeIgniter->run()
#9 /Applications/XAMPP/xamppfiles/htdocs/ami/system/Commands/Server/rewrite.php(47): require_once('/Applications/X...')
#10 {main}
in SYSTEMPATH/Format/JSONFormatter.php on line 43.
 1 [internal function]: CodeIgniter\Debug\Exceptions->shutdownHandler()
INFO - 2024-04-27 23:15:12 --> Session: Class initialized using 'CodeIgniter\Session\Handlers\FileHandler' driver.
INFO - 2024-04-27 23:15:12 --> Session: Class initialized using 'CodeIgniter\Session\Handlers\FileHandler' driver.
ERROR - 2024-04-27 23:15:12 --> mysqli_sql_exception: Illegal mix of collations (utf8mb4_general_ci,IMPLICIT) and (utf8_general_ci,COERCIBLE) for operation '=' in /Applications/XAMPP/xamppfiles/htdocs/ami/system/Database/MySQLi/Connection.php:306
Stack trace:
#0 /Applications/XAMPP/xamppfiles/htdocs/ami/system/Database/MySQLi/Connection.php(306): mysqli->query('SELECT *\nFROM `...', 0)
#1 /Applications/XAMPP/xamppfiles/htdocs/ami/system/Database/BaseConnection.php(693): CodeIgniter\Database\MySQLi\Connection->execute('SELECT *\nFROM `...')
#2 /Applications/XAMPP/xamppfiles/htdocs/ami/system/Database/BaseConnection.php(607): CodeIgniter\Database\BaseConnection->simpleQuery('SELECT *\nFROM `...')
#3 /Applications/XAMPP/xamppfiles/htdocs/ami/system/Database/BaseBuilder.php(1615): CodeIgniter\Database\BaseConnection->query('SELECT *\nFROM `...', Array, false)
#4 /Applications/XAMPP/xamppfiles/htdocs/ami/system/Model.php(237): CodeIgniter\Database\BaseBuilder->get()
#5 /Applications/XAMPP/xamppfiles/htdocs/ami/system/BaseModel.php(624): CodeIgniter\Model->doFindAll(0, 0)
#6 /Applications/XAMPP/xamppfiles/htdocs/ami/app/Models/Admin/StandarModel.php(22): CodeIgniter\BaseModel->findAll()
#7 /Applications/XAMPP/xamppfiles/htdocs/ami/app/Controllers/AdminAreaAudit.php(178): App\Models\Admin\StandarModel->getAllStandar('j\xCB\x1E\xB6')
#8 /Applications/XAMPP/xamppfiles/htdocs/ami/system/CodeIgniter.php(942): App\Controllers\AdminAreaAudit->Standar('assets', 'vendors', 'chartjs', 'Chart.min.css')
#9 /Applications/XAMPP/xamppfiles/htdocs/ami/system/CodeIgniter.php(502): CodeIgniter\CodeIgniter->runController(Object(App\Controllers\AdminAreaAudit))
#10 /Applications/XAMPP/xamppfiles/htdocs/ami/system/CodeIgniter.php(361): CodeIgniter\CodeIgniter->handleRequest(NULL, Object(Config\Cache), false)
#11 /Applications/XAMPP/xamppfiles/htdocs/ami/public/index.php(79): CodeIgniter\CodeIgniter->run()
#12 /Applications/XAMPP/xamppfiles/htdocs/ami/system/Commands/Server/rewrite.php(47): require_once('/Applications/X...')
#13 {main}
CRITICAL - 2024-04-27 23:15:12 --> Illegal mix of collations (utf8mb4_general_ci,IMPLICIT) and (utf8_general_ci,COERCIBLE) for operation '='
in SYSTEMPATH/Database/BaseConnection.php on line 647.
 1 SYSTEMPATH/Database/BaseBuilder.php(1615): CodeIgniter\Database\BaseConnection->query('SELECT *
FROM `standar`
WHERE `area_audit_id` = :area_audit_id:
ORDER BY `urutan` ASC', [...], false)
 2 SYSTEMPATH/Model.php(237): CodeIgniter\Database\BaseBuilder->get()
 3 SYSTEMPATH/BaseModel.php(624): CodeIgniter\Model->doFindAll(0, 0)
 4 APPPATH/Models/Admin/StandarModel.php(22): CodeIgniter\BaseModel->findAll()
 5 APPPATH/Controllers/AdminAreaAudit.php(178): App\Models\Admin\StandarModel->getAllStandar('jÀ∂')
 6 SYSTEMPATH/CodeIgniter.php(942): App\Controllers\AdminAreaAudit->Standar('assets', 'vendors', 'chartjs', 'Chart.min.css')
 7 SYSTEMPATH/CodeIgniter.php(502): CodeIgniter\CodeIgniter->runController(Object(App\Controllers\AdminAreaAudit))
 8 SYSTEMPATH/CodeIgniter.php(361): CodeIgniter\CodeIgniter->handleRequest(null, Object(Config\Cache), false)
 9 FCPATH/index.php(79): CodeIgniter\CodeIgniter->run()
10 SYSTEMPATH/Commands/Server/rewrite.php(47): require_once('/Applications/XAMPP/xamppfiles/htdocs/ami/public/index.php')
CRITICAL - 2024-04-27 23:15:12 --> Uncaught CodeIgniter\Format\Exceptions\FormatException: Failed to parse JSON string. Error: Malformed UTF-8 characters, possibly incorrectly encoded in /Applications/XAMPP/xamppfiles/htdocs/ami/system/Format/JSONFormatter.php:43
Stack trace:
#0 /Applications/XAMPP/xamppfiles/htdocs/ami/system/Format/JSONFormatter.php(43): CodeIgniter\Format\Exceptions\FormatException::forInvalidJSON('Malformed UTF-8...')
#1 /Applications/XAMPP/xamppfiles/htdocs/ami/system/API/ResponseTrait.php(345): CodeIgniter\Format\JSONFormatter->format(Array)
#2 /Applications/XAMPP/xamppfiles/htdocs/ami/system/API/ResponseTrait.php(98): CodeIgniter\Debug\ExceptionHandler->format(Array)
#3 /Applications/XAMPP/xamppfiles/htdocs/ami/system/Debug/ExceptionHandler.php(81): CodeIgniter\Debug\ExceptionHandler->respond(Array, 500)
#4 /Applications/XAMPP/xamppfiles/htdocs/ami/system/Debug/Exceptions.php(149): CodeIgniter\Debug\ExceptionHandler->handle(Object(mysqli_sql_exception), Object(CodeIgniter\HTTP\IncomingRequest), Object(CodeIgniter\HTTP\Response), 500, 8)
#5 [internal function]: CodeIgniter\Debug\Exceptions->exceptionHandler(Object(mysqli_sql_exception))
#6 {main}
  thrown
„ÄêPrevious Exception„Äë
CodeIgniter\Database\Exceptions\DatabaseException
Illegal mix of collations (utf8mb4_general_ci,IMPLICIT) and (utf8_general_ci,COERCIBLE) for operation '='
#0 /Applications/XAMPP/xamppfiles/htdocs/ami/system/Database/BaseBuilder.php(1615): CodeIgniter\Database\BaseConnection->query('SELECT *\nFROM `...', Array, false)
#1 /Applications/XAMPP/xamppfiles/htdocs/ami/system/Model.php(237): CodeIgniter\Database\BaseBuilder->get()
#2 /Applications/XAMPP/xamppfiles/htdocs/ami/system/BaseModel.php(624): CodeIgniter\Model->doFindAll(0, 0)
#3 /Applications/XAMPP/xamppfiles/htdocs/ami/app/Models/Admin/StandarModel.php(22): CodeIgniter\BaseModel->findAll()
#4 /Applications/XAMPP/xamppfiles/htdocs/ami/app/Controllers/AdminAreaAudit.php(178): App\Models\Admin\StandarModel->getAllStandar('j\xCB\x1E\xB6')
#5 /Applications/XAMPP/xamppfiles/htdocs/ami/system/CodeIgniter.php(942): App\Controllers\AdminAreaAudit->Standar('assets', 'vendors', 'chartjs', 'Chart.min.css')
#6 /Applications/XAMPP/xamppfiles/htdocs/ami/system/CodeIgniter.php(502): CodeIgniter\CodeIgniter->runController(Object(App\Controllers\AdminAreaAudit))
#7 /Applications/XAMPP/xamppfiles/htdocs/ami/system/CodeIgniter.php(361): CodeIgniter\CodeIgniter->handleRequest(NULL, Object(Config\Cache), false)
#8 /Applications/XAMPP/xamppfiles/htdocs/ami/public/index.php(79): CodeIgniter\CodeIgniter->run()
#9 /Applications/XAMPP/xamppfiles/htdocs/ami/system/Commands/Server/rewrite.php(47): require_once('/Applications/X...')
#10 {main}
in SYSTEMPATH/Format/JSONFormatter.php on line 43.
 1 [internal function]: CodeIgniter\Debug\Exceptions->shutdownHandler()
INFO - 2024-04-27 23:15:24 --> Session: Class initialized using 'CodeIgniter\Session\Handlers\FileHandler' driver.
INFO - 2024-04-27 23:15:24 --> Session: Class initialized using 'CodeIgniter\Session\Handlers\FileHandler' driver.
ERROR - 2024-04-27 23:15:24 --> mysqli_sql_exception: Illegal mix of collations (utf8mb4_general_ci,IMPLICIT) and (utf8_general_ci,COERCIBLE) for operation '=' in /Applications/XAMPP/xamppfiles/htdocs/ami/system/Database/MySQLi/Connection.php:306
Stack trace:
#0 /Applications/XAMPP/xamppfiles/htdocs/ami/system/Database/MySQLi/Connection.php(306): mysqli->query('SELECT *\nFROM `...', 0)
#1 /Applications/XAMPP/xamppfiles/htdocs/ami/system/Database/BaseConnection.php(693): CodeIgniter\Database\MySQLi\Connection->execute('SELECT *\nFROM `...')
#2 /Applications/XAMPP/xamppfiles/htdocs/ami/system/Database/BaseConnection.php(607): CodeIgniter\Database\BaseConnection->simpleQuery('SELECT *\nFROM `...')
#3 /Applications/XAMPP/xamppfiles/htdocs/ami/system/Database/BaseBuilder.php(1615): CodeIgniter\Database\BaseConnection->query('SELECT *\nFROM `...', Array, false)
#4 /Applications/XAMPP/xamppfiles/htdocs/ami/system/Model.php(871): CodeIgniter\Database\BaseBuilder->get()
#5 /Applications/XAMPP/xamppfiles/htdocs/ami/app/Models/Admin/AreaAuditModel.php(41): CodeIgniter\Model->__call('get', Array)
#6 /Applications/XAMPP/xamppfiles/htdocs/ami/app/Controllers/AdminAreaAudit.php(193): App\Models\Admin\AreaAuditModel->getAreaAuditById('j\xCB\x1E\xB6')
#7 /Applications/XAMPP/xamppfiles/htdocs/ami/system/CodeIgniter.php(942): App\Controllers\AdminAreaAudit->addStandar('assets', 'vendors', 'chartjs', 'Chart.min.css')
#8 /Applications/XAMPP/xamppfiles/htdocs/ami/system/CodeIgniter.php(502): CodeIgniter\CodeIgniter->runController(Object(App\Controllers\AdminAreaAudit))
#9 /Applications/XAMPP/xamppfiles/htdocs/ami/system/CodeIgniter.php(361): CodeIgniter\CodeIgniter->handleRequest(NULL, Object(Config\Cache), false)
#10 /Applications/XAMPP/xamppfiles/htdocs/ami/public/index.php(79): CodeIgniter\CodeIgniter->run()
#11 /Applications/XAMPP/xamppfiles/htdocs/ami/system/Commands/Server/rewrite.php(47): require_once('/Applications/X...')
#12 {main}
CRITICAL - 2024-04-27 23:15:24 --> Illegal mix of collations (utf8mb4_general_ci,IMPLICIT) and (utf8_general_ci,COERCIBLE) for operation '='
in SYSTEMPATH/Database/BaseConnection.php on line 647.
 1 SYSTEMPATH/Database/BaseBuilder.php(1615): CodeIgniter\Database\BaseConnection->query('SELECT *
FROM `area_audit`
WHERE `id` = :id:', [...], false)
 2 SYSTEMPATH/Model.php(871): CodeIgniter\Database\BaseBuilder->get()
 3 APPPATH/Models/Admin/AreaAuditModel.php(41): CodeIgniter\Model->__call('get', [])
 4 APPPATH/Controllers/AdminAreaAudit.php(193): App\Models\Admin\AreaAuditModel->getAreaAuditById('jÀ∂')
 5 SYSTEMPATH/CodeIgniter.php(942): App\Controllers\AdminAreaAudit->addStandar('assets', 'vendors', 'chartjs', 'Chart.min.css')
 6 SYSTEMPATH/CodeIgniter.php(502): CodeIgniter\CodeIgniter->runController(Object(App\Controllers\AdminAreaAudit))
 7 SYSTEMPATH/CodeIgniter.php(361): CodeIgniter\CodeIgniter->handleRequest(null, Object(Config\Cache), false)
 8 FCPATH/index.php(79): CodeIgniter\CodeIgniter->run()
 9 SYSTEMPATH/Commands/Server/rewrite.php(47): require_once('/Applications/XAMPP/xamppfiles/htdocs/ami/public/index.php')
CRITICAL - 2024-04-27 23:15:24 --> Uncaught CodeIgniter\Format\Exceptions\FormatException: Failed to parse JSON string. Error: Malformed UTF-8 characters, possibly incorrectly encoded in /Applications/XAMPP/xamppfiles/htdocs/ami/system/Format/JSONFormatter.php:43
Stack trace:
#0 /Applications/XAMPP/xamppfiles/htdocs/ami/system/Format/JSONFormatter.php(43): CodeIgniter\Format\Exceptions\FormatException::forInvalidJSON('Malformed UTF-8...')
#1 /Applications/XAMPP/xamppfiles/htdocs/ami/system/API/ResponseTrait.php(345): CodeIgniter\Format\JSONFormatter->format(Array)
#2 /Applications/XAMPP/xamppfiles/htdocs/ami/system/API/ResponseTrait.php(98): CodeIgniter\Debug\ExceptionHandler->format(Array)
#3 /Applications/XAMPP/xamppfiles/htdocs/ami/system/Debug/ExceptionHandler.php(81): CodeIgniter\Debug\ExceptionHandler->respond(Array, 500)
#4 /Applications/XAMPP/xamppfiles/htdocs/ami/system/Debug/Exceptions.php(149): CodeIgniter\Debug\ExceptionHandler->handle(Object(mysqli_sql_exception), Object(CodeIgniter\HTTP\IncomingRequest), Object(CodeIgniter\HTTP\Response), 500, 8)
#5 [internal function]: CodeIgniter\Debug\Exceptions->exceptionHandler(Object(mysqli_sql_exception))
#6 {main}
  thrown
„ÄêPrevious Exception„Äë
CodeIgniter\Database\Exceptions\DatabaseException
Illegal mix of collations (utf8mb4_general_ci,IMPLICIT) and (utf8_general_ci,COERCIBLE) for operation '='
#0 /Applications/XAMPP/xamppfiles/htdocs/ami/system/Database/BaseBuilder.php(1615): CodeIgniter\Database\BaseConnection->query('SELECT *\nFROM `...', Array, false)
#1 /Applications/XAMPP/xamppfiles/htdocs/ami/system/Model.php(871): CodeIgniter\Database\BaseBuilder->get()
#2 /Applications/XAMPP/xamppfiles/htdocs/ami/app/Models/Admin/AreaAuditModel.php(41): CodeIgniter\Model->__call('get', Array)
#3 /Applications/XAMPP/xamppfiles/htdocs/ami/app/Controllers/AdminAreaAudit.php(193): App\Models\Admin\AreaAuditModel->getAreaAuditById('j\xCB\x1E\xB6')
#4 /Applications/XAMPP/xamppfiles/htdocs/ami/system/CodeIgniter.php(942): App\Controllers\AdminAreaAudit->addStandar('assets', 'vendors', 'chartjs', 'Chart.min.css')
#5 /Applications/XAMPP/xamppfiles/htdocs/ami/system/CodeIgniter.php(502): CodeIgniter\CodeIgniter->runController(Object(App\Controllers\AdminAreaAudit))
#6 /Applications/XAMPP/xamppfiles/htdocs/ami/system/CodeIgniter.php(361): CodeIgniter\CodeIgniter->handleRequest(NULL, Object(Config\Cache), false)
#7 /Applications/XAMPP/xamppfiles/htdocs/ami/public/index.php(79): CodeIgniter\CodeIgniter->run()
#8 /Applications/XAMPP/xamppfiles/htdocs/ami/system/Commands/Server/rewrite.php(47): require_once('/Applications/X...')
#9 {main}
in SYSTEMPATH/Format/JSONFormatter.php on line 43.
 1 [internal function]: CodeIgniter\Debug\Exceptions->shutdownHandler()
INFO - 2024-04-27 23:15:36 --> Session: Class initialized using 'CodeIgniter\Session\Handlers\FileHandler' driver.
INFO - 2024-04-27 23:15:36 --> Session: Class initialized using 'CodeIgniter\Session\Handlers\FileHandler' driver.
INFO - 2024-04-27 23:15:36 --> Session: Class initialized using 'CodeIgniter\Session\Handlers\FileHandler' driver.
ERROR - 2024-04-27 23:15:36 --> mysqli_sql_exception: Illegal mix of collations (utf8mb4_general_ci,IMPLICIT) and (utf8_general_ci,COERCIBLE) for operation '=' in /Applications/XAMPP/xamppfiles/htdocs/ami/system/Database/MySQLi/Connection.php:306
Stack trace:
#0 /Applications/XAMPP/xamppfiles/htdocs/ami/system/Database/MySQLi/Connection.php(306): mysqli->query('SELECT *\nFROM `...', 0)
#1 /Applications/XAMPP/xamppfiles/htdocs/ami/system/Database/BaseConnection.php(693): CodeIgniter\Database\MySQLi\Connection->execute('SELECT *\nFROM `...')
#2 /Applications/XAMPP/xamppfiles/htdocs/ami/system/Database/BaseConnection.php(607): CodeIgniter\Database\BaseConnection->simpleQuery('SELECT *\nFROM `...')
#3 /Applications/XAMPP/xamppfiles/htdocs/ami/system/Database/BaseBuilder.php(1615): CodeIgniter\Database\BaseConnection->query('SELECT *\nFROM `...', Array, false)
#4 /Applications/XAMPP/xamppfiles/htdocs/ami/system/Model.php(237): CodeIgniter\Database\BaseBuilder->get()
#5 /Applications/XAMPP/xamppfiles/htdocs/ami/system/BaseModel.php(624): CodeIgniter\Model->doFindAll(0, 0)
#6 /Applications/XAMPP/xamppfiles/htdocs/ami/app/Models/Admin/StandarModel.php(22): CodeIgniter\BaseModel->findAll()
#7 /Applications/XAMPP/xamppfiles/htdocs/ami/app/Controllers/AdminAreaAudit.php(178): App\Models\Admin\StandarModel->getAllStandar('j\xCB\x1E\xB6')
#8 /Applications/XAMPP/xamppfiles/htdocs/ami/system/CodeIgniter.php(942): App\Controllers\AdminAreaAudit->Standar('assets', 'vendors', 'chartjs', 'Chart.min.css')
#9 /Applications/XAMPP/xamppfiles/htdocs/ami/system/CodeIgniter.php(502): CodeIgniter\CodeIgniter->runController(Object(App\Controllers\AdminAreaAudit))
#10 /Applications/XAMPP/xamppfiles/htdocs/ami/system/CodeIgniter.php(361): CodeIgniter\CodeIgniter->handleRequest(NULL, Object(Config\Cache), false)
#11 /Applications/XAMPP/xamppfiles/htdocs/ami/public/index.php(79): CodeIgniter\CodeIgniter->run()
#12 /Applications/XAMPP/xamppfiles/htdocs/ami/system/Commands/Server/rewrite.php(47): require_once('/Applications/X...')
#13 {main}
CRITICAL - 2024-04-27 23:15:36 --> Illegal mix of collations (utf8mb4_general_ci,IMPLICIT) and (utf8_general_ci,COERCIBLE) for operation '='
in SYSTEMPATH/Database/BaseConnection.php on line 647.
 1 SYSTEMPATH/Database/BaseBuilder.php(1615): CodeIgniter\Database\BaseConnection->query('SELECT *
FROM `standar`
WHERE `area_audit_id` = :area_audit_id:
ORDER BY `urutan` ASC', [...], false)
 2 SYSTEMPATH/Model.php(237): CodeIgniter\Database\BaseBuilder->get()
 3 SYSTEMPATH/BaseModel.php(624): CodeIgniter\Model->doFindAll(0, 0)
 4 APPPATH/Models/Admin/StandarModel.php(22): CodeIgniter\BaseModel->findAll()
 5 APPPATH/Controllers/AdminAreaAudit.php(178): App\Models\Admin\StandarModel->getAllStandar('jÀ∂')
 6 SYSTEMPATH/CodeIgniter.php(942): App\Controllers\AdminAreaAudit->Standar('assets', 'vendors', 'chartjs', 'Chart.min.css')
 7 SYSTEMPATH/CodeIgniter.php(502): CodeIgniter\CodeIgniter->runController(Object(App\Controllers\AdminAreaAudit))
 8 SYSTEMPATH/CodeIgniter.php(361): CodeIgniter\CodeIgniter->handleRequest(null, Object(Config\Cache), false)
 9 FCPATH/index.php(79): CodeIgniter\CodeIgniter->run()
10 SYSTEMPATH/Commands/Server/rewrite.php(47): require_once('/Applications/XAMPP/xamppfiles/htdocs/ami/public/index.php')
CRITICAL - 2024-04-27 23:15:36 --> Uncaught CodeIgniter\Format\Exceptions\FormatException: Failed to parse JSON string. Error: Malformed UTF-8 characters, possibly incorrectly encoded in /Applications/XAMPP/xamppfiles/htdocs/ami/system/Format/JSONFormatter.php:43
Stack trace:
#0 /Applications/XAMPP/xamppfiles/htdocs/ami/system/Format/JSONFormatter.php(43): CodeIgniter\Format\Exceptions\FormatException::forInvalidJSON('Malformed UTF-8...')
#1 /Applications/XAMPP/xamppfiles/htdocs/ami/system/API/ResponseTrait.php(345): CodeIgniter\Format\JSONFormatter->format(Array)
#2 /Applications/XAMPP/xamppfiles/htdocs/ami/system/API/ResponseTrait.php(98): CodeIgniter\Debug\ExceptionHandler->format(Array)
#3 /Applications/XAMPP/xamppfiles/htdocs/ami/system/Debug/ExceptionHandler.php(81): CodeIgniter\Debug\ExceptionHandler->respond(Array, 500)
#4 /Applications/XAMPP/xamppfiles/htdocs/ami/system/Debug/Exceptions.php(149): CodeIgniter\Debug\ExceptionHandler->handle(Object(mysqli_sql_exception), Object(CodeIgniter\HTTP\IncomingRequest), Object(CodeIgniter\HTTP\Response), 500, 8)
#5 [internal function]: CodeIgniter\Debug\Exceptions->exceptionHandler(Object(mysqli_sql_exception))
#6 {main}
  thrown
„ÄêPrevious Exception„Äë
CodeIgniter\Database\Exceptions\DatabaseException
Illegal mix of collations (utf8mb4_general_ci,IMPLICIT) and (utf8_general_ci,COERCIBLE) for operation '='
#0 /Applications/XAMPP/xamppfiles/htdocs/ami/system/Database/BaseBuilder.php(1615): CodeIgniter\Database\BaseConnection->query('SELECT *\nFROM `...', Array, false)
#1 /Applications/XAMPP/xamppfiles/htdocs/ami/system/Model.php(237): CodeIgniter\Database\BaseBuilder->get()
#2 /Applications/XAMPP/xamppfiles/htdocs/ami/system/BaseModel.php(624): CodeIgniter\Model->doFindAll(0, 0)
#3 /Applications/XAMPP/xamppfiles/htdocs/ami/app/Models/Admin/StandarModel.php(22): CodeIgniter\BaseModel->findAll()
#4 /Applications/XAMPP/xamppfiles/htdocs/ami/app/Controllers/AdminAreaAudit.php(178): App\Models\Admin\StandarModel->getAllStandar('j\xCB\x1E\xB6')
#5 /Applications/XAMPP/xamppfiles/htdocs/ami/system/CodeIgniter.php(942): App\Controllers\AdminAreaAudit->Standar('assets', 'vendors', 'chartjs', 'Chart.min.css')
#6 /Applications/XAMPP/xamppfiles/htdocs/ami/system/CodeIgniter.php(502): CodeIgniter\CodeIgniter->runController(Object(App\Controllers\AdminAreaAudit))
#7 /Applications/XAMPP/xamppfiles/htdocs/ami/system/CodeIgniter.php(361): CodeIgniter\CodeIgniter->handleRequest(NULL, Object(Config\Cache), false)
#8 /Applications/XAMPP/xamppfiles/htdocs/ami/public/index.php(79): CodeIgniter\CodeIgniter->run()
#9 /Applications/XAMPP/xamppfiles/htdocs/ami/system/Commands/Server/rewrite.php(47): require_once('/Applications/X...')
#10 {main}
in SYSTEMPATH/Format/JSONFormatter.php on line 43.
 1 [internal function]: CodeIgniter\Debug\Exceptions->shutdownHandler()
INFO - 2024-04-27 23:15:47 --> Session: Class initialized using 'CodeIgniter\Session\Handlers\FileHandler' driver.
INFO - 2024-04-27 23:15:47 --> Session: Class initialized using 'CodeIgniter\Session\Handlers\FileHandler' driver.
ERROR - 2024-04-27 23:15:47 --> mysqli_sql_exception: Illegal mix of collations (utf8mb4_general_ci,IMPLICIT) and (utf8_general_ci,COERCIBLE) for operation '=' in /Applications/XAMPP/xamppfiles/htdocs/ami/system/Database/MySQLi/Connection.php:306
Stack trace:
#0 /Applications/XAMPP/xamppfiles/htdocs/ami/system/Database/MySQLi/Connection.php(306): mysqli->query('SELECT *\nFROM `...', 0)
#1 /Applications/XAMPP/xamppfiles/htdocs/ami/system/Database/BaseConnection.php(693): CodeIgniter\Database\MySQLi\Connection->execute('SELECT *\nFROM `...')
#2 /Applications/XAMPP/xamppfiles/htdocs/ami/system/Database/BaseConnection.php(607): CodeIgniter\Database\BaseConnection->simpleQuery('SELECT *\nFROM `...')
#3 /Applications/XAMPP/xamppfiles/htdocs/ami/system/Database/BaseBuilder.php(1615): CodeIgniter\Database\BaseConnection->query('SELECT *\nFROM `...', Array, false)
#4 /Applications/XAMPP/xamppfiles/htdocs/ami/system/Model.php(237): CodeIgniter\Database\BaseBuilder->get()
#5 /Applications/XAMPP/xamppfiles/htdocs/ami/system/BaseModel.php(624): CodeIgniter\Model->doFindAll(0, 0)
#6 /Applications/XAMPP/xamppfiles/htdocs/ami/app/Models/Admin/IsiModel.php(22): CodeIgniter\BaseModel->findAll()
#7 /Applications/XAMPP/xamppfiles/htdocs/ami/app/Controllers/AdminAreaAudit.php(333): App\Models\Admin\IsiModel->getAllisi('j\xCB\x1E\xB6')
#8 /Applications/XAMPP/xamppfiles/htdocs/ami/system/CodeIgniter.php(942): App\Controllers\AdminAreaAudit->isi('assets', 'vendors', 'chartjs', 'Chart.min.css')
#9 /Applications/XAMPP/xamppfiles/htdocs/ami/system/CodeIgniter.php(502): CodeIgniter\CodeIgniter->runController(Object(App\Controllers\AdminAreaAudit))
#10 /Applications/XAMPP/xamppfiles/htdocs/ami/system/CodeIgniter.php(361): CodeIgniter\CodeIgniter->handleRequest(NULL, Object(Config\Cache), false)
#11 /Applications/XAMPP/xamppfiles/htdocs/ami/public/index.php(79): CodeIgniter\CodeIgniter->run()
#12 /Applications/XAMPP/xamppfiles/htdocs/ami/system/Commands/Server/rewrite.php(47): require_once('/Applications/X...')
#13 {main}
CRITICAL - 2024-04-27 23:15:47 --> Illegal mix of collations (utf8mb4_general_ci,IMPLICIT) and (utf8_general_ci,COERCIBLE) for operation '='
in SYSTEMPATH/Database/BaseConnection.php on line 647.
 1 SYSTEMPATH/Database/BaseBuilder.php(1615): CodeIgniter\Database\BaseConnection->query('SELECT *
FROM `s_pertanyaan_isi`
WHERE `standar_id` = :standar_id:
ORDER BY `urutan` ASC', [...], false)
 2 SYSTEMPATH/Model.php(237): CodeIgniter\Database\BaseBuilder->get()
 3 SYSTEMPATH/BaseModel.php(624): CodeIgniter\Model->doFindAll(0, 0)
 4 APPPATH/Models/Admin/IsiModel.php(22): CodeIgniter\BaseModel->findAll()
 5 APPPATH/Controllers/AdminAreaAudit.php(333): App\Models\Admin\IsiModel->getAllisi('jÀ∂')
 6 SYSTEMPATH/CodeIgniter.php(942): App\Controllers\AdminAreaAudit->isi('assets', 'vendors', 'chartjs', 'Chart.min.css')
 7 SYSTEMPATH/CodeIgniter.php(502): CodeIgniter\CodeIgniter->runController(Object(App\Controllers\AdminAreaAudit))
 8 SYSTEMPATH/CodeIgniter.php(361): CodeIgniter\CodeIgniter->handleRequest(null, Object(Config\Cache), false)
 9 FCPATH/index.php(79): CodeIgniter\CodeIgniter->run()
10 SYSTEMPATH/Commands/Server/rewrite.php(47): require_once('/Applications/XAMPP/xamppfiles/htdocs/ami/public/index.php')
CRITICAL - 2024-04-27 23:15:47 --> Uncaught CodeIgniter\Format\Exceptions\FormatException: Failed to parse JSON string. Error: Malformed UTF-8 characters, possibly incorrectly encoded in /Applications/XAMPP/xamppfiles/htdocs/ami/system/Format/JSONFormatter.php:43
Stack trace:
#0 /Applications/XAMPP/xamppfiles/htdocs/ami/system/Format/JSONFormatter.php(43): CodeIgniter\Format\Exceptions\FormatException::forInvalidJSON('Malformed UTF-8...')
#1 /Applications/XAMPP/xamppfiles/htdocs/ami/system/API/ResponseTrait.php(345): CodeIgniter\Format\JSONFormatter->format(Array)
#2 /Applications/XAMPP/xamppfiles/htdocs/ami/system/API/ResponseTrait.php(98): CodeIgniter\Debug\ExceptionHandler->format(Array)
#3 /Applications/XAMPP/xamppfiles/htdocs/ami/system/Debug/ExceptionHandler.php(81): CodeIgniter\Debug\ExceptionHandler->respond(Array, 500)
#4 /Applications/XAMPP/xamppfiles/htdocs/ami/system/Debug/Exceptions.php(149): CodeIgniter\Debug\ExceptionHandler->handle(Object(mysqli_sql_exception), Object(CodeIgniter\HTTP\IncomingRequest), Object(CodeIgniter\HTTP\Response), 500, 8)
#5 [internal function]: CodeIgniter\Debug\Exceptions->exceptionHandler(Object(mysqli_sql_exception))
#6 {main}
  thrown
„ÄêPrevious Exception„Äë
CodeIgniter\Database\Exceptions\DatabaseException
Illegal mix of collations (utf8mb4_general_ci,IMPLICIT) and (utf8_general_ci,COERCIBLE) for operation '='
#0 /Applications/XAMPP/xamppfiles/htdocs/ami/system/Database/BaseBuilder.php(1615): CodeIgniter\Database\BaseConnection->query('SELECT *\nFROM `...', Array, false)
#1 /Applications/XAMPP/xamppfiles/htdocs/ami/system/Model.php(237): CodeIgniter\Database\BaseBuilder->get()
#2 /Applications/XAMPP/xamppfiles/htdocs/ami/system/BaseModel.php(624): CodeIgniter\Model->doFindAll(0, 0)
#3 /Applications/XAMPP/xamppfiles/htdocs/ami/app/Models/Admin/IsiModel.php(22): CodeIgniter\BaseModel->findAll()
#4 /Applications/XAMPP/xamppfiles/htdocs/ami/app/Controllers/AdminAreaAudit.php(333): App\Models\Admin\IsiModel->getAllisi('j\xCB\x1E\xB6')
#5 /Applications/XAMPP/xamppfiles/htdocs/ami/system/CodeIgniter.php(942): App\Controllers\AdminAreaAudit->isi('assets', 'vendors', 'chartjs', 'Chart.min.css')
#6 /Applications/XAMPP/xamppfiles/htdocs/ami/system/CodeIgniter.php(502): CodeIgniter\CodeIgniter->runController(Object(App\Controllers\AdminAreaAudit))
#7 /Applications/XAMPP/xamppfiles/htdocs/ami/system/CodeIgniter.php(361): CodeIgniter\CodeIgniter->handleRequest(NULL, Object(Config\Cache), false)
#8 /Applications/XAMPP/xamppfiles/htdocs/ami/public/index.php(79): CodeIgniter\CodeIgniter->run()
#9 /Applications/XAMPP/xamppfiles/htdocs/ami/system/Commands/Server/rewrite.php(47): require_once('/Applications/X...')
#10 {main}
in SYSTEMPATH/Format/JSONFormatter.php on line 43.
 1 [internal function]: CodeIgniter\Debug\Exceptions->shutdownHandler()
INFO - 2024-04-27 23:15:49 --> Session: Class initialized using 'CodeIgniter\Session\Handlers\FileHandler' driver.
INFO - 2024-04-27 23:15:49 --> Session: Class initialized using 'CodeIgniter\Session\Handlers\FileHandler' driver.
ERROR - 2024-04-27 23:15:49 --> mysqli_sql_exception: Illegal mix of collations (utf8mb4_general_ci,IMPLICIT) and (utf8_general_ci,COERCIBLE) for operation '=' in /Applications/XAMPP/xamppfiles/htdocs/ami/system/Database/MySQLi/Connection.php:306
Stack trace:
#0 /Applications/XAMPP/xamppfiles/htdocs/ami/system/Database/MySQLi/Connection.php(306): mysqli->query('SELECT `area_au...', 0)
#1 /Applications/XAMPP/xamppfiles/htdocs/ami/system/Database/BaseConnection.php(693): CodeIgniter\Database\MySQLi\Connection->execute('SELECT `area_au...')
#2 /Applications/XAMPP/xamppfiles/htdocs/ami/system/Database/BaseConnection.php(607): CodeIgniter\Database\BaseConnection->simpleQuery('SELECT `area_au...')
#3 /Applications/XAMPP/xamppfiles/htdocs/ami/system/Database/BaseBuilder.php(1615): CodeIgniter\Database\BaseConnection->query('SELECT `area_au...', Array, false)
#4 /Applications/XAMPP/xamppfiles/htdocs/ami/system/Model.php(871): CodeIgniter\Database\BaseBuilder->get()
#5 /Applications/XAMPP/xamppfiles/htdocs/ami/app/Models/Admin/StandarModel.php(47): CodeIgniter\Model->__call('get', Array)
#6 /Applications/XAMPP/xamppfiles/htdocs/ami/app/Controllers/AdminAreaAudit.php(348): App\Models\Admin\StandarModel->getStandarById('j\xCB\x1E\xB6')
#7 /Applications/XAMPP/xamppfiles/htdocs/ami/system/CodeIgniter.php(942): App\Controllers\AdminAreaAudit->addisi('assets', 'vendors', 'chartjs', 'Chart.min.css')
#8 /Applications/XAMPP/xamppfiles/htdocs/ami/system/CodeIgniter.php(502): CodeIgniter\CodeIgniter->runController(Object(App\Controllers\AdminAreaAudit))
#9 /Applications/XAMPP/xamppfiles/htdocs/ami/system/CodeIgniter.php(361): CodeIgniter\CodeIgniter->handleRequest(NULL, Object(Config\Cache), false)
#10 /Applications/XAMPP/xamppfiles/htdocs/ami/public/index.php(79): CodeIgniter\CodeIgniter->run()
#11 /Applications/XAMPP/xamppfiles/htdocs/ami/system/Commands/Server/rewrite.php(47): require_once('/Applications/X...')
#12 {main}
CRITICAL - 2024-04-27 23:15:49 --> Illegal mix of collations (utf8mb4_general_ci,IMPLICIT) and (utf8_general_ci,COERCIBLE) for operation '='
in SYSTEMPATH/Database/BaseConnection.php on line 647.
 1 SYSTEMPATH/Database/BaseBuilder.php(1615): CodeIgniter\Database\BaseConnection->query('SELECT `area_audit`.`area_audit`, `standar`.*
FROM `standar`
JOIN `area_audit` ON `standar`.`area_audit_id` = `area_audit`.`id`
WHERE `standar`.`id` = :standar.id:', [...], false)
 2 SYSTEMPATH/Model.php(871): CodeIgniter\Database\BaseBuilder->get()
 3 APPPATH/Models/Admin/StandarModel.php(47): CodeIgniter\Model->__call('get', [])
 4 APPPATH/Controllers/AdminAreaAudit.php(348): App\Models\Admin\StandarModel->getStandarById('jÀ∂')
 5 SYSTEMPATH/CodeIgniter.php(942): App\Controllers\AdminAreaAudit->addisi('assets', 'vendors', 'chartjs', 'Chart.min.css')
 6 SYSTEMPATH/CodeIgniter.php(502): CodeIgniter\CodeIgniter->runController(Object(App\Controllers\AdminAreaAudit))
 7 SYSTEMPATH/CodeIgniter.php(361): CodeIgniter\CodeIgniter->handleRequest(null, Object(Config\Cache), false)
 8 FCPATH/index.php(79): CodeIgniter\CodeIgniter->run()
 9 SYSTEMPATH/Commands/Server/rewrite.php(47): require_once('/Applications/XAMPP/xamppfiles/htdocs/ami/public/index.php')
CRITICAL - 2024-04-27 23:15:49 --> Uncaught CodeIgniter\Format\Exceptions\FormatException: Failed to parse JSON string. Error: Malformed UTF-8 characters, possibly incorrectly encoded in /Applications/XAMPP/xamppfiles/htdocs/ami/system/Format/JSONFormatter.php:43
Stack trace:
#0 /Applications/XAMPP/xamppfiles/htdocs/ami/system/Format/JSONFormatter.php(43): CodeIgniter\Format\Exceptions\FormatException::forInvalidJSON('Malformed UTF-8...')
#1 /Applications/XAMPP/xamppfiles/htdocs/ami/system/API/ResponseTrait.php(345): CodeIgniter\Format\JSONFormatter->format(Array)
#2 /Applications/XAMPP/xamppfiles/htdocs/ami/system/API/ResponseTrait.php(98): CodeIgniter\Debug\ExceptionHandler->format(Array)
#3 /Applications/XAMPP/xamppfiles/htdocs/ami/system/Debug/ExceptionHandler.php(81): CodeIgniter\Debug\ExceptionHandler->respond(Array, 500)
#4 /Applications/XAMPP/xamppfiles/htdocs/ami/system/Debug/Exceptions.php(149): CodeIgniter\Debug\ExceptionHandler->handle(Object(mysqli_sql_exception), Object(CodeIgniter\HTTP\IncomingRequest), Object(CodeIgniter\HTTP\Response), 500, 8)
#5 [internal function]: CodeIgniter\Debug\Exceptions->exceptionHandler(Object(mysqli_sql_exception))
#6 {main}
  thrown
„ÄêPrevious Exception„Äë
CodeIgniter\Database\Exceptions\DatabaseException
Illegal mix of collations (utf8mb4_general_ci,IMPLICIT) and (utf8_general_ci,COERCIBLE) for operation '='
#0 /Applications/XAMPP/xamppfiles/htdocs/ami/system/Database/BaseBuilder.php(1615): CodeIgniter\Database\BaseConnection->query('SELECT `area_au...', Array, false)
#1 /Applications/XAMPP/xamppfiles/htdocs/ami/system/Model.php(871): CodeIgniter\Database\BaseBuilder->get()
#2 /Applications/XAMPP/xamppfiles/htdocs/ami/app/Models/Admin/StandarModel.php(47): CodeIgniter\Model->__call('get', Array)
#3 /Applications/XAMPP/xamppfiles/htdocs/ami/app/Controllers/AdminAreaAudit.php(348): App\Models\Admin\StandarModel->getStandarById('j\xCB\x1E\xB6')
#4 /Applications/XAMPP/xamppfiles/htdocs/ami/system/CodeIgniter.php(942): App\Controllers\AdminAreaAudit->addisi('assets', 'vendors', 'chartjs', 'Chart.min.css')
#5 /Applications/XAMPP/xamppfiles/htdocs/ami/system/CodeIgniter.php(502): CodeIgniter\CodeIgniter->runController(Object(App\Controllers\AdminAreaAudit))
#6 /Applications/XAMPP/xamppfiles/htdocs/ami/system/CodeIgniter.php(361): CodeIgniter\CodeIgniter->handleRequest(NULL, Object(Config\Cache), false)
#7 /Applications/XAMPP/xamppfiles/htdocs/ami/public/index.php(79): CodeIgniter\CodeIgniter->run()
#8 /Applications/XAMPP/xamppfiles/htdocs/ami/system/Commands/Server/rewrite.php(47): require_once('/Applications/X...')
#9 {main}
in SYSTEMPATH/Format/JSONFormatter.php on line 43.
 1 [internal function]: CodeIgniter\Debug\Exceptions->shutdownHandler()
INFO - 2024-04-27 23:15:54 --> Session: Class initialized using 'CodeIgniter\Session\Handlers\FileHandler' driver.
INFO - 2024-04-27 23:15:54 --> Session: Class initialized using 'CodeIgniter\Session\Handlers\FileHandler' driver.
INFO - 2024-04-27 23:15:54 --> Session: Class initialized using 'CodeIgniter\Session\Handlers\FileHandler' driver.
ERROR - 2024-04-27 23:15:54 --> mysqli_sql_exception: Illegal mix of collations (utf8mb4_general_ci,IMPLICIT) and (utf8_general_ci,COERCIBLE) for operation '=' in /Applications/XAMPP/xamppfiles/htdocs/ami/system/Database/MySQLi/Connection.php:306
Stack trace:
#0 /Applications/XAMPP/xamppfiles/htdocs/ami/system/Database/MySQLi/Connection.php(306): mysqli->query('SELECT *\nFROM `...', 0)
#1 /Applications/XAMPP/xamppfiles/htdocs/ami/system/Database/BaseConnection.php(693): CodeIgniter\Database\MySQLi\Connection->execute('SELECT *\nFROM `...')
#2 /Applications/XAMPP/xamppfiles/htdocs/ami/system/Database/BaseConnection.php(607): CodeIgniter\Database\BaseConnection->simpleQuery('SELECT *\nFROM `...')
#3 /Applications/XAMPP/xamppfiles/htdocs/ami/system/Database/BaseBuilder.php(1615): CodeIgniter\Database\BaseConnection->query('SELECT *\nFROM `...', Array, false)
#4 /Applications/XAMPP/xamppfiles/htdocs/ami/system/Model.php(237): CodeIgniter\Database\BaseBuilder->get()
#5 /Applications/XAMPP/xamppfiles/htdocs/ami/system/BaseModel.php(624): CodeIgniter\Model->doFindAll(0, 0)
#6 /Applications/XAMPP/xamppfiles/htdocs/ami/app/Models/Admin/IsiModel.php(22): CodeIgniter\BaseModel->findAll()
#7 /Applications/XAMPP/xamppfiles/htdocs/ami/app/Controllers/AdminAreaAudit.php(333): App\Models\Admin\IsiModel->getAllisi('j\xCB\x1E\xB6')
#8 /Applications/XAMPP/xamppfiles/htdocs/ami/system/CodeIgniter.php(942): App\Controllers\AdminAreaAudit->isi('assets', 'vendors', 'chartjs', 'Chart.min.css')
#9 /Applications/XAMPP/xamppfiles/htdocs/ami/system/CodeIgniter.php(502): CodeIgniter\CodeIgniter->runController(Object(App\Controllers\AdminAreaAudit))
#10 /Applications/XAMPP/xamppfiles/htdocs/ami/system/CodeIgniter.php(361): CodeIgniter\CodeIgniter->handleRequest(NULL, Object(Config\Cache), false)
#11 /Applications/XAMPP/xamppfiles/htdocs/ami/public/index.php(79): CodeIgniter\CodeIgniter->run()
#12 /Applications/XAMPP/xamppfiles/htdocs/ami/system/Commands/Server/rewrite.php(47): require_once('/Applications/X...')
#13 {main}
CRITICAL - 2024-04-27 23:15:54 --> Illegal mix of collations (utf8mb4_general_ci,IMPLICIT) and (utf8_general_ci,COERCIBLE) for operation '='
in SYSTEMPATH/Database/BaseConnection.php on line 647.
 1 SYSTEMPATH/Database/BaseBuilder.php(1615): CodeIgniter\Database\BaseConnection->query('SELECT *
FROM `s_pertanyaan_isi`
WHERE `standar_id` = :standar_id:
ORDER BY `urutan` ASC', [...], false)
 2 SYSTEMPATH/Model.php(237): CodeIgniter\Database\BaseBuilder->get()
 3 SYSTEMPATH/BaseModel.php(624): CodeIgniter\Model->doFindAll(0, 0)
 4 APPPATH/Models/Admin/IsiModel.php(22): CodeIgniter\BaseModel->findAll()
 5 APPPATH/Controllers/AdminAreaAudit.php(333): App\Models\Admin\IsiModel->getAllisi('jÀ∂')
 6 SYSTEMPATH/CodeIgniter.php(942): App\Controllers\AdminAreaAudit->isi('assets', 'vendors', 'chartjs', 'Chart.min.css')
 7 SYSTEMPATH/CodeIgniter.php(502): CodeIgniter\CodeIgniter->runController(Object(App\Controllers\AdminAreaAudit))
 8 SYSTEMPATH/CodeIgniter.php(361): CodeIgniter\CodeIgniter->handleRequest(null, Object(Config\Cache), false)
 9 FCPATH/index.php(79): CodeIgniter\CodeIgniter->run()
10 SYSTEMPATH/Commands/Server/rewrite.php(47): require_once('/Applications/XAMPP/xamppfiles/htdocs/ami/public/index.php')
CRITICAL - 2024-04-27 23:15:54 --> Uncaught CodeIgniter\Format\Exceptions\FormatException: Failed to parse JSON string. Error: Malformed UTF-8 characters, possibly incorrectly encoded in /Applications/XAMPP/xamppfiles/htdocs/ami/system/Format/JSONFormatter.php:43
Stack trace:
#0 /Applications/XAMPP/xamppfiles/htdocs/ami/system/Format/JSONFormatter.php(43): CodeIgniter\Format\Exceptions\FormatException::forInvalidJSON('Malformed UTF-8...')
#1 /Applications/XAMPP/xamppfiles/htdocs/ami/system/API/ResponseTrait.php(345): CodeIgniter\Format\JSONFormatter->format(Array)
#2 /Applications/XAMPP/xamppfiles/htdocs/ami/system/API/ResponseTrait.php(98): CodeIgniter\Debug\ExceptionHandler->format(Array)
#3 /Applications/XAMPP/xamppfiles/htdocs/ami/system/Debug/ExceptionHandler.php(81): CodeIgniter\Debug\ExceptionHandler->respond(Array, 500)
#4 /Applications/XAMPP/xamppfiles/htdocs/ami/system/Debug/Exceptions.php(149): CodeIgniter\Debug\ExceptionHandler->handle(Object(mysqli_sql_exception), Object(CodeIgniter\HTTP\IncomingRequest), Object(CodeIgniter\HTTP\Response), 500, 8)
#5 [internal function]: CodeIgniter\Debug\Exceptions->exceptionHandler(Object(mysqli_sql_exception))
#6 {main}
  thrown
„ÄêPrevious Exception„Äë
CodeIgniter\Database\Exceptions\DatabaseException
Illegal mix of collations (utf8mb4_general_ci,IMPLICIT) and (utf8_general_ci,COERCIBLE) for operation '='
#0 /Applications/XAMPP/xamppfiles/htdocs/ami/system/Database/BaseBuilder.php(1615): CodeIgniter\Database\BaseConnection->query('SELECT *\nFROM `...', Array, false)
#1 /Applications/XAMPP/xamppfiles/htdocs/ami/system/Model.php(237): CodeIgniter\Database\BaseBuilder->get()
#2 /Applications/XAMPP/xamppfiles/htdocs/ami/system/BaseModel.php(624): CodeIgniter\Model->doFindAll(0, 0)
#3 /Applications/XAMPP/xamppfiles/htdocs/ami/app/Models/Admin/IsiModel.php(22): CodeIgniter\BaseModel->findAll()
#4 /Applications/XAMPP/xamppfiles/htdocs/ami/app/Controllers/AdminAreaAudit.php(333): App\Models\Admin\IsiModel->getAllisi('j\xCB\x1E\xB6')
#5 /Applications/XAMPP/xamppfiles/htdocs/ami/system/CodeIgniter.php(942): App\Controllers\AdminAreaAudit->isi('assets', 'vendors', 'chartjs', 'Chart.min.css')
#6 /Applications/XAMPP/xamppfiles/htdocs/ami/system/CodeIgniter.php(502): CodeIgniter\CodeIgniter->runController(Object(App\Controllers\AdminAreaAudit))
#7 /Applications/XAMPP/xamppfiles/htdocs/ami/system/CodeIgniter.php(361): CodeIgniter\CodeIgniter->handleRequest(NULL, Object(Config\Cache), false)
#8 /Applications/XAMPP/xamppfiles/htdocs/ami/public/index.php(79): CodeIgniter\CodeIgniter->run()
#9 /Applications/XAMPP/xamppfiles/htdocs/ami/system/Commands/Server/rewrite.php(47): require_once('/Applications/X...')
#10 {main}
in SYSTEMPATH/Format/JSONFormatter.php on line 43.
 1 [internal function]: CodeIgniter\Debug\Exceptions->shutdownHandler()
INFO - 2024-04-27 23:15:56 --> Session: Class initialized using 'CodeIgniter\Session\Handlers\FileHandler' driver.
INFO - 2024-04-27 23:15:56 --> Session: Class initialized using 'CodeIgniter\Session\Handlers\FileHandler' driver.
ERROR - 2024-04-27 23:15:56 --> mysqli_sql_exception: Illegal mix of collations (utf8mb4_general_ci,IMPLICIT) and (utf8_general_ci,COERCIBLE) for operation '=' in /Applications/XAMPP/xamppfiles/htdocs/ami/system/Database/MySQLi/Connection.php:306
Stack trace:
#0 /Applications/XAMPP/xamppfiles/htdocs/ami/system/Database/MySQLi/Connection.php(306): mysqli->query('SELECT *\nFROM `...', 0)
#1 /Applications/XAMPP/xamppfiles/htdocs/ami/system/Database/BaseConnection.php(693): CodeIgniter\Database\MySQLi\Connection->execute('SELECT *\nFROM `...')
#2 /Applications/XAMPP/xamppfiles/htdocs/ami/system/Database/BaseConnection.php(607): CodeIgniter\Database\BaseConnection->simpleQuery('SELECT *\nFROM `...')
#3 /Applications/XAMPP/xamppfiles/htdocs/ami/system/Database/BaseBuilder.php(1615): CodeIgniter\Database\BaseConnection->query('SELECT *\nFROM `...', Array, false)
#4 /Applications/XAMPP/xamppfiles/htdocs/ami/system/Model.php(237): CodeIgniter\Database\BaseBuilder->get()
#5 /Applications/XAMPP/xamppfiles/htdocs/ami/system/BaseModel.php(624): CodeIgniter\Model->doFindAll(0, 0)
#6 /Applications/XAMPP/xamppfiles/htdocs/ami/app/Models/Admin/LanjutanModel.php(22): CodeIgniter\BaseModel->findAll()
#7 /Applications/XAMPP/xamppfiles/htdocs/ami/app/Controllers/AdminAreaAudit.php(482): App\Models\Admin\LanjutanModel->getAlllanjutan('j\xCB\x1E\xB6')
#8 /Applications/XAMPP/xamppfiles/htdocs/ami/system/CodeIgniter.php(942): App\Controllers\AdminAreaAudit->lanjutan('assets', 'vendors', 'chartjs', 'Chart.min.css')
#9 /Applications/XAMPP/xamppfiles/htdocs/ami/system/CodeIgniter.php(502): CodeIgniter\CodeIgniter->runController(Object(App\Controllers\AdminAreaAudit))
#10 /Applications/XAMPP/xamppfiles/htdocs/ami/system/CodeIgniter.php(361): CodeIgniter\CodeIgniter->handleRequest(NULL, Object(Config\Cache), false)
#11 /Applications/XAMPP/xamppfiles/htdocs/ami/public/index.php(79): CodeIgniter\CodeIgniter->run()
#12 /Applications/XAMPP/xamppfiles/htdocs/ami/system/Commands/Server/rewrite.php(47): require_once('/Applications/X...')
#13 {main}
CRITICAL - 2024-04-27 23:15:56 --> Illegal mix of collations (utf8mb4_general_ci,IMPLICIT) and (utf8_general_ci,COERCIBLE) for operation '='
in SYSTEMPATH/Database/BaseConnection.php on line 647.
 1 SYSTEMPATH/Database/BaseBuilder.php(1615): CodeIgniter\Database\BaseConnection->query('SELECT *
FROM `s_pertanyaan_lanjutan`
WHERE `s_p_isi_id` = :s_p_isi_id:
ORDER BY `urutan` ASC', [...], false)
 2 SYSTEMPATH/Model.php(237): CodeIgniter\Database\BaseBuilder->get()
 3 SYSTEMPATH/BaseModel.php(624): CodeIgniter\Model->doFindAll(0, 0)
 4 APPPATH/Models/Admin/LanjutanModel.php(22): CodeIgniter\BaseModel->findAll()
 5 APPPATH/Controllers/AdminAreaAudit.php(482): App\Models\Admin\LanjutanModel->getAlllanjutan('jÀ∂')
 6 SYSTEMPATH/CodeIgniter.php(942): App\Controllers\AdminAreaAudit->lanjutan('assets', 'vendors', 'chartjs', 'Chart.min.css')
 7 SYSTEMPATH/CodeIgniter.php(502): CodeIgniter\CodeIgniter->runController(Object(App\Controllers\AdminAreaAudit))
 8 SYSTEMPATH/CodeIgniter.php(361): CodeIgniter\CodeIgniter->handleRequest(null, Object(Config\Cache), false)
 9 FCPATH/index.php(79): CodeIgniter\CodeIgniter->run()
10 SYSTEMPATH/Commands/Server/rewrite.php(47): require_once('/Applications/XAMPP/xamppfiles/htdocs/ami/public/index.php')
CRITICAL - 2024-04-27 23:15:56 --> Uncaught CodeIgniter\Format\Exceptions\FormatException: Failed to parse JSON string. Error: Malformed UTF-8 characters, possibly incorrectly encoded in /Applications/XAMPP/xamppfiles/htdocs/ami/system/Format/JSONFormatter.php:43
Stack trace:
#0 /Applications/XAMPP/xamppfiles/htdocs/ami/system/Format/JSONFormatter.php(43): CodeIgniter\Format\Exceptions\FormatException::forInvalidJSON('Malformed UTF-8...')
#1 /Applications/XAMPP/xamppfiles/htdocs/ami/system/API/ResponseTrait.php(345): CodeIgniter\Format\JSONFormatter->format(Array)
#2 /Applications/XAMPP/xamppfiles/htdocs/ami/system/API/ResponseTrait.php(98): CodeIgniter\Debug\ExceptionHandler->format(Array)
#3 /Applications/XAMPP/xamppfiles/htdocs/ami/system/Debug/ExceptionHandler.php(81): CodeIgniter\Debug\ExceptionHandler->respond(Array, 500)
#4 /Applications/XAMPP/xamppfiles/htdocs/ami/system/Debug/Exceptions.php(149): CodeIgniter\Debug\ExceptionHandler->handle(Object(mysqli_sql_exception), Object(CodeIgniter\HTTP\IncomingRequest), Object(CodeIgniter\HTTP\Response), 500, 8)
#5 [internal function]: CodeIgniter\Debug\Exceptions->exceptionHandler(Object(mysqli_sql_exception))
#6 {main}
  thrown
„ÄêPrevious Exception„Äë
CodeIgniter\Database\Exceptions\DatabaseException
Illegal mix of collations (utf8mb4_general_ci,IMPLICIT) and (utf8_general_ci,COERCIBLE) for operation '='
#0 /Applications/XAMPP/xamppfiles/htdocs/ami/system/Database/BaseBuilder.php(1615): CodeIgniter\Database\BaseConnection->query('SELECT *\nFROM `...', Array, false)
#1 /Applications/XAMPP/xamppfiles/htdocs/ami/system/Model.php(237): CodeIgniter\Database\BaseBuilder->get()
#2 /Applications/XAMPP/xamppfiles/htdocs/ami/system/BaseModel.php(624): CodeIgniter\Model->doFindAll(0, 0)
#3 /Applications/XAMPP/xamppfiles/htdocs/ami/app/Models/Admin/LanjutanModel.php(22): CodeIgniter\BaseModel->findAll()
#4 /Applications/XAMPP/xamppfiles/htdocs/ami/app/Controllers/AdminAreaAudit.php(482): App\Models\Admin\LanjutanModel->getAlllanjutan('j\xCB\x1E\xB6')
#5 /Applications/XAMPP/xamppfiles/htdocs/ami/system/CodeIgniter.php(942): App\Controllers\AdminAreaAudit->lanjutan('assets', 'vendors', 'chartjs', 'Chart.min.css')
#6 /Applications/XAMPP/xamppfiles/htdocs/ami/system/CodeIgniter.php(502): CodeIgniter\CodeIgniter->runController(Object(App\Controllers\AdminAreaAudit))
#7 /Applications/XAMPP/xamppfiles/htdocs/ami/system/CodeIgniter.php(361): CodeIgniter\CodeIgniter->handleRequest(NULL, Object(Config\Cache), false)
#8 /Applications/XAMPP/xamppfiles/htdocs/ami/public/index.php(79): CodeIgniter\CodeIgniter->run()
#9 /Applications/XAMPP/xamppfiles/htdocs/ami/system/Commands/Server/rewrite.php(47): require_once('/Applications/X...')
#10 {main}
in SYSTEMPATH/Format/JSONFormatter.php on line 43.
 1 [internal function]: CodeIgniter\Debug\Exceptions->shutdownHandler()
INFO - 2024-04-27 23:16:04 --> Session: Class initialized using 'CodeIgniter\Session\Handlers\FileHandler' driver.
INFO - 2024-04-27 23:16:04 --> Session: Class initialized using 'CodeIgniter\Session\Handlers\FileHandler' driver.
ERROR - 2024-04-27 23:16:04 --> mysqli_sql_exception: Illegal mix of collations (utf8mb4_general_ci,IMPLICIT) and (utf8_general_ci,COERCIBLE) for operation '=' in /Applications/XAMPP/xamppfiles/htdocs/ami/system/Database/MySQLi/Connection.php:306
Stack trace:
#0 /Applications/XAMPP/xamppfiles/htdocs/ami/system/Database/MySQLi/Connection.php(306): mysqli->query('SELECT `standar...', 0)
#1 /Applications/XAMPP/xamppfiles/htdocs/ami/system/Database/BaseConnection.php(693): CodeIgniter\Database\MySQLi\Connection->execute('SELECT `standar...')
#2 /Applications/XAMPP/xamppfiles/htdocs/ami/system/Database/BaseConnection.php(607): CodeIgniter\Database\BaseConnection->simpleQuery('SELECT `standar...')
#3 /Applications/XAMPP/xamppfiles/htdocs/ami/system/Database/BaseBuilder.php(1615): CodeIgniter\Database\BaseConnection->query('SELECT `standar...', Array, false)
#4 /Applications/XAMPP/xamppfiles/htdocs/ami/system/Model.php(871): CodeIgniter\Database\BaseBuilder->get()
#5 /Applications/XAMPP/xamppfiles/htdocs/ami/app/Models/Admin/IsiModel.php(49): CodeIgniter\Model->__call('get', Array)
#6 /Applications/XAMPP/xamppfiles/htdocs/ami/app/Controllers/AdminAreaAudit.php(498): App\Models\Admin\IsiModel->getisiById('j\xCB\x1E\xB6')
#7 /Applications/XAMPP/xamppfiles/htdocs/ami/system/CodeIgniter.php(942): App\Controllers\AdminAreaAudit->addlanjutan('assets', 'vendors', 'chartjs', 'Chart.min.css')
#8 /Applications/XAMPP/xamppfiles/htdocs/ami/system/CodeIgniter.php(502): CodeIgniter\CodeIgniter->runController(Object(App\Controllers\AdminAreaAudit))
#9 /Applications/XAMPP/xamppfiles/htdocs/ami/system/CodeIgniter.php(361): CodeIgniter\CodeIgniter->handleRequest(NULL, Object(Config\Cache), false)
#10 /Applications/XAMPP/xamppfiles/htdocs/ami/public/index.php(79): CodeIgniter\CodeIgniter->run()
#11 /Applications/XAMPP/xamppfiles/htdocs/ami/system/Commands/Server/rewrite.php(47): require_once('/Applications/X...')
#12 {main}
CRITICAL - 2024-04-27 23:16:04 --> Illegal mix of collations (utf8mb4_general_ci,IMPLICIT) and (utf8_general_ci,COERCIBLE) for operation '='
in SYSTEMPATH/Database/BaseConnection.php on line 647.
 1 SYSTEMPATH/Database/BaseBuilder.php(1615): CodeIgniter\Database\BaseConnection->query('SELECT `standar`.`standar`, `s_pertanyaan_isi`.*
FROM `s_pertanyaan_isi`
JOIN `standar` ON `s_pertanyaan_isi`.`standar_id` = `standar`.`id`
WHERE `s_pertanyaan_isi`.`id` = :s_pertanyaan_isi.id:', [...], false)
 2 SYSTEMPATH/Model.php(871): CodeIgniter\Database\BaseBuilder->get()
 3 APPPATH/Models/Admin/IsiModel.php(49): CodeIgniter\Model->__call('get', [])
 4 APPPATH/Controllers/AdminAreaAudit.php(498): App\Models\Admin\IsiModel->getisiById('jÀ∂')
 5 SYSTEMPATH/CodeIgniter.php(942): App\Controllers\AdminAreaAudit->addlanjutan('assets', 'vendors', 'chartjs', 'Chart.min.css')
 6 SYSTEMPATH/CodeIgniter.php(502): CodeIgniter\CodeIgniter->runController(Object(App\Controllers\AdminAreaAudit))
 7 SYSTEMPATH/CodeIgniter.php(361): CodeIgniter\CodeIgniter->handleRequest(null, Object(Config\Cache), false)
 8 FCPATH/index.php(79): CodeIgniter\CodeIgniter->run()
 9 SYSTEMPATH/Commands/Server/rewrite.php(47): require_once('/Applications/XAMPP/xamppfiles/htdocs/ami/public/index.php')
CRITICAL - 2024-04-27 23:16:04 --> Uncaught CodeIgniter\Format\Exceptions\FormatException: Failed to parse JSON string. Error: Malformed UTF-8 characters, possibly incorrectly encoded in /Applications/XAMPP/xamppfiles/htdocs/ami/system/Format/JSONFormatter.php:43
Stack trace:
#0 /Applications/XAMPP/xamppfiles/htdocs/ami/system/Format/JSONFormatter.php(43): CodeIgniter\Format\Exceptions\FormatException::forInvalidJSON('Malformed UTF-8...')
#1 /Applications/XAMPP/xamppfiles/htdocs/ami/system/API/ResponseTrait.php(345): CodeIgniter\Format\JSONFormatter->format(Array)
#2 /Applications/XAMPP/xamppfiles/htdocs/ami/system/API/ResponseTrait.php(98): CodeIgniter\Debug\ExceptionHandler->format(Array)
#3 /Applications/XAMPP/xamppfiles/htdocs/ami/system/Debug/ExceptionHandler.php(81): CodeIgniter\Debug\ExceptionHandler->respond(Array, 500)
#4 /Applications/XAMPP/xamppfiles/htdocs/ami/system/Debug/Exceptions.php(149): CodeIgniter\Debug\ExceptionHandler->handle(Object(mysqli_sql_exception), Object(CodeIgniter\HTTP\IncomingRequest), Object(CodeIgniter\HTTP\Response), 500, 8)
#5 [internal function]: CodeIgniter\Debug\Exceptions->exceptionHandler(Object(mysqli_sql_exception))
#6 {main}
  thrown
„ÄêPrevious Exception„Äë
CodeIgniter\Database\Exceptions\DatabaseException
Illegal mix of collations (utf8mb4_general_ci,IMPLICIT) and (utf8_general_ci,COERCIBLE) for operation '='
#0 /Applications/XAMPP/xamppfiles/htdocs/ami/system/Database/BaseBuilder.php(1615): CodeIgniter\Database\BaseConnection->query('SELECT `standar...', Array, false)
#1 /Applications/XAMPP/xamppfiles/htdocs/ami/system/Model.php(871): CodeIgniter\Database\BaseBuilder->get()
#2 /Applications/XAMPP/xamppfiles/htdocs/ami/app/Models/Admin/IsiModel.php(49): CodeIgniter\Model->__call('get', Array)
#3 /Applications/XAMPP/xamppfiles/htdocs/ami/app/Controllers/AdminAreaAudit.php(498): App\Models\Admin\IsiModel->getisiById('j\xCB\x1E\xB6')
#4 /Applications/XAMPP/xamppfiles/htdocs/ami/system/CodeIgniter.php(942): App\Controllers\AdminAreaAudit->addlanjutan('assets', 'vendors', 'chartjs', 'Chart.min.css')
#5 /Applications/XAMPP/xamppfiles/htdocs/ami/system/CodeIgniter.php(502): CodeIgniter\CodeIgniter->runController(Object(App\Controllers\AdminAreaAudit))
#6 /Applications/XAMPP/xamppfiles/htdocs/ami/system/CodeIgniter.php(361): CodeIgniter\CodeIgniter->handleRequest(NULL, Object(Config\Cache), false)
#7 /Applications/XAMPP/xamppfiles/htdocs/ami/public/index.php(79): CodeIgniter\CodeIgniter->run()
#8 /Applications/XAMPP/xamppfiles/htdocs/ami/system/Commands/Server/rewrite.php(47): require_once('/Applications/X...')
#9 {main}
in SYSTEMPATH/Format/JSONFormatter.php on line 43.
 1 [internal function]: CodeIgniter\Debug\Exceptions->shutdownHandler()
INFO - 2024-04-27 23:16:09 --> Session: Class initialized using 'CodeIgniter\Session\Handlers\FileHandler' driver.
INFO - 2024-04-27 23:16:09 --> Session: Class initialized using 'CodeIgniter\Session\Handlers\FileHandler' driver.
INFO - 2024-04-27 23:16:09 --> Session: Class initialized using 'CodeIgniter\Session\Handlers\FileHandler' driver.
ERROR - 2024-04-27 23:16:09 --> mysqli_sql_exception: Illegal mix of collations (utf8mb4_general_ci,IMPLICIT) and (utf8_general_ci,COERCIBLE) for operation '=' in /Applications/XAMPP/xamppfiles/htdocs/ami/system/Database/MySQLi/Connection.php:306
Stack trace:
#0 /Applications/XAMPP/xamppfiles/htdocs/ami/system/Database/MySQLi/Connection.php(306): mysqli->query('SELECT *\nFROM `...', 0)
#1 /Applications/XAMPP/xamppfiles/htdocs/ami/system/Database/BaseConnection.php(693): CodeIgniter\Database\MySQLi\Connection->execute('SELECT *\nFROM `...')
#2 /Applications/XAMPP/xamppfiles/htdocs/ami/system/Database/BaseConnection.php(607): CodeIgniter\Database\BaseConnection->simpleQuery('SELECT *\nFROM `...')
#3 /Applications/XAMPP/xamppfiles/htdocs/ami/system/Database/BaseBuilder.php(1615): CodeIgniter\Database\BaseConnection->query('SELECT *\nFROM `...', Array, false)
#4 /Applications/XAMPP/xamppfiles/htdocs/ami/system/Model.php(237): CodeIgniter\Database\BaseBuilder->get()
#5 /Applications/XAMPP/xamppfiles/htdocs/ami/system/BaseModel.php(624): CodeIgniter\Model->doFindAll(0, 0)
#6 /Applications/XAMPP/xamppfiles/htdocs/ami/app/Models/Admin/LanjutanModel.php(22): CodeIgniter\BaseModel->findAll()
#7 /Applications/XAMPP/xamppfiles/htdocs/ami/app/Controllers/AdminAreaAudit.php(482): App\Models\Admin\LanjutanModel->getAlllanjutan('j\xCB\x1E\xB6')
#8 /Applications/XAMPP/xamppfiles/htdocs/ami/system/CodeIgniter.php(942): App\Controllers\AdminAreaAudit->lanjutan('assets', 'vendors', 'chartjs', 'Chart.min.css')
#9 /Applications/XAMPP/xamppfiles/htdocs/ami/system/CodeIgniter.php(502): CodeIgniter\CodeIgniter->runController(Object(App\Controllers\AdminAreaAudit))
#10 /Applications/XAMPP/xamppfiles/htdocs/ami/system/CodeIgniter.php(361): CodeIgniter\CodeIgniter->handleRequest(NULL, Object(Config\Cache), false)
#11 /Applications/XAMPP/xamppfiles/htdocs/ami/public/index.php(79): CodeIgniter\CodeIgniter->run()
#12 /Applications/XAMPP/xamppfiles/htdocs/ami/system/Commands/Server/rewrite.php(47): require_once('/Applications/X...')
#13 {main}
CRITICAL - 2024-04-27 23:16:09 --> Illegal mix of collations (utf8mb4_general_ci,IMPLICIT) and (utf8_general_ci,COERCIBLE) for operation '='
in SYSTEMPATH/Database/BaseConnection.php on line 647.
 1 SYSTEMPATH/Database/BaseBuilder.php(1615): CodeIgniter\Database\BaseConnection->query('SELECT *
FROM `s_pertanyaan_lanjutan`
WHERE `s_p_isi_id` = :s_p_isi_id:
ORDER BY `urutan` ASC', [...], false)
 2 SYSTEMPATH/Model.php(237): CodeIgniter\Database\BaseBuilder->get()
 3 SYSTEMPATH/BaseModel.php(624): CodeIgniter\Model->doFindAll(0, 0)
 4 APPPATH/Models/Admin/LanjutanModel.php(22): CodeIgniter\BaseModel->findAll()
 5 APPPATH/Controllers/AdminAreaAudit.php(482): App\Models\Admin\LanjutanModel->getAlllanjutan('jÀ∂')
 6 SYSTEMPATH/CodeIgniter.php(942): App\Controllers\AdminAreaAudit->lanjutan('assets', 'vendors', 'chartjs', 'Chart.min.css')
 7 SYSTEMPATH/CodeIgniter.php(502): CodeIgniter\CodeIgniter->runController(Object(App\Controllers\AdminAreaAudit))
 8 SYSTEMPATH/CodeIgniter.php(361): CodeIgniter\CodeIgniter->handleRequest(null, Object(Config\Cache), false)
 9 FCPATH/index.php(79): CodeIgniter\CodeIgniter->run()
10 SYSTEMPATH/Commands/Server/rewrite.php(47): require_once('/Applications/XAMPP/xamppfiles/htdocs/ami/public/index.php')
CRITICAL - 2024-04-27 23:16:09 --> Uncaught CodeIgniter\Format\Exceptions\FormatException: Failed to parse JSON string. Error: Malformed UTF-8 characters, possibly incorrectly encoded in /Applications/XAMPP/xamppfiles/htdocs/ami/system/Format/JSONFormatter.php:43
Stack trace:
#0 /Applications/XAMPP/xamppfiles/htdocs/ami/system/Format/JSONFormatter.php(43): CodeIgniter\Format\Exceptions\FormatException::forInvalidJSON('Malformed UTF-8...')
#1 /Applications/XAMPP/xamppfiles/htdocs/ami/system/API/ResponseTrait.php(345): CodeIgniter\Format\JSONFormatter->format(Array)
#2 /Applications/XAMPP/xamppfiles/htdocs/ami/system/API/ResponseTrait.php(98): CodeIgniter\Debug\ExceptionHandler->format(Array)
#3 /Applications/XAMPP/xamppfiles/htdocs/ami/system/Debug/ExceptionHandler.php(81): CodeIgniter\Debug\ExceptionHandler->respond(Array, 500)
#4 /Applications/XAMPP/xamppfiles/htdocs/ami/system/Debug/Exceptions.php(149): CodeIgniter\Debug\ExceptionHandler->handle(Object(mysqli_sql_exception), Object(CodeIgniter\HTTP\IncomingRequest), Object(CodeIgniter\HTTP\Response), 500, 8)
#5 [internal function]: CodeIgniter\Debug\Exceptions->exceptionHandler(Object(mysqli_sql_exception))
#6 {main}
  thrown
„ÄêPrevious Exception„Äë
CodeIgniter\Database\Exceptions\DatabaseException
Illegal mix of collations (utf8mb4_general_ci,IMPLICIT) and (utf8_general_ci,COERCIBLE) for operation '='
#0 /Applications/XAMPP/xamppfiles/htdocs/ami/system/Database/BaseBuilder.php(1615): CodeIgniter\Database\BaseConnection->query('SELECT *\nFROM `...', Array, false)
#1 /Applications/XAMPP/xamppfiles/htdocs/ami/system/Model.php(237): CodeIgniter\Database\BaseBuilder->get()
#2 /Applications/XAMPP/xamppfiles/htdocs/ami/system/BaseModel.php(624): CodeIgniter\Model->doFindAll(0, 0)
#3 /Applications/XAMPP/xamppfiles/htdocs/ami/app/Models/Admin/LanjutanModel.php(22): CodeIgniter\BaseModel->findAll()
#4 /Applications/XAMPP/xamppfiles/htdocs/ami/app/Controllers/AdminAreaAudit.php(482): App\Models\Admin\LanjutanModel->getAlllanjutan('j\xCB\x1E\xB6')
#5 /Applications/XAMPP/xamppfiles/htdocs/ami/system/CodeIgniter.php(942): App\Controllers\AdminAreaAudit->lanjutan('assets', 'vendors', 'chartjs', 'Chart.min.css')
#6 /Applications/XAMPP/xamppfiles/htdocs/ami/system/CodeIgniter.php(502): CodeIgniter\CodeIgniter->runController(Object(App\Controllers\AdminAreaAudit))
#7 /Applications/XAMPP/xamppfiles/htdocs/ami/system/CodeIgniter.php(361): CodeIgniter\CodeIgniter->handleRequest(NULL, Object(Config\Cache), false)
#8 /Applications/XAMPP/xamppfiles/htdocs/ami/public/index.php(79): CodeIgniter\CodeIgniter->run()
#9 /Applications/XAMPP/xamppfiles/htdocs/ami/system/Commands/Server/rewrite.php(47): require_once('/Applications/X...')
#10 {main}
in SYSTEMPATH/Format/JSONFormatter.php on line 43.
 1 [internal function]: CodeIgniter\Debug\Exceptions->shutdownHandler()
INFO - 2024-04-27 23:16:13 --> Session: Class initialized using 'CodeIgniter\Session\Handlers\FileHandler' driver.
INFO - 2024-04-27 23:16:13 --> Session: Class initialized using 'CodeIgniter\Session\Handlers\FileHandler' driver.
ERROR - 2024-04-27 23:16:13 --> mysqli_sql_exception: Illegal mix of collations (utf8mb4_general_ci,IMPLICIT) and (utf8_general_ci,COERCIBLE) for operation '=' in /Applications/XAMPP/xamppfiles/htdocs/ami/system/Database/MySQLi/Connection.php:306
Stack trace:
#0 /Applications/XAMPP/xamppfiles/htdocs/ami/system/Database/MySQLi/Connection.php(306): mysqli->query('SELECT *\nFROM `...', 0)
#1 /Applications/XAMPP/xamppfiles/htdocs/ami/system/Database/BaseConnection.php(693): CodeIgniter\Database\MySQLi\Connection->execute('SELECT *\nFROM `...')
#2 /Applications/XAMPP/xamppfiles/htdocs/ami/system/Database/BaseConnection.php(607): CodeIgniter\Database\BaseConnection->simpleQuery('SELECT *\nFROM `...')
#3 /Applications/XAMPP/xamppfiles/htdocs/ami/system/Database/BaseBuilder.php(1615): CodeIgniter\Database\BaseConnection->query('SELECT *\nFROM `...', Array, false)
#4 /Applications/XAMPP/xamppfiles/htdocs/ami/system/Model.php(237): CodeIgniter\Database\BaseBuilder->get()
#5 /Applications/XAMPP/xamppfiles/htdocs/ami/system/BaseModel.php(624): CodeIgniter\Model->doFindAll(0, 0)
#6 /Applications/XAMPP/xamppfiles/htdocs/ami/app/Models/Admin/DetailModel.php(22): CodeIgniter\BaseModel->findAll()
#7 /Applications/XAMPP/xamppfiles/htdocs/ami/app/Controllers/AdminAreaAudit.php(630): App\Models\Admin\DetailModel->getAlldetail('j\xCB\x1E\xB6')
#8 /Applications/XAMPP/xamppfiles/htdocs/ami/system/CodeIgniter.php(942): App\Controllers\AdminAreaAudit->detail('assets', 'vendors', 'chartjs', 'Chart.min.css')
#9 /Applications/XAMPP/xamppfiles/htdocs/ami/system/CodeIgniter.php(502): CodeIgniter\CodeIgniter->runController(Object(App\Controllers\AdminAreaAudit))
#10 /Applications/XAMPP/xamppfiles/htdocs/ami/system/CodeIgniter.php(361): CodeIgniter\CodeIgniter->handleRequest(NULL, Object(Config\Cache), false)
#11 /Applications/XAMPP/xamppfiles/htdocs/ami/public/index.php(79): CodeIgniter\CodeIgniter->run()
#12 /Applications/XAMPP/xamppfiles/htdocs/ami/system/Commands/Server/rewrite.php(47): require_once('/Applications/X...')
#13 {main}
CRITICAL - 2024-04-27 23:16:13 --> Illegal mix of collations (utf8mb4_general_ci,IMPLICIT) and (utf8_general_ci,COERCIBLE) for operation '='
in SYSTEMPATH/Database/BaseConnection.php on line 647.
 1 SYSTEMPATH/Database/BaseBuilder.php(1615): CodeIgniter\Database\BaseConnection->query('SELECT *
FROM `s_pertanyaan_detail`
WHERE `s_p_lanjutan_id` = :s_p_lanjutan_id:
ORDER BY `urutan` ASC', [...], false)
 2 SYSTEMPATH/Model.php(237): CodeIgniter\Database\BaseBuilder->get()
 3 SYSTEMPATH/BaseModel.php(624): CodeIgniter\Model->doFindAll(0, 0)
 4 APPPATH/Models/Admin/DetailModel.php(22): CodeIgniter\BaseModel->findAll()
 5 APPPATH/Controllers/AdminAreaAudit.php(630): App\Models\Admin\DetailModel->getAlldetail('jÀ∂')
 6 SYSTEMPATH/CodeIgniter.php(942): App\Controllers\AdminAreaAudit->detail('assets', 'vendors', 'chartjs', 'Chart.min.css')
 7 SYSTEMPATH/CodeIgniter.php(502): CodeIgniter\CodeIgniter->runController(Object(App\Controllers\AdminAreaAudit))
 8 SYSTEMPATH/CodeIgniter.php(361): CodeIgniter\CodeIgniter->handleRequest(null, Object(Config\Cache), false)
 9 FCPATH/index.php(79): CodeIgniter\CodeIgniter->run()
10 SYSTEMPATH/Commands/Server/rewrite.php(47): require_once('/Applications/XAMPP/xamppfiles/htdocs/ami/public/index.php')
CRITICAL - 2024-04-27 23:16:13 --> Uncaught CodeIgniter\Format\Exceptions\FormatException: Failed to parse JSON string. Error: Malformed UTF-8 characters, possibly incorrectly encoded in /Applications/XAMPP/xamppfiles/htdocs/ami/system/Format/JSONFormatter.php:43
Stack trace:
#0 /Applications/XAMPP/xamppfiles/htdocs/ami/system/Format/JSONFormatter.php(43): CodeIgniter\Format\Exceptions\FormatException::forInvalidJSON('Malformed UTF-8...')
#1 /Applications/XAMPP/xamppfiles/htdocs/ami/system/API/ResponseTrait.php(345): CodeIgniter\Format\JSONFormatter->format(Array)
#2 /Applications/XAMPP/xamppfiles/htdocs/ami/system/API/ResponseTrait.php(98): CodeIgniter\Debug\ExceptionHandler->format(Array)
#3 /Applications/XAMPP/xamppfiles/htdocs/ami/system/Debug/ExceptionHandler.php(81): CodeIgniter\Debug\ExceptionHandler->respond(Array, 500)
#4 /Applications/XAMPP/xamppfiles/htdocs/ami/system/Debug/Exceptions.php(149): CodeIgniter\Debug\ExceptionHandler->handle(Object(mysqli_sql_exception), Object(CodeIgniter\HTTP\IncomingRequest), Object(CodeIgniter\HTTP\Response), 500, 8)
#5 [internal function]: CodeIgniter\Debug\Exceptions->exceptionHandler(Object(mysqli_sql_exception))
#6 {main}
  thrown
„ÄêPrevious Exception„Äë
CodeIgniter\Database\Exceptions\DatabaseException
Illegal mix of collations (utf8mb4_general_ci,IMPLICIT) and (utf8_general_ci,COERCIBLE) for operation '='
#0 /Applications/XAMPP/xamppfiles/htdocs/ami/system/Database/BaseBuilder.php(1615): CodeIgniter\Database\BaseConnection->query('SELECT *\nFROM `...', Array, false)
#1 /Applications/XAMPP/xamppfiles/htdocs/ami/system/Model.php(237): CodeIgniter\Database\BaseBuilder->get()
#2 /Applications/XAMPP/xamppfiles/htdocs/ami/system/BaseModel.php(624): CodeIgniter\Model->doFindAll(0, 0)
#3 /Applications/XAMPP/xamppfiles/htdocs/ami/app/Models/Admin/DetailModel.php(22): CodeIgniter\BaseModel->findAll()
#4 /Applications/XAMPP/xamppfiles/htdocs/ami/app/Controllers/AdminAreaAudit.php(630): App\Models\Admin\DetailModel->getAlldetail('j\xCB\x1E\xB6')
#5 /Applications/XAMPP/xamppfiles/htdocs/ami/system/CodeIgniter.php(942): App\Controllers\AdminAreaAudit->detail('assets', 'vendors', 'chartjs', 'Chart.min.css')
#6 /Applications/XAMPP/xamppfiles/htdocs/ami/system/CodeIgniter.php(502): CodeIgniter\CodeIgniter->runController(Object(App\Controllers\AdminAreaAudit))
#7 /Applications/XAMPP/xamppfiles/htdocs/ami/system/CodeIgniter.php(361): CodeIgniter\CodeIgniter->handleRequest(NULL, Object(Config\Cache), false)
#8 /Applications/XAMPP/xamppfiles/htdocs/ami/public/index.php(79): CodeIgniter\CodeIgniter->run()
#9 /Applications/XAMPP/xamppfiles/htdocs/ami/system/Commands/Server/rewrite.php(47): require_once('/Applications/X...')
#10 {main}
in SYSTEMPATH/Format/JSONFormatter.php on line 43.
 1 [internal function]: CodeIgniter\Debug\Exceptions->shutdownHandler()
INFO - 2024-04-27 23:16:18 --> Session: Class initialized using 'CodeIgniter\Session\Handlers\FileHandler' driver.
INFO - 2024-04-27 23:16:18 --> Session: Class initialized using 'CodeIgniter\Session\Handlers\FileHandler' driver.
ERROR - 2024-04-27 23:16:18 --> mysqli_sql_exception: Illegal mix of collations (utf8mb4_general_ci,IMPLICIT) and (utf8_general_ci,COERCIBLE) for operation '=' in /Applications/XAMPP/xamppfiles/htdocs/ami/system/Database/MySQLi/Connection.php:306
Stack trace:
#0 /Applications/XAMPP/xamppfiles/htdocs/ami/system/Database/MySQLi/Connection.php(306): mysqli->query('SELECT `s_perta...', 0)
#1 /Applications/XAMPP/xamppfiles/htdocs/ami/system/Database/BaseConnection.php(693): CodeIgniter\Database\MySQLi\Connection->execute('SELECT `s_perta...')
#2 /Applications/XAMPP/xamppfiles/htdocs/ami/system/Database/BaseConnection.php(607): CodeIgniter\Database\BaseConnection->simpleQuery('SELECT `s_perta...')
#3 /Applications/XAMPP/xamppfiles/htdocs/ami/system/Database/BaseBuilder.php(1615): CodeIgniter\Database\BaseConnection->query('SELECT `s_perta...', Array, false)
#4 /Applications/XAMPP/xamppfiles/htdocs/ami/system/Model.php(871): CodeIgniter\Database\BaseBuilder->get()
#5 /Applications/XAMPP/xamppfiles/htdocs/ami/app/Models/Admin/LanjutanModel.php(48): CodeIgniter\Model->__call('get', Array)
#6 /Applications/XAMPP/xamppfiles/htdocs/ami/app/Controllers/AdminAreaAudit.php(646): App\Models\Admin\LanjutanModel->getlanjutanById('j\xCB\x1E\xB6')
#7 /Applications/XAMPP/xamppfiles/htdocs/ami/system/CodeIgniter.php(942): App\Controllers\AdminAreaAudit->adddetail('assets', 'vendors', 'chartjs', 'Chart.min.css')
#8 /Applications/XAMPP/xamppfiles/htdocs/ami/system/CodeIgniter.php(502): CodeIgniter\CodeIgniter->runController(Object(App\Controllers\AdminAreaAudit))
#9 /Applications/XAMPP/xamppfiles/htdocs/ami/system/CodeIgniter.php(361): CodeIgniter\CodeIgniter->handleRequest(NULL, Object(Config\Cache), false)
#10 /Applications/XAMPP/xamppfiles/htdocs/ami/public/index.php(79): CodeIgniter\CodeIgniter->run()
#11 /Applications/XAMPP/xamppfiles/htdocs/ami/system/Commands/Server/rewrite.php(47): require_once('/Applications/X...')
#12 {main}
CRITICAL - 2024-04-27 23:16:18 --> Illegal mix of collations (utf8mb4_general_ci,IMPLICIT) and (utf8_general_ci,COERCIBLE) for operation '='
in SYSTEMPATH/Database/BaseConnection.php on line 647.
 1 SYSTEMPATH/Database/BaseBuilder.php(1615): CodeIgniter\Database\BaseConnection->query('SELECT `s_pertanyaan_isi`.`text`, `s_pertanyaan_lanjutan`.*
FROM `s_pertanyaan_lanjutan`
JOIN `s_pertanyaan_isi` ON `s_pertanyaan_lanjutan`.`s_p_isi_id` = `s_pertanyaan_isi`.`id`
WHERE `s_pertanyaan_lanjutan`.`id` = :s_pertanyaan_lanjutan.id:', [...], false)
 2 SYSTEMPATH/Model.php(871): CodeIgniter\Database\BaseBuilder->get()
 3 APPPATH/Models/Admin/LanjutanModel.php(48): CodeIgniter\Model->__call('get', [])
 4 APPPATH/Controllers/AdminAreaAudit.php(646): App\Models\Admin\LanjutanModel->getlanjutanById('jÀ∂')
 5 SYSTEMPATH/CodeIgniter.php(942): App\Controllers\AdminAreaAudit->adddetail('assets', 'vendors', 'chartjs', 'Chart.min.css')
 6 SYSTEMPATH/CodeIgniter.php(502): CodeIgniter\CodeIgniter->runController(Object(App\Controllers\AdminAreaAudit))
 7 SYSTEMPATH/CodeIgniter.php(361): CodeIgniter\CodeIgniter->handleRequest(null, Object(Config\Cache), false)
 8 FCPATH/index.php(79): CodeIgniter\CodeIgniter->run()
 9 SYSTEMPATH/Commands/Server/rewrite.php(47): require_once('/Applications/XAMPP/xamppfiles/htdocs/ami/public/index.php')
CRITICAL - 2024-04-27 23:16:18 --> Uncaught CodeIgniter\Format\Exceptions\FormatException: Failed to parse JSON string. Error: Malformed UTF-8 characters, possibly incorrectly encoded in /Applications/XAMPP/xamppfiles/htdocs/ami/system/Format/JSONFormatter.php:43
Stack trace:
#0 /Applications/XAMPP/xamppfiles/htdocs/ami/system/Format/JSONFormatter.php(43): CodeIgniter\Format\Exceptions\FormatException::forInvalidJSON('Malformed UTF-8...')
#1 /Applications/XAMPP/xamppfiles/htdocs/ami/system/API/ResponseTrait.php(345): CodeIgniter\Format\JSONFormatter->format(Array)
#2 /Applications/XAMPP/xamppfiles/htdocs/ami/system/API/ResponseTrait.php(98): CodeIgniter\Debug\ExceptionHandler->format(Array)
#3 /Applications/XAMPP/xamppfiles/htdocs/ami/system/Debug/ExceptionHandler.php(81): CodeIgniter\Debug\ExceptionHandler->respond(Array, 500)
#4 /Applications/XAMPP/xamppfiles/htdocs/ami/system/Debug/Exceptions.php(149): CodeIgniter\Debug\ExceptionHandler->handle(Object(mysqli_sql_exception), Object(CodeIgniter\HTTP\IncomingRequest), Object(CodeIgniter\HTTP\Response), 500, 8)
#5 [internal function]: CodeIgniter\Debug\Exceptions->exceptionHandler(Object(mysqli_sql_exception))
#6 {main}
  thrown
„ÄêPrevious Exception„Äë
CodeIgniter\Database\Exceptions\DatabaseException
Illegal mix of collations (utf8mb4_general_ci,IMPLICIT) and (utf8_general_ci,COERCIBLE) for operation '='
#0 /Applications/XAMPP/xamppfiles/htdocs/ami/system/Database/BaseBuilder.php(1615): CodeIgniter\Database\BaseConnection->query('SELECT `s_perta...', Array, false)
#1 /Applications/XAMPP/xamppfiles/htdocs/ami/system/Model.php(871): CodeIgniter\Database\BaseBuilder->get()
#2 /Applications/XAMPP/xamppfiles/htdocs/ami/app/Models/Admin/LanjutanModel.php(48): CodeIgniter\Model->__call('get', Array)
#3 /Applications/XAMPP/xamppfiles/htdocs/ami/app/Controllers/AdminAreaAudit.php(646): App\Models\Admin\LanjutanModel->getlanjutanById('j\xCB\x1E\xB6')
#4 /Applications/XAMPP/xamppfiles/htdocs/ami/system/CodeIgniter.php(942): App\Controllers\AdminAreaAudit->adddetail('assets', 'vendors', 'chartjs', 'Chart.min.css')
#5 /Applications/XAMPP/xamppfiles/htdocs/ami/system/CodeIgniter.php(502): CodeIgniter\CodeIgniter->runController(Object(App\Controllers\AdminAreaAudit))
#6 /Applications/XAMPP/xamppfiles/htdocs/ami/system/CodeIgniter.php(361): CodeIgniter\CodeIgniter->handleRequest(NULL, Object(Config\Cache), false)
#7 /Applications/XAMPP/xamppfiles/htdocs/ami/public/index.php(79): CodeIgniter\CodeIgniter->run()
#8 /Applications/XAMPP/xamppfiles/htdocs/ami/system/Commands/Server/rewrite.php(47): require_once('/Applications/X...')
#9 {main}
in SYSTEMPATH/Format/JSONFormatter.php on line 43.
 1 [internal function]: CodeIgniter\Debug\Exceptions->shutdownHandler()
INFO - 2024-04-27 23:16:27 --> Session: Class initialized using 'CodeIgniter\Session\Handlers\FileHandler' driver.
INFO - 2024-04-27 23:16:27 --> Session: Class initialized using 'CodeIgniter\Session\Handlers\FileHandler' driver.
INFO - 2024-04-27 23:16:28 --> Session: Class initialized using 'CodeIgniter\Session\Handlers\FileHandler' driver.
ERROR - 2024-04-27 23:16:28 --> mysqli_sql_exception: Illegal mix of collations (utf8mb4_general_ci,IMPLICIT) and (utf8_general_ci,COERCIBLE) for operation '=' in /Applications/XAMPP/xamppfiles/htdocs/ami/system/Database/MySQLi/Connection.php:306
Stack trace:
#0 /Applications/XAMPP/xamppfiles/htdocs/ami/system/Database/MySQLi/Connection.php(306): mysqli->query('SELECT *\nFROM `...', 0)
#1 /Applications/XAMPP/xamppfiles/htdocs/ami/system/Database/BaseConnection.php(693): CodeIgniter\Database\MySQLi\Connection->execute('SELECT *\nFROM `...')
#2 /Applications/XAMPP/xamppfiles/htdocs/ami/system/Database/BaseConnection.php(607): CodeIgniter\Database\BaseConnection->simpleQuery('SELECT *\nFROM `...')
#3 /Applications/XAMPP/xamppfiles/htdocs/ami/system/Database/BaseBuilder.php(1615): CodeIgniter\Database\BaseConnection->query('SELECT *\nFROM `...', Array, false)
#4 /Applications/XAMPP/xamppfiles/htdocs/ami/system/Model.php(237): CodeIgniter\Database\BaseBuilder->get()
#5 /Applications/XAMPP/xamppfiles/htdocs/ami/system/BaseModel.php(624): CodeIgniter\Model->doFindAll(0, 0)
#6 /Applications/XAMPP/xamppfiles/htdocs/ami/app/Models/Admin/DetailModel.php(22): CodeIgniter\BaseModel->findAll()
#7 /Applications/XAMPP/xamppfiles/htdocs/ami/app/Controllers/AdminAreaAudit.php(630): App\Models\Admin\DetailModel->getAlldetail('j\xCB\x1E\xB6')
#8 /Applications/XAMPP/xamppfiles/htdocs/ami/system/CodeIgniter.php(942): App\Controllers\AdminAreaAudit->detail('assets', 'vendors', 'chartjs', 'Chart.min.css')
#9 /Applications/XAMPP/xamppfiles/htdocs/ami/system/CodeIgniter.php(502): CodeIgniter\CodeIgniter->runController(Object(App\Controllers\AdminAreaAudit))
#10 /Applications/XAMPP/xamppfiles/htdocs/ami/system/CodeIgniter.php(361): CodeIgniter\CodeIgniter->handleRequest(NULL, Object(Config\Cache), false)
#11 /Applications/XAMPP/xamppfiles/htdocs/ami/public/index.php(79): CodeIgniter\CodeIgniter->run()
#12 /Applications/XAMPP/xamppfiles/htdocs/ami/system/Commands/Server/rewrite.php(47): require_once('/Applications/X...')
#13 {main}
CRITICAL - 2024-04-27 23:16:28 --> Illegal mix of collations (utf8mb4_general_ci,IMPLICIT) and (utf8_general_ci,COERCIBLE) for operation '='
in SYSTEMPATH/Database/BaseConnection.php on line 647.
 1 SYSTEMPATH/Database/BaseBuilder.php(1615): CodeIgniter\Database\BaseConnection->query('SELECT *
FROM `s_pertanyaan_detail`
WHERE `s_p_lanjutan_id` = :s_p_lanjutan_id:
ORDER BY `urutan` ASC', [...], false)
 2 SYSTEMPATH/Model.php(237): CodeIgniter\Database\BaseBuilder->get()
 3 SYSTEMPATH/BaseModel.php(624): CodeIgniter\Model->doFindAll(0, 0)
 4 APPPATH/Models/Admin/DetailModel.php(22): CodeIgniter\BaseModel->findAll()
 5 APPPATH/Controllers/AdminAreaAudit.php(630): App\Models\Admin\DetailModel->getAlldetail('jÀ∂')
 6 SYSTEMPATH/CodeIgniter.php(942): App\Controllers\AdminAreaAudit->detail('assets', 'vendors', 'chartjs', 'Chart.min.css')
 7 SYSTEMPATH/CodeIgniter.php(502): CodeIgniter\CodeIgniter->runController(Object(App\Controllers\AdminAreaAudit))
 8 SYSTEMPATH/CodeIgniter.php(361): CodeIgniter\CodeIgniter->handleRequest(null, Object(Config\Cache), false)
 9 FCPATH/index.php(79): CodeIgniter\CodeIgniter->run()
10 SYSTEMPATH/Commands/Server/rewrite.php(47): require_once('/Applications/XAMPP/xamppfiles/htdocs/ami/public/index.php')
CRITICAL - 2024-04-27 23:16:28 --> Uncaught CodeIgniter\Format\Exceptions\FormatException: Failed to parse JSON string. Error: Malformed UTF-8 characters, possibly incorrectly encoded in /Applications/XAMPP/xamppfiles/htdocs/ami/system/Format/JSONFormatter.php:43
Stack trace:
#0 /Applications/XAMPP/xamppfiles/htdocs/ami/system/Format/JSONFormatter.php(43): CodeIgniter\Format\Exceptions\FormatException::forInvalidJSON('Malformed UTF-8...')
#1 /Applications/XAMPP/xamppfiles/htdocs/ami/system/API/ResponseTrait.php(345): CodeIgniter\Format\JSONFormatter->format(Array)
#2 /Applications/XAMPP/xamppfiles/htdocs/ami/system/API/ResponseTrait.php(98): CodeIgniter\Debug\ExceptionHandler->format(Array)
#3 /Applications/XAMPP/xamppfiles/htdocs/ami/system/Debug/ExceptionHandler.php(81): CodeIgniter\Debug\ExceptionHandler->respond(Array, 500)
#4 /Applications/XAMPP/xamppfiles/htdocs/ami/system/Debug/Exceptions.php(149): CodeIgniter\Debug\ExceptionHandler->handle(Object(mysqli_sql_exception), Object(CodeIgniter\HTTP\IncomingRequest), Object(CodeIgniter\HTTP\Response), 500, 8)
#5 [internal function]: CodeIgniter\Debug\Exceptions->exceptionHandler(Object(mysqli_sql_exception))
#6 {main}
  thrown
„ÄêPrevious Exception„Äë
CodeIgniter\Database\Exceptions\DatabaseException
Illegal mix of collations (utf8mb4_general_ci,IMPLICIT) and (utf8_general_ci,COERCIBLE) for operation '='
#0 /Applications/XAMPP/xamppfiles/htdocs/ami/system/Database/BaseBuilder.php(1615): CodeIgniter\Database\BaseConnection->query('SELECT *\nFROM `...', Array, false)
#1 /Applications/XAMPP/xamppfiles/htdocs/ami/system/Model.php(237): CodeIgniter\Database\BaseBuilder->get()
#2 /Applications/XAMPP/xamppfiles/htdocs/ami/system/BaseModel.php(624): CodeIgniter\Model->doFindAll(0, 0)
#3 /Applications/XAMPP/xamppfiles/htdocs/ami/app/Models/Admin/DetailModel.php(22): CodeIgniter\BaseModel->findAll()
#4 /Applications/XAMPP/xamppfiles/htdocs/ami/app/Controllers/AdminAreaAudit.php(630): App\Models\Admin\DetailModel->getAlldetail('j\xCB\x1E\xB6')
#5 /Applications/XAMPP/xamppfiles/htdocs/ami/system/CodeIgniter.php(942): App\Controllers\AdminAreaAudit->detail('assets', 'vendors', 'chartjs', 'Chart.min.css')
#6 /Applications/XAMPP/xamppfiles/htdocs/ami/system/CodeIgniter.php(502): CodeIgniter\CodeIgniter->runController(Object(App\Controllers\AdminAreaAudit))
#7 /Applications/XAMPP/xamppfiles/htdocs/ami/system/CodeIgniter.php(361): CodeIgniter\CodeIgniter->handleRequest(NULL, Object(Config\Cache), false)
#8 /Applications/XAMPP/xamppfiles/htdocs/ami/public/index.php(79): CodeIgniter\CodeIgniter->run()
#9 /Applications/XAMPP/xamppfiles/htdocs/ami/system/Commands/Server/rewrite.php(47): require_once('/Applications/X...')
#10 {main}
in SYSTEMPATH/Format/JSONFormatter.php on line 43.
 1 [internal function]: CodeIgniter\Debug\Exceptions->shutdownHandler()
INFO - 2024-04-27 23:16:39 --> Session: Class initialized using 'CodeIgniter\Session\Handlers\FileHandler' driver.
INFO - 2024-04-27 23:16:39 --> Session: Class initialized using 'CodeIgniter\Session\Handlers\FileHandler' driver.
ERROR - 2024-04-27 23:16:39 --> mysqli_sql_exception: Illegal mix of collations (utf8mb4_general_ci,IMPLICIT) and (utf8_general_ci,COERCIBLE) for operation '=' in /Applications/XAMPP/xamppfiles/htdocs/ami/system/Database/MySQLi/Connection.php:306
Stack trace:
#0 /Applications/XAMPP/xamppfiles/htdocs/ami/system/Database/MySQLi/Connection.php(306): mysqli->query('SELECT `s_perta...', 0)
#1 /Applications/XAMPP/xamppfiles/htdocs/ami/system/Database/BaseConnection.php(693): CodeIgniter\Database\MySQLi\Connection->execute('SELECT `s_perta...')
#2 /Applications/XAMPP/xamppfiles/htdocs/ami/system/Database/BaseConnection.php(607): CodeIgniter\Database\BaseConnection->simpleQuery('SELECT `s_perta...')
#3 /Applications/XAMPP/xamppfiles/htdocs/ami/system/Database/BaseBuilder.php(1615): CodeIgniter\Database\BaseConnection->query('SELECT `s_perta...', Array, false)
#4 /Applications/XAMPP/xamppfiles/htdocs/ami/system/Model.php(871): CodeIgniter\Database\BaseBuilder->get()
#5 /Applications/XAMPP/xamppfiles/htdocs/ami/app/Models/Admin/LanjutanModel.php(48): CodeIgniter\Model->__call('get', Array)
#6 /Applications/XAMPP/xamppfiles/htdocs/ami/app/Controllers/AdminAreaAudit.php(646): App\Models\Admin\LanjutanModel->getlanjutanById('j\xCB\x1E\xB6')
#7 /Applications/XAMPP/xamppfiles/htdocs/ami/system/CodeIgniter.php(942): App\Controllers\AdminAreaAudit->adddetail('assets', 'vendors', 'chartjs', 'Chart.min.css')
#8 /Applications/XAMPP/xamppfiles/htdocs/ami/system/CodeIgniter.php(502): CodeIgniter\CodeIgniter->runController(Object(App\Controllers\AdminAreaAudit))
#9 /Applications/XAMPP/xamppfiles/htdocs/ami/system/CodeIgniter.php(361): CodeIgniter\CodeIgniter->handleRequest(NULL, Object(Config\Cache), false)
#10 /Applications/XAMPP/xamppfiles/htdocs/ami/public/index.php(79): CodeIgniter\CodeIgniter->run()
#11 /Applications/XAMPP/xamppfiles/htdocs/ami/system/Commands/Server/rewrite.php(47): require_once('/Applications/X...')
#12 {main}
CRITICAL - 2024-04-27 23:16:39 --> Illegal mix of collations (utf8mb4_general_ci,IMPLICIT) and (utf8_general_ci,COERCIBLE) for operation '='
in SYSTEMPATH/Database/BaseConnection.php on line 647.
 1 SYSTEMPATH/Database/BaseBuilder.php(1615): CodeIgniter\Database\BaseConnection->query('SELECT `s_pertanyaan_isi`.`text`, `s_pertanyaan_lanjutan`.*
FROM `s_pertanyaan_lanjutan`
JOIN `s_pertanyaan_isi` ON `s_pertanyaan_lanjutan`.`s_p_isi_id` = `s_pertanyaan_isi`.`id`
WHERE `s_pertanyaan_lanjutan`.`id` = :s_pertanyaan_lanjutan.id:', [...], false)
 2 SYSTEMPATH/Model.php(871): CodeIgniter\Database\BaseBuilder->get()
 3 APPPATH/Models/Admin/LanjutanModel.php(48): CodeIgniter\Model->__call('get', [])
 4 APPPATH/Controllers/AdminAreaAudit.php(646): App\Models\Admin\LanjutanModel->getlanjutanById('jÀ∂')
 5 SYSTEMPATH/CodeIgniter.php(942): App\Controllers\AdminAreaAudit->adddetail('assets', 'vendors', 'chartjs', 'Chart.min.css')
 6 SYSTEMPATH/CodeIgniter.php(502): CodeIgniter\CodeIgniter->runController(Object(App\Controllers\AdminAreaAudit))
 7 SYSTEMPATH/CodeIgniter.php(361): CodeIgniter\CodeIgniter->handleRequest(null, Object(Config\Cache), false)
 8 FCPATH/index.php(79): CodeIgniter\CodeIgniter->run()
 9 SYSTEMPATH/Commands/Server/rewrite.php(47): require_once('/Applications/XAMPP/xamppfiles/htdocs/ami/public/index.php')
CRITICAL - 2024-04-27 23:16:39 --> Uncaught CodeIgniter\Format\Exceptions\FormatException: Failed to parse JSON string. Error: Malformed UTF-8 characters, possibly incorrectly encoded in /Applications/XAMPP/xamppfiles/htdocs/ami/system/Format/JSONFormatter.php:43
Stack trace:
#0 /Applications/XAMPP/xamppfiles/htdocs/ami/system/Format/JSONFormatter.php(43): CodeIgniter\Format\Exceptions\FormatException::forInvalidJSON('Malformed UTF-8...')
#1 /Applications/XAMPP/xamppfiles/htdocs/ami/system/API/ResponseTrait.php(345): CodeIgniter\Format\JSONFormatter->format(Array)
#2 /Applications/XAMPP/xamppfiles/htdocs/ami/system/API/ResponseTrait.php(98): CodeIgniter\Debug\ExceptionHandler->format(Array)
#3 /Applications/XAMPP/xamppfiles/htdocs/ami/system/Debug/ExceptionHandler.php(81): CodeIgniter\Debug\ExceptionHandler->respond(Array, 500)
#4 /Applications/XAMPP/xamppfiles/htdocs/ami/system/Debug/Exceptions.php(149): CodeIgniter\Debug\ExceptionHandler->handle(Object(mysqli_sql_exception), Object(CodeIgniter\HTTP\IncomingRequest), Object(CodeIgniter\HTTP\Response), 500, 8)
#5 [internal function]: CodeIgniter\Debug\Exceptions->exceptionHandler(Object(mysqli_sql_exception))
#6 {main}
  thrown
„ÄêPrevious Exception„Äë
CodeIgniter\Database\Exceptions\DatabaseException
Illegal mix of collations (utf8mb4_general_ci,IMPLICIT) and (utf8_general_ci,COERCIBLE) for operation '='
#0 /Applications/XAMPP/xamppfiles/htdocs/ami/system/Database/BaseBuilder.php(1615): CodeIgniter\Database\BaseConnection->query('SELECT `s_perta...', Array, false)
#1 /Applications/XAMPP/xamppfiles/htdocs/ami/system/Model.php(871): CodeIgniter\Database\BaseBuilder->get()
#2 /Applications/XAMPP/xamppfiles/htdocs/ami/app/Models/Admin/LanjutanModel.php(48): CodeIgniter\Model->__call('get', Array)
#3 /Applications/XAMPP/xamppfiles/htdocs/ami/app/Controllers/AdminAreaAudit.php(646): App\Models\Admin\LanjutanModel->getlanjutanById('j\xCB\x1E\xB6')
#4 /Applications/XAMPP/xamppfiles/htdocs/ami/system/CodeIgniter.php(942): App\Controllers\AdminAreaAudit->adddetail('assets', 'vendors', 'chartjs', 'Chart.min.css')
#5 /Applications/XAMPP/xamppfiles/htdocs/ami/system/CodeIgniter.php(502): CodeIgniter\CodeIgniter->runController(Object(App\Controllers\AdminAreaAudit))
#6 /Applications/XAMPP/xamppfiles/htdocs/ami/system/CodeIgniter.php(361): CodeIgniter\CodeIgniter->handleRequest(NULL, Object(Config\Cache), false)
#7 /Applications/XAMPP/xamppfiles/htdocs/ami/public/index.php(79): CodeIgniter\CodeIgniter->run()
#8 /Applications/XAMPP/xamppfiles/htdocs/ami/system/Commands/Server/rewrite.php(47): require_once('/Applications/X...')
#9 {main}
in SYSTEMPATH/Format/JSONFormatter.php on line 43.
 1 [internal function]: CodeIgniter\Debug\Exceptions->shutdownHandler()
INFO - 2024-04-27 23:16:44 --> Session: Class initialized using 'CodeIgniter\Session\Handlers\FileHandler' driver.
INFO - 2024-04-27 23:16:44 --> Session: Class initialized using 'CodeIgniter\Session\Handlers\FileHandler' driver.
INFO - 2024-04-27 23:16:44 --> Session: Class initialized using 'CodeIgniter\Session\Handlers\FileHandler' driver.
ERROR - 2024-04-27 23:16:44 --> mysqli_sql_exception: Illegal mix of collations (utf8mb4_general_ci,IMPLICIT) and (utf8_general_ci,COERCIBLE) for operation '=' in /Applications/XAMPP/xamppfiles/htdocs/ami/system/Database/MySQLi/Connection.php:306
Stack trace:
#0 /Applications/XAMPP/xamppfiles/htdocs/ami/system/Database/MySQLi/Connection.php(306): mysqli->query('SELECT *\nFROM `...', 0)
#1 /Applications/XAMPP/xamppfiles/htdocs/ami/system/Database/BaseConnection.php(693): CodeIgniter\Database\MySQLi\Connection->execute('SELECT *\nFROM `...')
#2 /Applications/XAMPP/xamppfiles/htdocs/ami/system/Database/BaseConnection.php(607): CodeIgniter\Database\BaseConnection->simpleQuery('SELECT *\nFROM `...')
#3 /Applications/XAMPP/xamppfiles/htdocs/ami/system/Database/BaseBuilder.php(1615): CodeIgniter\Database\BaseConnection->query('SELECT *\nFROM `...', Array, false)
#4 /Applications/XAMPP/xamppfiles/htdocs/ami/system/Model.php(237): CodeIgniter\Database\BaseBuilder->get()
#5 /Applications/XAMPP/xamppfiles/htdocs/ami/system/BaseModel.php(624): CodeIgniter\Model->doFindAll(0, 0)
#6 /Applications/XAMPP/xamppfiles/htdocs/ami/app/Models/Admin/DetailModel.php(22): CodeIgniter\BaseModel->findAll()
#7 /Applications/XAMPP/xamppfiles/htdocs/ami/app/Controllers/AdminAreaAudit.php(630): App\Models\Admin\DetailModel->getAlldetail('j\xCB\x1E\xB6')
#8 /Applications/XAMPP/xamppfiles/htdocs/ami/system/CodeIgniter.php(942): App\Controllers\AdminAreaAudit->detail('assets', 'vendors', 'chartjs', 'Chart.min.css')
#9 /Applications/XAMPP/xamppfiles/htdocs/ami/system/CodeIgniter.php(502): CodeIgniter\CodeIgniter->runController(Object(App\Controllers\AdminAreaAudit))
#10 /Applications/XAMPP/xamppfiles/htdocs/ami/system/CodeIgniter.php(361): CodeIgniter\CodeIgniter->handleRequest(NULL, Object(Config\Cache), false)
#11 /Applications/XAMPP/xamppfiles/htdocs/ami/public/index.php(79): CodeIgniter\CodeIgniter->run()
#12 /Applications/XAMPP/xamppfiles/htdocs/ami/system/Commands/Server/rewrite.php(47): require_once('/Applications/X...')
#13 {main}
CRITICAL - 2024-04-27 23:16:44 --> Illegal mix of collations (utf8mb4_general_ci,IMPLICIT) and (utf8_general_ci,COERCIBLE) for operation '='
in SYSTEMPATH/Database/BaseConnection.php on line 647.
 1 SYSTEMPATH/Database/BaseBuilder.php(1615): CodeIgniter\Database\BaseConnection->query('SELECT *
FROM `s_pertanyaan_detail`
WHERE `s_p_lanjutan_id` = :s_p_lanjutan_id:
ORDER BY `urutan` ASC', [...], false)
 2 SYSTEMPATH/Model.php(237): CodeIgniter\Database\BaseBuilder->get()
 3 SYSTEMPATH/BaseModel.php(624): CodeIgniter\Model->doFindAll(0, 0)
 4 APPPATH/Models/Admin/DetailModel.php(22): CodeIgniter\BaseModel->findAll()
 5 APPPATH/Controllers/AdminAreaAudit.php(630): App\Models\Admin\DetailModel->getAlldetail('jÀ∂')
 6 SYSTEMPATH/CodeIgniter.php(942): App\Controllers\AdminAreaAudit->detail('assets', 'vendors', 'chartjs', 'Chart.min.css')
 7 SYSTEMPATH/CodeIgniter.php(502): CodeIgniter\CodeIgniter->runController(Object(App\Controllers\AdminAreaAudit))
 8 SYSTEMPATH/CodeIgniter.php(361): CodeIgniter\CodeIgniter->handleRequest(null, Object(Config\Cache), false)
 9 FCPATH/index.php(79): CodeIgniter\CodeIgniter->run()
10 SYSTEMPATH/Commands/Server/rewrite.php(47): require_once('/Applications/XAMPP/xamppfiles/htdocs/ami/public/index.php')
CRITICAL - 2024-04-27 23:16:44 --> Uncaught CodeIgniter\Format\Exceptions\FormatException: Failed to parse JSON string. Error: Malformed UTF-8 characters, possibly incorrectly encoded in /Applications/XAMPP/xamppfiles/htdocs/ami/system/Format/JSONFormatter.php:43
Stack trace:
#0 /Applications/XAMPP/xamppfiles/htdocs/ami/system/Format/JSONFormatter.php(43): CodeIgniter\Format\Exceptions\FormatException::forInvalidJSON('Malformed UTF-8...')
#1 /Applications/XAMPP/xamppfiles/htdocs/ami/system/API/ResponseTrait.php(345): CodeIgniter\Format\JSONFormatter->format(Array)
#2 /Applications/XAMPP/xamppfiles/htdocs/ami/system/API/ResponseTrait.php(98): CodeIgniter\Debug\ExceptionHandler->format(Array)
#3 /Applications/XAMPP/xamppfiles/htdocs/ami/system/Debug/ExceptionHandler.php(81): CodeIgniter\Debug\ExceptionHandler->respond(Array, 500)
#4 /Applications/XAMPP/xamppfiles/htdocs/ami/system/Debug/Exceptions.php(149): CodeIgniter\Debug\ExceptionHandler->handle(Object(mysqli_sql_exception), Object(CodeIgniter\HTTP\IncomingRequest), Object(CodeIgniter\HTTP\Response), 500, 8)
#5 [internal function]: CodeIgniter\Debug\Exceptions->exceptionHandler(Object(mysqli_sql_exception))
#6 {main}
  thrown
„ÄêPrevious Exception„Äë
CodeIgniter\Database\Exceptions\DatabaseException
Illegal mix of collations (utf8mb4_general_ci,IMPLICIT) and (utf8_general_ci,COERCIBLE) for operation '='
#0 /Applications/XAMPP/xamppfiles/htdocs/ami/system/Database/BaseBuilder.php(1615): CodeIgniter\Database\BaseConnection->query('SELECT *\nFROM `...', Array, false)
#1 /Applications/XAMPP/xamppfiles/htdocs/ami/system/Model.php(237): CodeIgniter\Database\BaseBuilder->get()
#2 /Applications/XAMPP/xamppfiles/htdocs/ami/system/BaseModel.php(624): CodeIgniter\Model->doFindAll(0, 0)
#3 /Applications/XAMPP/xamppfiles/htdocs/ami/app/Models/Admin/DetailModel.php(22): CodeIgniter\BaseModel->findAll()
#4 /Applications/XAMPP/xamppfiles/htdocs/ami/app/Controllers/AdminAreaAudit.php(630): App\Models\Admin\DetailModel->getAlldetail('j\xCB\x1E\xB6')
#5 /Applications/XAMPP/xamppfiles/htdocs/ami/system/CodeIgniter.php(942): App\Controllers\AdminAreaAudit->detail('assets', 'vendors', 'chartjs', 'Chart.min.css')
#6 /Applications/XAMPP/xamppfiles/htdocs/ami/system/CodeIgniter.php(502): CodeIgniter\CodeIgniter->runController(Object(App\Controllers\AdminAreaAudit))
#7 /Applications/XAMPP/xamppfiles/htdocs/ami/system/CodeIgniter.php(361): CodeIgniter\CodeIgniter->handleRequest(NULL, Object(Config\Cache), false)
#8 /Applications/XAMPP/xamppfiles/htdocs/ami/public/index.php(79): CodeIgniter\CodeIgniter->run()
#9 /Applications/XAMPP/xamppfiles/htdocs/ami/system/Commands/Server/rewrite.php(47): require_once('/Applications/X...')
#10 {main}
in SYSTEMPATH/Format/JSONFormatter.php on line 43.
 1 [internal function]: CodeIgniter\Debug\Exceptions->shutdownHandler()
INFO - 2024-04-27 23:16:52 --> Session: Class initialized using 'CodeIgniter\Session\Handlers\FileHandler' driver.
INFO - 2024-04-27 23:16:52 --> Session: Class initialized using 'CodeIgniter\Session\Handlers\FileHandler' driver.
ERROR - 2024-04-27 23:16:52 --> mysqli_sql_exception: Illegal mix of collations (utf8mb4_general_ci,IMPLICIT) and (utf8_general_ci,COERCIBLE) for operation '=' in /Applications/XAMPP/xamppfiles/htdocs/ami/system/Database/MySQLi/Connection.php:306
Stack trace:
#0 /Applications/XAMPP/xamppfiles/htdocs/ami/system/Database/MySQLi/Connection.php(306): mysqli->query('SELECT *\nFROM `...', 0)
#1 /Applications/XAMPP/xamppfiles/htdocs/ami/system/Database/BaseConnection.php(693): CodeIgniter\Database\MySQLi\Connection->execute('SELECT *\nFROM `...')
#2 /Applications/XAMPP/xamppfiles/htdocs/ami/system/Database/BaseConnection.php(607): CodeIgniter\Database\BaseConnection->simpleQuery('SELECT *\nFROM `...')
#3 /Applications/XAMPP/xamppfiles/htdocs/ami/system/Database/BaseBuilder.php(1615): CodeIgniter\Database\BaseConnection->query('SELECT *\nFROM `...', Array, false)
#4 /Applications/XAMPP/xamppfiles/htdocs/ami/system/Model.php(237): CodeIgniter\Database\BaseBuilder->get()
#5 /Applications/XAMPP/xamppfiles/htdocs/ami/system/BaseModel.php(624): CodeIgniter\Model->doFindAll(0, 0)
#6 /Applications/XAMPP/xamppfiles/htdocs/ami/app/Models/Admin/LanjutanModel.php(22): CodeIgniter\BaseModel->findAll()
#7 /Applications/XAMPP/xamppfiles/htdocs/ami/app/Controllers/AdminAreaAudit.php(482): App\Models\Admin\LanjutanModel->getAlllanjutan('j\xCB\x1E\xB6')
#8 /Applications/XAMPP/xamppfiles/htdocs/ami/system/CodeIgniter.php(942): App\Controllers\AdminAreaAudit->lanjutan('assets', 'vendors', 'chartjs', 'Chart.min.css')
#9 /Applications/XAMPP/xamppfiles/htdocs/ami/system/CodeIgniter.php(502): CodeIgniter\CodeIgniter->runController(Object(App\Controllers\AdminAreaAudit))
#10 /Applications/XAMPP/xamppfiles/htdocs/ami/system/CodeIgniter.php(361): CodeIgniter\CodeIgniter->handleRequest(NULL, Object(Config\Cache), false)
#11 /Applications/XAMPP/xamppfiles/htdocs/ami/public/index.php(79): CodeIgniter\CodeIgniter->run()
#12 /Applications/XAMPP/xamppfiles/htdocs/ami/system/Commands/Server/rewrite.php(47): require_once('/Applications/X...')
#13 {main}
CRITICAL - 2024-04-27 23:16:52 --> Illegal mix of collations (utf8mb4_general_ci,IMPLICIT) and (utf8_general_ci,COERCIBLE) for operation '='
in SYSTEMPATH/Database/BaseConnection.php on line 647.
 1 SYSTEMPATH/Database/BaseBuilder.php(1615): CodeIgniter\Database\BaseConnection->query('SELECT *
FROM `s_pertanyaan_lanjutan`
WHERE `s_p_isi_id` = :s_p_isi_id:
ORDER BY `urutan` ASC', [...], false)
 2 SYSTEMPATH/Model.php(237): CodeIgniter\Database\BaseBuilder->get()
 3 SYSTEMPATH/BaseModel.php(624): CodeIgniter\Model->doFindAll(0, 0)
 4 APPPATH/Models/Admin/LanjutanModel.php(22): CodeIgniter\BaseModel->findAll()
 5 APPPATH/Controllers/AdminAreaAudit.php(482): App\Models\Admin\LanjutanModel->getAlllanjutan('jÀ∂')
 6 SYSTEMPATH/CodeIgniter.php(942): App\Controllers\AdminAreaAudit->lanjutan('assets', 'vendors', 'chartjs', 'Chart.min.css')
 7 SYSTEMPATH/CodeIgniter.php(502): CodeIgniter\CodeIgniter->runController(Object(App\Controllers\AdminAreaAudit))
 8 SYSTEMPATH/CodeIgniter.php(361): CodeIgniter\CodeIgniter->handleRequest(null, Object(Config\Cache), false)
 9 FCPATH/index.php(79): CodeIgniter\CodeIgniter->run()
10 SYSTEMPATH/Commands/Server/rewrite.php(47): require_once('/Applications/XAMPP/xamppfiles/htdocs/ami/public/index.php')
CRITICAL - 2024-04-27 23:16:52 --> Uncaught CodeIgniter\Format\Exceptions\FormatException: Failed to parse JSON string. Error: Malformed UTF-8 characters, possibly incorrectly encoded in /Applications/XAMPP/xamppfiles/htdocs/ami/system/Format/JSONFormatter.php:43
Stack trace:
#0 /Applications/XAMPP/xamppfiles/htdocs/ami/system/Format/JSONFormatter.php(43): CodeIgniter\Format\Exceptions\FormatException::forInvalidJSON('Malformed UTF-8...')
#1 /Applications/XAMPP/xamppfiles/htdocs/ami/system/API/ResponseTrait.php(345): CodeIgniter\Format\JSONFormatter->format(Array)
#2 /Applications/XAMPP/xamppfiles/htdocs/ami/system/API/ResponseTrait.php(98): CodeIgniter\Debug\ExceptionHandler->format(Array)
#3 /Applications/XAMPP/xamppfiles/htdocs/ami/system/Debug/ExceptionHandler.php(81): CodeIgniter\Debug\ExceptionHandler->respond(Array, 500)
#4 /Applications/XAMPP/xamppfiles/htdocs/ami/system/Debug/Exceptions.php(149): CodeIgniter\Debug\ExceptionHandler->handle(Object(mysqli_sql_exception), Object(CodeIgniter\HTTP\IncomingRequest), Object(CodeIgniter\HTTP\Response), 500, 8)
#5 [internal function]: CodeIgniter\Debug\Exceptions->exceptionHandler(Object(mysqli_sql_exception))
#6 {main}
  thrown
„ÄêPrevious Exception„Äë
CodeIgniter\Database\Exceptions\DatabaseException
Illegal mix of collations (utf8mb4_general_ci,IMPLICIT) and (utf8_general_ci,COERCIBLE) for operation '='
#0 /Applications/XAMPP/xamppfiles/htdocs/ami/system/Database/BaseBuilder.php(1615): CodeIgniter\Database\BaseConnection->query('SELECT *\nFROM `...', Array, false)
#1 /Applications/XAMPP/xamppfiles/htdocs/ami/system/Model.php(237): CodeIgniter\Database\BaseBuilder->get()
#2 /Applications/XAMPP/xamppfiles/htdocs/ami/system/BaseModel.php(624): CodeIgniter\Model->doFindAll(0, 0)
#3 /Applications/XAMPP/xamppfiles/htdocs/ami/app/Models/Admin/LanjutanModel.php(22): CodeIgniter\BaseModel->findAll()
#4 /Applications/XAMPP/xamppfiles/htdocs/ami/app/Controllers/AdminAreaAudit.php(482): App\Models\Admin\LanjutanModel->getAlllanjutan('j\xCB\x1E\xB6')
#5 /Applications/XAMPP/xamppfiles/htdocs/ami/system/CodeIgniter.php(942): App\Controllers\AdminAreaAudit->lanjutan('assets', 'vendors', 'chartjs', 'Chart.min.css')
#6 /Applications/XAMPP/xamppfiles/htdocs/ami/system/CodeIgniter.php(502): CodeIgniter\CodeIgniter->runController(Object(App\Controllers\AdminAreaAudit))
#7 /Applications/XAMPP/xamppfiles/htdocs/ami/system/CodeIgniter.php(361): CodeIgniter\CodeIgniter->handleRequest(NULL, Object(Config\Cache), false)
#8 /Applications/XAMPP/xamppfiles/htdocs/ami/public/index.php(79): CodeIgniter\CodeIgniter->run()
#9 /Applications/XAMPP/xamppfiles/htdocs/ami/system/Commands/Server/rewrite.php(47): require_once('/Applications/X...')
#10 {main}
in SYSTEMPATH/Format/JSONFormatter.php on line 43.
 1 [internal function]: CodeIgniter\Debug\Exceptions->shutdownHandler()
INFO - 2024-04-27 23:17:02 --> Session: Class initialized using 'CodeIgniter\Session\Handlers\FileHandler' driver.
INFO - 2024-04-27 23:17:02 --> Session: Class initialized using 'CodeIgniter\Session\Handlers\FileHandler' driver.
ERROR - 2024-04-27 23:17:02 --> mysqli_sql_exception: Illegal mix of collations (utf8mb4_general_ci,IMPLICIT) and (utf8_general_ci,COERCIBLE) for operation '=' in /Applications/XAMPP/xamppfiles/htdocs/ami/system/Database/MySQLi/Connection.php:306
Stack trace:
#0 /Applications/XAMPP/xamppfiles/htdocs/ami/system/Database/MySQLi/Connection.php(306): mysqli->query('SELECT *\nFROM `...', 0)
#1 /Applications/XAMPP/xamppfiles/htdocs/ami/system/Database/BaseConnection.php(693): CodeIgniter\Database\MySQLi\Connection->execute('SELECT *\nFROM `...')
#2 /Applications/XAMPP/xamppfiles/htdocs/ami/system/Database/BaseConnection.php(607): CodeIgniter\Database\BaseConnection->simpleQuery('SELECT *\nFROM `...')
#3 /Applications/XAMPP/xamppfiles/htdocs/ami/system/Database/BaseBuilder.php(1615): CodeIgniter\Database\BaseConnection->query('SELECT *\nFROM `...', Array, false)
#4 /Applications/XAMPP/xamppfiles/htdocs/ami/system/Model.php(237): CodeIgniter\Database\BaseBuilder->get()
#5 /Applications/XAMPP/xamppfiles/htdocs/ami/system/BaseModel.php(624): CodeIgniter\Model->doFindAll(0, 0)
#6 /Applications/XAMPP/xamppfiles/htdocs/ami/app/Models/Admin/IsiModel.php(22): CodeIgniter\BaseModel->findAll()
#7 /Applications/XAMPP/xamppfiles/htdocs/ami/app/Controllers/AdminAreaAudit.php(333): App\Models\Admin\IsiModel->getAllisi('j\xCB\x1E\xB6')
#8 /Applications/XAMPP/xamppfiles/htdocs/ami/system/CodeIgniter.php(942): App\Controllers\AdminAreaAudit->isi('assets', 'vendors', 'chartjs', 'Chart.min.css')
#9 /Applications/XAMPP/xamppfiles/htdocs/ami/system/CodeIgniter.php(502): CodeIgniter\CodeIgniter->runController(Object(App\Controllers\AdminAreaAudit))
#10 /Applications/XAMPP/xamppfiles/htdocs/ami/system/CodeIgniter.php(361): CodeIgniter\CodeIgniter->handleRequest(NULL, Object(Config\Cache), false)
#11 /Applications/XAMPP/xamppfiles/htdocs/ami/public/index.php(79): CodeIgniter\CodeIgniter->run()
#12 /Applications/XAMPP/xamppfiles/htdocs/ami/system/Commands/Server/rewrite.php(47): require_once('/Applications/X...')
#13 {main}
CRITICAL - 2024-04-27 23:17:02 --> Illegal mix of collations (utf8mb4_general_ci,IMPLICIT) and (utf8_general_ci,COERCIBLE) for operation '='
in SYSTEMPATH/Database/BaseConnection.php on line 647.
 1 SYSTEMPATH/Database/BaseBuilder.php(1615): CodeIgniter\Database\BaseConnection->query('SELECT *
FROM `s_pertanyaan_isi`
WHERE `standar_id` = :standar_id:
ORDER BY `urutan` ASC', [...], false)
 2 SYSTEMPATH/Model.php(237): CodeIgniter\Database\BaseBuilder->get()
 3 SYSTEMPATH/BaseModel.php(624): CodeIgniter\Model->doFindAll(0, 0)
 4 APPPATH/Models/Admin/IsiModel.php(22): CodeIgniter\BaseModel->findAll()
 5 APPPATH/Controllers/AdminAreaAudit.php(333): App\Models\Admin\IsiModel->getAllisi('jÀ∂')
 6 SYSTEMPATH/CodeIgniter.php(942): App\Controllers\AdminAreaAudit->isi('assets', 'vendors', 'chartjs', 'Chart.min.css')
 7 SYSTEMPATH/CodeIgniter.php(502): CodeIgniter\CodeIgniter->runController(Object(App\Controllers\AdminAreaAudit))
 8 SYSTEMPATH/CodeIgniter.php(361): CodeIgniter\CodeIgniter->handleRequest(null, Object(Config\Cache), false)
 9 FCPATH/index.php(79): CodeIgniter\CodeIgniter->run()
10 SYSTEMPATH/Commands/Server/rewrite.php(47): require_once('/Applications/XAMPP/xamppfiles/htdocs/ami/public/index.php')
CRITICAL - 2024-04-27 23:17:02 --> Uncaught CodeIgniter\Format\Exceptions\FormatException: Failed to parse JSON string. Error: Malformed UTF-8 characters, possibly incorrectly encoded in /Applications/XAMPP/xamppfiles/htdocs/ami/system/Format/JSONFormatter.php:43
Stack trace:
#0 /Applications/XAMPP/xamppfiles/htdocs/ami/system/Format/JSONFormatter.php(43): CodeIgniter\Format\Exceptions\FormatException::forInvalidJSON('Malformed UTF-8...')
#1 /Applications/XAMPP/xamppfiles/htdocs/ami/system/API/ResponseTrait.php(345): CodeIgniter\Format\JSONFormatter->format(Array)
#2 /Applications/XAMPP/xamppfiles/htdocs/ami/system/API/ResponseTrait.php(98): CodeIgniter\Debug\ExceptionHandler->format(Array)
#3 /Applications/XAMPP/xamppfiles/htdocs/ami/system/Debug/ExceptionHandler.php(81): CodeIgniter\Debug\ExceptionHandler->respond(Array, 500)
#4 /Applications/XAMPP/xamppfiles/htdocs/ami/system/Debug/Exceptions.php(149): CodeIgniter\Debug\ExceptionHandler->handle(Object(mysqli_sql_exception), Object(CodeIgniter\HTTP\IncomingRequest), Object(CodeIgniter\HTTP\Response), 500, 8)
#5 [internal function]: CodeIgniter\Debug\Exceptions->exceptionHandler(Object(mysqli_sql_exception))
#6 {main}
  thrown
„ÄêPrevious Exception„Äë
CodeIgniter\Database\Exceptions\DatabaseException
Illegal mix of collations (utf8mb4_general_ci,IMPLICIT) and (utf8_general_ci,COERCIBLE) for operation '='
#0 /Applications/XAMPP/xamppfiles/htdocs/ami/system/Database/BaseBuilder.php(1615): CodeIgniter\Database\BaseConnection->query('SELECT *\nFROM `...', Array, false)
#1 /Applications/XAMPP/xamppfiles/htdocs/ami/system/Model.php(237): CodeIgniter\Database\BaseBuilder->get()
#2 /Applications/XAMPP/xamppfiles/htdocs/ami/system/BaseModel.php(624): CodeIgniter\Model->doFindAll(0, 0)
#3 /Applications/XAMPP/xamppfiles/htdocs/ami/app/Models/Admin/IsiModel.php(22): CodeIgniter\BaseModel->findAll()
#4 /Applications/XAMPP/xamppfiles/htdocs/ami/app/Controllers/AdminAreaAudit.php(333): App\Models\Admin\IsiModel->getAllisi('j\xCB\x1E\xB6')
#5 /Applications/XAMPP/xamppfiles/htdocs/ami/system/CodeIgniter.php(942): App\Controllers\AdminAreaAudit->isi('assets', 'vendors', 'chartjs', 'Chart.min.css')
#6 /Applications/XAMPP/xamppfiles/htdocs/ami/system/CodeIgniter.php(502): CodeIgniter\CodeIgniter->runController(Object(App\Controllers\AdminAreaAudit))
#7 /Applications/XAMPP/xamppfiles/htdocs/ami/system/CodeIgniter.php(361): CodeIgniter\CodeIgniter->handleRequest(NULL, Object(Config\Cache), false)
#8 /Applications/XAMPP/xamppfiles/htdocs/ami/public/index.php(79): CodeIgniter\CodeIgniter->run()
#9 /Applications/XAMPP/xamppfiles/htdocs/ami/system/Commands/Server/rewrite.php(47): require_once('/Applications/X...')
#10 {main}
in SYSTEMPATH/Format/JSONFormatter.php on line 43.
 1 [internal function]: CodeIgniter\Debug\Exceptions->shutdownHandler()
INFO - 2024-04-27 23:17:03 --> Session: Class initialized using 'CodeIgniter\Session\Handlers\FileHandler' driver.
INFO - 2024-04-27 23:17:03 --> Session: Class initialized using 'CodeIgniter\Session\Handlers\FileHandler' driver.
ERROR - 2024-04-27 23:17:03 --> mysqli_sql_exception: Illegal mix of collations (utf8mb4_general_ci,IMPLICIT) and (utf8_general_ci,COERCIBLE) for operation '=' in /Applications/XAMPP/xamppfiles/htdocs/ami/system/Database/MySQLi/Connection.php:306
Stack trace:
#0 /Applications/XAMPP/xamppfiles/htdocs/ami/system/Database/MySQLi/Connection.php(306): mysqli->query('SELECT *\nFROM `...', 0)
#1 /Applications/XAMPP/xamppfiles/htdocs/ami/system/Database/BaseConnection.php(693): CodeIgniter\Database\MySQLi\Connection->execute('SELECT *\nFROM `...')
#2 /Applications/XAMPP/xamppfiles/htdocs/ami/system/Database/BaseConnection.php(607): CodeIgniter\Database\BaseConnection->simpleQuery('SELECT *\nFROM `...')
#3 /Applications/XAMPP/xamppfiles/htdocs/ami/system/Database/BaseBuilder.php(1615): CodeIgniter\Database\BaseConnection->query('SELECT *\nFROM `...', Array, false)
#4 /Applications/XAMPP/xamppfiles/htdocs/ami/system/Model.php(237): CodeIgniter\Database\BaseBuilder->get()
#5 /Applications/XAMPP/xamppfiles/htdocs/ami/system/BaseModel.php(624): CodeIgniter\Model->doFindAll(0, 0)
#6 /Applications/XAMPP/xamppfiles/htdocs/ami/app/Models/Admin/LanjutanModel.php(22): CodeIgniter\BaseModel->findAll()
#7 /Applications/XAMPP/xamppfiles/htdocs/ami/app/Controllers/AdminAreaAudit.php(482): App\Models\Admin\LanjutanModel->getAlllanjutan('j\xCB\x1E\xB6')
#8 /Applications/XAMPP/xamppfiles/htdocs/ami/system/CodeIgniter.php(942): App\Controllers\AdminAreaAudit->lanjutan('assets', 'vendors', 'chartjs', 'Chart.min.css')
#9 /Applications/XAMPP/xamppfiles/htdocs/ami/system/CodeIgniter.php(502): CodeIgniter\CodeIgniter->runController(Object(App\Controllers\AdminAreaAudit))
#10 /Applications/XAMPP/xamppfiles/htdocs/ami/system/CodeIgniter.php(361): CodeIgniter\CodeIgniter->handleRequest(NULL, Object(Config\Cache), false)
#11 /Applications/XAMPP/xamppfiles/htdocs/ami/public/index.php(79): CodeIgniter\CodeIgniter->run()
#12 /Applications/XAMPP/xamppfiles/htdocs/ami/system/Commands/Server/rewrite.php(47): require_once('/Applications/X...')
#13 {main}
CRITICAL - 2024-04-27 23:17:03 --> Illegal mix of collations (utf8mb4_general_ci,IMPLICIT) and (utf8_general_ci,COERCIBLE) for operation '='
in SYSTEMPATH/Database/BaseConnection.php on line 647.
 1 SYSTEMPATH/Database/BaseBuilder.php(1615): CodeIgniter\Database\BaseConnection->query('SELECT *
FROM `s_pertanyaan_lanjutan`
WHERE `s_p_isi_id` = :s_p_isi_id:
ORDER BY `urutan` ASC', [...], false)
 2 SYSTEMPATH/Model.php(237): CodeIgniter\Database\BaseBuilder->get()
 3 SYSTEMPATH/BaseModel.php(624): CodeIgniter\Model->doFindAll(0, 0)
 4 APPPATH/Models/Admin/LanjutanModel.php(22): CodeIgniter\BaseModel->findAll()
 5 APPPATH/Controllers/AdminAreaAudit.php(482): App\Models\Admin\LanjutanModel->getAlllanjutan('jÀ∂')
 6 SYSTEMPATH/CodeIgniter.php(942): App\Controllers\AdminAreaAudit->lanjutan('assets', 'vendors', 'chartjs', 'Chart.min.css')
 7 SYSTEMPATH/CodeIgniter.php(502): CodeIgniter\CodeIgniter->runController(Object(App\Controllers\AdminAreaAudit))
 8 SYSTEMPATH/CodeIgniter.php(361): CodeIgniter\CodeIgniter->handleRequest(null, Object(Config\Cache), false)
 9 FCPATH/index.php(79): CodeIgniter\CodeIgniter->run()
10 SYSTEMPATH/Commands/Server/rewrite.php(47): require_once('/Applications/XAMPP/xamppfiles/htdocs/ami/public/index.php')
CRITICAL - 2024-04-27 23:17:03 --> Uncaught CodeIgniter\Format\Exceptions\FormatException: Failed to parse JSON string. Error: Malformed UTF-8 characters, possibly incorrectly encoded in /Applications/XAMPP/xamppfiles/htdocs/ami/system/Format/JSONFormatter.php:43
Stack trace:
#0 /Applications/XAMPP/xamppfiles/htdocs/ami/system/Format/JSONFormatter.php(43): CodeIgniter\Format\Exceptions\FormatException::forInvalidJSON('Malformed UTF-8...')
#1 /Applications/XAMPP/xamppfiles/htdocs/ami/system/API/ResponseTrait.php(345): CodeIgniter\Format\JSONFormatter->format(Array)
#2 /Applications/XAMPP/xamppfiles/htdocs/ami/system/API/ResponseTrait.php(98): CodeIgniter\Debug\ExceptionHandler->format(Array)
#3 /Applications/XAMPP/xamppfiles/htdocs/ami/system/Debug/ExceptionHandler.php(81): CodeIgniter\Debug\ExceptionHandler->respond(Array, 500)
#4 /Applications/XAMPP/xamppfiles/htdocs/ami/system/Debug/Exceptions.php(149): CodeIgniter\Debug\ExceptionHandler->handle(Object(mysqli_sql_exception), Object(CodeIgniter\HTTP\IncomingRequest), Object(CodeIgniter\HTTP\Response), 500, 8)
#5 [internal function]: CodeIgniter\Debug\Exceptions->exceptionHandler(Object(mysqli_sql_exception))
#6 {main}
  thrown
„ÄêPrevious Exception„Äë
CodeIgniter\Database\Exceptions\DatabaseException
Illegal mix of collations (utf8mb4_general_ci,IMPLICIT) and (utf8_general_ci,COERCIBLE) for operation '='
#0 /Applications/XAMPP/xamppfiles/htdocs/ami/system/Database/BaseBuilder.php(1615): CodeIgniter\Database\BaseConnection->query('SELECT *\nFROM `...', Array, false)
#1 /Applications/XAMPP/xamppfiles/htdocs/ami/system/Model.php(237): CodeIgniter\Database\BaseBuilder->get()
#2 /Applications/XAMPP/xamppfiles/htdocs/ami/system/BaseModel.php(624): CodeIgniter\Model->doFindAll(0, 0)
#3 /Applications/XAMPP/xamppfiles/htdocs/ami/app/Models/Admin/LanjutanModel.php(22): CodeIgniter\BaseModel->findAll()
#4 /Applications/XAMPP/xamppfiles/htdocs/ami/app/Controllers/AdminAreaAudit.php(482): App\Models\Admin\LanjutanModel->getAlllanjutan('j\xCB\x1E\xB6')
#5 /Applications/XAMPP/xamppfiles/htdocs/ami/system/CodeIgniter.php(942): App\Controllers\AdminAreaAudit->lanjutan('assets', 'vendors', 'chartjs', 'Chart.min.css')
#6 /Applications/XAMPP/xamppfiles/htdocs/ami/system/CodeIgniter.php(502): CodeIgniter\CodeIgniter->runController(Object(App\Controllers\AdminAreaAudit))
#7 /Applications/XAMPP/xamppfiles/htdocs/ami/system/CodeIgniter.php(361): CodeIgniter\CodeIgniter->handleRequest(NULL, Object(Config\Cache), false)
#8 /Applications/XAMPP/xamppfiles/htdocs/ami/public/index.php(79): CodeIgniter\CodeIgniter->run()
#9 /Applications/XAMPP/xamppfiles/htdocs/ami/system/Commands/Server/rewrite.php(47): require_once('/Applications/X...')
#10 {main}
in SYSTEMPATH/Format/JSONFormatter.php on line 43.
 1 [internal function]: CodeIgniter\Debug\Exceptions->shutdownHandler()
INFO - 2024-04-27 23:17:06 --> Session: Class initialized using 'CodeIgniter\Session\Handlers\FileHandler' driver.
INFO - 2024-04-27 23:17:06 --> Session: Class initialized using 'CodeIgniter\Session\Handlers\FileHandler' driver.
ERROR - 2024-04-27 23:17:06 --> mysqli_sql_exception: Illegal mix of collations (utf8mb4_general_ci,IMPLICIT) and (utf8_general_ci,COERCIBLE) for operation '=' in /Applications/XAMPP/xamppfiles/htdocs/ami/system/Database/MySQLi/Connection.php:306
Stack trace:
#0 /Applications/XAMPP/xamppfiles/htdocs/ami/system/Database/MySQLi/Connection.php(306): mysqli->query('SELECT *\nFROM `...', 0)
#1 /Applications/XAMPP/xamppfiles/htdocs/ami/system/Database/BaseConnection.php(693): CodeIgniter\Database\MySQLi\Connection->execute('SELECT *\nFROM `...')
#2 /Applications/XAMPP/xamppfiles/htdocs/ami/system/Database/BaseConnection.php(607): CodeIgniter\Database\BaseConnection->simpleQuery('SELECT *\nFROM `...')
#3 /Applications/XAMPP/xamppfiles/htdocs/ami/system/Database/BaseBuilder.php(1615): CodeIgniter\Database\BaseConnection->query('SELECT *\nFROM `...', Array, false)
#4 /Applications/XAMPP/xamppfiles/htdocs/ami/system/Model.php(237): CodeIgniter\Database\BaseBuilder->get()
#5 /Applications/XAMPP/xamppfiles/htdocs/ami/system/BaseModel.php(624): CodeIgniter\Model->doFindAll(0, 0)
#6 /Applications/XAMPP/xamppfiles/htdocs/ami/app/Models/Admin/IsiModel.php(22): CodeIgniter\BaseModel->findAll()
#7 /Applications/XAMPP/xamppfiles/htdocs/ami/app/Controllers/AdminAreaAudit.php(333): App\Models\Admin\IsiModel->getAllisi('j\xCB\x1E\xB6')
#8 /Applications/XAMPP/xamppfiles/htdocs/ami/system/CodeIgniter.php(942): App\Controllers\AdminAreaAudit->isi('assets', 'vendors', 'chartjs', 'Chart.min.css')
#9 /Applications/XAMPP/xamppfiles/htdocs/ami/system/CodeIgniter.php(502): CodeIgniter\CodeIgniter->runController(Object(App\Controllers\AdminAreaAudit))
#10 /Applications/XAMPP/xamppfiles/htdocs/ami/system/CodeIgniter.php(361): CodeIgniter\CodeIgniter->handleRequest(NULL, Object(Config\Cache), false)
#11 /Applications/XAMPP/xamppfiles/htdocs/ami/public/index.php(79): CodeIgniter\CodeIgniter->run()
#12 /Applications/XAMPP/xamppfiles/htdocs/ami/system/Commands/Server/rewrite.php(47): require_once('/Applications/X...')
#13 {main}
CRITICAL - 2024-04-27 23:17:06 --> Illegal mix of collations (utf8mb4_general_ci,IMPLICIT) and (utf8_general_ci,COERCIBLE) for operation '='
in SYSTEMPATH/Database/BaseConnection.php on line 647.
 1 SYSTEMPATH/Database/BaseBuilder.php(1615): CodeIgniter\Database\BaseConnection->query('SELECT *
FROM `s_pertanyaan_isi`
WHERE `standar_id` = :standar_id:
ORDER BY `urutan` ASC', [...], false)
 2 SYSTEMPATH/Model.php(237): CodeIgniter\Database\BaseBuilder->get()
 3 SYSTEMPATH/BaseModel.php(624): CodeIgniter\Model->doFindAll(0, 0)
 4 APPPATH/Models/Admin/IsiModel.php(22): CodeIgniter\BaseModel->findAll()
 5 APPPATH/Controllers/AdminAreaAudit.php(333): App\Models\Admin\IsiModel->getAllisi('jÀ∂')
 6 SYSTEMPATH/CodeIgniter.php(942): App\Controllers\AdminAreaAudit->isi('assets', 'vendors', 'chartjs', 'Chart.min.css')
 7 SYSTEMPATH/CodeIgniter.php(502): CodeIgniter\CodeIgniter->runController(Object(App\Controllers\AdminAreaAudit))
 8 SYSTEMPATH/CodeIgniter.php(361): CodeIgniter\CodeIgniter->handleRequest(null, Object(Config\Cache), false)
 9 FCPATH/index.php(79): CodeIgniter\CodeIgniter->run()
10 SYSTEMPATH/Commands/Server/rewrite.php(47): require_once('/Applications/XAMPP/xamppfiles/htdocs/ami/public/index.php')
CRITICAL - 2024-04-27 23:17:06 --> Uncaught CodeIgniter\Format\Exceptions\FormatException: Failed to parse JSON string. Error: Malformed UTF-8 characters, possibly incorrectly encoded in /Applications/XAMPP/xamppfiles/htdocs/ami/system/Format/JSONFormatter.php:43
Stack trace:
#0 /Applications/XAMPP/xamppfiles/htdocs/ami/system/Format/JSONFormatter.php(43): CodeIgniter\Format\Exceptions\FormatException::forInvalidJSON('Malformed UTF-8...')
#1 /Applications/XAMPP/xamppfiles/htdocs/ami/system/API/ResponseTrait.php(345): CodeIgniter\Format\JSONFormatter->format(Array)
#2 /Applications/XAMPP/xamppfiles/htdocs/ami/system/API/ResponseTrait.php(98): CodeIgniter\Debug\ExceptionHandler->format(Array)
#3 /Applications/XAMPP/xamppfiles/htdocs/ami/system/Debug/ExceptionHandler.php(81): CodeIgniter\Debug\ExceptionHandler->respond(Array, 500)
#4 /Applications/XAMPP/xamppfiles/htdocs/ami/system/Debug/Exceptions.php(149): CodeIgniter\Debug\ExceptionHandler->handle(Object(mysqli_sql_exception), Object(CodeIgniter\HTTP\IncomingRequest), Object(CodeIgniter\HTTP\Response), 500, 8)
#5 [internal function]: CodeIgniter\Debug\Exceptions->exceptionHandler(Object(mysqli_sql_exception))
#6 {main}
  thrown
„ÄêPrevious Exception„Äë
CodeIgniter\Database\Exceptions\DatabaseException
Illegal mix of collations (utf8mb4_general_ci,IMPLICIT) and (utf8_general_ci,COERCIBLE) for operation '='
#0 /Applications/XAMPP/xamppfiles/htdocs/ami/system/Database/BaseBuilder.php(1615): CodeIgniter\Database\BaseConnection->query('SELECT *\nFROM `...', Array, false)
#1 /Applications/XAMPP/xamppfiles/htdocs/ami/system/Model.php(237): CodeIgniter\Database\BaseBuilder->get()
#2 /Applications/XAMPP/xamppfiles/htdocs/ami/system/BaseModel.php(624): CodeIgniter\Model->doFindAll(0, 0)
#3 /Applications/XAMPP/xamppfiles/htdocs/ami/app/Models/Admin/IsiModel.php(22): CodeIgniter\BaseModel->findAll()
#4 /Applications/XAMPP/xamppfiles/htdocs/ami/app/Controllers/AdminAreaAudit.php(333): App\Models\Admin\IsiModel->getAllisi('j\xCB\x1E\xB6')
#5 /Applications/XAMPP/xamppfiles/htdocs/ami/system/CodeIgniter.php(942): App\Controllers\AdminAreaAudit->isi('assets', 'vendors', 'chartjs', 'Chart.min.css')
#6 /Applications/XAMPP/xamppfiles/htdocs/ami/system/CodeIgniter.php(502): CodeIgniter\CodeIgniter->runController(Object(App\Controllers\AdminAreaAudit))
#7 /Applications/XAMPP/xamppfiles/htdocs/ami/system/CodeIgniter.php(361): CodeIgniter\CodeIgniter->handleRequest(NULL, Object(Config\Cache), false)
#8 /Applications/XAMPP/xamppfiles/htdocs/ami/public/index.php(79): CodeIgniter\CodeIgniter->run()
#9 /Applications/XAMPP/xamppfiles/htdocs/ami/system/Commands/Server/rewrite.php(47): require_once('/Applications/X...')
#10 {main}
in SYSTEMPATH/Format/JSONFormatter.php on line 43.
 1 [internal function]: CodeIgniter\Debug\Exceptions->shutdownHandler()
INFO - 2024-04-27 23:17:07 --> Session: Class initialized using 'CodeIgniter\Session\Handlers\FileHandler' driver.
INFO - 2024-04-27 23:17:07 --> Session: Class initialized using 'CodeIgniter\Session\Handlers\FileHandler' driver.
ERROR - 2024-04-27 23:17:07 --> mysqli_sql_exception: Illegal mix of collations (utf8mb4_general_ci,IMPLICIT) and (utf8_general_ci,COERCIBLE) for operation '=' in /Applications/XAMPP/xamppfiles/htdocs/ami/system/Database/MySQLi/Connection.php:306
Stack trace:
#0 /Applications/XAMPP/xamppfiles/htdocs/ami/system/Database/MySQLi/Connection.php(306): mysqli->query('SELECT `area_au...', 0)
#1 /Applications/XAMPP/xamppfiles/htdocs/ami/system/Database/BaseConnection.php(693): CodeIgniter\Database\MySQLi\Connection->execute('SELECT `area_au...')
#2 /Applications/XAMPP/xamppfiles/htdocs/ami/system/Database/BaseConnection.php(607): CodeIgniter\Database\BaseConnection->simpleQuery('SELECT `area_au...')
#3 /Applications/XAMPP/xamppfiles/htdocs/ami/system/Database/BaseBuilder.php(1615): CodeIgniter\Database\BaseConnection->query('SELECT `area_au...', Array, false)
#4 /Applications/XAMPP/xamppfiles/htdocs/ami/system/Model.php(871): CodeIgniter\Database\BaseBuilder->get()
#5 /Applications/XAMPP/xamppfiles/htdocs/ami/app/Models/Admin/StandarModel.php(47): CodeIgniter\Model->__call('get', Array)
#6 /Applications/XAMPP/xamppfiles/htdocs/ami/app/Controllers/AdminAreaAudit.php(348): App\Models\Admin\StandarModel->getStandarById('j\xCB\x1E\xB6')
#7 /Applications/XAMPP/xamppfiles/htdocs/ami/system/CodeIgniter.php(942): App\Controllers\AdminAreaAudit->addisi('assets', 'vendors', 'chartjs', 'Chart.min.css')
#8 /Applications/XAMPP/xamppfiles/htdocs/ami/system/CodeIgniter.php(502): CodeIgniter\CodeIgniter->runController(Object(App\Controllers\AdminAreaAudit))
#9 /Applications/XAMPP/xamppfiles/htdocs/ami/system/CodeIgniter.php(361): CodeIgniter\CodeIgniter->handleRequest(NULL, Object(Config\Cache), false)
#10 /Applications/XAMPP/xamppfiles/htdocs/ami/public/index.php(79): CodeIgniter\CodeIgniter->run()
#11 /Applications/XAMPP/xamppfiles/htdocs/ami/system/Commands/Server/rewrite.php(47): require_once('/Applications/X...')
#12 {main}
CRITICAL - 2024-04-27 23:17:07 --> Illegal mix of collations (utf8mb4_general_ci,IMPLICIT) and (utf8_general_ci,COERCIBLE) for operation '='
in SYSTEMPATH/Database/BaseConnection.php on line 647.
 1 SYSTEMPATH/Database/BaseBuilder.php(1615): CodeIgniter\Database\BaseConnection->query('SELECT `area_audit`.`area_audit`, `standar`.*
FROM `standar`
JOIN `area_audit` ON `standar`.`area_audit_id` = `area_audit`.`id`
WHERE `standar`.`id` = :standar.id:', [...], false)
 2 SYSTEMPATH/Model.php(871): CodeIgniter\Database\BaseBuilder->get()
 3 APPPATH/Models/Admin/StandarModel.php(47): CodeIgniter\Model->__call('get', [])
 4 APPPATH/Controllers/AdminAreaAudit.php(348): App\Models\Admin\StandarModel->getStandarById('jÀ∂')
 5 SYSTEMPATH/CodeIgniter.php(942): App\Controllers\AdminAreaAudit->addisi('assets', 'vendors', 'chartjs', 'Chart.min.css')
 6 SYSTEMPATH/CodeIgniter.php(502): CodeIgniter\CodeIgniter->runController(Object(App\Controllers\AdminAreaAudit))
 7 SYSTEMPATH/CodeIgniter.php(361): CodeIgniter\CodeIgniter->handleRequest(null, Object(Config\Cache), false)
 8 FCPATH/index.php(79): CodeIgniter\CodeIgniter->run()
 9 SYSTEMPATH/Commands/Server/rewrite.php(47): require_once('/Applications/XAMPP/xamppfiles/htdocs/ami/public/index.php')
CRITICAL - 2024-04-27 23:17:07 --> Uncaught CodeIgniter\Format\Exceptions\FormatException: Failed to parse JSON string. Error: Malformed UTF-8 characters, possibly incorrectly encoded in /Applications/XAMPP/xamppfiles/htdocs/ami/system/Format/JSONFormatter.php:43
Stack trace:
#0 /Applications/XAMPP/xamppfiles/htdocs/ami/system/Format/JSONFormatter.php(43): CodeIgniter\Format\Exceptions\FormatException::forInvalidJSON('Malformed UTF-8...')
#1 /Applications/XAMPP/xamppfiles/htdocs/ami/system/API/ResponseTrait.php(345): CodeIgniter\Format\JSONFormatter->format(Array)
#2 /Applications/XAMPP/xamppfiles/htdocs/ami/system/API/ResponseTrait.php(98): CodeIgniter\Debug\ExceptionHandler->format(Array)
#3 /Applications/XAMPP/xamppfiles/htdocs/ami/system/Debug/ExceptionHandler.php(81): CodeIgniter\Debug\ExceptionHandler->respond(Array, 500)
#4 /Applications/XAMPP/xamppfiles/htdocs/ami/system/Debug/Exceptions.php(149): CodeIgniter\Debug\ExceptionHandler->handle(Object(mysqli_sql_exception), Object(CodeIgniter\HTTP\IncomingRequest), Object(CodeIgniter\HTTP\Response), 500, 8)
#5 [internal function]: CodeIgniter\Debug\Exceptions->exceptionHandler(Object(mysqli_sql_exception))
#6 {main}
  thrown
„ÄêPrevious Exception„Äë
CodeIgniter\Database\Exceptions\DatabaseException
Illegal mix of collations (utf8mb4_general_ci,IMPLICIT) and (utf8_general_ci,COERCIBLE) for operation '='
#0 /Applications/XAMPP/xamppfiles/htdocs/ami/system/Database/BaseBuilder.php(1615): CodeIgniter\Database\BaseConnection->query('SELECT `area_au...', Array, false)
#1 /Applications/XAMPP/xamppfiles/htdocs/ami/system/Model.php(871): CodeIgniter\Database\BaseBuilder->get()
#2 /Applications/XAMPP/xamppfiles/htdocs/ami/app/Models/Admin/StandarModel.php(47): CodeIgniter\Model->__call('get', Array)
#3 /Applications/XAMPP/xamppfiles/htdocs/ami/app/Controllers/AdminAreaAudit.php(348): App\Models\Admin\StandarModel->getStandarById('j\xCB\x1E\xB6')
#4 /Applications/XAMPP/xamppfiles/htdocs/ami/system/CodeIgniter.php(942): App\Controllers\AdminAreaAudit->addisi('assets', 'vendors', 'chartjs', 'Chart.min.css')
#5 /Applications/XAMPP/xamppfiles/htdocs/ami/system/CodeIgniter.php(502): CodeIgniter\CodeIgniter->runController(Object(App\Controllers\AdminAreaAudit))
#6 /Applications/XAMPP/xamppfiles/htdocs/ami/system/CodeIgniter.php(361): CodeIgniter\CodeIgniter->handleRequest(NULL, Object(Config\Cache), false)
#7 /Applications/XAMPP/xamppfiles/htdocs/ami/public/index.php(79): CodeIgniter\CodeIgniter->run()
#8 /Applications/XAMPP/xamppfiles/htdocs/ami/system/Commands/Server/rewrite.php(47): require_once('/Applications/X...')
#9 {main}
in SYSTEMPATH/Format/JSONFormatter.php on line 43.
 1 [internal function]: CodeIgniter\Debug\Exceptions->shutdownHandler()
INFO - 2024-04-27 23:17:17 --> Session: Class initialized using 'CodeIgniter\Session\Handlers\FileHandler' driver.
INFO - 2024-04-27 23:17:17 --> Session: Class initialized using 'CodeIgniter\Session\Handlers\FileHandler' driver.
INFO - 2024-04-27 23:17:17 --> Session: Class initialized using 'CodeIgniter\Session\Handlers\FileHandler' driver.
ERROR - 2024-04-27 23:17:17 --> mysqli_sql_exception: Illegal mix of collations (utf8mb4_general_ci,IMPLICIT) and (utf8_general_ci,COERCIBLE) for operation '=' in /Applications/XAMPP/xamppfiles/htdocs/ami/system/Database/MySQLi/Connection.php:306
Stack trace:
#0 /Applications/XAMPP/xamppfiles/htdocs/ami/system/Database/MySQLi/Connection.php(306): mysqli->query('SELECT *\nFROM `...', 0)
#1 /Applications/XAMPP/xamppfiles/htdocs/ami/system/Database/BaseConnection.php(693): CodeIgniter\Database\MySQLi\Connection->execute('SELECT *\nFROM `...')
#2 /Applications/XAMPP/xamppfiles/htdocs/ami/system/Database/BaseConnection.php(607): CodeIgniter\Database\BaseConnection->simpleQuery('SELECT *\nFROM `...')
#3 /Applications/XAMPP/xamppfiles/htdocs/ami/system/Database/BaseBuilder.php(1615): CodeIgniter\Database\BaseConnection->query('SELECT *\nFROM `...', Array, false)
#4 /Applications/XAMPP/xamppfiles/htdocs/ami/system/Model.php(237): CodeIgniter\Database\BaseBuilder->get()
#5 /Applications/XAMPP/xamppfiles/htdocs/ami/system/BaseModel.php(624): CodeIgniter\Model->doFindAll(0, 0)
#6 /Applications/XAMPP/xamppfiles/htdocs/ami/app/Models/Admin/IsiModel.php(22): CodeIgniter\BaseModel->findAll()
#7 /Applications/XAMPP/xamppfiles/htdocs/ami/app/Controllers/AdminAreaAudit.php(333): App\Models\Admin\IsiModel->getAllisi('j\xCB\x1E\xB6')
#8 /Applications/XAMPP/xamppfiles/htdocs/ami/system/CodeIgniter.php(942): App\Controllers\AdminAreaAudit->isi('assets', 'vendors', 'chartjs', 'Chart.min.css')
#9 /Applications/XAMPP/xamppfiles/htdocs/ami/system/CodeIgniter.php(502): CodeIgniter\CodeIgniter->runController(Object(App\Controllers\AdminAreaAudit))
#10 /Applications/XAMPP/xamppfiles/htdocs/ami/system/CodeIgniter.php(361): CodeIgniter\CodeIgniter->handleRequest(NULL, Object(Config\Cache), false)
#11 /Applications/XAMPP/xamppfiles/htdocs/ami/public/index.php(79): CodeIgniter\CodeIgniter->run()
#12 /Applications/XAMPP/xamppfiles/htdocs/ami/system/Commands/Server/rewrite.php(47): require_once('/Applications/X...')
#13 {main}
CRITICAL - 2024-04-27 23:17:17 --> Illegal mix of collations (utf8mb4_general_ci,IMPLICIT) and (utf8_general_ci,COERCIBLE) for operation '='
in SYSTEMPATH/Database/BaseConnection.php on line 647.
 1 SYSTEMPATH/Database/BaseBuilder.php(1615): CodeIgniter\Database\BaseConnection->query('SELECT *
FROM `s_pertanyaan_isi`
WHERE `standar_id` = :standar_id:
ORDER BY `urutan` ASC', [...], false)
 2 SYSTEMPATH/Model.php(237): CodeIgniter\Database\BaseBuilder->get()
 3 SYSTEMPATH/BaseModel.php(624): CodeIgniter\Model->doFindAll(0, 0)
 4 APPPATH/Models/Admin/IsiModel.php(22): CodeIgniter\BaseModel->findAll()
 5 APPPATH/Controllers/AdminAreaAudit.php(333): App\Models\Admin\IsiModel->getAllisi('jÀ∂')
 6 SYSTEMPATH/CodeIgniter.php(942): App\Controllers\AdminAreaAudit->isi('assets', 'vendors', 'chartjs', 'Chart.min.css')
 7 SYSTEMPATH/CodeIgniter.php(502): CodeIgniter\CodeIgniter->runController(Object(App\Controllers\AdminAreaAudit))
 8 SYSTEMPATH/CodeIgniter.php(361): CodeIgniter\CodeIgniter->handleRequest(null, Object(Config\Cache), false)
 9 FCPATH/index.php(79): CodeIgniter\CodeIgniter->run()
10 SYSTEMPATH/Commands/Server/rewrite.php(47): require_once('/Applications/XAMPP/xamppfiles/htdocs/ami/public/index.php')
CRITICAL - 2024-04-27 23:17:17 --> Uncaught CodeIgniter\Format\Exceptions\FormatException: Failed to parse JSON string. Error: Malformed UTF-8 characters, possibly incorrectly encoded in /Applications/XAMPP/xamppfiles/htdocs/ami/system/Format/JSONFormatter.php:43
Stack trace:
#0 /Applications/XAMPP/xamppfiles/htdocs/ami/system/Format/JSONFormatter.php(43): CodeIgniter\Format\Exceptions\FormatException::forInvalidJSON('Malformed UTF-8...')
#1 /Applications/XAMPP/xamppfiles/htdocs/ami/system/API/ResponseTrait.php(345): CodeIgniter\Format\JSONFormatter->format(Array)
#2 /Applications/XAMPP/xamppfiles/htdocs/ami/system/API/ResponseTrait.php(98): CodeIgniter\Debug\ExceptionHandler->format(Array)
#3 /Applications/XAMPP/xamppfiles/htdocs/ami/system/Debug/ExceptionHandler.php(81): CodeIgniter\Debug\ExceptionHandler->respond(Array, 500)
#4 /Applications/XAMPP/xamppfiles/htdocs/ami/system/Debug/Exceptions.php(149): CodeIgniter\Debug\ExceptionHandler->handle(Object(mysqli_sql_exception), Object(CodeIgniter\HTTP\IncomingRequest), Object(CodeIgniter\HTTP\Response), 500, 8)
#5 [internal function]: CodeIgniter\Debug\Exceptions->exceptionHandler(Object(mysqli_sql_exception))
#6 {main}
  thrown
„ÄêPrevious Exception„Äë
CodeIgniter\Database\Exceptions\DatabaseException
Illegal mix of collations (utf8mb4_general_ci,IMPLICIT) and (utf8_general_ci,COERCIBLE) for operation '='
#0 /Applications/XAMPP/xamppfiles/htdocs/ami/system/Database/BaseBuilder.php(1615): CodeIgniter\Database\BaseConnection->query('SELECT *\nFROM `...', Array, false)
#1 /Applications/XAMPP/xamppfiles/htdocs/ami/system/Model.php(237): CodeIgniter\Database\BaseBuilder->get()
#2 /Applications/XAMPP/xamppfiles/htdocs/ami/system/BaseModel.php(624): CodeIgniter\Model->doFindAll(0, 0)
#3 /Applications/XAMPP/xamppfiles/htdocs/ami/app/Models/Admin/IsiModel.php(22): CodeIgniter\BaseModel->findAll()
#4 /Applications/XAMPP/xamppfiles/htdocs/ami/app/Controllers/AdminAreaAudit.php(333): App\Models\Admin\IsiModel->getAllisi('j\xCB\x1E\xB6')
#5 /Applications/XAMPP/xamppfiles/htdocs/ami/system/CodeIgniter.php(942): App\Controllers\AdminAreaAudit->isi('assets', 'vendors', 'chartjs', 'Chart.min.css')
#6 /Applications/XAMPP/xamppfiles/htdocs/ami/system/CodeIgniter.php(502): CodeIgniter\CodeIgniter->runController(Object(App\Controllers\AdminAreaAudit))
#7 /Applications/XAMPP/xamppfiles/htdocs/ami/system/CodeIgniter.php(361): CodeIgniter\CodeIgniter->handleRequest(NULL, Object(Config\Cache), false)
#8 /Applications/XAMPP/xamppfiles/htdocs/ami/public/index.php(79): CodeIgniter\CodeIgniter->run()
#9 /Applications/XAMPP/xamppfiles/htdocs/ami/system/Commands/Server/rewrite.php(47): require_once('/Applications/X...')
#10 {main}
in SYSTEMPATH/Format/JSONFormatter.php on line 43.
 1 [internal function]: CodeIgniter\Debug\Exceptions->shutdownHandler()
INFO - 2024-04-27 23:17:19 --> Session: Class initialized using 'CodeIgniter\Session\Handlers\FileHandler' driver.
INFO - 2024-04-27 23:17:19 --> Session: Class initialized using 'CodeIgniter\Session\Handlers\FileHandler' driver.
ERROR - 2024-04-27 23:17:19 --> mysqli_sql_exception: Illegal mix of collations (utf8mb4_general_ci,IMPLICIT) and (utf8_general_ci,COERCIBLE) for operation '=' in /Applications/XAMPP/xamppfiles/htdocs/ami/system/Database/MySQLi/Connection.php:306
Stack trace:
#0 /Applications/XAMPP/xamppfiles/htdocs/ami/system/Database/MySQLi/Connection.php(306): mysqli->query('SELECT *\nFROM `...', 0)
#1 /Applications/XAMPP/xamppfiles/htdocs/ami/system/Database/BaseConnection.php(693): CodeIgniter\Database\MySQLi\Connection->execute('SELECT *\nFROM `...')
#2 /Applications/XAMPP/xamppfiles/htdocs/ami/system/Database/BaseConnection.php(607): CodeIgniter\Database\BaseConnection->simpleQuery('SELECT *\nFROM `...')
#3 /Applications/XAMPP/xamppfiles/htdocs/ami/system/Database/BaseBuilder.php(1615): CodeIgniter\Database\BaseConnection->query('SELECT *\nFROM `...', Array, false)
#4 /Applications/XAMPP/xamppfiles/htdocs/ami/system/Model.php(237): CodeIgniter\Database\BaseBuilder->get()
#5 /Applications/XAMPP/xamppfiles/htdocs/ami/system/BaseModel.php(624): CodeIgniter\Model->doFindAll(0, 0)
#6 /Applications/XAMPP/xamppfiles/htdocs/ami/app/Models/Admin/LanjutanModel.php(22): CodeIgniter\BaseModel->findAll()
#7 /Applications/XAMPP/xamppfiles/htdocs/ami/app/Controllers/AdminAreaAudit.php(482): App\Models\Admin\LanjutanModel->getAlllanjutan('j\xCB\x1E\xB6')
#8 /Applications/XAMPP/xamppfiles/htdocs/ami/system/CodeIgniter.php(942): App\Controllers\AdminAreaAudit->lanjutan('assets', 'vendors', 'chartjs', 'Chart.min.css')
#9 /Applications/XAMPP/xamppfiles/htdocs/ami/system/CodeIgniter.php(502): CodeIgniter\CodeIgniter->runController(Object(App\Controllers\AdminAreaAudit))
#10 /Applications/XAMPP/xamppfiles/htdocs/ami/system/CodeIgniter.php(361): CodeIgniter\CodeIgniter->handleRequest(NULL, Object(Config\Cache), false)
#11 /Applications/XAMPP/xamppfiles/htdocs/ami/public/index.php(79): CodeIgniter\CodeIgniter->run()
#12 /Applications/XAMPP/xamppfiles/htdocs/ami/system/Commands/Server/rewrite.php(47): require_once('/Applications/X...')
#13 {main}
CRITICAL - 2024-04-27 23:17:19 --> Illegal mix of collations (utf8mb4_general_ci,IMPLICIT) and (utf8_general_ci,COERCIBLE) for operation '='
in SYSTEMPATH/Database/BaseConnection.php on line 647.
 1 SYSTEMPATH/Database/BaseBuilder.php(1615): CodeIgniter\Database\BaseConnection->query('SELECT *
FROM `s_pertanyaan_lanjutan`
WHERE `s_p_isi_id` = :s_p_isi_id:
ORDER BY `urutan` ASC', [...], false)
 2 SYSTEMPATH/Model.php(237): CodeIgniter\Database\BaseBuilder->get()
 3 SYSTEMPATH/BaseModel.php(624): CodeIgniter\Model->doFindAll(0, 0)
 4 APPPATH/Models/Admin/LanjutanModel.php(22): CodeIgniter\BaseModel->findAll()
 5 APPPATH/Controllers/AdminAreaAudit.php(482): App\Models\Admin\LanjutanModel->getAlllanjutan('jÀ∂')
 6 SYSTEMPATH/CodeIgniter.php(942): App\Controllers\AdminAreaAudit->lanjutan('assets', 'vendors', 'chartjs', 'Chart.min.css')
 7 SYSTEMPATH/CodeIgniter.php(502): CodeIgniter\CodeIgniter->runController(Object(App\Controllers\AdminAreaAudit))
 8 SYSTEMPATH/CodeIgniter.php(361): CodeIgniter\CodeIgniter->handleRequest(null, Object(Config\Cache), false)
 9 FCPATH/index.php(79): CodeIgniter\CodeIgniter->run()
10 SYSTEMPATH/Commands/Server/rewrite.php(47): require_once('/Applications/XAMPP/xamppfiles/htdocs/ami/public/index.php')
CRITICAL - 2024-04-27 23:17:19 --> Uncaught CodeIgniter\Format\Exceptions\FormatException: Failed to parse JSON string. Error: Malformed UTF-8 characters, possibly incorrectly encoded in /Applications/XAMPP/xamppfiles/htdocs/ami/system/Format/JSONFormatter.php:43
Stack trace:
#0 /Applications/XAMPP/xamppfiles/htdocs/ami/system/Format/JSONFormatter.php(43): CodeIgniter\Format\Exceptions\FormatException::forInvalidJSON('Malformed UTF-8...')
#1 /Applications/XAMPP/xamppfiles/htdocs/ami/system/API/ResponseTrait.php(345): CodeIgniter\Format\JSONFormatter->format(Array)
#2 /Applications/XAMPP/xamppfiles/htdocs/ami/system/API/ResponseTrait.php(98): CodeIgniter\Debug\ExceptionHandler->format(Array)
#3 /Applications/XAMPP/xamppfiles/htdocs/ami/system/Debug/ExceptionHandler.php(81): CodeIgniter\Debug\ExceptionHandler->respond(Array, 500)
#4 /Applications/XAMPP/xamppfiles/htdocs/ami/system/Debug/Exceptions.php(149): CodeIgniter\Debug\ExceptionHandler->handle(Object(mysqli_sql_exception), Object(CodeIgniter\HTTP\IncomingRequest), Object(CodeIgniter\HTTP\Response), 500, 8)
#5 [internal function]: CodeIgniter\Debug\Exceptions->exceptionHandler(Object(mysqli_sql_exception))
#6 {main}
  thrown
„ÄêPrevious Exception„Äë
CodeIgniter\Database\Exceptions\DatabaseException
Illegal mix of collations (utf8mb4_general_ci,IMPLICIT) and (utf8_general_ci,COERCIBLE) for operation '='
#0 /Applications/XAMPP/xamppfiles/htdocs/ami/system/Database/BaseBuilder.php(1615): CodeIgniter\Database\BaseConnection->query('SELECT *\nFROM `...', Array, false)
#1 /Applications/XAMPP/xamppfiles/htdocs/ami/system/Model.php(237): CodeIgniter\Database\BaseBuilder->get()
#2 /Applications/XAMPP/xamppfiles/htdocs/ami/system/BaseModel.php(624): CodeIgniter\Model->doFindAll(0, 0)
#3 /Applications/XAMPP/xamppfiles/htdocs/ami/app/Models/Admin/LanjutanModel.php(22): CodeIgniter\BaseModel->findAll()
#4 /Applications/XAMPP/xamppfiles/htdocs/ami/app/Controllers/AdminAreaAudit.php(482): App\Models\Admin\LanjutanModel->getAlllanjutan('j\xCB\x1E\xB6')
#5 /Applications/XAMPP/xamppfiles/htdocs/ami/system/CodeIgniter.php(942): App\Controllers\AdminAreaAudit->lanjutan('assets', 'vendors', 'chartjs', 'Chart.min.css')
#6 /Applications/XAMPP/xamppfiles/htdocs/ami/system/CodeIgniter.php(502): CodeIgniter\CodeIgniter->runController(Object(App\Controllers\AdminAreaAudit))
#7 /Applications/XAMPP/xamppfiles/htdocs/ami/system/CodeIgniter.php(361): CodeIgniter\CodeIgniter->handleRequest(NULL, Object(Config\Cache), false)
#8 /Applications/XAMPP/xamppfiles/htdocs/ami/public/index.php(79): CodeIgniter\CodeIgniter->run()
#9 /Applications/XAMPP/xamppfiles/htdocs/ami/system/Commands/Server/rewrite.php(47): require_once('/Applications/X...')
#10 {main}
in SYSTEMPATH/Format/JSONFormatter.php on line 43.
 1 [internal function]: CodeIgniter\Debug\Exceptions->shutdownHandler()
INFO - 2024-04-27 23:17:28 --> Session: Class initialized using 'CodeIgniter\Session\Handlers\FileHandler' driver.
INFO - 2024-04-27 23:17:28 --> Session: Class initialized using 'CodeIgniter\Session\Handlers\FileHandler' driver.
ERROR - 2024-04-27 23:17:28 --> mysqli_sql_exception: Illegal mix of collations (utf8mb4_general_ci,IMPLICIT) and (utf8_general_ci,COERCIBLE) for operation '=' in /Applications/XAMPP/xamppfiles/htdocs/ami/system/Database/MySQLi/Connection.php:306
Stack trace:
#0 /Applications/XAMPP/xamppfiles/htdocs/ami/system/Database/MySQLi/Connection.php(306): mysqli->query('SELECT `standar...', 0)
#1 /Applications/XAMPP/xamppfiles/htdocs/ami/system/Database/BaseConnection.php(693): CodeIgniter\Database\MySQLi\Connection->execute('SELECT `standar...')
#2 /Applications/XAMPP/xamppfiles/htdocs/ami/system/Database/BaseConnection.php(607): CodeIgniter\Database\BaseConnection->simpleQuery('SELECT `standar...')
#3 /Applications/XAMPP/xamppfiles/htdocs/ami/system/Database/BaseBuilder.php(1615): CodeIgniter\Database\BaseConnection->query('SELECT `standar...', Array, false)
#4 /Applications/XAMPP/xamppfiles/htdocs/ami/system/Model.php(871): CodeIgniter\Database\BaseBuilder->get()
#5 /Applications/XAMPP/xamppfiles/htdocs/ami/app/Models/Admin/IsiModel.php(49): CodeIgniter\Model->__call('get', Array)
#6 /Applications/XAMPP/xamppfiles/htdocs/ami/app/Controllers/AdminAreaAudit.php(498): App\Models\Admin\IsiModel->getisiById('j\xCB\x1E\xB6')
#7 /Applications/XAMPP/xamppfiles/htdocs/ami/system/CodeIgniter.php(942): App\Controllers\AdminAreaAudit->addlanjutan('assets', 'vendors', 'chartjs', 'Chart.min.css')
#8 /Applications/XAMPP/xamppfiles/htdocs/ami/system/CodeIgniter.php(502): CodeIgniter\CodeIgniter->runController(Object(App\Controllers\AdminAreaAudit))
#9 /Applications/XAMPP/xamppfiles/htdocs/ami/system/CodeIgniter.php(361): CodeIgniter\CodeIgniter->handleRequest(NULL, Object(Config\Cache), false)
#10 /Applications/XAMPP/xamppfiles/htdocs/ami/public/index.php(79): CodeIgniter\CodeIgniter->run()
#11 /Applications/XAMPP/xamppfiles/htdocs/ami/system/Commands/Server/rewrite.php(47): require_once('/Applications/X...')
#12 {main}
CRITICAL - 2024-04-27 23:17:28 --> Illegal mix of collations (utf8mb4_general_ci,IMPLICIT) and (utf8_general_ci,COERCIBLE) for operation '='
in SYSTEMPATH/Database/BaseConnection.php on line 647.
 1 SYSTEMPATH/Database/BaseBuilder.php(1615): CodeIgniter\Database\BaseConnection->query('SELECT `standar`.`standar`, `s_pertanyaan_isi`.*
FROM `s_pertanyaan_isi`
JOIN `standar` ON `s_pertanyaan_isi`.`standar_id` = `standar`.`id`
WHERE `s_pertanyaan_isi`.`id` = :s_pertanyaan_isi.id:', [...], false)
 2 SYSTEMPATH/Model.php(871): CodeIgniter\Database\BaseBuilder->get()
 3 APPPATH/Models/Admin/IsiModel.php(49): CodeIgniter\Model->__call('get', [])
 4 APPPATH/Controllers/AdminAreaAudit.php(498): App\Models\Admin\IsiModel->getisiById('jÀ∂')
 5 SYSTEMPATH/CodeIgniter.php(942): App\Controllers\AdminAreaAudit->addlanjutan('assets', 'vendors', 'chartjs', 'Chart.min.css')
 6 SYSTEMPATH/CodeIgniter.php(502): CodeIgniter\CodeIgniter->runController(Object(App\Controllers\AdminAreaAudit))
 7 SYSTEMPATH/CodeIgniter.php(361): CodeIgniter\CodeIgniter->handleRequest(null, Object(Config\Cache), false)
 8 FCPATH/index.php(79): CodeIgniter\CodeIgniter->run()
 9 SYSTEMPATH/Commands/Server/rewrite.php(47): require_once('/Applications/XAMPP/xamppfiles/htdocs/ami/public/index.php')
CRITICAL - 2024-04-27 23:17:28 --> Uncaught CodeIgniter\Format\Exceptions\FormatException: Failed to parse JSON string. Error: Malformed UTF-8 characters, possibly incorrectly encoded in /Applications/XAMPP/xamppfiles/htdocs/ami/system/Format/JSONFormatter.php:43
Stack trace:
#0 /Applications/XAMPP/xamppfiles/htdocs/ami/system/Format/JSONFormatter.php(43): CodeIgniter\Format\Exceptions\FormatException::forInvalidJSON('Malformed UTF-8...')
#1 /Applications/XAMPP/xamppfiles/htdocs/ami/system/API/ResponseTrait.php(345): CodeIgniter\Format\JSONFormatter->format(Array)
#2 /Applications/XAMPP/xamppfiles/htdocs/ami/system/API/ResponseTrait.php(98): CodeIgniter\Debug\ExceptionHandler->format(Array)
#3 /Applications/XAMPP/xamppfiles/htdocs/ami/system/Debug/ExceptionHandler.php(81): CodeIgniter\Debug\ExceptionHandler->respond(Array, 500)
#4 /Applications/XAMPP/xamppfiles/htdocs/ami/system/Debug/Exceptions.php(149): CodeIgniter\Debug\ExceptionHandler->handle(Object(mysqli_sql_exception), Object(CodeIgniter\HTTP\IncomingRequest), Object(CodeIgniter\HTTP\Response), 500, 8)
#5 [internal function]: CodeIgniter\Debug\Exceptions->exceptionHandler(Object(mysqli_sql_exception))
#6 {main}
  thrown
„ÄêPrevious Exception„Äë
CodeIgniter\Database\Exceptions\DatabaseException
Illegal mix of collations (utf8mb4_general_ci,IMPLICIT) and (utf8_general_ci,COERCIBLE) for operation '='
#0 /Applications/XAMPP/xamppfiles/htdocs/ami/system/Database/BaseBuilder.php(1615): CodeIgniter\Database\BaseConnection->query('SELECT `standar...', Array, false)
#1 /Applications/XAMPP/xamppfiles/htdocs/ami/system/Model.php(871): CodeIgniter\Database\BaseBuilder->get()
#2 /Applications/XAMPP/xamppfiles/htdocs/ami/app/Models/Admin/IsiModel.php(49): CodeIgniter\Model->__call('get', Array)
#3 /Applications/XAMPP/xamppfiles/htdocs/ami/app/Controllers/AdminAreaAudit.php(498): App\Models\Admin\IsiModel->getisiById('j\xCB\x1E\xB6')
#4 /Applications/XAMPP/xamppfiles/htdocs/ami/system/CodeIgniter.php(942): App\Controllers\AdminAreaAudit->addlanjutan('assets', 'vendors', 'chartjs', 'Chart.min.css')
#5 /Applications/XAMPP/xamppfiles/htdocs/ami/system/CodeIgniter.php(502): CodeIgniter\CodeIgniter->runController(Object(App\Controllers\AdminAreaAudit))
#6 /Applications/XAMPP/xamppfiles/htdocs/ami/system/CodeIgniter.php(361): CodeIgniter\CodeIgniter->handleRequest(NULL, Object(Config\Cache), false)
#7 /Applications/XAMPP/xamppfiles/htdocs/ami/public/index.php(79): CodeIgniter\CodeIgniter->run()
#8 /Applications/XAMPP/xamppfiles/htdocs/ami/system/Commands/Server/rewrite.php(47): require_once('/Applications/X...')
#9 {main}
in SYSTEMPATH/Format/JSONFormatter.php on line 43.
 1 [internal function]: CodeIgniter\Debug\Exceptions->shutdownHandler()
INFO - 2024-04-27 23:17:34 --> Session: Class initialized using 'CodeIgniter\Session\Handlers\FileHandler' driver.
INFO - 2024-04-27 23:17:34 --> Session: Class initialized using 'CodeIgniter\Session\Handlers\FileHandler' driver.
INFO - 2024-04-27 23:17:34 --> Session: Class initialized using 'CodeIgniter\Session\Handlers\FileHandler' driver.
ERROR - 2024-04-27 23:17:34 --> mysqli_sql_exception: Illegal mix of collations (utf8mb4_general_ci,IMPLICIT) and (utf8_general_ci,COERCIBLE) for operation '=' in /Applications/XAMPP/xamppfiles/htdocs/ami/system/Database/MySQLi/Connection.php:306
Stack trace:
#0 /Applications/XAMPP/xamppfiles/htdocs/ami/system/Database/MySQLi/Connection.php(306): mysqli->query('SELECT *\nFROM `...', 0)
#1 /Applications/XAMPP/xamppfiles/htdocs/ami/system/Database/BaseConnection.php(693): CodeIgniter\Database\MySQLi\Connection->execute('SELECT *\nFROM `...')
#2 /Applications/XAMPP/xamppfiles/htdocs/ami/system/Database/BaseConnection.php(607): CodeIgniter\Database\BaseConnection->simpleQuery('SELECT *\nFROM `...')
#3 /Applications/XAMPP/xamppfiles/htdocs/ami/system/Database/BaseBuilder.php(1615): CodeIgniter\Database\BaseConnection->query('SELECT *\nFROM `...', Array, false)
#4 /Applications/XAMPP/xamppfiles/htdocs/ami/system/Model.php(237): CodeIgniter\Database\BaseBuilder->get()
#5 /Applications/XAMPP/xamppfiles/htdocs/ami/system/BaseModel.php(624): CodeIgniter\Model->doFindAll(0, 0)
#6 /Applications/XAMPP/xamppfiles/htdocs/ami/app/Models/Admin/LanjutanModel.php(22): CodeIgniter\BaseModel->findAll()
#7 /Applications/XAMPP/xamppfiles/htdocs/ami/app/Controllers/AdminAreaAudit.php(482): App\Models\Admin\LanjutanModel->getAlllanjutan('j\xCB\x1E\xB6')
#8 /Applications/XAMPP/xamppfiles/htdocs/ami/system/CodeIgniter.php(942): App\Controllers\AdminAreaAudit->lanjutan('assets', 'vendors', 'chartjs', 'Chart.min.css')
#9 /Applications/XAMPP/xamppfiles/htdocs/ami/system/CodeIgniter.php(502): CodeIgniter\CodeIgniter->runController(Object(App\Controllers\AdminAreaAudit))
#10 /Applications/XAMPP/xamppfiles/htdocs/ami/system/CodeIgniter.php(361): CodeIgniter\CodeIgniter->handleRequest(NULL, Object(Config\Cache), false)
#11 /Applications/XAMPP/xamppfiles/htdocs/ami/public/index.php(79): CodeIgniter\CodeIgniter->run()
#12 /Applications/XAMPP/xamppfiles/htdocs/ami/system/Commands/Server/rewrite.php(47): require_once('/Applications/X...')
#13 {main}
CRITICAL - 2024-04-27 23:17:34 --> Illegal mix of collations (utf8mb4_general_ci,IMPLICIT) and (utf8_general_ci,COERCIBLE) for operation '='
in SYSTEMPATH/Database/BaseConnection.php on line 647.
 1 SYSTEMPATH/Database/BaseBuilder.php(1615): CodeIgniter\Database\BaseConnection->query('SELECT *
FROM `s_pertanyaan_lanjutan`
WHERE `s_p_isi_id` = :s_p_isi_id:
ORDER BY `urutan` ASC', [...], false)
 2 SYSTEMPATH/Model.php(237): CodeIgniter\Database\BaseBuilder->get()
 3 SYSTEMPATH/BaseModel.php(624): CodeIgniter\Model->doFindAll(0, 0)
 4 APPPATH/Models/Admin/LanjutanModel.php(22): CodeIgniter\BaseModel->findAll()
 5 APPPATH/Controllers/AdminAreaAudit.php(482): App\Models\Admin\LanjutanModel->getAlllanjutan('jÀ∂')
 6 SYSTEMPATH/CodeIgniter.php(942): App\Controllers\AdminAreaAudit->lanjutan('assets', 'vendors', 'chartjs', 'Chart.min.css')
 7 SYSTEMPATH/CodeIgniter.php(502): CodeIgniter\CodeIgniter->runController(Object(App\Controllers\AdminAreaAudit))
 8 SYSTEMPATH/CodeIgniter.php(361): CodeIgniter\CodeIgniter->handleRequest(null, Object(Config\Cache), false)
 9 FCPATH/index.php(79): CodeIgniter\CodeIgniter->run()
10 SYSTEMPATH/Commands/Server/rewrite.php(47): require_once('/Applications/XAMPP/xamppfiles/htdocs/ami/public/index.php')
CRITICAL - 2024-04-27 23:17:34 --> Uncaught CodeIgniter\Format\Exceptions\FormatException: Failed to parse JSON string. Error: Malformed UTF-8 characters, possibly incorrectly encoded in /Applications/XAMPP/xamppfiles/htdocs/ami/system/Format/JSONFormatter.php:43
Stack trace:
#0 /Applications/XAMPP/xamppfiles/htdocs/ami/system/Format/JSONFormatter.php(43): CodeIgniter\Format\Exceptions\FormatException::forInvalidJSON('Malformed UTF-8...')
#1 /Applications/XAMPP/xamppfiles/htdocs/ami/system/API/ResponseTrait.php(345): CodeIgniter\Format\JSONFormatter->format(Array)
#2 /Applications/XAMPP/xamppfiles/htdocs/ami/system/API/ResponseTrait.php(98): CodeIgniter\Debug\ExceptionHandler->format(Array)
#3 /Applications/XAMPP/xamppfiles/htdocs/ami/system/Debug/ExceptionHandler.php(81): CodeIgniter\Debug\ExceptionHandler->respond(Array, 500)
#4 /Applications/XAMPP/xamppfiles/htdocs/ami/system/Debug/Exceptions.php(149): CodeIgniter\Debug\ExceptionHandler->handle(Object(mysqli_sql_exception), Object(CodeIgniter\HTTP\IncomingRequest), Object(CodeIgniter\HTTP\Response), 500, 8)
#5 [internal function]: CodeIgniter\Debug\Exceptions->exceptionHandler(Object(mysqli_sql_exception))
#6 {main}
  thrown
„ÄêPrevious Exception„Äë
CodeIgniter\Database\Exceptions\DatabaseException
Illegal mix of collations (utf8mb4_general_ci,IMPLICIT) and (utf8_general_ci,COERCIBLE) for operation '='
#0 /Applications/XAMPP/xamppfiles/htdocs/ami/system/Database/BaseBuilder.php(1615): CodeIgniter\Database\BaseConnection->query('SELECT *\nFROM `...', Array, false)
#1 /Applications/XAMPP/xamppfiles/htdocs/ami/system/Model.php(237): CodeIgniter\Database\BaseBuilder->get()
#2 /Applications/XAMPP/xamppfiles/htdocs/ami/system/BaseModel.php(624): CodeIgniter\Model->doFindAll(0, 0)
#3 /Applications/XAMPP/xamppfiles/htdocs/ami/app/Models/Admin/LanjutanModel.php(22): CodeIgniter\BaseModel->findAll()
#4 /Applications/XAMPP/xamppfiles/htdocs/ami/app/Controllers/AdminAreaAudit.php(482): App\Models\Admin\LanjutanModel->getAlllanjutan('j\xCB\x1E\xB6')
#5 /Applications/XAMPP/xamppfiles/htdocs/ami/system/CodeIgniter.php(942): App\Controllers\AdminAreaAudit->lanjutan('assets', 'vendors', 'chartjs', 'Chart.min.css')
#6 /Applications/XAMPP/xamppfiles/htdocs/ami/system/CodeIgniter.php(502): CodeIgniter\CodeIgniter->runController(Object(App\Controllers\AdminAreaAudit))
#7 /Applications/XAMPP/xamppfiles/htdocs/ami/system/CodeIgniter.php(361): CodeIgniter\CodeIgniter->handleRequest(NULL, Object(Config\Cache), false)
#8 /Applications/XAMPP/xamppfiles/htdocs/ami/public/index.php(79): CodeIgniter\CodeIgniter->run()
#9 /Applications/XAMPP/xamppfiles/htdocs/ami/system/Commands/Server/rewrite.php(47): require_once('/Applications/X...')
#10 {main}
in SYSTEMPATH/Format/JSONFormatter.php on line 43.
 1 [internal function]: CodeIgniter\Debug\Exceptions->shutdownHandler()
INFO - 2024-04-27 23:17:36 --> Session: Class initialized using 'CodeIgniter\Session\Handlers\FileHandler' driver.
INFO - 2024-04-27 23:17:36 --> Session: Class initialized using 'CodeIgniter\Session\Handlers\FileHandler' driver.
ERROR - 2024-04-27 23:17:36 --> mysqli_sql_exception: Illegal mix of collations (utf8mb4_general_ci,IMPLICIT) and (utf8_general_ci,COERCIBLE) for operation '=' in /Applications/XAMPP/xamppfiles/htdocs/ami/system/Database/MySQLi/Connection.php:306
Stack trace:
#0 /Applications/XAMPP/xamppfiles/htdocs/ami/system/Database/MySQLi/Connection.php(306): mysqli->query('SELECT *\nFROM `...', 0)
#1 /Applications/XAMPP/xamppfiles/htdocs/ami/system/Database/BaseConnection.php(693): CodeIgniter\Database\MySQLi\Connection->execute('SELECT *\nFROM `...')
#2 /Applications/XAMPP/xamppfiles/htdocs/ami/system/Database/BaseConnection.php(607): CodeIgniter\Database\BaseConnection->simpleQuery('SELECT *\nFROM `...')
#3 /Applications/XAMPP/xamppfiles/htdocs/ami/system/Database/BaseBuilder.php(1615): CodeIgniter\Database\BaseConnection->query('SELECT *\nFROM `...', Array, false)
#4 /Applications/XAMPP/xamppfiles/htdocs/ami/system/Model.php(237): CodeIgniter\Database\BaseBuilder->get()
#5 /Applications/XAMPP/xamppfiles/htdocs/ami/system/BaseModel.php(624): CodeIgniter\Model->doFindAll(0, 0)
#6 /Applications/XAMPP/xamppfiles/htdocs/ami/app/Models/Admin/DetailModel.php(22): CodeIgniter\BaseModel->findAll()
#7 /Applications/XAMPP/xamppfiles/htdocs/ami/app/Controllers/AdminAreaAudit.php(630): App\Models\Admin\DetailModel->getAlldetail('j\xCB\x1E\xB6')
#8 /Applications/XAMPP/xamppfiles/htdocs/ami/system/CodeIgniter.php(942): App\Controllers\AdminAreaAudit->detail('assets', 'vendors', 'chartjs', 'Chart.min.css')
#9 /Applications/XAMPP/xamppfiles/htdocs/ami/system/CodeIgniter.php(502): CodeIgniter\CodeIgniter->runController(Object(App\Controllers\AdminAreaAudit))
#10 /Applications/XAMPP/xamppfiles/htdocs/ami/system/CodeIgniter.php(361): CodeIgniter\CodeIgniter->handleRequest(NULL, Object(Config\Cache), false)
#11 /Applications/XAMPP/xamppfiles/htdocs/ami/public/index.php(79): CodeIgniter\CodeIgniter->run()
#12 /Applications/XAMPP/xamppfiles/htdocs/ami/system/Commands/Server/rewrite.php(47): require_once('/Applications/X...')
#13 {main}
CRITICAL - 2024-04-27 23:17:36 --> Illegal mix of collations (utf8mb4_general_ci,IMPLICIT) and (utf8_general_ci,COERCIBLE) for operation '='
in SYSTEMPATH/Database/BaseConnection.php on line 647.
 1 SYSTEMPATH/Database/BaseBuilder.php(1615): CodeIgniter\Database\BaseConnection->query('SELECT *
FROM `s_pertanyaan_detail`
WHERE `s_p_lanjutan_id` = :s_p_lanjutan_id:
ORDER BY `urutan` ASC', [...], false)
 2 SYSTEMPATH/Model.php(237): CodeIgniter\Database\BaseBuilder->get()
 3 SYSTEMPATH/BaseModel.php(624): CodeIgniter\Model->doFindAll(0, 0)
 4 APPPATH/Models/Admin/DetailModel.php(22): CodeIgniter\BaseModel->findAll()
 5 APPPATH/Controllers/AdminAreaAudit.php(630): App\Models\Admin\DetailModel->getAlldetail('jÀ∂')
 6 SYSTEMPATH/CodeIgniter.php(942): App\Controllers\AdminAreaAudit->detail('assets', 'vendors', 'chartjs', 'Chart.min.css')
 7 SYSTEMPATH/CodeIgniter.php(502): CodeIgniter\CodeIgniter->runController(Object(App\Controllers\AdminAreaAudit))
 8 SYSTEMPATH/CodeIgniter.php(361): CodeIgniter\CodeIgniter->handleRequest(null, Object(Config\Cache), false)
 9 FCPATH/index.php(79): CodeIgniter\CodeIgniter->run()
10 SYSTEMPATH/Commands/Server/rewrite.php(47): require_once('/Applications/XAMPP/xamppfiles/htdocs/ami/public/index.php')
CRITICAL - 2024-04-27 23:17:36 --> Uncaught CodeIgniter\Format\Exceptions\FormatException: Failed to parse JSON string. Error: Malformed UTF-8 characters, possibly incorrectly encoded in /Applications/XAMPP/xamppfiles/htdocs/ami/system/Format/JSONFormatter.php:43
Stack trace:
#0 /Applications/XAMPP/xamppfiles/htdocs/ami/system/Format/JSONFormatter.php(43): CodeIgniter\Format\Exceptions\FormatException::forInvalidJSON('Malformed UTF-8...')
#1 /Applications/XAMPP/xamppfiles/htdocs/ami/system/API/ResponseTrait.php(345): CodeIgniter\Format\JSONFormatter->format(Array)
#2 /Applications/XAMPP/xamppfiles/htdocs/ami/system/API/ResponseTrait.php(98): CodeIgniter\Debug\ExceptionHandler->format(Array)
#3 /Applications/XAMPP/xamppfiles/htdocs/ami/system/Debug/ExceptionHandler.php(81): CodeIgniter\Debug\ExceptionHandler->respond(Array, 500)
#4 /Applications/XAMPP/xamppfiles/htdocs/ami/system/Debug/Exceptions.php(149): CodeIgniter\Debug\ExceptionHandler->handle(Object(mysqli_sql_exception), Object(CodeIgniter\HTTP\IncomingRequest), Object(CodeIgniter\HTTP\Response), 500, 8)
#5 [internal function]: CodeIgniter\Debug\Exceptions->exceptionHandler(Object(mysqli_sql_exception))
#6 {main}
  thrown
„ÄêPrevious Exception„Äë
CodeIgniter\Database\Exceptions\DatabaseException
Illegal mix of collations (utf8mb4_general_ci,IMPLICIT) and (utf8_general_ci,COERCIBLE) for operation '='
#0 /Applications/XAMPP/xamppfiles/htdocs/ami/system/Database/BaseBuilder.php(1615): CodeIgniter\Database\BaseConnection->query('SELECT *\nFROM `...', Array, false)
#1 /Applications/XAMPP/xamppfiles/htdocs/ami/system/Model.php(237): CodeIgniter\Database\BaseBuilder->get()
#2 /Applications/XAMPP/xamppfiles/htdocs/ami/system/BaseModel.php(624): CodeIgniter\Model->doFindAll(0, 0)
#3 /Applications/XAMPP/xamppfiles/htdocs/ami/app/Models/Admin/DetailModel.php(22): CodeIgniter\BaseModel->findAll()
#4 /Applications/XAMPP/xamppfiles/htdocs/ami/app/Controllers/AdminAreaAudit.php(630): App\Models\Admin\DetailModel->getAlldetail('j\xCB\x1E\xB6')
#5 /Applications/XAMPP/xamppfiles/htdocs/ami/system/CodeIgniter.php(942): App\Controllers\AdminAreaAudit->detail('assets', 'vendors', 'chartjs', 'Chart.min.css')
#6 /Applications/XAMPP/xamppfiles/htdocs/ami/system/CodeIgniter.php(502): CodeIgniter\CodeIgniter->runController(Object(App\Controllers\AdminAreaAudit))
#7 /Applications/XAMPP/xamppfiles/htdocs/ami/system/CodeIgniter.php(361): CodeIgniter\CodeIgniter->handleRequest(NULL, Object(Config\Cache), false)
#8 /Applications/XAMPP/xamppfiles/htdocs/ami/public/index.php(79): CodeIgniter\CodeIgniter->run()
#9 /Applications/XAMPP/xamppfiles/htdocs/ami/system/Commands/Server/rewrite.php(47): require_once('/Applications/X...')
#10 {main}
in SYSTEMPATH/Format/JSONFormatter.php on line 43.
 1 [internal function]: CodeIgniter\Debug\Exceptions->shutdownHandler()
INFO - 2024-04-27 23:17:43 --> Session: Class initialized using 'CodeIgniter\Session\Handlers\FileHandler' driver.
INFO - 2024-04-27 23:17:43 --> Session: Class initialized using 'CodeIgniter\Session\Handlers\FileHandler' driver.
ERROR - 2024-04-27 23:17:43 --> mysqli_sql_exception: Illegal mix of collations (utf8mb4_general_ci,IMPLICIT) and (utf8_general_ci,COERCIBLE) for operation '=' in /Applications/XAMPP/xamppfiles/htdocs/ami/system/Database/MySQLi/Connection.php:306
Stack trace:
#0 /Applications/XAMPP/xamppfiles/htdocs/ami/system/Database/MySQLi/Connection.php(306): mysqli->query('SELECT `s_perta...', 0)
#1 /Applications/XAMPP/xamppfiles/htdocs/ami/system/Database/BaseConnection.php(693): CodeIgniter\Database\MySQLi\Connection->execute('SELECT `s_perta...')
#2 /Applications/XAMPP/xamppfiles/htdocs/ami/system/Database/BaseConnection.php(607): CodeIgniter\Database\BaseConnection->simpleQuery('SELECT `s_perta...')
#3 /Applications/XAMPP/xamppfiles/htdocs/ami/system/Database/BaseBuilder.php(1615): CodeIgniter\Database\BaseConnection->query('SELECT `s_perta...', Array, false)
#4 /Applications/XAMPP/xamppfiles/htdocs/ami/system/Model.php(871): CodeIgniter\Database\BaseBuilder->get()
#5 /Applications/XAMPP/xamppfiles/htdocs/ami/app/Models/Admin/LanjutanModel.php(48): CodeIgniter\Model->__call('get', Array)
#6 /Applications/XAMPP/xamppfiles/htdocs/ami/app/Controllers/AdminAreaAudit.php(646): App\Models\Admin\LanjutanModel->getlanjutanById('j\xCB\x1E\xB6')
#7 /Applications/XAMPP/xamppfiles/htdocs/ami/system/CodeIgniter.php(942): App\Controllers\AdminAreaAudit->adddetail('assets', 'vendors', 'chartjs', 'Chart.min.css')
#8 /Applications/XAMPP/xamppfiles/htdocs/ami/system/CodeIgniter.php(502): CodeIgniter\CodeIgniter->runController(Object(App\Controllers\AdminAreaAudit))
#9 /Applications/XAMPP/xamppfiles/htdocs/ami/system/CodeIgniter.php(361): CodeIgniter\CodeIgniter->handleRequest(NULL, Object(Config\Cache), false)
#10 /Applications/XAMPP/xamppfiles/htdocs/ami/public/index.php(79): CodeIgniter\CodeIgniter->run()
#11 /Applications/XAMPP/xamppfiles/htdocs/ami/system/Commands/Server/rewrite.php(47): require_once('/Applications/X...')
#12 {main}
CRITICAL - 2024-04-27 23:17:43 --> Illegal mix of collations (utf8mb4_general_ci,IMPLICIT) and (utf8_general_ci,COERCIBLE) for operation '='
in SYSTEMPATH/Database/BaseConnection.php on line 647.
 1 SYSTEMPATH/Database/BaseBuilder.php(1615): CodeIgniter\Database\BaseConnection->query('SELECT `s_pertanyaan_isi`.`text`, `s_pertanyaan_lanjutan`.*
FROM `s_pertanyaan_lanjutan`
JOIN `s_pertanyaan_isi` ON `s_pertanyaan_lanjutan`.`s_p_isi_id` = `s_pertanyaan_isi`.`id`
WHERE `s_pertanyaan_lanjutan`.`id` = :s_pertanyaan_lanjutan.id:', [...], false)
 2 SYSTEMPATH/Model.php(871): CodeIgniter\Database\BaseBuilder->get()
 3 APPPATH/Models/Admin/LanjutanModel.php(48): CodeIgniter\Model->__call('get', [])
 4 APPPATH/Controllers/AdminAreaAudit.php(646): App\Models\Admin\LanjutanModel->getlanjutanById('jÀ∂')
 5 SYSTEMPATH/CodeIgniter.php(942): App\Controllers\AdminAreaAudit->adddetail('assets', 'vendors', 'chartjs', 'Chart.min.css')
 6 SYSTEMPATH/CodeIgniter.php(502): CodeIgniter\CodeIgniter->runController(Object(App\Controllers\AdminAreaAudit))
 7 SYSTEMPATH/CodeIgniter.php(361): CodeIgniter\CodeIgniter->handleRequest(null, Object(Config\Cache), false)
 8 FCPATH/index.php(79): CodeIgniter\CodeIgniter->run()
 9 SYSTEMPATH/Commands/Server/rewrite.php(47): require_once('/Applications/XAMPP/xamppfiles/htdocs/ami/public/index.php')
CRITICAL - 2024-04-27 23:17:43 --> Uncaught CodeIgniter\Format\Exceptions\FormatException: Failed to parse JSON string. Error: Malformed UTF-8 characters, possibly incorrectly encoded in /Applications/XAMPP/xamppfiles/htdocs/ami/system/Format/JSONFormatter.php:43
Stack trace:
#0 /Applications/XAMPP/xamppfiles/htdocs/ami/system/Format/JSONFormatter.php(43): CodeIgniter\Format\Exceptions\FormatException::forInvalidJSON('Malformed UTF-8...')
#1 /Applications/XAMPP/xamppfiles/htdocs/ami/system/API/ResponseTrait.php(345): CodeIgniter\Format\JSONFormatter->format(Array)
#2 /Applications/XAMPP/xamppfiles/htdocs/ami/system/API/ResponseTrait.php(98): CodeIgniter\Debug\ExceptionHandler->format(Array)
#3 /Applications/XAMPP/xamppfiles/htdocs/ami/system/Debug/ExceptionHandler.php(81): CodeIgniter\Debug\ExceptionHandler->respond(Array, 500)
#4 /Applications/XAMPP/xamppfiles/htdocs/ami/system/Debug/Exceptions.php(149): CodeIgniter\Debug\ExceptionHandler->handle(Object(mysqli_sql_exception), Object(CodeIgniter\HTTP\IncomingRequest), Object(CodeIgniter\HTTP\Response), 500, 8)
#5 [internal function]: CodeIgniter\Debug\Exceptions->exceptionHandler(Object(mysqli_sql_exception))
#6 {main}
  thrown
„ÄêPrevious Exception„Äë
CodeIgniter\Database\Exceptions\DatabaseException
Illegal mix of collations (utf8mb4_general_ci,IMPLICIT) and (utf8_general_ci,COERCIBLE) for operation '='
#0 /Applications/XAMPP/xamppfiles/htdocs/ami/system/Database/BaseBuilder.php(1615): CodeIgniter\Database\BaseConnection->query('SELECT `s_perta...', Array, false)
#1 /Applications/XAMPP/xamppfiles/htdocs/ami/system/Model.php(871): CodeIgniter\Database\BaseBuilder->get()
#2 /Applications/XAMPP/xamppfiles/htdocs/ami/app/Models/Admin/LanjutanModel.php(48): CodeIgniter\Model->__call('get', Array)
#3 /Applications/XAMPP/xamppfiles/htdocs/ami/app/Controllers/AdminAreaAudit.php(646): App\Models\Admin\LanjutanModel->getlanjutanById('j\xCB\x1E\xB6')
#4 /Applications/XAMPP/xamppfiles/htdocs/ami/system/CodeIgniter.php(942): App\Controllers\AdminAreaAudit->adddetail('assets', 'vendors', 'chartjs', 'Chart.min.css')
#5 /Applications/XAMPP/xamppfiles/htdocs/ami/system/CodeIgniter.php(502): CodeIgniter\CodeIgniter->runController(Object(App\Controllers\AdminAreaAudit))
#6 /Applications/XAMPP/xamppfiles/htdocs/ami/system/CodeIgniter.php(361): CodeIgniter\CodeIgniter->handleRequest(NULL, Object(Config\Cache), false)
#7 /Applications/XAMPP/xamppfiles/htdocs/ami/public/index.php(79): CodeIgniter\CodeIgniter->run()
#8 /Applications/XAMPP/xamppfiles/htdocs/ami/system/Commands/Server/rewrite.php(47): require_once('/Applications/X...')
#9 {main}
in SYSTEMPATH/Format/JSONFormatter.php on line 43.
 1 [internal function]: CodeIgniter\Debug\Exceptions->shutdownHandler()
INFO - 2024-04-27 23:17:51 --> Session: Class initialized using 'CodeIgniter\Session\Handlers\FileHandler' driver.
INFO - 2024-04-27 23:17:51 --> Session: Class initialized using 'CodeIgniter\Session\Handlers\FileHandler' driver.
INFO - 2024-04-27 23:17:51 --> Session: Class initialized using 'CodeIgniter\Session\Handlers\FileHandler' driver.
ERROR - 2024-04-27 23:17:51 --> mysqli_sql_exception: Illegal mix of collations (utf8mb4_general_ci,IMPLICIT) and (utf8_general_ci,COERCIBLE) for operation '=' in /Applications/XAMPP/xamppfiles/htdocs/ami/system/Database/MySQLi/Connection.php:306
Stack trace:
#0 /Applications/XAMPP/xamppfiles/htdocs/ami/system/Database/MySQLi/Connection.php(306): mysqli->query('SELECT *\nFROM `...', 0)
#1 /Applications/XAMPP/xamppfiles/htdocs/ami/system/Database/BaseConnection.php(693): CodeIgniter\Database\MySQLi\Connection->execute('SELECT *\nFROM `...')
#2 /Applications/XAMPP/xamppfiles/htdocs/ami/system/Database/BaseConnection.php(607): CodeIgniter\Database\BaseConnection->simpleQuery('SELECT *\nFROM `...')
#3 /Applications/XAMPP/xamppfiles/htdocs/ami/system/Database/BaseBuilder.php(1615): CodeIgniter\Database\BaseConnection->query('SELECT *\nFROM `...', Array, false)
#4 /Applications/XAMPP/xamppfiles/htdocs/ami/system/Model.php(237): CodeIgniter\Database\BaseBuilder->get()
#5 /Applications/XAMPP/xamppfiles/htdocs/ami/system/BaseModel.php(624): CodeIgniter\Model->doFindAll(0, 0)
#6 /Applications/XAMPP/xamppfiles/htdocs/ami/app/Models/Admin/DetailModel.php(22): CodeIgniter\BaseModel->findAll()
#7 /Applications/XAMPP/xamppfiles/htdocs/ami/app/Controllers/AdminAreaAudit.php(630): App\Models\Admin\DetailModel->getAlldetail('j\xCB\x1E\xB6')
#8 /Applications/XAMPP/xamppfiles/htdocs/ami/system/CodeIgniter.php(942): App\Controllers\AdminAreaAudit->detail('assets', 'vendors', 'chartjs', 'Chart.min.css')
#9 /Applications/XAMPP/xamppfiles/htdocs/ami/system/CodeIgniter.php(502): CodeIgniter\CodeIgniter->runController(Object(App\Controllers\AdminAreaAudit))
#10 /Applications/XAMPP/xamppfiles/htdocs/ami/system/CodeIgniter.php(361): CodeIgniter\CodeIgniter->handleRequest(NULL, Object(Config\Cache), false)
#11 /Applications/XAMPP/xamppfiles/htdocs/ami/public/index.php(79): CodeIgniter\CodeIgniter->run()
#12 /Applications/XAMPP/xamppfiles/htdocs/ami/system/Commands/Server/rewrite.php(47): require_once('/Applications/X...')
#13 {main}
CRITICAL - 2024-04-27 23:17:51 --> Illegal mix of collations (utf8mb4_general_ci,IMPLICIT) and (utf8_general_ci,COERCIBLE) for operation '='
in SYSTEMPATH/Database/BaseConnection.php on line 647.
 1 SYSTEMPATH/Database/BaseBuilder.php(1615): CodeIgniter\Database\BaseConnection->query('SELECT *
FROM `s_pertanyaan_detail`
WHERE `s_p_lanjutan_id` = :s_p_lanjutan_id:
ORDER BY `urutan` ASC', [...], false)
 2 SYSTEMPATH/Model.php(237): CodeIgniter\Database\BaseBuilder->get()
 3 SYSTEMPATH/BaseModel.php(624): CodeIgniter\Model->doFindAll(0, 0)
 4 APPPATH/Models/Admin/DetailModel.php(22): CodeIgniter\BaseModel->findAll()
 5 APPPATH/Controllers/AdminAreaAudit.php(630): App\Models\Admin\DetailModel->getAlldetail('jÀ∂')
 6 SYSTEMPATH/CodeIgniter.php(942): App\Controllers\AdminAreaAudit->detail('assets', 'vendors', 'chartjs', 'Chart.min.css')
 7 SYSTEMPATH/CodeIgniter.php(502): CodeIgniter\CodeIgniter->runController(Object(App\Controllers\AdminAreaAudit))
 8 SYSTEMPATH/CodeIgniter.php(361): CodeIgniter\CodeIgniter->handleRequest(null, Object(Config\Cache), false)
 9 FCPATH/index.php(79): CodeIgniter\CodeIgniter->run()
10 SYSTEMPATH/Commands/Server/rewrite.php(47): require_once('/Applications/XAMPP/xamppfiles/htdocs/ami/public/index.php')
CRITICAL - 2024-04-27 23:17:51 --> Uncaught CodeIgniter\Format\Exceptions\FormatException: Failed to parse JSON string. Error: Malformed UTF-8 characters, possibly incorrectly encoded in /Applications/XAMPP/xamppfiles/htdocs/ami/system/Format/JSONFormatter.php:43
Stack trace:
#0 /Applications/XAMPP/xamppfiles/htdocs/ami/system/Format/JSONFormatter.php(43): CodeIgniter\Format\Exceptions\FormatException::forInvalidJSON('Malformed UTF-8...')
#1 /Applications/XAMPP/xamppfiles/htdocs/ami/system/API/ResponseTrait.php(345): CodeIgniter\Format\JSONFormatter->format(Array)
#2 /Applications/XAMPP/xamppfiles/htdocs/ami/system/API/ResponseTrait.php(98): CodeIgniter\Debug\ExceptionHandler->format(Array)
#3 /Applications/XAMPP/xamppfiles/htdocs/ami/system/Debug/ExceptionHandler.php(81): CodeIgniter\Debug\ExceptionHandler->respond(Array, 500)
#4 /Applications/XAMPP/xamppfiles/htdocs/ami/system/Debug/Exceptions.php(149): CodeIgniter\Debug\ExceptionHandler->handle(Object(mysqli_sql_exception), Object(CodeIgniter\HTTP\IncomingRequest), Object(CodeIgniter\HTTP\Response), 500, 8)
#5 [internal function]: CodeIgniter\Debug\Exceptions->exceptionHandler(Object(mysqli_sql_exception))
#6 {main}
  thrown
„ÄêPrevious Exception„Äë
CodeIgniter\Database\Exceptions\DatabaseException
Illegal mix of collations (utf8mb4_general_ci,IMPLICIT) and (utf8_general_ci,COERCIBLE) for operation '='
#0 /Applications/XAMPP/xamppfiles/htdocs/ami/system/Database/BaseBuilder.php(1615): CodeIgniter\Database\BaseConnection->query('SELECT *\nFROM `...', Array, false)
#1 /Applications/XAMPP/xamppfiles/htdocs/ami/system/Model.php(237): CodeIgniter\Database\BaseBuilder->get()
#2 /Applications/XAMPP/xamppfiles/htdocs/ami/system/BaseModel.php(624): CodeIgniter\Model->doFindAll(0, 0)
#3 /Applications/XAMPP/xamppfiles/htdocs/ami/app/Models/Admin/DetailModel.php(22): CodeIgniter\BaseModel->findAll()
#4 /Applications/XAMPP/xamppfiles/htdocs/ami/app/Controllers/AdminAreaAudit.php(630): App\Models\Admin\DetailModel->getAlldetail('j\xCB\x1E\xB6')
#5 /Applications/XAMPP/xamppfiles/htdocs/ami/system/CodeIgniter.php(942): App\Controllers\AdminAreaAudit->detail('assets', 'vendors', 'chartjs', 'Chart.min.css')
#6 /Applications/XAMPP/xamppfiles/htdocs/ami/system/CodeIgniter.php(502): CodeIgniter\CodeIgniter->runController(Object(App\Controllers\AdminAreaAudit))
#7 /Applications/XAMPP/xamppfiles/htdocs/ami/system/CodeIgniter.php(361): CodeIgniter\CodeIgniter->handleRequest(NULL, Object(Config\Cache), false)
#8 /Applications/XAMPP/xamppfiles/htdocs/ami/public/index.php(79): CodeIgniter\CodeIgniter->run()
#9 /Applications/XAMPP/xamppfiles/htdocs/ami/system/Commands/Server/rewrite.php(47): require_once('/Applications/X...')
#10 {main}
in SYSTEMPATH/Format/JSONFormatter.php on line 43.
 1 [internal function]: CodeIgniter\Debug\Exceptions->shutdownHandler()
INFO - 2024-04-27 23:17:52 --> Session: Class initialized using 'CodeIgniter\Session\Handlers\FileHandler' driver.
INFO - 2024-04-27 23:17:52 --> Session: Class initialized using 'CodeIgniter\Session\Handlers\FileHandler' driver.
ERROR - 2024-04-27 23:17:52 --> mysqli_sql_exception: Illegal mix of collations (utf8mb4_general_ci,IMPLICIT) and (utf8_general_ci,COERCIBLE) for operation '=' in /Applications/XAMPP/xamppfiles/htdocs/ami/system/Database/MySQLi/Connection.php:306
Stack trace:
#0 /Applications/XAMPP/xamppfiles/htdocs/ami/system/Database/MySQLi/Connection.php(306): mysqli->query('SELECT `s_perta...', 0)
#1 /Applications/XAMPP/xamppfiles/htdocs/ami/system/Database/BaseConnection.php(693): CodeIgniter\Database\MySQLi\Connection->execute('SELECT `s_perta...')
#2 /Applications/XAMPP/xamppfiles/htdocs/ami/system/Database/BaseConnection.php(607): CodeIgniter\Database\BaseConnection->simpleQuery('SELECT `s_perta...')
#3 /Applications/XAMPP/xamppfiles/htdocs/ami/system/Database/BaseBuilder.php(1615): CodeIgniter\Database\BaseConnection->query('SELECT `s_perta...', Array, false)
#4 /Applications/XAMPP/xamppfiles/htdocs/ami/system/Model.php(871): CodeIgniter\Database\BaseBuilder->get()
#5 /Applications/XAMPP/xamppfiles/htdocs/ami/app/Models/Admin/LanjutanModel.php(48): CodeIgniter\Model->__call('get', Array)
#6 /Applications/XAMPP/xamppfiles/htdocs/ami/app/Controllers/AdminAreaAudit.php(646): App\Models\Admin\LanjutanModel->getlanjutanById('j\xCB\x1E\xB6')
#7 /Applications/XAMPP/xamppfiles/htdocs/ami/system/CodeIgniter.php(942): App\Controllers\AdminAreaAudit->adddetail('assets', 'vendors', 'chartjs', 'Chart.min.css')
#8 /Applications/XAMPP/xamppfiles/htdocs/ami/system/CodeIgniter.php(502): CodeIgniter\CodeIgniter->runController(Object(App\Controllers\AdminAreaAudit))
#9 /Applications/XAMPP/xamppfiles/htdocs/ami/system/CodeIgniter.php(361): CodeIgniter\CodeIgniter->handleRequest(NULL, Object(Config\Cache), false)
#10 /Applications/XAMPP/xamppfiles/htdocs/ami/public/index.php(79): CodeIgniter\CodeIgniter->run()
#11 /Applications/XAMPP/xamppfiles/htdocs/ami/system/Commands/Server/rewrite.php(47): require_once('/Applications/X...')
#12 {main}
CRITICAL - 2024-04-27 23:17:52 --> Illegal mix of collations (utf8mb4_general_ci,IMPLICIT) and (utf8_general_ci,COERCIBLE) for operation '='
in SYSTEMPATH/Database/BaseConnection.php on line 647.
 1 SYSTEMPATH/Database/BaseBuilder.php(1615): CodeIgniter\Database\BaseConnection->query('SELECT `s_pertanyaan_isi`.`text`, `s_pertanyaan_lanjutan`.*
FROM `s_pertanyaan_lanjutan`
JOIN `s_pertanyaan_isi` ON `s_pertanyaan_lanjutan`.`s_p_isi_id` = `s_pertanyaan_isi`.`id`
WHERE `s_pertanyaan_lanjutan`.`id` = :s_pertanyaan_lanjutan.id:', [...], false)
 2 SYSTEMPATH/Model.php(871): CodeIgniter\Database\BaseBuilder->get()
 3 APPPATH/Models/Admin/LanjutanModel.php(48): CodeIgniter\Model->__call('get', [])
 4 APPPATH/Controllers/AdminAreaAudit.php(646): App\Models\Admin\LanjutanModel->getlanjutanById('jÀ∂')
 5 SYSTEMPATH/CodeIgniter.php(942): App\Controllers\AdminAreaAudit->adddetail('assets', 'vendors', 'chartjs', 'Chart.min.css')
 6 SYSTEMPATH/CodeIgniter.php(502): CodeIgniter\CodeIgniter->runController(Object(App\Controllers\AdminAreaAudit))
 7 SYSTEMPATH/CodeIgniter.php(361): CodeIgniter\CodeIgniter->handleRequest(null, Object(Config\Cache), false)
 8 FCPATH/index.php(79): CodeIgniter\CodeIgniter->run()
 9 SYSTEMPATH/Commands/Server/rewrite.php(47): require_once('/Applications/XAMPP/xamppfiles/htdocs/ami/public/index.php')
CRITICAL - 2024-04-27 23:17:52 --> Uncaught CodeIgniter\Format\Exceptions\FormatException: Failed to parse JSON string. Error: Malformed UTF-8 characters, possibly incorrectly encoded in /Applications/XAMPP/xamppfiles/htdocs/ami/system/Format/JSONFormatter.php:43
Stack trace:
#0 /Applications/XAMPP/xamppfiles/htdocs/ami/system/Format/JSONFormatter.php(43): CodeIgniter\Format\Exceptions\FormatException::forInvalidJSON('Malformed UTF-8...')
#1 /Applications/XAMPP/xamppfiles/htdocs/ami/system/API/ResponseTrait.php(345): CodeIgniter\Format\JSONFormatter->format(Array)
#2 /Applications/XAMPP/xamppfiles/htdocs/ami/system/API/ResponseTrait.php(98): CodeIgniter\Debug\ExceptionHandler->format(Array)
#3 /Applications/XAMPP/xamppfiles/htdocs/ami/system/Debug/ExceptionHandler.php(81): CodeIgniter\Debug\ExceptionHandler->respond(Array, 500)
#4 /Applications/XAMPP/xamppfiles/htdocs/ami/system/Debug/Exceptions.php(149): CodeIgniter\Debug\ExceptionHandler->handle(Object(mysqli_sql_exception), Object(CodeIgniter\HTTP\IncomingRequest), Object(CodeIgniter\HTTP\Response), 500, 8)
#5 [internal function]: CodeIgniter\Debug\Exceptions->exceptionHandler(Object(mysqli_sql_exception))
#6 {main}
  thrown
„ÄêPrevious Exception„Äë
CodeIgniter\Database\Exceptions\DatabaseException
Illegal mix of collations (utf8mb4_general_ci,IMPLICIT) and (utf8_general_ci,COERCIBLE) for operation '='
#0 /Applications/XAMPP/xamppfiles/htdocs/ami/system/Database/BaseBuilder.php(1615): CodeIgniter\Database\BaseConnection->query('SELECT `s_perta...', Array, false)
#1 /Applications/XAMPP/xamppfiles/htdocs/ami/system/Model.php(871): CodeIgniter\Database\BaseBuilder->get()
#2 /Applications/XAMPP/xamppfiles/htdocs/ami/app/Models/Admin/LanjutanModel.php(48): CodeIgniter\Model->__call('get', Array)
#3 /Applications/XAMPP/xamppfiles/htdocs/ami/app/Controllers/AdminAreaAudit.php(646): App\Models\Admin\LanjutanModel->getlanjutanById('j\xCB\x1E\xB6')
#4 /Applications/XAMPP/xamppfiles/htdocs/ami/system/CodeIgniter.php(942): App\Controllers\AdminAreaAudit->adddetail('assets', 'vendors', 'chartjs', 'Chart.min.css')
#5 /Applications/XAMPP/xamppfiles/htdocs/ami/system/CodeIgniter.php(502): CodeIgniter\CodeIgniter->runController(Object(App\Controllers\AdminAreaAudit))
#6 /Applications/XAMPP/xamppfiles/htdocs/ami/system/CodeIgniter.php(361): CodeIgniter\CodeIgniter->handleRequest(NULL, Object(Config\Cache), false)
#7 /Applications/XAMPP/xamppfiles/htdocs/ami/public/index.php(79): CodeIgniter\CodeIgniter->run()
#8 /Applications/XAMPP/xamppfiles/htdocs/ami/system/Commands/Server/rewrite.php(47): require_once('/Applications/X...')
#9 {main}
in SYSTEMPATH/Format/JSONFormatter.php on line 43.
 1 [internal function]: CodeIgniter\Debug\Exceptions->shutdownHandler()
INFO - 2024-04-27 23:18:01 --> Session: Class initialized using 'CodeIgniter\Session\Handlers\FileHandler' driver.
INFO - 2024-04-27 23:18:01 --> Session: Class initialized using 'CodeIgniter\Session\Handlers\FileHandler' driver.
INFO - 2024-04-27 23:18:01 --> Session: Class initialized using 'CodeIgniter\Session\Handlers\FileHandler' driver.
ERROR - 2024-04-27 23:18:01 --> mysqli_sql_exception: Illegal mix of collations (utf8mb4_general_ci,IMPLICIT) and (utf8_general_ci,COERCIBLE) for operation '=' in /Applications/XAMPP/xamppfiles/htdocs/ami/system/Database/MySQLi/Connection.php:306
Stack trace:
#0 /Applications/XAMPP/xamppfiles/htdocs/ami/system/Database/MySQLi/Connection.php(306): mysqli->query('SELECT *\nFROM `...', 0)
#1 /Applications/XAMPP/xamppfiles/htdocs/ami/system/Database/BaseConnection.php(693): CodeIgniter\Database\MySQLi\Connection->execute('SELECT *\nFROM `...')
#2 /Applications/XAMPP/xamppfiles/htdocs/ami/system/Database/BaseConnection.php(607): CodeIgniter\Database\BaseConnection->simpleQuery('SELECT *\nFROM `...')
#3 /Applications/XAMPP/xamppfiles/htdocs/ami/system/Database/BaseBuilder.php(1615): CodeIgniter\Database\BaseConnection->query('SELECT *\nFROM `...', Array, false)
#4 /Applications/XAMPP/xamppfiles/htdocs/ami/system/Model.php(237): CodeIgniter\Database\BaseBuilder->get()
#5 /Applications/XAMPP/xamppfiles/htdocs/ami/system/BaseModel.php(624): CodeIgniter\Model->doFindAll(0, 0)
#6 /Applications/XAMPP/xamppfiles/htdocs/ami/app/Models/Admin/DetailModel.php(22): CodeIgniter\BaseModel->findAll()
#7 /Applications/XAMPP/xamppfiles/htdocs/ami/app/Controllers/AdminAreaAudit.php(630): App\Models\Admin\DetailModel->getAlldetail('j\xCB\x1E\xB6')
#8 /Applications/XAMPP/xamppfiles/htdocs/ami/system/CodeIgniter.php(942): App\Controllers\AdminAreaAudit->detail('assets', 'vendors', 'chartjs', 'Chart.min.css')
#9 /Applications/XAMPP/xamppfiles/htdocs/ami/system/CodeIgniter.php(502): CodeIgniter\CodeIgniter->runController(Object(App\Controllers\AdminAreaAudit))
#10 /Applications/XAMPP/xamppfiles/htdocs/ami/system/CodeIgniter.php(361): CodeIgniter\CodeIgniter->handleRequest(NULL, Object(Config\Cache), false)
#11 /Applications/XAMPP/xamppfiles/htdocs/ami/public/index.php(79): CodeIgniter\CodeIgniter->run()
#12 /Applications/XAMPP/xamppfiles/htdocs/ami/system/Commands/Server/rewrite.php(47): require_once('/Applications/X...')
#13 {main}
CRITICAL - 2024-04-27 23:18:01 --> Illegal mix of collations (utf8mb4_general_ci,IMPLICIT) and (utf8_general_ci,COERCIBLE) for operation '='
in SYSTEMPATH/Database/BaseConnection.php on line 647.
 1 SYSTEMPATH/Database/BaseBuilder.php(1615): CodeIgniter\Database\BaseConnection->query('SELECT *
FROM `s_pertanyaan_detail`
WHERE `s_p_lanjutan_id` = :s_p_lanjutan_id:
ORDER BY `urutan` ASC', [...], false)
 2 SYSTEMPATH/Model.php(237): CodeIgniter\Database\BaseBuilder->get()
 3 SYSTEMPATH/BaseModel.php(624): CodeIgniter\Model->doFindAll(0, 0)
 4 APPPATH/Models/Admin/DetailModel.php(22): CodeIgniter\BaseModel->findAll()
 5 APPPATH/Controllers/AdminAreaAudit.php(630): App\Models\Admin\DetailModel->getAlldetail('jÀ∂')
 6 SYSTEMPATH/CodeIgniter.php(942): App\Controllers\AdminAreaAudit->detail('assets', 'vendors', 'chartjs', 'Chart.min.css')
 7 SYSTEMPATH/CodeIgniter.php(502): CodeIgniter\CodeIgniter->runController(Object(App\Controllers\AdminAreaAudit))
 8 SYSTEMPATH/CodeIgniter.php(361): CodeIgniter\CodeIgniter->handleRequest(null, Object(Config\Cache), false)
 9 FCPATH/index.php(79): CodeIgniter\CodeIgniter->run()
10 SYSTEMPATH/Commands/Server/rewrite.php(47): require_once('/Applications/XAMPP/xamppfiles/htdocs/ami/public/index.php')
CRITICAL - 2024-04-27 23:18:01 --> Uncaught CodeIgniter\Format\Exceptions\FormatException: Failed to parse JSON string. Error: Malformed UTF-8 characters, possibly incorrectly encoded in /Applications/XAMPP/xamppfiles/htdocs/ami/system/Format/JSONFormatter.php:43
Stack trace:
#0 /Applications/XAMPP/xamppfiles/htdocs/ami/system/Format/JSONFormatter.php(43): CodeIgniter\Format\Exceptions\FormatException::forInvalidJSON('Malformed UTF-8...')
#1 /Applications/XAMPP/xamppfiles/htdocs/ami/system/API/ResponseTrait.php(345): CodeIgniter\Format\JSONFormatter->format(Array)
#2 /Applications/XAMPP/xamppfiles/htdocs/ami/system/API/ResponseTrait.php(98): CodeIgniter\Debug\ExceptionHandler->format(Array)
#3 /Applications/XAMPP/xamppfiles/htdocs/ami/system/Debug/ExceptionHandler.php(81): CodeIgniter\Debug\ExceptionHandler->respond(Array, 500)
#4 /Applications/XAMPP/xamppfiles/htdocs/ami/system/Debug/Exceptions.php(149): CodeIgniter\Debug\ExceptionHandler->handle(Object(mysqli_sql_exception), Object(CodeIgniter\HTTP\IncomingRequest), Object(CodeIgniter\HTTP\Response), 500, 8)
#5 [internal function]: CodeIgniter\Debug\Exceptions->exceptionHandler(Object(mysqli_sql_exception))
#6 {main}
  thrown
„ÄêPrevious Exception„Äë
CodeIgniter\Database\Exceptions\DatabaseException
Illegal mix of collations (utf8mb4_general_ci,IMPLICIT) and (utf8_general_ci,COERCIBLE) for operation '='
#0 /Applications/XAMPP/xamppfiles/htdocs/ami/system/Database/BaseBuilder.php(1615): CodeIgniter\Database\BaseConnection->query('SELECT *\nFROM `...', Array, false)
#1 /Applications/XAMPP/xamppfiles/htdocs/ami/system/Model.php(237): CodeIgniter\Database\BaseBuilder->get()
#2 /Applications/XAMPP/xamppfiles/htdocs/ami/system/BaseModel.php(624): CodeIgniter\Model->doFindAll(0, 0)
#3 /Applications/XAMPP/xamppfiles/htdocs/ami/app/Models/Admin/DetailModel.php(22): CodeIgniter\BaseModel->findAll()
#4 /Applications/XAMPP/xamppfiles/htdocs/ami/app/Controllers/AdminAreaAudit.php(630): App\Models\Admin\DetailModel->getAlldetail('j\xCB\x1E\xB6')
#5 /Applications/XAMPP/xamppfiles/htdocs/ami/system/CodeIgniter.php(942): App\Controllers\AdminAreaAudit->detail('assets', 'vendors', 'chartjs', 'Chart.min.css')
#6 /Applications/XAMPP/xamppfiles/htdocs/ami/system/CodeIgniter.php(502): CodeIgniter\CodeIgniter->runController(Object(App\Controllers\AdminAreaAudit))
#7 /Applications/XAMPP/xamppfiles/htdocs/ami/system/CodeIgniter.php(361): CodeIgniter\CodeIgniter->handleRequest(NULL, Object(Config\Cache), false)
#8 /Applications/XAMPP/xamppfiles/htdocs/ami/public/index.php(79): CodeIgniter\CodeIgniter->run()
#9 /Applications/XAMPP/xamppfiles/htdocs/ami/system/Commands/Server/rewrite.php(47): require_once('/Applications/X...')
#10 {main}
in SYSTEMPATH/Format/JSONFormatter.php on line 43.
 1 [internal function]: CodeIgniter\Debug\Exceptions->shutdownHandler()
INFO - 2024-04-27 23:18:06 --> Session: Class initialized using 'CodeIgniter\Session\Handlers\FileHandler' driver.
INFO - 2024-04-27 23:18:06 --> Session: Class initialized using 'CodeIgniter\Session\Handlers\FileHandler' driver.
ERROR - 2024-04-27 23:18:06 --> mysqli_sql_exception: Illegal mix of collations (utf8mb4_general_ci,IMPLICIT) and (utf8_general_ci,COERCIBLE) for operation '=' in /Applications/XAMPP/xamppfiles/htdocs/ami/system/Database/MySQLi/Connection.php:306
Stack trace:
#0 /Applications/XAMPP/xamppfiles/htdocs/ami/system/Database/MySQLi/Connection.php(306): mysqli->query('SELECT *\nFROM `...', 0)
#1 /Applications/XAMPP/xamppfiles/htdocs/ami/system/Database/BaseConnection.php(693): CodeIgniter\Database\MySQLi\Connection->execute('SELECT *\nFROM `...')
#2 /Applications/XAMPP/xamppfiles/htdocs/ami/system/Database/BaseConnection.php(607): CodeIgniter\Database\BaseConnection->simpleQuery('SELECT *\nFROM `...')
#3 /Applications/XAMPP/xamppfiles/htdocs/ami/system/Database/BaseBuilder.php(1615): CodeIgniter\Database\BaseConnection->query('SELECT *\nFROM `...', Array, false)
#4 /Applications/XAMPP/xamppfiles/htdocs/ami/system/Model.php(237): CodeIgniter\Database\BaseBuilder->get()
#5 /Applications/XAMPP/xamppfiles/htdocs/ami/system/BaseModel.php(624): CodeIgniter\Model->doFindAll(0, 0)
#6 /Applications/XAMPP/xamppfiles/htdocs/ami/app/Models/Admin/LanjutanModel.php(22): CodeIgniter\BaseModel->findAll()
#7 /Applications/XAMPP/xamppfiles/htdocs/ami/app/Controllers/AdminAreaAudit.php(482): App\Models\Admin\LanjutanModel->getAlllanjutan('j\xCB\x1E\xB6')
#8 /Applications/XAMPP/xamppfiles/htdocs/ami/system/CodeIgniter.php(942): App\Controllers\AdminAreaAudit->lanjutan('assets', 'vendors', 'chartjs', 'Chart.min.css')
#9 /Applications/XAMPP/xamppfiles/htdocs/ami/system/CodeIgniter.php(502): CodeIgniter\CodeIgniter->runController(Object(App\Controllers\AdminAreaAudit))
#10 /Applications/XAMPP/xamppfiles/htdocs/ami/system/CodeIgniter.php(361): CodeIgniter\CodeIgniter->handleRequest(NULL, Object(Config\Cache), false)
#11 /Applications/XAMPP/xamppfiles/htdocs/ami/public/index.php(79): CodeIgniter\CodeIgniter->run()
#12 /Applications/XAMPP/xamppfiles/htdocs/ami/system/Commands/Server/rewrite.php(47): require_once('/Applications/X...')
#13 {main}
CRITICAL - 2024-04-27 23:18:06 --> Illegal mix of collations (utf8mb4_general_ci,IMPLICIT) and (utf8_general_ci,COERCIBLE) for operation '='
in SYSTEMPATH/Database/BaseConnection.php on line 647.
 1 SYSTEMPATH/Database/BaseBuilder.php(1615): CodeIgniter\Database\BaseConnection->query('SELECT *
FROM `s_pertanyaan_lanjutan`
WHERE `s_p_isi_id` = :s_p_isi_id:
ORDER BY `urutan` ASC', [...], false)
 2 SYSTEMPATH/Model.php(237): CodeIgniter\Database\BaseBuilder->get()
 3 SYSTEMPATH/BaseModel.php(624): CodeIgniter\Model->doFindAll(0, 0)
 4 APPPATH/Models/Admin/LanjutanModel.php(22): CodeIgniter\BaseModel->findAll()
 5 APPPATH/Controllers/AdminAreaAudit.php(482): App\Models\Admin\LanjutanModel->getAlllanjutan('jÀ∂')
 6 SYSTEMPATH/CodeIgniter.php(942): App\Controllers\AdminAreaAudit->lanjutan('assets', 'vendors', 'chartjs', 'Chart.min.css')
 7 SYSTEMPATH/CodeIgniter.php(502): CodeIgniter\CodeIgniter->runController(Object(App\Controllers\AdminAreaAudit))
 8 SYSTEMPATH/CodeIgniter.php(361): CodeIgniter\CodeIgniter->handleRequest(null, Object(Config\Cache), false)
 9 FCPATH/index.php(79): CodeIgniter\CodeIgniter->run()
10 SYSTEMPATH/Commands/Server/rewrite.php(47): require_once('/Applications/XAMPP/xamppfiles/htdocs/ami/public/index.php')
CRITICAL - 2024-04-27 23:18:06 --> Uncaught CodeIgniter\Format\Exceptions\FormatException: Failed to parse JSON string. Error: Malformed UTF-8 characters, possibly incorrectly encoded in /Applications/XAMPP/xamppfiles/htdocs/ami/system/Format/JSONFormatter.php:43
Stack trace:
#0 /Applications/XAMPP/xamppfiles/htdocs/ami/system/Format/JSONFormatter.php(43): CodeIgniter\Format\Exceptions\FormatException::forInvalidJSON('Malformed UTF-8...')
#1 /Applications/XAMPP/xamppfiles/htdocs/ami/system/API/ResponseTrait.php(345): CodeIgniter\Format\JSONFormatter->format(Array)
#2 /Applications/XAMPP/xamppfiles/htdocs/ami/system/API/ResponseTrait.php(98): CodeIgniter\Debug\ExceptionHandler->format(Array)
#3 /Applications/XAMPP/xamppfiles/htdocs/ami/system/Debug/ExceptionHandler.php(81): CodeIgniter\Debug\ExceptionHandler->respond(Array, 500)
#4 /Applications/XAMPP/xamppfiles/htdocs/ami/system/Debug/Exceptions.php(149): CodeIgniter\Debug\ExceptionHandler->handle(Object(mysqli_sql_exception), Object(CodeIgniter\HTTP\IncomingRequest), Object(CodeIgniter\HTTP\Response), 500, 8)
#5 [internal function]: CodeIgniter\Debug\Exceptions->exceptionHandler(Object(mysqli_sql_exception))
#6 {main}
  thrown
„ÄêPrevious Exception„Äë
CodeIgniter\Database\Exceptions\DatabaseException
Illegal mix of collations (utf8mb4_general_ci,IMPLICIT) and (utf8_general_ci,COERCIBLE) for operation '='
#0 /Applications/XAMPP/xamppfiles/htdocs/ami/system/Database/BaseBuilder.php(1615): CodeIgniter\Database\BaseConnection->query('SELECT *\nFROM `...', Array, false)
#1 /Applications/XAMPP/xamppfiles/htdocs/ami/system/Model.php(237): CodeIgniter\Database\BaseBuilder->get()
#2 /Applications/XAMPP/xamppfiles/htdocs/ami/system/BaseModel.php(624): CodeIgniter\Model->doFindAll(0, 0)
#3 /Applications/XAMPP/xamppfiles/htdocs/ami/app/Models/Admin/LanjutanModel.php(22): CodeIgniter\BaseModel->findAll()
#4 /Applications/XAMPP/xamppfiles/htdocs/ami/app/Controllers/AdminAreaAudit.php(482): App\Models\Admin\LanjutanModel->getAlllanjutan('j\xCB\x1E\xB6')
#5 /Applications/XAMPP/xamppfiles/htdocs/ami/system/CodeIgniter.php(942): App\Controllers\AdminAreaAudit->lanjutan('assets', 'vendors', 'chartjs', 'Chart.min.css')
#6 /Applications/XAMPP/xamppfiles/htdocs/ami/system/CodeIgniter.php(502): CodeIgniter\CodeIgniter->runController(Object(App\Controllers\AdminAreaAudit))
#7 /Applications/XAMPP/xamppfiles/htdocs/ami/system/CodeIgniter.php(361): CodeIgniter\CodeIgniter->handleRequest(NULL, Object(Config\Cache), false)
#8 /Applications/XAMPP/xamppfiles/htdocs/ami/public/index.php(79): CodeIgniter\CodeIgniter->run()
#9 /Applications/XAMPP/xamppfiles/htdocs/ami/system/Commands/Server/rewrite.php(47): require_once('/Applications/X...')
#10 {main}
in SYSTEMPATH/Format/JSONFormatter.php on line 43.
 1 [internal function]: CodeIgniter\Debug\Exceptions->shutdownHandler()
INFO - 2024-04-27 23:18:30 --> Session: Class initialized using 'CodeIgniter\Session\Handlers\FileHandler' driver.
INFO - 2024-04-27 23:18:30 --> Session: Class initialized using 'CodeIgniter\Session\Handlers\FileHandler' driver.
ERROR - 2024-04-27 23:18:30 --> mysqli_sql_exception: Illegal mix of collations (utf8mb4_general_ci,IMPLICIT) and (utf8_general_ci,COERCIBLE) for operation '=' in /Applications/XAMPP/xamppfiles/htdocs/ami/system/Database/MySQLi/Connection.php:306
Stack trace:
#0 /Applications/XAMPP/xamppfiles/htdocs/ami/system/Database/MySQLi/Connection.php(306): mysqli->query('SELECT *\nFROM `...', 0)
#1 /Applications/XAMPP/xamppfiles/htdocs/ami/system/Database/BaseConnection.php(693): CodeIgniter\Database\MySQLi\Connection->execute('SELECT *\nFROM `...')
#2 /Applications/XAMPP/xamppfiles/htdocs/ami/system/Database/BaseConnection.php(607): CodeIgniter\Database\BaseConnection->simpleQuery('SELECT *\nFROM `...')
#3 /Applications/XAMPP/xamppfiles/htdocs/ami/system/Database/BaseBuilder.php(1615): CodeIgniter\Database\BaseConnection->query('SELECT *\nFROM `...', Array, false)
#4 /Applications/XAMPP/xamppfiles/htdocs/ami/system/Model.php(237): CodeIgniter\Database\BaseBuilder->get()
#5 /Applications/XAMPP/xamppfiles/htdocs/ami/system/BaseModel.php(624): CodeIgniter\Model->doFindAll(0, 0)
#6 /Applications/XAMPP/xamppfiles/htdocs/ami/app/Models/Admin/DetailModel.php(22): CodeIgniter\BaseModel->findAll()
#7 /Applications/XAMPP/xamppfiles/htdocs/ami/app/Controllers/AdminAreaAudit.php(630): App\Models\Admin\DetailModel->getAlldetail('j\xCB\x1E\xB6')
#8 /Applications/XAMPP/xamppfiles/htdocs/ami/system/CodeIgniter.php(942): App\Controllers\AdminAreaAudit->detail('assets', 'vendors', 'chartjs', 'Chart.min.css')
#9 /Applications/XAMPP/xamppfiles/htdocs/ami/system/CodeIgniter.php(502): CodeIgniter\CodeIgniter->runController(Object(App\Controllers\AdminAreaAudit))
#10 /Applications/XAMPP/xamppfiles/htdocs/ami/system/CodeIgniter.php(361): CodeIgniter\CodeIgniter->handleRequest(NULL, Object(Config\Cache), false)
#11 /Applications/XAMPP/xamppfiles/htdocs/ami/public/index.php(79): CodeIgniter\CodeIgniter->run()
#12 /Applications/XAMPP/xamppfiles/htdocs/ami/system/Commands/Server/rewrite.php(47): require_once('/Applications/X...')
#13 {main}
CRITICAL - 2024-04-27 23:18:30 --> Illegal mix of collations (utf8mb4_general_ci,IMPLICIT) and (utf8_general_ci,COERCIBLE) for operation '='
in SYSTEMPATH/Database/BaseConnection.php on line 647.
 1 SYSTEMPATH/Database/BaseBuilder.php(1615): CodeIgniter\Database\BaseConnection->query('SELECT *
FROM `s_pertanyaan_detail`
WHERE `s_p_lanjutan_id` = :s_p_lanjutan_id:
ORDER BY `urutan` ASC', [...], false)
 2 SYSTEMPATH/Model.php(237): CodeIgniter\Database\BaseBuilder->get()
 3 SYSTEMPATH/BaseModel.php(624): CodeIgniter\Model->doFindAll(0, 0)
 4 APPPATH/Models/Admin/DetailModel.php(22): CodeIgniter\BaseModel->findAll()
 5 APPPATH/Controllers/AdminAreaAudit.php(630): App\Models\Admin\DetailModel->getAlldetail('jÀ∂')
 6 SYSTEMPATH/CodeIgniter.php(942): App\Controllers\AdminAreaAudit->detail('assets', 'vendors', 'chartjs', 'Chart.min.css')
 7 SYSTEMPATH/CodeIgniter.php(502): CodeIgniter\CodeIgniter->runController(Object(App\Controllers\AdminAreaAudit))
 8 SYSTEMPATH/CodeIgniter.php(361): CodeIgniter\CodeIgniter->handleRequest(null, Object(Config\Cache), false)
 9 FCPATH/index.php(79): CodeIgniter\CodeIgniter->run()
10 SYSTEMPATH/Commands/Server/rewrite.php(47): require_once('/Applications/XAMPP/xamppfiles/htdocs/ami/public/index.php')
CRITICAL - 2024-04-27 23:18:30 --> Uncaught CodeIgniter\Format\Exceptions\FormatException: Failed to parse JSON string. Error: Malformed UTF-8 characters, possibly incorrectly encoded in /Applications/XAMPP/xamppfiles/htdocs/ami/system/Format/JSONFormatter.php:43
Stack trace:
#0 /Applications/XAMPP/xamppfiles/htdocs/ami/system/Format/JSONFormatter.php(43): CodeIgniter\Format\Exceptions\FormatException::forInvalidJSON('Malformed UTF-8...')
#1 /Applications/XAMPP/xamppfiles/htdocs/ami/system/API/ResponseTrait.php(345): CodeIgniter\Format\JSONFormatter->format(Array)
#2 /Applications/XAMPP/xamppfiles/htdocs/ami/system/API/ResponseTrait.php(98): CodeIgniter\Debug\ExceptionHandler->format(Array)
#3 /Applications/XAMPP/xamppfiles/htdocs/ami/system/Debug/ExceptionHandler.php(81): CodeIgniter\Debug\ExceptionHandler->respond(Array, 500)
#4 /Applications/XAMPP/xamppfiles/htdocs/ami/system/Debug/Exceptions.php(149): CodeIgniter\Debug\ExceptionHandler->handle(Object(mysqli_sql_exception), Object(CodeIgniter\HTTP\IncomingRequest), Object(CodeIgniter\HTTP\Response), 500, 8)
#5 [internal function]: CodeIgniter\Debug\Exceptions->exceptionHandler(Object(mysqli_sql_exception))
#6 {main}
  thrown
„ÄêPrevious Exception„Äë
CodeIgniter\Database\Exceptions\DatabaseException
Illegal mix of collations (utf8mb4_general_ci,IMPLICIT) and (utf8_general_ci,COERCIBLE) for operation '='
#0 /Applications/XAMPP/xamppfiles/htdocs/ami/system/Database/BaseBuilder.php(1615): CodeIgniter\Database\BaseConnection->query('SELECT *\nFROM `...', Array, false)
#1 /Applications/XAMPP/xamppfiles/htdocs/ami/system/Model.php(237): CodeIgniter\Database\BaseBuilder->get()
#2 /Applications/XAMPP/xamppfiles/htdocs/ami/system/BaseModel.php(624): CodeIgniter\Model->doFindAll(0, 0)
#3 /Applications/XAMPP/xamppfiles/htdocs/ami/app/Models/Admin/DetailModel.php(22): CodeIgniter\BaseModel->findAll()
#4 /Applications/XAMPP/xamppfiles/htdocs/ami/app/Controllers/AdminAreaAudit.php(630): App\Models\Admin\DetailModel->getAlldetail('j\xCB\x1E\xB6')
#5 /Applications/XAMPP/xamppfiles/htdocs/ami/system/CodeIgniter.php(942): App\Controllers\AdminAreaAudit->detail('assets', 'vendors', 'chartjs', 'Chart.min.css')
#6 /Applications/XAMPP/xamppfiles/htdocs/ami/system/CodeIgniter.php(502): CodeIgniter\CodeIgniter->runController(Object(App\Controllers\AdminAreaAudit))
#7 /Applications/XAMPP/xamppfiles/htdocs/ami/system/CodeIgniter.php(361): CodeIgniter\CodeIgniter->handleRequest(NULL, Object(Config\Cache), false)
#8 /Applications/XAMPP/xamppfiles/htdocs/ami/public/index.php(79): CodeIgniter\CodeIgniter->run()
#9 /Applications/XAMPP/xamppfiles/htdocs/ami/system/Commands/Server/rewrite.php(47): require_once('/Applications/X...')
#10 {main}
in SYSTEMPATH/Format/JSONFormatter.php on line 43.
 1 [internal function]: CodeIgniter\Debug\Exceptions->shutdownHandler()
INFO - 2024-04-27 23:18:32 --> Session: Class initialized using 'CodeIgniter\Session\Handlers\FileHandler' driver.
INFO - 2024-04-27 23:18:32 --> Session: Class initialized using 'CodeIgniter\Session\Handlers\FileHandler' driver.
ERROR - 2024-04-27 23:18:32 --> mysqli_sql_exception: Illegal mix of collations (utf8mb4_general_ci,IMPLICIT) and (utf8_general_ci,COERCIBLE) for operation '=' in /Applications/XAMPP/xamppfiles/htdocs/ami/system/Database/MySQLi/Connection.php:306
Stack trace:
#0 /Applications/XAMPP/xamppfiles/htdocs/ami/system/Database/MySQLi/Connection.php(306): mysqli->query('SELECT *\nFROM `...', 0)
#1 /Applications/XAMPP/xamppfiles/htdocs/ami/system/Database/BaseConnection.php(693): CodeIgniter\Database\MySQLi\Connection->execute('SELECT *\nFROM `...')
#2 /Applications/XAMPP/xamppfiles/htdocs/ami/system/Database/BaseConnection.php(607): CodeIgniter\Database\BaseConnection->simpleQuery('SELECT *\nFROM `...')
#3 /Applications/XAMPP/xamppfiles/htdocs/ami/system/Database/BaseBuilder.php(1615): CodeIgniter\Database\BaseConnection->query('SELECT *\nFROM `...', Array, false)
#4 /Applications/XAMPP/xamppfiles/htdocs/ami/system/Model.php(237): CodeIgniter\Database\BaseBuilder->get()
#5 /Applications/XAMPP/xamppfiles/htdocs/ami/system/BaseModel.php(624): CodeIgniter\Model->doFindAll(0, 0)
#6 /Applications/XAMPP/xamppfiles/htdocs/ami/app/Models/Admin/LanjutanModel.php(22): CodeIgniter\BaseModel->findAll()
#7 /Applications/XAMPP/xamppfiles/htdocs/ami/app/Controllers/AdminAreaAudit.php(482): App\Models\Admin\LanjutanModel->getAlllanjutan('j\xCB\x1E\xB6')
#8 /Applications/XAMPP/xamppfiles/htdocs/ami/system/CodeIgniter.php(942): App\Controllers\AdminAreaAudit->lanjutan('assets', 'vendors', 'chartjs', 'Chart.min.css')
#9 /Applications/XAMPP/xamppfiles/htdocs/ami/system/CodeIgniter.php(502): CodeIgniter\CodeIgniter->runController(Object(App\Controllers\AdminAreaAudit))
#10 /Applications/XAMPP/xamppfiles/htdocs/ami/system/CodeIgniter.php(361): CodeIgniter\CodeIgniter->handleRequest(NULL, Object(Config\Cache), false)
#11 /Applications/XAMPP/xamppfiles/htdocs/ami/public/index.php(79): CodeIgniter\CodeIgniter->run()
#12 /Applications/XAMPP/xamppfiles/htdocs/ami/system/Commands/Server/rewrite.php(47): require_once('/Applications/X...')
#13 {main}
CRITICAL - 2024-04-27 23:18:32 --> Illegal mix of collations (utf8mb4_general_ci,IMPLICIT) and (utf8_general_ci,COERCIBLE) for operation '='
in SYSTEMPATH/Database/BaseConnection.php on line 647.
 1 SYSTEMPATH/Database/BaseBuilder.php(1615): CodeIgniter\Database\BaseConnection->query('SELECT *
FROM `s_pertanyaan_lanjutan`
WHERE `s_p_isi_id` = :s_p_isi_id:
ORDER BY `urutan` ASC', [...], false)
 2 SYSTEMPATH/Model.php(237): CodeIgniter\Database\BaseBuilder->get()
 3 SYSTEMPATH/BaseModel.php(624): CodeIgniter\Model->doFindAll(0, 0)
 4 APPPATH/Models/Admin/LanjutanModel.php(22): CodeIgniter\BaseModel->findAll()
 5 APPPATH/Controllers/AdminAreaAudit.php(482): App\Models\Admin\LanjutanModel->getAlllanjutan('jÀ∂')
 6 SYSTEMPATH/CodeIgniter.php(942): App\Controllers\AdminAreaAudit->lanjutan('assets', 'vendors', 'chartjs', 'Chart.min.css')
 7 SYSTEMPATH/CodeIgniter.php(502): CodeIgniter\CodeIgniter->runController(Object(App\Controllers\AdminAreaAudit))
 8 SYSTEMPATH/CodeIgniter.php(361): CodeIgniter\CodeIgniter->handleRequest(null, Object(Config\Cache), false)
 9 FCPATH/index.php(79): CodeIgniter\CodeIgniter->run()
10 SYSTEMPATH/Commands/Server/rewrite.php(47): require_once('/Applications/XAMPP/xamppfiles/htdocs/ami/public/index.php')
CRITICAL - 2024-04-27 23:18:32 --> Uncaught CodeIgniter\Format\Exceptions\FormatException: Failed to parse JSON string. Error: Malformed UTF-8 characters, possibly incorrectly encoded in /Applications/XAMPP/xamppfiles/htdocs/ami/system/Format/JSONFormatter.php:43
Stack trace:
#0 /Applications/XAMPP/xamppfiles/htdocs/ami/system/Format/JSONFormatter.php(43): CodeIgniter\Format\Exceptions\FormatException::forInvalidJSON('Malformed UTF-8...')
#1 /Applications/XAMPP/xamppfiles/htdocs/ami/system/API/ResponseTrait.php(345): CodeIgniter\Format\JSONFormatter->format(Array)
#2 /Applications/XAMPP/xamppfiles/htdocs/ami/system/API/ResponseTrait.php(98): CodeIgniter\Debug\ExceptionHandler->format(Array)
#3 /Applications/XAMPP/xamppfiles/htdocs/ami/system/Debug/ExceptionHandler.php(81): CodeIgniter\Debug\ExceptionHandler->respond(Array, 500)
#4 /Applications/XAMPP/xamppfiles/htdocs/ami/system/Debug/Exceptions.php(149): CodeIgniter\Debug\ExceptionHandler->handle(Object(mysqli_sql_exception), Object(CodeIgniter\HTTP\IncomingRequest), Object(CodeIgniter\HTTP\Response), 500, 8)
#5 [internal function]: CodeIgniter\Debug\Exceptions->exceptionHandler(Object(mysqli_sql_exception))
#6 {main}
  thrown
„ÄêPrevious Exception„Äë
CodeIgniter\Database\Exceptions\DatabaseException
Illegal mix of collations (utf8mb4_general_ci,IMPLICIT) and (utf8_general_ci,COERCIBLE) for operation '='
#0 /Applications/XAMPP/xamppfiles/htdocs/ami/system/Database/BaseBuilder.php(1615): CodeIgniter\Database\BaseConnection->query('SELECT *\nFROM `...', Array, false)
#1 /Applications/XAMPP/xamppfiles/htdocs/ami/system/Model.php(237): CodeIgniter\Database\BaseBuilder->get()
#2 /Applications/XAMPP/xamppfiles/htdocs/ami/system/BaseModel.php(624): CodeIgniter\Model->doFindAll(0, 0)
#3 /Applications/XAMPP/xamppfiles/htdocs/ami/app/Models/Admin/LanjutanModel.php(22): CodeIgniter\BaseModel->findAll()
#4 /Applications/XAMPP/xamppfiles/htdocs/ami/app/Controllers/AdminAreaAudit.php(482): App\Models\Admin\LanjutanModel->getAlllanjutan('j\xCB\x1E\xB6')
#5 /Applications/XAMPP/xamppfiles/htdocs/ami/system/CodeIgniter.php(942): App\Controllers\AdminAreaAudit->lanjutan('assets', 'vendors', 'chartjs', 'Chart.min.css')
#6 /Applications/XAMPP/xamppfiles/htdocs/ami/system/CodeIgniter.php(502): CodeIgniter\CodeIgniter->runController(Object(App\Controllers\AdminAreaAudit))
#7 /Applications/XAMPP/xamppfiles/htdocs/ami/system/CodeIgniter.php(361): CodeIgniter\CodeIgniter->handleRequest(NULL, Object(Config\Cache), false)
#8 /Applications/XAMPP/xamppfiles/htdocs/ami/public/index.php(79): CodeIgniter\CodeIgniter->run()
#9 /Applications/XAMPP/xamppfiles/htdocs/ami/system/Commands/Server/rewrite.php(47): require_once('/Applications/X...')
#10 {main}
in SYSTEMPATH/Format/JSONFormatter.php on line 43.
 1 [internal function]: CodeIgniter\Debug\Exceptions->shutdownHandler()
INFO - 2024-04-27 23:18:33 --> Session: Class initialized using 'CodeIgniter\Session\Handlers\FileHandler' driver.
INFO - 2024-04-27 23:18:33 --> Session: Class initialized using 'CodeIgniter\Session\Handlers\FileHandler' driver.
ERROR - 2024-04-27 23:18:33 --> mysqli_sql_exception: Illegal mix of collations (utf8mb4_general_ci,IMPLICIT) and (utf8_general_ci,COERCIBLE) for operation '=' in /Applications/XAMPP/xamppfiles/htdocs/ami/system/Database/MySQLi/Connection.php:306
Stack trace:
#0 /Applications/XAMPP/xamppfiles/htdocs/ami/system/Database/MySQLi/Connection.php(306): mysqli->query('SELECT *\nFROM `...', 0)
#1 /Applications/XAMPP/xamppfiles/htdocs/ami/system/Database/BaseConnection.php(693): CodeIgniter\Database\MySQLi\Connection->execute('SELECT *\nFROM `...')
#2 /Applications/XAMPP/xamppfiles/htdocs/ami/system/Database/BaseConnection.php(607): CodeIgniter\Database\BaseConnection->simpleQuery('SELECT *\nFROM `...')
#3 /Applications/XAMPP/xamppfiles/htdocs/ami/system/Database/BaseBuilder.php(1615): CodeIgniter\Database\BaseConnection->query('SELECT *\nFROM `...', Array, false)
#4 /Applications/XAMPP/xamppfiles/htdocs/ami/system/Model.php(237): CodeIgniter\Database\BaseBuilder->get()
#5 /Applications/XAMPP/xamppfiles/htdocs/ami/system/BaseModel.php(624): CodeIgniter\Model->doFindAll(0, 0)
#6 /Applications/XAMPP/xamppfiles/htdocs/ami/app/Models/Admin/IsiModel.php(22): CodeIgniter\BaseModel->findAll()
#7 /Applications/XAMPP/xamppfiles/htdocs/ami/app/Controllers/AdminAreaAudit.php(333): App\Models\Admin\IsiModel->getAllisi('j\xCB\x1E\xB6')
#8 /Applications/XAMPP/xamppfiles/htdocs/ami/system/CodeIgniter.php(942): App\Controllers\AdminAreaAudit->isi('assets', 'vendors', 'chartjs', 'Chart.min.css')
#9 /Applications/XAMPP/xamppfiles/htdocs/ami/system/CodeIgniter.php(502): CodeIgniter\CodeIgniter->runController(Object(App\Controllers\AdminAreaAudit))
#10 /Applications/XAMPP/xamppfiles/htdocs/ami/system/CodeIgniter.php(361): CodeIgniter\CodeIgniter->handleRequest(NULL, Object(Config\Cache), false)
#11 /Applications/XAMPP/xamppfiles/htdocs/ami/public/index.php(79): CodeIgniter\CodeIgniter->run()
#12 /Applications/XAMPP/xamppfiles/htdocs/ami/system/Commands/Server/rewrite.php(47): require_once('/Applications/X...')
#13 {main}
CRITICAL - 2024-04-27 23:18:33 --> Illegal mix of collations (utf8mb4_general_ci,IMPLICIT) and (utf8_general_ci,COERCIBLE) for operation '='
in SYSTEMPATH/Database/BaseConnection.php on line 647.
 1 SYSTEMPATH/Database/BaseBuilder.php(1615): CodeIgniter\Database\BaseConnection->query('SELECT *
FROM `s_pertanyaan_isi`
WHERE `standar_id` = :standar_id:
ORDER BY `urutan` ASC', [...], false)
 2 SYSTEMPATH/Model.php(237): CodeIgniter\Database\BaseBuilder->get()
 3 SYSTEMPATH/BaseModel.php(624): CodeIgniter\Model->doFindAll(0, 0)
 4 APPPATH/Models/Admin/IsiModel.php(22): CodeIgniter\BaseModel->findAll()
 5 APPPATH/Controllers/AdminAreaAudit.php(333): App\Models\Admin\IsiModel->getAllisi('jÀ∂')
 6 SYSTEMPATH/CodeIgniter.php(942): App\Controllers\AdminAreaAudit->isi('assets', 'vendors', 'chartjs', 'Chart.min.css')
 7 SYSTEMPATH/CodeIgniter.php(502): CodeIgniter\CodeIgniter->runController(Object(App\Controllers\AdminAreaAudit))
 8 SYSTEMPATH/CodeIgniter.php(361): CodeIgniter\CodeIgniter->handleRequest(null, Object(Config\Cache), false)
 9 FCPATH/index.php(79): CodeIgniter\CodeIgniter->run()
10 SYSTEMPATH/Commands/Server/rewrite.php(47): require_once('/Applications/XAMPP/xamppfiles/htdocs/ami/public/index.php')
CRITICAL - 2024-04-27 23:18:33 --> Uncaught CodeIgniter\Format\Exceptions\FormatException: Failed to parse JSON string. Error: Malformed UTF-8 characters, possibly incorrectly encoded in /Applications/XAMPP/xamppfiles/htdocs/ami/system/Format/JSONFormatter.php:43
Stack trace:
#0 /Applications/XAMPP/xamppfiles/htdocs/ami/system/Format/JSONFormatter.php(43): CodeIgniter\Format\Exceptions\FormatException::forInvalidJSON('Malformed UTF-8...')
#1 /Applications/XAMPP/xamppfiles/htdocs/ami/system/API/ResponseTrait.php(345): CodeIgniter\Format\JSONFormatter->format(Array)
#2 /Applications/XAMPP/xamppfiles/htdocs/ami/system/API/ResponseTrait.php(98): CodeIgniter\Debug\ExceptionHandler->format(Array)
#3 /Applications/XAMPP/xamppfiles/htdocs/ami/system/Debug/ExceptionHandler.php(81): CodeIgniter\Debug\ExceptionHandler->respond(Array, 500)
#4 /Applications/XAMPP/xamppfiles/htdocs/ami/system/Debug/Exceptions.php(149): CodeIgniter\Debug\ExceptionHandler->handle(Object(mysqli_sql_exception), Object(CodeIgniter\HTTP\IncomingRequest), Object(CodeIgniter\HTTP\Response), 500, 8)
#5 [internal function]: CodeIgniter\Debug\Exceptions->exceptionHandler(Object(mysqli_sql_exception))
#6 {main}
  thrown
„ÄêPrevious Exception„Äë
CodeIgniter\Database\Exceptions\DatabaseException
Illegal mix of collations (utf8mb4_general_ci,IMPLICIT) and (utf8_general_ci,COERCIBLE) for operation '='
#0 /Applications/XAMPP/xamppfiles/htdocs/ami/system/Database/BaseBuilder.php(1615): CodeIgniter\Database\BaseConnection->query('SELECT *\nFROM `...', Array, false)
#1 /Applications/XAMPP/xamppfiles/htdocs/ami/system/Model.php(237): CodeIgniter\Database\BaseBuilder->get()
#2 /Applications/XAMPP/xamppfiles/htdocs/ami/system/BaseModel.php(624): CodeIgniter\Model->doFindAll(0, 0)
#3 /Applications/XAMPP/xamppfiles/htdocs/ami/app/Models/Admin/IsiModel.php(22): CodeIgniter\BaseModel->findAll()
#4 /Applications/XAMPP/xamppfiles/htdocs/ami/app/Controllers/AdminAreaAudit.php(333): App\Models\Admin\IsiModel->getAllisi('j\xCB\x1E\xB6')
#5 /Applications/XAMPP/xamppfiles/htdocs/ami/system/CodeIgniter.php(942): App\Controllers\AdminAreaAudit->isi('assets', 'vendors', 'chartjs', 'Chart.min.css')
#6 /Applications/XAMPP/xamppfiles/htdocs/ami/system/CodeIgniter.php(502): CodeIgniter\CodeIgniter->runController(Object(App\Controllers\AdminAreaAudit))
#7 /Applications/XAMPP/xamppfiles/htdocs/ami/system/CodeIgniter.php(361): CodeIgniter\CodeIgniter->handleRequest(NULL, Object(Config\Cache), false)
#8 /Applications/XAMPP/xamppfiles/htdocs/ami/public/index.php(79): CodeIgniter\CodeIgniter->run()
#9 /Applications/XAMPP/xamppfiles/htdocs/ami/system/Commands/Server/rewrite.php(47): require_once('/Applications/X...')
#10 {main}
in SYSTEMPATH/Format/JSONFormatter.php on line 43.
 1 [internal function]: CodeIgniter\Debug\Exceptions->shutdownHandler()
INFO - 2024-04-27 23:18:44 --> Session: Class initialized using 'CodeIgniter\Session\Handlers\FileHandler' driver.
INFO - 2024-04-27 23:18:44 --> Session: Class initialized using 'CodeIgniter\Session\Handlers\FileHandler' driver.
ERROR - 2024-04-27 23:18:44 --> mysqli_sql_exception: Illegal mix of collations (utf8mb4_general_ci,IMPLICIT) and (utf8_general_ci,COERCIBLE) for operation '=' in /Applications/XAMPP/xamppfiles/htdocs/ami/system/Database/MySQLi/Connection.php:306
Stack trace:
#0 /Applications/XAMPP/xamppfiles/htdocs/ami/system/Database/MySQLi/Connection.php(306): mysqli->query('SELECT `area_au...', 0)
#1 /Applications/XAMPP/xamppfiles/htdocs/ami/system/Database/BaseConnection.php(693): CodeIgniter\Database\MySQLi\Connection->execute('SELECT `area_au...')
#2 /Applications/XAMPP/xamppfiles/htdocs/ami/system/Database/BaseConnection.php(607): CodeIgniter\Database\BaseConnection->simpleQuery('SELECT `area_au...')
#3 /Applications/XAMPP/xamppfiles/htdocs/ami/system/Database/BaseBuilder.php(1615): CodeIgniter\Database\BaseConnection->query('SELECT `area_au...', Array, false)
#4 /Applications/XAMPP/xamppfiles/htdocs/ami/system/Model.php(871): CodeIgniter\Database\BaseBuilder->get()
#5 /Applications/XAMPP/xamppfiles/htdocs/ami/app/Models/Admin/StandarModel.php(47): CodeIgniter\Model->__call('get', Array)
#6 /Applications/XAMPP/xamppfiles/htdocs/ami/app/Controllers/AdminAreaAudit.php(348): App\Models\Admin\StandarModel->getStandarById('j\xCB\x1E\xB6')
#7 /Applications/XAMPP/xamppfiles/htdocs/ami/system/CodeIgniter.php(942): App\Controllers\AdminAreaAudit->addisi('assets', 'vendors', 'chartjs', 'Chart.min.css')
#8 /Applications/XAMPP/xamppfiles/htdocs/ami/system/CodeIgniter.php(502): CodeIgniter\CodeIgniter->runController(Object(App\Controllers\AdminAreaAudit))
#9 /Applications/XAMPP/xamppfiles/htdocs/ami/system/CodeIgniter.php(361): CodeIgniter\CodeIgniter->handleRequest(NULL, Object(Config\Cache), false)
#10 /Applications/XAMPP/xamppfiles/htdocs/ami/public/index.php(79): CodeIgniter\CodeIgniter->run()
#11 /Applications/XAMPP/xamppfiles/htdocs/ami/system/Commands/Server/rewrite.php(47): require_once('/Applications/X...')
#12 {main}
CRITICAL - 2024-04-27 23:18:44 --> Illegal mix of collations (utf8mb4_general_ci,IMPLICIT) and (utf8_general_ci,COERCIBLE) for operation '='
in SYSTEMPATH/Database/BaseConnection.php on line 647.
 1 SYSTEMPATH/Database/BaseBuilder.php(1615): CodeIgniter\Database\BaseConnection->query('SELECT `area_audit`.`area_audit`, `standar`.*
FROM `standar`
JOIN `area_audit` ON `standar`.`area_audit_id` = `area_audit`.`id`
WHERE `standar`.`id` = :standar.id:', [...], false)
 2 SYSTEMPATH/Model.php(871): CodeIgniter\Database\BaseBuilder->get()
 3 APPPATH/Models/Admin/StandarModel.php(47): CodeIgniter\Model->__call('get', [])
 4 APPPATH/Controllers/AdminAreaAudit.php(348): App\Models\Admin\StandarModel->getStandarById('jÀ∂')
 5 SYSTEMPATH/CodeIgniter.php(942): App\Controllers\AdminAreaAudit->addisi('assets', 'vendors', 'chartjs', 'Chart.min.css')
 6 SYSTEMPATH/CodeIgniter.php(502): CodeIgniter\CodeIgniter->runController(Object(App\Controllers\AdminAreaAudit))
 7 SYSTEMPATH/CodeIgniter.php(361): CodeIgniter\CodeIgniter->handleRequest(null, Object(Config\Cache), false)
 8 FCPATH/index.php(79): CodeIgniter\CodeIgniter->run()
 9 SYSTEMPATH/Commands/Server/rewrite.php(47): require_once('/Applications/XAMPP/xamppfiles/htdocs/ami/public/index.php')
CRITICAL - 2024-04-27 23:18:44 --> Uncaught CodeIgniter\Format\Exceptions\FormatException: Failed to parse JSON string. Error: Malformed UTF-8 characters, possibly incorrectly encoded in /Applications/XAMPP/xamppfiles/htdocs/ami/system/Format/JSONFormatter.php:43
Stack trace:
#0 /Applications/XAMPP/xamppfiles/htdocs/ami/system/Format/JSONFormatter.php(43): CodeIgniter\Format\Exceptions\FormatException::forInvalidJSON('Malformed UTF-8...')
#1 /Applications/XAMPP/xamppfiles/htdocs/ami/system/API/ResponseTrait.php(345): CodeIgniter\Format\JSONFormatter->format(Array)
#2 /Applications/XAMPP/xamppfiles/htdocs/ami/system/API/ResponseTrait.php(98): CodeIgniter\Debug\ExceptionHandler->format(Array)
#3 /Applications/XAMPP/xamppfiles/htdocs/ami/system/Debug/ExceptionHandler.php(81): CodeIgniter\Debug\ExceptionHandler->respond(Array, 500)
#4 /Applications/XAMPP/xamppfiles/htdocs/ami/system/Debug/Exceptions.php(149): CodeIgniter\Debug\ExceptionHandler->handle(Object(mysqli_sql_exception), Object(CodeIgniter\HTTP\IncomingRequest), Object(CodeIgniter\HTTP\Response), 500, 8)
#5 [internal function]: CodeIgniter\Debug\Exceptions->exceptionHandler(Object(mysqli_sql_exception))
#6 {main}
  thrown
„ÄêPrevious Exception„Äë
CodeIgniter\Database\Exceptions\DatabaseException
Illegal mix of collations (utf8mb4_general_ci,IMPLICIT) and (utf8_general_ci,COERCIBLE) for operation '='
#0 /Applications/XAMPP/xamppfiles/htdocs/ami/system/Database/BaseBuilder.php(1615): CodeIgniter\Database\BaseConnection->query('SELECT `area_au...', Array, false)
#1 /Applications/XAMPP/xamppfiles/htdocs/ami/system/Model.php(871): CodeIgniter\Database\BaseBuilder->get()
#2 /Applications/XAMPP/xamppfiles/htdocs/ami/app/Models/Admin/StandarModel.php(47): CodeIgniter\Model->__call('get', Array)
#3 /Applications/XAMPP/xamppfiles/htdocs/ami/app/Controllers/AdminAreaAudit.php(348): App\Models\Admin\StandarModel->getStandarById('j\xCB\x1E\xB6')
#4 /Applications/XAMPP/xamppfiles/htdocs/ami/system/CodeIgniter.php(942): App\Controllers\AdminAreaAudit->addisi('assets', 'vendors', 'chartjs', 'Chart.min.css')
#5 /Applications/XAMPP/xamppfiles/htdocs/ami/system/CodeIgniter.php(502): CodeIgniter\CodeIgniter->runController(Object(App\Controllers\AdminAreaAudit))
#6 /Applications/XAMPP/xamppfiles/htdocs/ami/system/CodeIgniter.php(361): CodeIgniter\CodeIgniter->handleRequest(NULL, Object(Config\Cache), false)
#7 /Applications/XAMPP/xamppfiles/htdocs/ami/public/index.php(79): CodeIgniter\CodeIgniter->run()
#8 /Applications/XAMPP/xamppfiles/htdocs/ami/system/Commands/Server/rewrite.php(47): require_once('/Applications/X...')
#9 {main}
in SYSTEMPATH/Format/JSONFormatter.php on line 43.
 1 [internal function]: CodeIgniter\Debug\Exceptions->shutdownHandler()
INFO - 2024-04-27 23:18:48 --> Session: Class initialized using 'CodeIgniter\Session\Handlers\FileHandler' driver.
INFO - 2024-04-27 23:18:48 --> Session: Class initialized using 'CodeIgniter\Session\Handlers\FileHandler' driver.
INFO - 2024-04-27 23:18:48 --> Session: Class initialized using 'CodeIgniter\Session\Handlers\FileHandler' driver.
ERROR - 2024-04-27 23:18:48 --> mysqli_sql_exception: Illegal mix of collations (utf8mb4_general_ci,IMPLICIT) and (utf8_general_ci,COERCIBLE) for operation '=' in /Applications/XAMPP/xamppfiles/htdocs/ami/system/Database/MySQLi/Connection.php:306
Stack trace:
#0 /Applications/XAMPP/xamppfiles/htdocs/ami/system/Database/MySQLi/Connection.php(306): mysqli->query('SELECT *\nFROM `...', 0)
#1 /Applications/XAMPP/xamppfiles/htdocs/ami/system/Database/BaseConnection.php(693): CodeIgniter\Database\MySQLi\Connection->execute('SELECT *\nFROM `...')
#2 /Applications/XAMPP/xamppfiles/htdocs/ami/system/Database/BaseConnection.php(607): CodeIgniter\Database\BaseConnection->simpleQuery('SELECT *\nFROM `...')
#3 /Applications/XAMPP/xamppfiles/htdocs/ami/system/Database/BaseBuilder.php(1615): CodeIgniter\Database\BaseConnection->query('SELECT *\nFROM `...', Array, false)
#4 /Applications/XAMPP/xamppfiles/htdocs/ami/system/Model.php(237): CodeIgniter\Database\BaseBuilder->get()
#5 /Applications/XAMPP/xamppfiles/htdocs/ami/system/BaseModel.php(624): CodeIgniter\Model->doFindAll(0, 0)
#6 /Applications/XAMPP/xamppfiles/htdocs/ami/app/Models/Admin/IsiModel.php(22): CodeIgniter\BaseModel->findAll()
#7 /Applications/XAMPP/xamppfiles/htdocs/ami/app/Controllers/AdminAreaAudit.php(333): App\Models\Admin\IsiModel->getAllisi('j\xCB\x1E\xB6')
#8 /Applications/XAMPP/xamppfiles/htdocs/ami/system/CodeIgniter.php(942): App\Controllers\AdminAreaAudit->isi('assets', 'vendors', 'chartjs', 'Chart.min.css')
#9 /Applications/XAMPP/xamppfiles/htdocs/ami/system/CodeIgniter.php(502): CodeIgniter\CodeIgniter->runController(Object(App\Controllers\AdminAreaAudit))
#10 /Applications/XAMPP/xamppfiles/htdocs/ami/system/CodeIgniter.php(361): CodeIgniter\CodeIgniter->handleRequest(NULL, Object(Config\Cache), false)
#11 /Applications/XAMPP/xamppfiles/htdocs/ami/public/index.php(79): CodeIgniter\CodeIgniter->run()
#12 /Applications/XAMPP/xamppfiles/htdocs/ami/system/Commands/Server/rewrite.php(47): require_once('/Applications/X...')
#13 {main}
CRITICAL - 2024-04-27 23:18:48 --> Illegal mix of collations (utf8mb4_general_ci,IMPLICIT) and (utf8_general_ci,COERCIBLE) for operation '='
in SYSTEMPATH/Database/BaseConnection.php on line 647.
 1 SYSTEMPATH/Database/BaseBuilder.php(1615): CodeIgniter\Database\BaseConnection->query('SELECT *
FROM `s_pertanyaan_isi`
WHERE `standar_id` = :standar_id:
ORDER BY `urutan` ASC', [...], false)
 2 SYSTEMPATH/Model.php(237): CodeIgniter\Database\BaseBuilder->get()
 3 SYSTEMPATH/BaseModel.php(624): CodeIgniter\Model->doFindAll(0, 0)
 4 APPPATH/Models/Admin/IsiModel.php(22): CodeIgniter\BaseModel->findAll()
 5 APPPATH/Controllers/AdminAreaAudit.php(333): App\Models\Admin\IsiModel->getAllisi('jÀ∂')
 6 SYSTEMPATH/CodeIgniter.php(942): App\Controllers\AdminAreaAudit->isi('assets', 'vendors', 'chartjs', 'Chart.min.css')
 7 SYSTEMPATH/CodeIgniter.php(502): CodeIgniter\CodeIgniter->runController(Object(App\Controllers\AdminAreaAudit))
 8 SYSTEMPATH/CodeIgniter.php(361): CodeIgniter\CodeIgniter->handleRequest(null, Object(Config\Cache), false)
 9 FCPATH/index.php(79): CodeIgniter\CodeIgniter->run()
10 SYSTEMPATH/Commands/Server/rewrite.php(47): require_once('/Applications/XAMPP/xamppfiles/htdocs/ami/public/index.php')
CRITICAL - 2024-04-27 23:18:48 --> Uncaught CodeIgniter\Format\Exceptions\FormatException: Failed to parse JSON string. Error: Malformed UTF-8 characters, possibly incorrectly encoded in /Applications/XAMPP/xamppfiles/htdocs/ami/system/Format/JSONFormatter.php:43
Stack trace:
#0 /Applications/XAMPP/xamppfiles/htdocs/ami/system/Format/JSONFormatter.php(43): CodeIgniter\Format\Exceptions\FormatException::forInvalidJSON('Malformed UTF-8...')
#1 /Applications/XAMPP/xamppfiles/htdocs/ami/system/API/ResponseTrait.php(345): CodeIgniter\Format\JSONFormatter->format(Array)
#2 /Applications/XAMPP/xamppfiles/htdocs/ami/system/API/ResponseTrait.php(98): CodeIgniter\Debug\ExceptionHandler->format(Array)
#3 /Applications/XAMPP/xamppfiles/htdocs/ami/system/Debug/ExceptionHandler.php(81): CodeIgniter\Debug\ExceptionHandler->respond(Array, 500)
#4 /Applications/XAMPP/xamppfiles/htdocs/ami/system/Debug/Exceptions.php(149): CodeIgniter\Debug\ExceptionHandler->handle(Object(mysqli_sql_exception), Object(CodeIgniter\HTTP\IncomingRequest), Object(CodeIgniter\HTTP\Response), 500, 8)
#5 [internal function]: CodeIgniter\Debug\Exceptions->exceptionHandler(Object(mysqli_sql_exception))
#6 {main}
  thrown
„ÄêPrevious Exception„Äë
CodeIgniter\Database\Exceptions\DatabaseException
Illegal mix of collations (utf8mb4_general_ci,IMPLICIT) and (utf8_general_ci,COERCIBLE) for operation '='
#0 /Applications/XAMPP/xamppfiles/htdocs/ami/system/Database/BaseBuilder.php(1615): CodeIgniter\Database\BaseConnection->query('SELECT *\nFROM `...', Array, false)
#1 /Applications/XAMPP/xamppfiles/htdocs/ami/system/Model.php(237): CodeIgniter\Database\BaseBuilder->get()
#2 /Applications/XAMPP/xamppfiles/htdocs/ami/system/BaseModel.php(624): CodeIgniter\Model->doFindAll(0, 0)
#3 /Applications/XAMPP/xamppfiles/htdocs/ami/app/Models/Admin/IsiModel.php(22): CodeIgniter\BaseModel->findAll()
#4 /Applications/XAMPP/xamppfiles/htdocs/ami/app/Controllers/AdminAreaAudit.php(333): App\Models\Admin\IsiModel->getAllisi('j\xCB\x1E\xB6')
#5 /Applications/XAMPP/xamppfiles/htdocs/ami/system/CodeIgniter.php(942): App\Controllers\AdminAreaAudit->isi('assets', 'vendors', 'chartjs', 'Chart.min.css')
#6 /Applications/XAMPP/xamppfiles/htdocs/ami/system/CodeIgniter.php(502): CodeIgniter\CodeIgniter->runController(Object(App\Controllers\AdminAreaAudit))
#7 /Applications/XAMPP/xamppfiles/htdocs/ami/system/CodeIgniter.php(361): CodeIgniter\CodeIgniter->handleRequest(NULL, Object(Config\Cache), false)
#8 /Applications/XAMPP/xamppfiles/htdocs/ami/public/index.php(79): CodeIgniter\CodeIgniter->run()
#9 /Applications/XAMPP/xamppfiles/htdocs/ami/system/Commands/Server/rewrite.php(47): require_once('/Applications/X...')
#10 {main}
in SYSTEMPATH/Format/JSONFormatter.php on line 43.
 1 [internal function]: CodeIgniter\Debug\Exceptions->shutdownHandler()
INFO - 2024-04-27 23:18:49 --> Session: Class initialized using 'CodeIgniter\Session\Handlers\FileHandler' driver.
INFO - 2024-04-27 23:18:50 --> Session: Class initialized using 'CodeIgniter\Session\Handlers\FileHandler' driver.
ERROR - 2024-04-27 23:18:50 --> mysqli_sql_exception: Illegal mix of collations (utf8mb4_general_ci,IMPLICIT) and (utf8_general_ci,COERCIBLE) for operation '=' in /Applications/XAMPP/xamppfiles/htdocs/ami/system/Database/MySQLi/Connection.php:306
Stack trace:
#0 /Applications/XAMPP/xamppfiles/htdocs/ami/system/Database/MySQLi/Connection.php(306): mysqli->query('SELECT *\nFROM `...', 0)
#1 /Applications/XAMPP/xamppfiles/htdocs/ami/system/Database/BaseConnection.php(693): CodeIgniter\Database\MySQLi\Connection->execute('SELECT *\nFROM `...')
#2 /Applications/XAMPP/xamppfiles/htdocs/ami/system/Database/BaseConnection.php(607): CodeIgniter\Database\BaseConnection->simpleQuery('SELECT *\nFROM `...')
#3 /Applications/XAMPP/xamppfiles/htdocs/ami/system/Database/BaseBuilder.php(1615): CodeIgniter\Database\BaseConnection->query('SELECT *\nFROM `...', Array, false)
#4 /Applications/XAMPP/xamppfiles/htdocs/ami/system/Model.php(237): CodeIgniter\Database\BaseBuilder->get()
#5 /Applications/XAMPP/xamppfiles/htdocs/ami/system/BaseModel.php(624): CodeIgniter\Model->doFindAll(0, 0)
#6 /Applications/XAMPP/xamppfiles/htdocs/ami/app/Models/Admin/LanjutanModel.php(22): CodeIgniter\BaseModel->findAll()
#7 /Applications/XAMPP/xamppfiles/htdocs/ami/app/Controllers/AdminAreaAudit.php(482): App\Models\Admin\LanjutanModel->getAlllanjutan('j\xCB\x1E\xB6')
#8 /Applications/XAMPP/xamppfiles/htdocs/ami/system/CodeIgniter.php(942): App\Controllers\AdminAreaAudit->lanjutan('assets', 'vendors', 'chartjs', 'Chart.min.css')
#9 /Applications/XAMPP/xamppfiles/htdocs/ami/system/CodeIgniter.php(502): CodeIgniter\CodeIgniter->runController(Object(App\Controllers\AdminAreaAudit))
#10 /Applications/XAMPP/xamppfiles/htdocs/ami/system/CodeIgniter.php(361): CodeIgniter\CodeIgniter->handleRequest(NULL, Object(Config\Cache), false)
#11 /Applications/XAMPP/xamppfiles/htdocs/ami/public/index.php(79): CodeIgniter\CodeIgniter->run()
#12 /Applications/XAMPP/xamppfiles/htdocs/ami/system/Commands/Server/rewrite.php(47): require_once('/Applications/X...')
#13 {main}
CRITICAL - 2024-04-27 23:18:50 --> Illegal mix of collations (utf8mb4_general_ci,IMPLICIT) and (utf8_general_ci,COERCIBLE) for operation '='
in SYSTEMPATH/Database/BaseConnection.php on line 647.
 1 SYSTEMPATH/Database/BaseBuilder.php(1615): CodeIgniter\Database\BaseConnection->query('SELECT *
FROM `s_pertanyaan_lanjutan`
WHERE `s_p_isi_id` = :s_p_isi_id:
ORDER BY `urutan` ASC', [...], false)
 2 SYSTEMPATH/Model.php(237): CodeIgniter\Database\BaseBuilder->get()
 3 SYSTEMPATH/BaseModel.php(624): CodeIgniter\Model->doFindAll(0, 0)
 4 APPPATH/Models/Admin/LanjutanModel.php(22): CodeIgniter\BaseModel->findAll()
 5 APPPATH/Controllers/AdminAreaAudit.php(482): App\Models\Admin\LanjutanModel->getAlllanjutan('jÀ∂')
 6 SYSTEMPATH/CodeIgniter.php(942): App\Controllers\AdminAreaAudit->lanjutan('assets', 'vendors', 'chartjs', 'Chart.min.css')
 7 SYSTEMPATH/CodeIgniter.php(502): CodeIgniter\CodeIgniter->runController(Object(App\Controllers\AdminAreaAudit))
 8 SYSTEMPATH/CodeIgniter.php(361): CodeIgniter\CodeIgniter->handleRequest(null, Object(Config\Cache), false)
 9 FCPATH/index.php(79): CodeIgniter\CodeIgniter->run()
10 SYSTEMPATH/Commands/Server/rewrite.php(47): require_once('/Applications/XAMPP/xamppfiles/htdocs/ami/public/index.php')
CRITICAL - 2024-04-27 23:18:50 --> Uncaught CodeIgniter\Format\Exceptions\FormatException: Failed to parse JSON string. Error: Malformed UTF-8 characters, possibly incorrectly encoded in /Applications/XAMPP/xamppfiles/htdocs/ami/system/Format/JSONFormatter.php:43
Stack trace:
#0 /Applications/XAMPP/xamppfiles/htdocs/ami/system/Format/JSONFormatter.php(43): CodeIgniter\Format\Exceptions\FormatException::forInvalidJSON('Malformed UTF-8...')
#1 /Applications/XAMPP/xamppfiles/htdocs/ami/system/API/ResponseTrait.php(345): CodeIgniter\Format\JSONFormatter->format(Array)
#2 /Applications/XAMPP/xamppfiles/htdocs/ami/system/API/ResponseTrait.php(98): CodeIgniter\Debug\ExceptionHandler->format(Array)
#3 /Applications/XAMPP/xamppfiles/htdocs/ami/system/Debug/ExceptionHandler.php(81): CodeIgniter\Debug\ExceptionHandler->respond(Array, 500)
#4 /Applications/XAMPP/xamppfiles/htdocs/ami/system/Debug/Exceptions.php(149): CodeIgniter\Debug\ExceptionHandler->handle(Object(mysqli_sql_exception), Object(CodeIgniter\HTTP\IncomingRequest), Object(CodeIgniter\HTTP\Response), 500, 8)
#5 [internal function]: CodeIgniter\Debug\Exceptions->exceptionHandler(Object(mysqli_sql_exception))
#6 {main}
  thrown
„ÄêPrevious Exception„Äë
CodeIgniter\Database\Exceptions\DatabaseException
Illegal mix of collations (utf8mb4_general_ci,IMPLICIT) and (utf8_general_ci,COERCIBLE) for operation '='
#0 /Applications/XAMPP/xamppfiles/htdocs/ami/system/Database/BaseBuilder.php(1615): CodeIgniter\Database\BaseConnection->query('SELECT *\nFROM `...', Array, false)
#1 /Applications/XAMPP/xamppfiles/htdocs/ami/system/Model.php(237): CodeIgniter\Database\BaseBuilder->get()
#2 /Applications/XAMPP/xamppfiles/htdocs/ami/system/BaseModel.php(624): CodeIgniter\Model->doFindAll(0, 0)
#3 /Applications/XAMPP/xamppfiles/htdocs/ami/app/Models/Admin/LanjutanModel.php(22): CodeIgniter\BaseModel->findAll()
#4 /Applications/XAMPP/xamppfiles/htdocs/ami/app/Controllers/AdminAreaAudit.php(482): App\Models\Admin\LanjutanModel->getAlllanjutan('j\xCB\x1E\xB6')
#5 /Applications/XAMPP/xamppfiles/htdocs/ami/system/CodeIgniter.php(942): App\Controllers\AdminAreaAudit->lanjutan('assets', 'vendors', 'chartjs', 'Chart.min.css')
#6 /Applications/XAMPP/xamppfiles/htdocs/ami/system/CodeIgniter.php(502): CodeIgniter\CodeIgniter->runController(Object(App\Controllers\AdminAreaAudit))
#7 /Applications/XAMPP/xamppfiles/htdocs/ami/system/CodeIgniter.php(361): CodeIgniter\CodeIgniter->handleRequest(NULL, Object(Config\Cache), false)
#8 /Applications/XAMPP/xamppfiles/htdocs/ami/public/index.php(79): CodeIgniter\CodeIgniter->run()
#9 /Applications/XAMPP/xamppfiles/htdocs/ami/system/Commands/Server/rewrite.php(47): require_once('/Applications/X...')
#10 {main}
in SYSTEMPATH/Format/JSONFormatter.php on line 43.
 1 [internal function]: CodeIgniter\Debug\Exceptions->shutdownHandler()
INFO - 2024-04-27 23:18:57 --> Session: Class initialized using 'CodeIgniter\Session\Handlers\FileHandler' driver.
INFO - 2024-04-27 23:18:57 --> Session: Class initialized using 'CodeIgniter\Session\Handlers\FileHandler' driver.
ERROR - 2024-04-27 23:18:57 --> mysqli_sql_exception: Illegal mix of collations (utf8mb4_general_ci,IMPLICIT) and (utf8_general_ci,COERCIBLE) for operation '=' in /Applications/XAMPP/xamppfiles/htdocs/ami/system/Database/MySQLi/Connection.php:306
Stack trace:
#0 /Applications/XAMPP/xamppfiles/htdocs/ami/system/Database/MySQLi/Connection.php(306): mysqli->query('SELECT `standar...', 0)
#1 /Applications/XAMPP/xamppfiles/htdocs/ami/system/Database/BaseConnection.php(693): CodeIgniter\Database\MySQLi\Connection->execute('SELECT `standar...')
#2 /Applications/XAMPP/xamppfiles/htdocs/ami/system/Database/BaseConnection.php(607): CodeIgniter\Database\BaseConnection->simpleQuery('SELECT `standar...')
#3 /Applications/XAMPP/xamppfiles/htdocs/ami/system/Database/BaseBuilder.php(1615): CodeIgniter\Database\BaseConnection->query('SELECT `standar...', Array, false)
#4 /Applications/XAMPP/xamppfiles/htdocs/ami/system/Model.php(871): CodeIgniter\Database\BaseBuilder->get()
#5 /Applications/XAMPP/xamppfiles/htdocs/ami/app/Models/Admin/IsiModel.php(49): CodeIgniter\Model->__call('get', Array)
#6 /Applications/XAMPP/xamppfiles/htdocs/ami/app/Controllers/AdminAreaAudit.php(498): App\Models\Admin\IsiModel->getisiById('j\xCB\x1E\xB6')
#7 /Applications/XAMPP/xamppfiles/htdocs/ami/system/CodeIgniter.php(942): App\Controllers\AdminAreaAudit->addlanjutan('assets', 'vendors', 'chartjs', 'Chart.min.css')
#8 /Applications/XAMPP/xamppfiles/htdocs/ami/system/CodeIgniter.php(502): CodeIgniter\CodeIgniter->runController(Object(App\Controllers\AdminAreaAudit))
#9 /Applications/XAMPP/xamppfiles/htdocs/ami/system/CodeIgniter.php(361): CodeIgniter\CodeIgniter->handleRequest(NULL, Object(Config\Cache), false)
#10 /Applications/XAMPP/xamppfiles/htdocs/ami/public/index.php(79): CodeIgniter\CodeIgniter->run()
#11 /Applications/XAMPP/xamppfiles/htdocs/ami/system/Commands/Server/rewrite.php(47): require_once('/Applications/X...')
#12 {main}
CRITICAL - 2024-04-27 23:18:57 --> Illegal mix of collations (utf8mb4_general_ci,IMPLICIT) and (utf8_general_ci,COERCIBLE) for operation '='
in SYSTEMPATH/Database/BaseConnection.php on line 647.
 1 SYSTEMPATH/Database/BaseBuilder.php(1615): CodeIgniter\Database\BaseConnection->query('SELECT `standar`.`standar`, `s_pertanyaan_isi`.*
FROM `s_pertanyaan_isi`
JOIN `standar` ON `s_pertanyaan_isi`.`standar_id` = `standar`.`id`
WHERE `s_pertanyaan_isi`.`id` = :s_pertanyaan_isi.id:', [...], false)
 2 SYSTEMPATH/Model.php(871): CodeIgniter\Database\BaseBuilder->get()
 3 APPPATH/Models/Admin/IsiModel.php(49): CodeIgniter\Model->__call('get', [])
 4 APPPATH/Controllers/AdminAreaAudit.php(498): App\Models\Admin\IsiModel->getisiById('jÀ∂')
 5 SYSTEMPATH/CodeIgniter.php(942): App\Controllers\AdminAreaAudit->addlanjutan('assets', 'vendors', 'chartjs', 'Chart.min.css')
 6 SYSTEMPATH/CodeIgniter.php(502): CodeIgniter\CodeIgniter->runController(Object(App\Controllers\AdminAreaAudit))
 7 SYSTEMPATH/CodeIgniter.php(361): CodeIgniter\CodeIgniter->handleRequest(null, Object(Config\Cache), false)
 8 FCPATH/index.php(79): CodeIgniter\CodeIgniter->run()
 9 SYSTEMPATH/Commands/Server/rewrite.php(47): require_once('/Applications/XAMPP/xamppfiles/htdocs/ami/public/index.php')
CRITICAL - 2024-04-27 23:18:57 --> Uncaught CodeIgniter\Format\Exceptions\FormatException: Failed to parse JSON string. Error: Malformed UTF-8 characters, possibly incorrectly encoded in /Applications/XAMPP/xamppfiles/htdocs/ami/system/Format/JSONFormatter.php:43
Stack trace:
#0 /Applications/XAMPP/xamppfiles/htdocs/ami/system/Format/JSONFormatter.php(43): CodeIgniter\Format\Exceptions\FormatException::forInvalidJSON('Malformed UTF-8...')
#1 /Applications/XAMPP/xamppfiles/htdocs/ami/system/API/ResponseTrait.php(345): CodeIgniter\Format\JSONFormatter->format(Array)
#2 /Applications/XAMPP/xamppfiles/htdocs/ami/system/API/ResponseTrait.php(98): CodeIgniter\Debug\ExceptionHandler->format(Array)
#3 /Applications/XAMPP/xamppfiles/htdocs/ami/system/Debug/ExceptionHandler.php(81): CodeIgniter\Debug\ExceptionHandler->respond(Array, 500)
#4 /Applications/XAMPP/xamppfiles/htdocs/ami/system/Debug/Exceptions.php(149): CodeIgniter\Debug\ExceptionHandler->handle(Object(mysqli_sql_exception), Object(CodeIgniter\HTTP\IncomingRequest), Object(CodeIgniter\HTTP\Response), 500, 8)
#5 [internal function]: CodeIgniter\Debug\Exceptions->exceptionHandler(Object(mysqli_sql_exception))
#6 {main}
  thrown
„ÄêPrevious Exception„Äë
CodeIgniter\Database\Exceptions\DatabaseException
Illegal mix of collations (utf8mb4_general_ci,IMPLICIT) and (utf8_general_ci,COERCIBLE) for operation '='
#0 /Applications/XAMPP/xamppfiles/htdocs/ami/system/Database/BaseBuilder.php(1615): CodeIgniter\Database\BaseConnection->query('SELECT `standar...', Array, false)
#1 /Applications/XAMPP/xamppfiles/htdocs/ami/system/Model.php(871): CodeIgniter\Database\BaseBuilder->get()
#2 /Applications/XAMPP/xamppfiles/htdocs/ami/app/Models/Admin/IsiModel.php(49): CodeIgniter\Model->__call('get', Array)
#3 /Applications/XAMPP/xamppfiles/htdocs/ami/app/Controllers/AdminAreaAudit.php(498): App\Models\Admin\IsiModel->getisiById('j\xCB\x1E\xB6')
#4 /Applications/XAMPP/xamppfiles/htdocs/ami/system/CodeIgniter.php(942): App\Controllers\AdminAreaAudit->addlanjutan('assets', 'vendors', 'chartjs', 'Chart.min.css')
#5 /Applications/XAMPP/xamppfiles/htdocs/ami/system/CodeIgniter.php(502): CodeIgniter\CodeIgniter->runController(Object(App\Controllers\AdminAreaAudit))
#6 /Applications/XAMPP/xamppfiles/htdocs/ami/system/CodeIgniter.php(361): CodeIgniter\CodeIgniter->handleRequest(NULL, Object(Config\Cache), false)
#7 /Applications/XAMPP/xamppfiles/htdocs/ami/public/index.php(79): CodeIgniter\CodeIgniter->run()
#8 /Applications/XAMPP/xamppfiles/htdocs/ami/system/Commands/Server/rewrite.php(47): require_once('/Applications/X...')
#9 {main}
in SYSTEMPATH/Format/JSONFormatter.php on line 43.
 1 [internal function]: CodeIgniter\Debug\Exceptions->shutdownHandler()
INFO - 2024-04-27 23:19:01 --> Session: Class initialized using 'CodeIgniter\Session\Handlers\FileHandler' driver.
INFO - 2024-04-27 23:19:01 --> Session: Class initialized using 'CodeIgniter\Session\Handlers\FileHandler' driver.
INFO - 2024-04-27 23:19:01 --> Session: Class initialized using 'CodeIgniter\Session\Handlers\FileHandler' driver.
ERROR - 2024-04-27 23:19:01 --> mysqli_sql_exception: Illegal mix of collations (utf8mb4_general_ci,IMPLICIT) and (utf8_general_ci,COERCIBLE) for operation '=' in /Applications/XAMPP/xamppfiles/htdocs/ami/system/Database/MySQLi/Connection.php:306
Stack trace:
#0 /Applications/XAMPP/xamppfiles/htdocs/ami/system/Database/MySQLi/Connection.php(306): mysqli->query('SELECT *\nFROM `...', 0)
#1 /Applications/XAMPP/xamppfiles/htdocs/ami/system/Database/BaseConnection.php(693): CodeIgniter\Database\MySQLi\Connection->execute('SELECT *\nFROM `...')
#2 /Applications/XAMPP/xamppfiles/htdocs/ami/system/Database/BaseConnection.php(607): CodeIgniter\Database\BaseConnection->simpleQuery('SELECT *\nFROM `...')
#3 /Applications/XAMPP/xamppfiles/htdocs/ami/system/Database/BaseBuilder.php(1615): CodeIgniter\Database\BaseConnection->query('SELECT *\nFROM `...', Array, false)
#4 /Applications/XAMPP/xamppfiles/htdocs/ami/system/Model.php(237): CodeIgniter\Database\BaseBuilder->get()
#5 /Applications/XAMPP/xamppfiles/htdocs/ami/system/BaseModel.php(624): CodeIgniter\Model->doFindAll(0, 0)
#6 /Applications/XAMPP/xamppfiles/htdocs/ami/app/Models/Admin/LanjutanModel.php(22): CodeIgniter\BaseModel->findAll()
#7 /Applications/XAMPP/xamppfiles/htdocs/ami/app/Controllers/AdminAreaAudit.php(482): App\Models\Admin\LanjutanModel->getAlllanjutan('j\xCB\x1E\xB6')
#8 /Applications/XAMPP/xamppfiles/htdocs/ami/system/CodeIgniter.php(942): App\Controllers\AdminAreaAudit->lanjutan('assets', 'vendors', 'chartjs', 'Chart.min.css')
#9 /Applications/XAMPP/xamppfiles/htdocs/ami/system/CodeIgniter.php(502): CodeIgniter\CodeIgniter->runController(Object(App\Controllers\AdminAreaAudit))
#10 /Applications/XAMPP/xamppfiles/htdocs/ami/system/CodeIgniter.php(361): CodeIgniter\CodeIgniter->handleRequest(NULL, Object(Config\Cache), false)
#11 /Applications/XAMPP/xamppfiles/htdocs/ami/public/index.php(79): CodeIgniter\CodeIgniter->run()
#12 /Applications/XAMPP/xamppfiles/htdocs/ami/system/Commands/Server/rewrite.php(47): require_once('/Applications/X...')
#13 {main}
CRITICAL - 2024-04-27 23:19:01 --> Illegal mix of collations (utf8mb4_general_ci,IMPLICIT) and (utf8_general_ci,COERCIBLE) for operation '='
in SYSTEMPATH/Database/BaseConnection.php on line 647.
 1 SYSTEMPATH/Database/BaseBuilder.php(1615): CodeIgniter\Database\BaseConnection->query('SELECT *
FROM `s_pertanyaan_lanjutan`
WHERE `s_p_isi_id` = :s_p_isi_id:
ORDER BY `urutan` ASC', [...], false)
 2 SYSTEMPATH/Model.php(237): CodeIgniter\Database\BaseBuilder->get()
 3 SYSTEMPATH/BaseModel.php(624): CodeIgniter\Model->doFindAll(0, 0)
 4 APPPATH/Models/Admin/LanjutanModel.php(22): CodeIgniter\BaseModel->findAll()
 5 APPPATH/Controllers/AdminAreaAudit.php(482): App\Models\Admin\LanjutanModel->getAlllanjutan('jÀ∂')
 6 SYSTEMPATH/CodeIgniter.php(942): App\Controllers\AdminAreaAudit->lanjutan('assets', 'vendors', 'chartjs', 'Chart.min.css')
 7 SYSTEMPATH/CodeIgniter.php(502): CodeIgniter\CodeIgniter->runController(Object(App\Controllers\AdminAreaAudit))
 8 SYSTEMPATH/CodeIgniter.php(361): CodeIgniter\CodeIgniter->handleRequest(null, Object(Config\Cache), false)
 9 FCPATH/index.php(79): CodeIgniter\CodeIgniter->run()
10 SYSTEMPATH/Commands/Server/rewrite.php(47): require_once('/Applications/XAMPP/xamppfiles/htdocs/ami/public/index.php')
CRITICAL - 2024-04-27 23:19:01 --> Uncaught CodeIgniter\Format\Exceptions\FormatException: Failed to parse JSON string. Error: Malformed UTF-8 characters, possibly incorrectly encoded in /Applications/XAMPP/xamppfiles/htdocs/ami/system/Format/JSONFormatter.php:43
Stack trace:
#0 /Applications/XAMPP/xamppfiles/htdocs/ami/system/Format/JSONFormatter.php(43): CodeIgniter\Format\Exceptions\FormatException::forInvalidJSON('Malformed UTF-8...')
#1 /Applications/XAMPP/xamppfiles/htdocs/ami/system/API/ResponseTrait.php(345): CodeIgniter\Format\JSONFormatter->format(Array)
#2 /Applications/XAMPP/xamppfiles/htdocs/ami/system/API/ResponseTrait.php(98): CodeIgniter\Debug\ExceptionHandler->format(Array)
#3 /Applications/XAMPP/xamppfiles/htdocs/ami/system/Debug/ExceptionHandler.php(81): CodeIgniter\Debug\ExceptionHandler->respond(Array, 500)
#4 /Applications/XAMPP/xamppfiles/htdocs/ami/system/Debug/Exceptions.php(149): CodeIgniter\Debug\ExceptionHandler->handle(Object(mysqli_sql_exception), Object(CodeIgniter\HTTP\IncomingRequest), Object(CodeIgniter\HTTP\Response), 500, 8)
#5 [internal function]: CodeIgniter\Debug\Exceptions->exceptionHandler(Object(mysqli_sql_exception))
#6 {main}
  thrown
„ÄêPrevious Exception„Äë
CodeIgniter\Database\Exceptions\DatabaseException
Illegal mix of collations (utf8mb4_general_ci,IMPLICIT) and (utf8_general_ci,COERCIBLE) for operation '='
#0 /Applications/XAMPP/xamppfiles/htdocs/ami/system/Database/BaseBuilder.php(1615): CodeIgniter\Database\BaseConnection->query('SELECT *\nFROM `...', Array, false)
#1 /Applications/XAMPP/xamppfiles/htdocs/ami/system/Model.php(237): CodeIgniter\Database\BaseBuilder->get()
#2 /Applications/XAMPP/xamppfiles/htdocs/ami/system/BaseModel.php(624): CodeIgniter\Model->doFindAll(0, 0)
#3 /Applications/XAMPP/xamppfiles/htdocs/ami/app/Models/Admin/LanjutanModel.php(22): CodeIgniter\BaseModel->findAll()
#4 /Applications/XAMPP/xamppfiles/htdocs/ami/app/Controllers/AdminAreaAudit.php(482): App\Models\Admin\LanjutanModel->getAlllanjutan('j\xCB\x1E\xB6')
#5 /Applications/XAMPP/xamppfiles/htdocs/ami/system/CodeIgniter.php(942): App\Controllers\AdminAreaAudit->lanjutan('assets', 'vendors', 'chartjs', 'Chart.min.css')
#6 /Applications/XAMPP/xamppfiles/htdocs/ami/system/CodeIgniter.php(502): CodeIgniter\CodeIgniter->runController(Object(App\Controllers\AdminAreaAudit))
#7 /Applications/XAMPP/xamppfiles/htdocs/ami/system/CodeIgniter.php(361): CodeIgniter\CodeIgniter->handleRequest(NULL, Object(Config\Cache), false)
#8 /Applications/XAMPP/xamppfiles/htdocs/ami/public/index.php(79): CodeIgniter\CodeIgniter->run()
#9 /Applications/XAMPP/xamppfiles/htdocs/ami/system/Commands/Server/rewrite.php(47): require_once('/Applications/X...')
#10 {main}
in SYSTEMPATH/Format/JSONFormatter.php on line 43.
 1 [internal function]: CodeIgniter\Debug\Exceptions->shutdownHandler()
INFO - 2024-04-27 23:19:03 --> Session: Class initialized using 'CodeIgniter\Session\Handlers\FileHandler' driver.
INFO - 2024-04-27 23:19:03 --> Session: Class initialized using 'CodeIgniter\Session\Handlers\FileHandler' driver.
ERROR - 2024-04-27 23:19:03 --> mysqli_sql_exception: Illegal mix of collations (utf8mb4_general_ci,IMPLICIT) and (utf8_general_ci,COERCIBLE) for operation '=' in /Applications/XAMPP/xamppfiles/htdocs/ami/system/Database/MySQLi/Connection.php:306
Stack trace:
#0 /Applications/XAMPP/xamppfiles/htdocs/ami/system/Database/MySQLi/Connection.php(306): mysqli->query('SELECT `standar...', 0)
#1 /Applications/XAMPP/xamppfiles/htdocs/ami/system/Database/BaseConnection.php(693): CodeIgniter\Database\MySQLi\Connection->execute('SELECT `standar...')
#2 /Applications/XAMPP/xamppfiles/htdocs/ami/system/Database/BaseConnection.php(607): CodeIgniter\Database\BaseConnection->simpleQuery('SELECT `standar...')
#3 /Applications/XAMPP/xamppfiles/htdocs/ami/system/Database/BaseBuilder.php(1615): CodeIgniter\Database\BaseConnection->query('SELECT `standar...', Array, false)
#4 /Applications/XAMPP/xamppfiles/htdocs/ami/system/Model.php(871): CodeIgniter\Database\BaseBuilder->get()
#5 /Applications/XAMPP/xamppfiles/htdocs/ami/app/Models/Admin/IsiModel.php(49): CodeIgniter\Model->__call('get', Array)
#6 /Applications/XAMPP/xamppfiles/htdocs/ami/app/Controllers/AdminAreaAudit.php(498): App\Models\Admin\IsiModel->getisiById('j\xCB\x1E\xB6')
#7 /Applications/XAMPP/xamppfiles/htdocs/ami/system/CodeIgniter.php(942): App\Controllers\AdminAreaAudit->addlanjutan('assets', 'vendors', 'chartjs', 'Chart.min.css')
#8 /Applications/XAMPP/xamppfiles/htdocs/ami/system/CodeIgniter.php(502): CodeIgniter\CodeIgniter->runController(Object(App\Controllers\AdminAreaAudit))
#9 /Applications/XAMPP/xamppfiles/htdocs/ami/system/CodeIgniter.php(361): CodeIgniter\CodeIgniter->handleRequest(NULL, Object(Config\Cache), false)
#10 /Applications/XAMPP/xamppfiles/htdocs/ami/public/index.php(79): CodeIgniter\CodeIgniter->run()
#11 /Applications/XAMPP/xamppfiles/htdocs/ami/system/Commands/Server/rewrite.php(47): require_once('/Applications/X...')
#12 {main}
CRITICAL - 2024-04-27 23:19:03 --> Illegal mix of collations (utf8mb4_general_ci,IMPLICIT) and (utf8_general_ci,COERCIBLE) for operation '='
in SYSTEMPATH/Database/BaseConnection.php on line 647.
 1 SYSTEMPATH/Database/BaseBuilder.php(1615): CodeIgniter\Database\BaseConnection->query('SELECT `standar`.`standar`, `s_pertanyaan_isi`.*
FROM `s_pertanyaan_isi`
JOIN `standar` ON `s_pertanyaan_isi`.`standar_id` = `standar`.`id`
WHERE `s_pertanyaan_isi`.`id` = :s_pertanyaan_isi.id:', [...], false)
 2 SYSTEMPATH/Model.php(871): CodeIgniter\Database\BaseBuilder->get()
 3 APPPATH/Models/Admin/IsiModel.php(49): CodeIgniter\Model->__call('get', [])
 4 APPPATH/Controllers/AdminAreaAudit.php(498): App\Models\Admin\IsiModel->getisiById('jÀ∂')
 5 SYSTEMPATH/CodeIgniter.php(942): App\Controllers\AdminAreaAudit->addlanjutan('assets', 'vendors', 'chartjs', 'Chart.min.css')
 6 SYSTEMPATH/CodeIgniter.php(502): CodeIgniter\CodeIgniter->runController(Object(App\Controllers\AdminAreaAudit))
 7 SYSTEMPATH/CodeIgniter.php(361): CodeIgniter\CodeIgniter->handleRequest(null, Object(Config\Cache), false)
 8 FCPATH/index.php(79): CodeIgniter\CodeIgniter->run()
 9 SYSTEMPATH/Commands/Server/rewrite.php(47): require_once('/Applications/XAMPP/xamppfiles/htdocs/ami/public/index.php')
CRITICAL - 2024-04-27 23:19:03 --> Uncaught CodeIgniter\Format\Exceptions\FormatException: Failed to parse JSON string. Error: Malformed UTF-8 characters, possibly incorrectly encoded in /Applications/XAMPP/xamppfiles/htdocs/ami/system/Format/JSONFormatter.php:43
Stack trace:
#0 /Applications/XAMPP/xamppfiles/htdocs/ami/system/Format/JSONFormatter.php(43): CodeIgniter\Format\Exceptions\FormatException::forInvalidJSON('Malformed UTF-8...')
#1 /Applications/XAMPP/xamppfiles/htdocs/ami/system/API/ResponseTrait.php(345): CodeIgniter\Format\JSONFormatter->format(Array)
#2 /Applications/XAMPP/xamppfiles/htdocs/ami/system/API/ResponseTrait.php(98): CodeIgniter\Debug\ExceptionHandler->format(Array)
#3 /Applications/XAMPP/xamppfiles/htdocs/ami/system/Debug/ExceptionHandler.php(81): CodeIgniter\Debug\ExceptionHandler->respond(Array, 500)
#4 /Applications/XAMPP/xamppfiles/htdocs/ami/system/Debug/Exceptions.php(149): CodeIgniter\Debug\ExceptionHandler->handle(Object(mysqli_sql_exception), Object(CodeIgniter\HTTP\IncomingRequest), Object(CodeIgniter\HTTP\Response), 500, 8)
#5 [internal function]: CodeIgniter\Debug\Exceptions->exceptionHandler(Object(mysqli_sql_exception))
#6 {main}
  thrown
„ÄêPrevious Exception„Äë
CodeIgniter\Database\Exceptions\DatabaseException
Illegal mix of collations (utf8mb4_general_ci,IMPLICIT) and (utf8_general_ci,COERCIBLE) for operation '='
#0 /Applications/XAMPP/xamppfiles/htdocs/ami/system/Database/BaseBuilder.php(1615): CodeIgniter\Database\BaseConnection->query('SELECT `standar...', Array, false)
#1 /Applications/XAMPP/xamppfiles/htdocs/ami/system/Model.php(871): CodeIgniter\Database\BaseBuilder->get()
#2 /Applications/XAMPP/xamppfiles/htdocs/ami/app/Models/Admin/IsiModel.php(49): CodeIgniter\Model->__call('get', Array)
#3 /Applications/XAMPP/xamppfiles/htdocs/ami/app/Controllers/AdminAreaAudit.php(498): App\Models\Admin\IsiModel->getisiById('j\xCB\x1E\xB6')
#4 /Applications/XAMPP/xamppfiles/htdocs/ami/system/CodeIgniter.php(942): App\Controllers\AdminAreaAudit->addlanjutan('assets', 'vendors', 'chartjs', 'Chart.min.css')
#5 /Applications/XAMPP/xamppfiles/htdocs/ami/system/CodeIgniter.php(502): CodeIgniter\CodeIgniter->runController(Object(App\Controllers\AdminAreaAudit))
#6 /Applications/XAMPP/xamppfiles/htdocs/ami/system/CodeIgniter.php(361): CodeIgniter\CodeIgniter->handleRequest(NULL, Object(Config\Cache), false)
#7 /Applications/XAMPP/xamppfiles/htdocs/ami/public/index.php(79): CodeIgniter\CodeIgniter->run()
#8 /Applications/XAMPP/xamppfiles/htdocs/ami/system/Commands/Server/rewrite.php(47): require_once('/Applications/X...')
#9 {main}
in SYSTEMPATH/Format/JSONFormatter.php on line 43.
 1 [internal function]: CodeIgniter\Debug\Exceptions->shutdownHandler()
INFO - 2024-04-27 23:19:11 --> Session: Class initialized using 'CodeIgniter\Session\Handlers\FileHandler' driver.
INFO - 2024-04-27 23:19:11 --> Session: Class initialized using 'CodeIgniter\Session\Handlers\FileHandler' driver.
INFO - 2024-04-27 23:19:12 --> Session: Class initialized using 'CodeIgniter\Session\Handlers\FileHandler' driver.
ERROR - 2024-04-27 23:19:12 --> mysqli_sql_exception: Illegal mix of collations (utf8mb4_general_ci,IMPLICIT) and (utf8_general_ci,COERCIBLE) for operation '=' in /Applications/XAMPP/xamppfiles/htdocs/ami/system/Database/MySQLi/Connection.php:306
Stack trace:
#0 /Applications/XAMPP/xamppfiles/htdocs/ami/system/Database/MySQLi/Connection.php(306): mysqli->query('SELECT *\nFROM `...', 0)
#1 /Applications/XAMPP/xamppfiles/htdocs/ami/system/Database/BaseConnection.php(693): CodeIgniter\Database\MySQLi\Connection->execute('SELECT *\nFROM `...')
#2 /Applications/XAMPP/xamppfiles/htdocs/ami/system/Database/BaseConnection.php(607): CodeIgniter\Database\BaseConnection->simpleQuery('SELECT *\nFROM `...')
#3 /Applications/XAMPP/xamppfiles/htdocs/ami/system/Database/BaseBuilder.php(1615): CodeIgniter\Database\BaseConnection->query('SELECT *\nFROM `...', Array, false)
#4 /Applications/XAMPP/xamppfiles/htdocs/ami/system/Model.php(237): CodeIgniter\Database\BaseBuilder->get()
#5 /Applications/XAMPP/xamppfiles/htdocs/ami/system/BaseModel.php(624): CodeIgniter\Model->doFindAll(0, 0)
#6 /Applications/XAMPP/xamppfiles/htdocs/ami/app/Models/Admin/LanjutanModel.php(22): CodeIgniter\BaseModel->findAll()
#7 /Applications/XAMPP/xamppfiles/htdocs/ami/app/Controllers/AdminAreaAudit.php(482): App\Models\Admin\LanjutanModel->getAlllanjutan('j\xCB\x1E\xB6')
#8 /Applications/XAMPP/xamppfiles/htdocs/ami/system/CodeIgniter.php(942): App\Controllers\AdminAreaAudit->lanjutan('assets', 'vendors', 'chartjs', 'Chart.min.css')
#9 /Applications/XAMPP/xamppfiles/htdocs/ami/system/CodeIgniter.php(502): CodeIgniter\CodeIgniter->runController(Object(App\Controllers\AdminAreaAudit))
#10 /Applications/XAMPP/xamppfiles/htdocs/ami/system/CodeIgniter.php(361): CodeIgniter\CodeIgniter->handleRequest(NULL, Object(Config\Cache), false)
#11 /Applications/XAMPP/xamppfiles/htdocs/ami/public/index.php(79): CodeIgniter\CodeIgniter->run()
#12 /Applications/XAMPP/xamppfiles/htdocs/ami/system/Commands/Server/rewrite.php(47): require_once('/Applications/X...')
#13 {main}
CRITICAL - 2024-04-27 23:19:12 --> Illegal mix of collations (utf8mb4_general_ci,IMPLICIT) and (utf8_general_ci,COERCIBLE) for operation '='
in SYSTEMPATH/Database/BaseConnection.php on line 647.
 1 SYSTEMPATH/Database/BaseBuilder.php(1615): CodeIgniter\Database\BaseConnection->query('SELECT *
FROM `s_pertanyaan_lanjutan`
WHERE `s_p_isi_id` = :s_p_isi_id:
ORDER BY `urutan` ASC', [...], false)
 2 SYSTEMPATH/Model.php(237): CodeIgniter\Database\BaseBuilder->get()
 3 SYSTEMPATH/BaseModel.php(624): CodeIgniter\Model->doFindAll(0, 0)
 4 APPPATH/Models/Admin/LanjutanModel.php(22): CodeIgniter\BaseModel->findAll()
 5 APPPATH/Controllers/AdminAreaAudit.php(482): App\Models\Admin\LanjutanModel->getAlllanjutan('jÀ∂')
 6 SYSTEMPATH/CodeIgniter.php(942): App\Controllers\AdminAreaAudit->lanjutan('assets', 'vendors', 'chartjs', 'Chart.min.css')
 7 SYSTEMPATH/CodeIgniter.php(502): CodeIgniter\CodeIgniter->runController(Object(App\Controllers\AdminAreaAudit))
 8 SYSTEMPATH/CodeIgniter.php(361): CodeIgniter\CodeIgniter->handleRequest(null, Object(Config\Cache), false)
 9 FCPATH/index.php(79): CodeIgniter\CodeIgniter->run()
10 SYSTEMPATH/Commands/Server/rewrite.php(47): require_once('/Applications/XAMPP/xamppfiles/htdocs/ami/public/index.php')
CRITICAL - 2024-04-27 23:19:12 --> Uncaught CodeIgniter\Format\Exceptions\FormatException: Failed to parse JSON string. Error: Malformed UTF-8 characters, possibly incorrectly encoded in /Applications/XAMPP/xamppfiles/htdocs/ami/system/Format/JSONFormatter.php:43
Stack trace:
#0 /Applications/XAMPP/xamppfiles/htdocs/ami/system/Format/JSONFormatter.php(43): CodeIgniter\Format\Exceptions\FormatException::forInvalidJSON('Malformed UTF-8...')
#1 /Applications/XAMPP/xamppfiles/htdocs/ami/system/API/ResponseTrait.php(345): CodeIgniter\Format\JSONFormatter->format(Array)
#2 /Applications/XAMPP/xamppfiles/htdocs/ami/system/API/ResponseTrait.php(98): CodeIgniter\Debug\ExceptionHandler->format(Array)
#3 /Applications/XAMPP/xamppfiles/htdocs/ami/system/Debug/ExceptionHandler.php(81): CodeIgniter\Debug\ExceptionHandler->respond(Array, 500)
#4 /Applications/XAMPP/xamppfiles/htdocs/ami/system/Debug/Exceptions.php(149): CodeIgniter\Debug\ExceptionHandler->handle(Object(mysqli_sql_exception), Object(CodeIgniter\HTTP\IncomingRequest), Object(CodeIgniter\HTTP\Response), 500, 8)
#5 [internal function]: CodeIgniter\Debug\Exceptions->exceptionHandler(Object(mysqli_sql_exception))
#6 {main}
  thrown
„ÄêPrevious Exception„Äë
CodeIgniter\Database\Exceptions\DatabaseException
Illegal mix of collations (utf8mb4_general_ci,IMPLICIT) and (utf8_general_ci,COERCIBLE) for operation '='
#0 /Applications/XAMPP/xamppfiles/htdocs/ami/system/Database/BaseBuilder.php(1615): CodeIgniter\Database\BaseConnection->query('SELECT *\nFROM `...', Array, false)
#1 /Applications/XAMPP/xamppfiles/htdocs/ami/system/Model.php(237): CodeIgniter\Database\BaseBuilder->get()
#2 /Applications/XAMPP/xamppfiles/htdocs/ami/system/BaseModel.php(624): CodeIgniter\Model->doFindAll(0, 0)
#3 /Applications/XAMPP/xamppfiles/htdocs/ami/app/Models/Admin/LanjutanModel.php(22): CodeIgniter\BaseModel->findAll()
#4 /Applications/XAMPP/xamppfiles/htdocs/ami/app/Controllers/AdminAreaAudit.php(482): App\Models\Admin\LanjutanModel->getAlllanjutan('j\xCB\x1E\xB6')
#5 /Applications/XAMPP/xamppfiles/htdocs/ami/system/CodeIgniter.php(942): App\Controllers\AdminAreaAudit->lanjutan('assets', 'vendors', 'chartjs', 'Chart.min.css')
#6 /Applications/XAMPP/xamppfiles/htdocs/ami/system/CodeIgniter.php(502): CodeIgniter\CodeIgniter->runController(Object(App\Controllers\AdminAreaAudit))
#7 /Applications/XAMPP/xamppfiles/htdocs/ami/system/CodeIgniter.php(361): CodeIgniter\CodeIgniter->handleRequest(NULL, Object(Config\Cache), false)
#8 /Applications/XAMPP/xamppfiles/htdocs/ami/public/index.php(79): CodeIgniter\CodeIgniter->run()
#9 /Applications/XAMPP/xamppfiles/htdocs/ami/system/Commands/Server/rewrite.php(47): require_once('/Applications/X...')
#10 {main}
in SYSTEMPATH/Format/JSONFormatter.php on line 43.
 1 [internal function]: CodeIgniter\Debug\Exceptions->shutdownHandler()
INFO - 2024-04-27 23:19:21 --> Session: Class initialized using 'CodeIgniter\Session\Handlers\FileHandler' driver.
INFO - 2024-04-27 23:19:21 --> Session: Class initialized using 'CodeIgniter\Session\Handlers\FileHandler' driver.
INFO - 2024-04-27 23:19:21 --> Session: Class initialized using 'CodeIgniter\Session\Handlers\FileHandler' driver.
ERROR - 2024-04-27 23:19:21 --> mysqli_sql_exception: Illegal mix of collations (utf8mb4_general_ci,IMPLICIT) and (utf8_general_ci,COERCIBLE) for operation '=' in /Applications/XAMPP/xamppfiles/htdocs/ami/system/Database/MySQLi/Connection.php:306
Stack trace:
#0 /Applications/XAMPP/xamppfiles/htdocs/ami/system/Database/MySQLi/Connection.php(306): mysqli->query('SELECT *\nFROM `...', 0)
#1 /Applications/XAMPP/xamppfiles/htdocs/ami/system/Database/BaseConnection.php(693): CodeIgniter\Database\MySQLi\Connection->execute('SELECT *\nFROM `...')
#2 /Applications/XAMPP/xamppfiles/htdocs/ami/system/Database/BaseConnection.php(607): CodeIgniter\Database\BaseConnection->simpleQuery('SELECT *\nFROM `...')
#3 /Applications/XAMPP/xamppfiles/htdocs/ami/system/Database/BaseBuilder.php(1615): CodeIgniter\Database\BaseConnection->query('SELECT *\nFROM `...', Array, false)
#4 /Applications/XAMPP/xamppfiles/htdocs/ami/system/Model.php(237): CodeIgniter\Database\BaseBuilder->get()
#5 /Applications/XAMPP/xamppfiles/htdocs/ami/system/BaseModel.php(624): CodeIgniter\Model->doFindAll(0, 0)
#6 /Applications/XAMPP/xamppfiles/htdocs/ami/app/Models/Admin/LanjutanModel.php(22): CodeIgniter\BaseModel->findAll()
#7 /Applications/XAMPP/xamppfiles/htdocs/ami/app/Controllers/AdminAreaAudit.php(482): App\Models\Admin\LanjutanModel->getAlllanjutan('j\xCB\x1E\xB6')
#8 /Applications/XAMPP/xamppfiles/htdocs/ami/system/CodeIgniter.php(942): App\Controllers\AdminAreaAudit->lanjutan('assets', 'vendors', 'chartjs', 'Chart.min.css')
#9 /Applications/XAMPP/xamppfiles/htdocs/ami/system/CodeIgniter.php(502): CodeIgniter\CodeIgniter->runController(Object(App\Controllers\AdminAreaAudit))
#10 /Applications/XAMPP/xamppfiles/htdocs/ami/system/CodeIgniter.php(361): CodeIgniter\CodeIgniter->handleRequest(NULL, Object(Config\Cache), false)
#11 /Applications/XAMPP/xamppfiles/htdocs/ami/public/index.php(79): CodeIgniter\CodeIgniter->run()
#12 /Applications/XAMPP/xamppfiles/htdocs/ami/system/Commands/Server/rewrite.php(47): require_once('/Applications/X...')
#13 {main}
CRITICAL - 2024-04-27 23:19:21 --> Illegal mix of collations (utf8mb4_general_ci,IMPLICIT) and (utf8_general_ci,COERCIBLE) for operation '='
in SYSTEMPATH/Database/BaseConnection.php on line 647.
 1 SYSTEMPATH/Database/BaseBuilder.php(1615): CodeIgniter\Database\BaseConnection->query('SELECT *
FROM `s_pertanyaan_lanjutan`
WHERE `s_p_isi_id` = :s_p_isi_id:
ORDER BY `urutan` ASC', [...], false)
 2 SYSTEMPATH/Model.php(237): CodeIgniter\Database\BaseBuilder->get()
 3 SYSTEMPATH/BaseModel.php(624): CodeIgniter\Model->doFindAll(0, 0)
 4 APPPATH/Models/Admin/LanjutanModel.php(22): CodeIgniter\BaseModel->findAll()
 5 APPPATH/Controllers/AdminAreaAudit.php(482): App\Models\Admin\LanjutanModel->getAlllanjutan('jÀ∂')
 6 SYSTEMPATH/CodeIgniter.php(942): App\Controllers\AdminAreaAudit->lanjutan('assets', 'vendors', 'chartjs', 'Chart.min.css')
 7 SYSTEMPATH/CodeIgniter.php(502): CodeIgniter\CodeIgniter->runController(Object(App\Controllers\AdminAreaAudit))
 8 SYSTEMPATH/CodeIgniter.php(361): CodeIgniter\CodeIgniter->handleRequest(null, Object(Config\Cache), false)
 9 FCPATH/index.php(79): CodeIgniter\CodeIgniter->run()
10 SYSTEMPATH/Commands/Server/rewrite.php(47): require_once('/Applications/XAMPP/xamppfiles/htdocs/ami/public/index.php')
CRITICAL - 2024-04-27 23:19:21 --> Uncaught CodeIgniter\Format\Exceptions\FormatException: Failed to parse JSON string. Error: Malformed UTF-8 characters, possibly incorrectly encoded in /Applications/XAMPP/xamppfiles/htdocs/ami/system/Format/JSONFormatter.php:43
Stack trace:
#0 /Applications/XAMPP/xamppfiles/htdocs/ami/system/Format/JSONFormatter.php(43): CodeIgniter\Format\Exceptions\FormatException::forInvalidJSON('Malformed UTF-8...')
#1 /Applications/XAMPP/xamppfiles/htdocs/ami/system/API/ResponseTrait.php(345): CodeIgniter\Format\JSONFormatter->format(Array)
#2 /Applications/XAMPP/xamppfiles/htdocs/ami/system/API/ResponseTrait.php(98): CodeIgniter\Debug\ExceptionHandler->format(Array)
#3 /Applications/XAMPP/xamppfiles/htdocs/ami/system/Debug/ExceptionHandler.php(81): CodeIgniter\Debug\ExceptionHandler->respond(Array, 500)
#4 /Applications/XAMPP/xamppfiles/htdocs/ami/system/Debug/Exceptions.php(149): CodeIgniter\Debug\ExceptionHandler->handle(Object(mysqli_sql_exception), Object(CodeIgniter\HTTP\IncomingRequest), Object(CodeIgniter\HTTP\Response), 500, 8)
#5 [internal function]: CodeIgniter\Debug\Exceptions->exceptionHandler(Object(mysqli_sql_exception))
#6 {main}
  thrown
„ÄêPrevious Exception„Äë
CodeIgniter\Database\Exceptions\DatabaseException
Illegal mix of collations (utf8mb4_general_ci,IMPLICIT) and (utf8_general_ci,COERCIBLE) for operation '='
#0 /Applications/XAMPP/xamppfiles/htdocs/ami/system/Database/BaseBuilder.php(1615): CodeIgniter\Database\BaseConnection->query('SELECT *\nFROM `...', Array, false)
#1 /Applications/XAMPP/xamppfiles/htdocs/ami/system/Model.php(237): CodeIgniter\Database\BaseBuilder->get()
#2 /Applications/XAMPP/xamppfiles/htdocs/ami/system/BaseModel.php(624): CodeIgniter\Model->doFindAll(0, 0)
#3 /Applications/XAMPP/xamppfiles/htdocs/ami/app/Models/Admin/LanjutanModel.php(22): CodeIgniter\BaseModel->findAll()
#4 /Applications/XAMPP/xamppfiles/htdocs/ami/app/Controllers/AdminAreaAudit.php(482): App\Models\Admin\LanjutanModel->getAlllanjutan('j\xCB\x1E\xB6')
#5 /Applications/XAMPP/xamppfiles/htdocs/ami/system/CodeIgniter.php(942): App\Controllers\AdminAreaAudit->lanjutan('assets', 'vendors', 'chartjs', 'Chart.min.css')
#6 /Applications/XAMPP/xamppfiles/htdocs/ami/system/CodeIgniter.php(502): CodeIgniter\CodeIgniter->runController(Object(App\Controllers\AdminAreaAudit))
#7 /Applications/XAMPP/xamppfiles/htdocs/ami/system/CodeIgniter.php(361): CodeIgniter\CodeIgniter->handleRequest(NULL, Object(Config\Cache), false)
#8 /Applications/XAMPP/xamppfiles/htdocs/ami/public/index.php(79): CodeIgniter\CodeIgniter->run()
#9 /Applications/XAMPP/xamppfiles/htdocs/ami/system/Commands/Server/rewrite.php(47): require_once('/Applications/X...')
#10 {main}
in SYSTEMPATH/Format/JSONFormatter.php on line 43.
 1 [internal function]: CodeIgniter\Debug\Exceptions->shutdownHandler()
INFO - 2024-04-27 23:19:22 --> Session: Class initialized using 'CodeIgniter\Session\Handlers\FileHandler' driver.
INFO - 2024-04-27 23:19:22 --> Session: Class initialized using 'CodeIgniter\Session\Handlers\FileHandler' driver.
ERROR - 2024-04-27 23:19:22 --> mysqli_sql_exception: Illegal mix of collations (utf8mb4_general_ci,IMPLICIT) and (utf8_general_ci,COERCIBLE) for operation '=' in /Applications/XAMPP/xamppfiles/htdocs/ami/system/Database/MySQLi/Connection.php:306
Stack trace:
#0 /Applications/XAMPP/xamppfiles/htdocs/ami/system/Database/MySQLi/Connection.php(306): mysqli->query('SELECT *\nFROM `...', 0)
#1 /Applications/XAMPP/xamppfiles/htdocs/ami/system/Database/BaseConnection.php(693): CodeIgniter\Database\MySQLi\Connection->execute('SELECT *\nFROM `...')
#2 /Applications/XAMPP/xamppfiles/htdocs/ami/system/Database/BaseConnection.php(607): CodeIgniter\Database\BaseConnection->simpleQuery('SELECT *\nFROM `...')
#3 /Applications/XAMPP/xamppfiles/htdocs/ami/system/Database/BaseBuilder.php(1615): CodeIgniter\Database\BaseConnection->query('SELECT *\nFROM `...', Array, false)
#4 /Applications/XAMPP/xamppfiles/htdocs/ami/system/Model.php(237): CodeIgniter\Database\BaseBuilder->get()
#5 /Applications/XAMPP/xamppfiles/htdocs/ami/system/BaseModel.php(624): CodeIgniter\Model->doFindAll(0, 0)
#6 /Applications/XAMPP/xamppfiles/htdocs/ami/app/Models/Admin/DetailModel.php(22): CodeIgniter\BaseModel->findAll()
#7 /Applications/XAMPP/xamppfiles/htdocs/ami/app/Controllers/AdminAreaAudit.php(630): App\Models\Admin\DetailModel->getAlldetail('j\xCB\x1E\xB6')
#8 /Applications/XAMPP/xamppfiles/htdocs/ami/system/CodeIgniter.php(942): App\Controllers\AdminAreaAudit->detail('assets', 'vendors', 'chartjs', 'Chart.min.css')
#9 /Applications/XAMPP/xamppfiles/htdocs/ami/system/CodeIgniter.php(502): CodeIgniter\CodeIgniter->runController(Object(App\Controllers\AdminAreaAudit))
#10 /Applications/XAMPP/xamppfiles/htdocs/ami/system/CodeIgniter.php(361): CodeIgniter\CodeIgniter->handleRequest(NULL, Object(Config\Cache), false)
#11 /Applications/XAMPP/xamppfiles/htdocs/ami/public/index.php(79): CodeIgniter\CodeIgniter->run()
#12 /Applications/XAMPP/xamppfiles/htdocs/ami/system/Commands/Server/rewrite.php(47): require_once('/Applications/X...')
#13 {main}
CRITICAL - 2024-04-27 23:19:22 --> Illegal mix of collations (utf8mb4_general_ci,IMPLICIT) and (utf8_general_ci,COERCIBLE) for operation '='
in SYSTEMPATH/Database/BaseConnection.php on line 647.
 1 SYSTEMPATH/Database/BaseBuilder.php(1615): CodeIgniter\Database\BaseConnection->query('SELECT *
FROM `s_pertanyaan_detail`
WHERE `s_p_lanjutan_id` = :s_p_lanjutan_id:
ORDER BY `urutan` ASC', [...], false)
 2 SYSTEMPATH/Model.php(237): CodeIgniter\Database\BaseBuilder->get()
 3 SYSTEMPATH/BaseModel.php(624): CodeIgniter\Model->doFindAll(0, 0)
 4 APPPATH/Models/Admin/DetailModel.php(22): CodeIgniter\BaseModel->findAll()
 5 APPPATH/Controllers/AdminAreaAudit.php(630): App\Models\Admin\DetailModel->getAlldetail('jÀ∂')
 6 SYSTEMPATH/CodeIgniter.php(942): App\Controllers\AdminAreaAudit->detail('assets', 'vendors', 'chartjs', 'Chart.min.css')
 7 SYSTEMPATH/CodeIgniter.php(502): CodeIgniter\CodeIgniter->runController(Object(App\Controllers\AdminAreaAudit))
 8 SYSTEMPATH/CodeIgniter.php(361): CodeIgniter\CodeIgniter->handleRequest(null, Object(Config\Cache), false)
 9 FCPATH/index.php(79): CodeIgniter\CodeIgniter->run()
10 SYSTEMPATH/Commands/Server/rewrite.php(47): require_once('/Applications/XAMPP/xamppfiles/htdocs/ami/public/index.php')
CRITICAL - 2024-04-27 23:19:22 --> Uncaught CodeIgniter\Format\Exceptions\FormatException: Failed to parse JSON string. Error: Malformed UTF-8 characters, possibly incorrectly encoded in /Applications/XAMPP/xamppfiles/htdocs/ami/system/Format/JSONFormatter.php:43
Stack trace:
#0 /Applications/XAMPP/xamppfiles/htdocs/ami/system/Format/JSONFormatter.php(43): CodeIgniter\Format\Exceptions\FormatException::forInvalidJSON('Malformed UTF-8...')
#1 /Applications/XAMPP/xamppfiles/htdocs/ami/system/API/ResponseTrait.php(345): CodeIgniter\Format\JSONFormatter->format(Array)
#2 /Applications/XAMPP/xamppfiles/htdocs/ami/system/API/ResponseTrait.php(98): CodeIgniter\Debug\ExceptionHandler->format(Array)
#3 /Applications/XAMPP/xamppfiles/htdocs/ami/system/Debug/ExceptionHandler.php(81): CodeIgniter\Debug\ExceptionHandler->respond(Array, 500)
#4 /Applications/XAMPP/xamppfiles/htdocs/ami/system/Debug/Exceptions.php(149): CodeIgniter\Debug\ExceptionHandler->handle(Object(mysqli_sql_exception), Object(CodeIgniter\HTTP\IncomingRequest), Object(CodeIgniter\HTTP\Response), 500, 8)
#5 [internal function]: CodeIgniter\Debug\Exceptions->exceptionHandler(Object(mysqli_sql_exception))
#6 {main}
  thrown
„ÄêPrevious Exception„Äë
CodeIgniter\Database\Exceptions\DatabaseException
Illegal mix of collations (utf8mb4_general_ci,IMPLICIT) and (utf8_general_ci,COERCIBLE) for operation '='
#0 /Applications/XAMPP/xamppfiles/htdocs/ami/system/Database/BaseBuilder.php(1615): CodeIgniter\Database\BaseConnection->query('SELECT *\nFROM `...', Array, false)
#1 /Applications/XAMPP/xamppfiles/htdocs/ami/system/Model.php(237): CodeIgniter\Database\BaseBuilder->get()
#2 /Applications/XAMPP/xamppfiles/htdocs/ami/system/BaseModel.php(624): CodeIgniter\Model->doFindAll(0, 0)
#3 /Applications/XAMPP/xamppfiles/htdocs/ami/app/Models/Admin/DetailModel.php(22): CodeIgniter\BaseModel->findAll()
#4 /Applications/XAMPP/xamppfiles/htdocs/ami/app/Controllers/AdminAreaAudit.php(630): App\Models\Admin\DetailModel->getAlldetail('j\xCB\x1E\xB6')
#5 /Applications/XAMPP/xamppfiles/htdocs/ami/system/CodeIgniter.php(942): App\Controllers\AdminAreaAudit->detail('assets', 'vendors', 'chartjs', 'Chart.min.css')
#6 /Applications/XAMPP/xamppfiles/htdocs/ami/system/CodeIgniter.php(502): CodeIgniter\CodeIgniter->runController(Object(App\Controllers\AdminAreaAudit))
#7 /Applications/XAMPP/xamppfiles/htdocs/ami/system/CodeIgniter.php(361): CodeIgniter\CodeIgniter->handleRequest(NULL, Object(Config\Cache), false)
#8 /Applications/XAMPP/xamppfiles/htdocs/ami/public/index.php(79): CodeIgniter\CodeIgniter->run()
#9 /Applications/XAMPP/xamppfiles/htdocs/ami/system/Commands/Server/rewrite.php(47): require_once('/Applications/X...')
#10 {main}
in SYSTEMPATH/Format/JSONFormatter.php on line 43.
 1 [internal function]: CodeIgniter\Debug\Exceptions->shutdownHandler()
INFO - 2024-04-27 23:19:24 --> Session: Class initialized using 'CodeIgniter\Session\Handlers\FileHandler' driver.
INFO - 2024-04-27 23:19:24 --> Session: Class initialized using 'CodeIgniter\Session\Handlers\FileHandler' driver.
ERROR - 2024-04-27 23:19:24 --> mysqli_sql_exception: Illegal mix of collations (utf8mb4_general_ci,IMPLICIT) and (utf8_general_ci,COERCIBLE) for operation '=' in /Applications/XAMPP/xamppfiles/htdocs/ami/system/Database/MySQLi/Connection.php:306
Stack trace:
#0 /Applications/XAMPP/xamppfiles/htdocs/ami/system/Database/MySQLi/Connection.php(306): mysqli->query('SELECT `s_perta...', 0)
#1 /Applications/XAMPP/xamppfiles/htdocs/ami/system/Database/BaseConnection.php(693): CodeIgniter\Database\MySQLi\Connection->execute('SELECT `s_perta...')
#2 /Applications/XAMPP/xamppfiles/htdocs/ami/system/Database/BaseConnection.php(607): CodeIgniter\Database\BaseConnection->simpleQuery('SELECT `s_perta...')
#3 /Applications/XAMPP/xamppfiles/htdocs/ami/system/Database/BaseBuilder.php(1615): CodeIgniter\Database\BaseConnection->query('SELECT `s_perta...', Array, false)
#4 /Applications/XAMPP/xamppfiles/htdocs/ami/system/Model.php(871): CodeIgniter\Database\BaseBuilder->get()
#5 /Applications/XAMPP/xamppfiles/htdocs/ami/app/Models/Admin/LanjutanModel.php(48): CodeIgniter\Model->__call('get', Array)
#6 /Applications/XAMPP/xamppfiles/htdocs/ami/app/Controllers/AdminAreaAudit.php(646): App\Models\Admin\LanjutanModel->getlanjutanById('j\xCB\x1E\xB6')
#7 /Applications/XAMPP/xamppfiles/htdocs/ami/system/CodeIgniter.php(942): App\Controllers\AdminAreaAudit->adddetail('assets', 'vendors', 'chartjs', 'Chart.min.css')
#8 /Applications/XAMPP/xamppfiles/htdocs/ami/system/CodeIgniter.php(502): CodeIgniter\CodeIgniter->runController(Object(App\Controllers\AdminAreaAudit))
#9 /Applications/XAMPP/xamppfiles/htdocs/ami/system/CodeIgniter.php(361): CodeIgniter\CodeIgniter->handleRequest(NULL, Object(Config\Cache), false)
#10 /Applications/XAMPP/xamppfiles/htdocs/ami/public/index.php(79): CodeIgniter\CodeIgniter->run()
#11 /Applications/XAMPP/xamppfiles/htdocs/ami/system/Commands/Server/rewrite.php(47): require_once('/Applications/X...')
#12 {main}
CRITICAL - 2024-04-27 23:19:24 --> Illegal mix of collations (utf8mb4_general_ci,IMPLICIT) and (utf8_general_ci,COERCIBLE) for operation '='
in SYSTEMPATH/Database/BaseConnection.php on line 647.
 1 SYSTEMPATH/Database/BaseBuilder.php(1615): CodeIgniter\Database\BaseConnection->query('SELECT `s_pertanyaan_isi`.`text`, `s_pertanyaan_lanjutan`.*
FROM `s_pertanyaan_lanjutan`
JOIN `s_pertanyaan_isi` ON `s_pertanyaan_lanjutan`.`s_p_isi_id` = `s_pertanyaan_isi`.`id`
WHERE `s_pertanyaan_lanjutan`.`id` = :s_pertanyaan_lanjutan.id:', [...], false)
 2 SYSTEMPATH/Model.php(871): CodeIgniter\Database\BaseBuilder->get()
 3 APPPATH/Models/Admin/LanjutanModel.php(48): CodeIgniter\Model->__call('get', [])
 4 APPPATH/Controllers/AdminAreaAudit.php(646): App\Models\Admin\LanjutanModel->getlanjutanById('jÀ∂')
 5 SYSTEMPATH/CodeIgniter.php(942): App\Controllers\AdminAreaAudit->adddetail('assets', 'vendors', 'chartjs', 'Chart.min.css')
 6 SYSTEMPATH/CodeIgniter.php(502): CodeIgniter\CodeIgniter->runController(Object(App\Controllers\AdminAreaAudit))
 7 SYSTEMPATH/CodeIgniter.php(361): CodeIgniter\CodeIgniter->handleRequest(null, Object(Config\Cache), false)
 8 FCPATH/index.php(79): CodeIgniter\CodeIgniter->run()
 9 SYSTEMPATH/Commands/Server/rewrite.php(47): require_once('/Applications/XAMPP/xamppfiles/htdocs/ami/public/index.php')
CRITICAL - 2024-04-27 23:19:24 --> Uncaught CodeIgniter\Format\Exceptions\FormatException: Failed to parse JSON string. Error: Malformed UTF-8 characters, possibly incorrectly encoded in /Applications/XAMPP/xamppfiles/htdocs/ami/system/Format/JSONFormatter.php:43
Stack trace:
#0 /Applications/XAMPP/xamppfiles/htdocs/ami/system/Format/JSONFormatter.php(43): CodeIgniter\Format\Exceptions\FormatException::forInvalidJSON('Malformed UTF-8...')
#1 /Applications/XAMPP/xamppfiles/htdocs/ami/system/API/ResponseTrait.php(345): CodeIgniter\Format\JSONFormatter->format(Array)
#2 /Applications/XAMPP/xamppfiles/htdocs/ami/system/API/ResponseTrait.php(98): CodeIgniter\Debug\ExceptionHandler->format(Array)
#3 /Applications/XAMPP/xamppfiles/htdocs/ami/system/Debug/ExceptionHandler.php(81): CodeIgniter\Debug\ExceptionHandler->respond(Array, 500)
#4 /Applications/XAMPP/xamppfiles/htdocs/ami/system/Debug/Exceptions.php(149): CodeIgniter\Debug\ExceptionHandler->handle(Object(mysqli_sql_exception), Object(CodeIgniter\HTTP\IncomingRequest), Object(CodeIgniter\HTTP\Response), 500, 8)
#5 [internal function]: CodeIgniter\Debug\Exceptions->exceptionHandler(Object(mysqli_sql_exception))
#6 {main}
  thrown
„ÄêPrevious Exception„Äë
CodeIgniter\Database\Exceptions\DatabaseException
Illegal mix of collations (utf8mb4_general_ci,IMPLICIT) and (utf8_general_ci,COERCIBLE) for operation '='
#0 /Applications/XAMPP/xamppfiles/htdocs/ami/system/Database/BaseBuilder.php(1615): CodeIgniter\Database\BaseConnection->query('SELECT `s_perta...', Array, false)
#1 /Applications/XAMPP/xamppfiles/htdocs/ami/system/Model.php(871): CodeIgniter\Database\BaseBuilder->get()
#2 /Applications/XAMPP/xamppfiles/htdocs/ami/app/Models/Admin/LanjutanModel.php(48): CodeIgniter\Model->__call('get', Array)
#3 /Applications/XAMPP/xamppfiles/htdocs/ami/app/Controllers/AdminAreaAudit.php(646): App\Models\Admin\LanjutanModel->getlanjutanById('j\xCB\x1E\xB6')
#4 /Applications/XAMPP/xamppfiles/htdocs/ami/system/CodeIgniter.php(942): App\Controllers\AdminAreaAudit->adddetail('assets', 'vendors', 'chartjs', 'Chart.min.css')
#5 /Applications/XAMPP/xamppfiles/htdocs/ami/system/CodeIgniter.php(502): CodeIgniter\CodeIgniter->runController(Object(App\Controllers\AdminAreaAudit))
#6 /Applications/XAMPP/xamppfiles/htdocs/ami/system/CodeIgniter.php(361): CodeIgniter\CodeIgniter->handleRequest(NULL, Object(Config\Cache), false)
#7 /Applications/XAMPP/xamppfiles/htdocs/ami/public/index.php(79): CodeIgniter\CodeIgniter->run()
#8 /Applications/XAMPP/xamppfiles/htdocs/ami/system/Commands/Server/rewrite.php(47): require_once('/Applications/X...')
#9 {main}
in SYSTEMPATH/Format/JSONFormatter.php on line 43.
 1 [internal function]: CodeIgniter\Debug\Exceptions->shutdownHandler()
INFO - 2024-04-27 23:19:31 --> Session: Class initialized using 'CodeIgniter\Session\Handlers\FileHandler' driver.
INFO - 2024-04-27 23:19:31 --> Session: Class initialized using 'CodeIgniter\Session\Handlers\FileHandler' driver.
INFO - 2024-04-27 23:19:31 --> Session: Class initialized using 'CodeIgniter\Session\Handlers\FileHandler' driver.
ERROR - 2024-04-27 23:19:31 --> mysqli_sql_exception: Illegal mix of collations (utf8mb4_general_ci,IMPLICIT) and (utf8_general_ci,COERCIBLE) for operation '=' in /Applications/XAMPP/xamppfiles/htdocs/ami/system/Database/MySQLi/Connection.php:306
Stack trace:
#0 /Applications/XAMPP/xamppfiles/htdocs/ami/system/Database/MySQLi/Connection.php(306): mysqli->query('SELECT *\nFROM `...', 0)
#1 /Applications/XAMPP/xamppfiles/htdocs/ami/system/Database/BaseConnection.php(693): CodeIgniter\Database\MySQLi\Connection->execute('SELECT *\nFROM `...')
#2 /Applications/XAMPP/xamppfiles/htdocs/ami/system/Database/BaseConnection.php(607): CodeIgniter\Database\BaseConnection->simpleQuery('SELECT *\nFROM `...')
#3 /Applications/XAMPP/xamppfiles/htdocs/ami/system/Database/BaseBuilder.php(1615): CodeIgniter\Database\BaseConnection->query('SELECT *\nFROM `...', Array, false)
#4 /Applications/XAMPP/xamppfiles/htdocs/ami/system/Model.php(237): CodeIgniter\Database\BaseBuilder->get()
#5 /Applications/XAMPP/xamppfiles/htdocs/ami/system/BaseModel.php(624): CodeIgniter\Model->doFindAll(0, 0)
#6 /Applications/XAMPP/xamppfiles/htdocs/ami/app/Models/Admin/DetailModel.php(22): CodeIgniter\BaseModel->findAll()
#7 /Applications/XAMPP/xamppfiles/htdocs/ami/app/Controllers/AdminAreaAudit.php(630): App\Models\Admin\DetailModel->getAlldetail('j\xCB\x1E\xB6')
#8 /Applications/XAMPP/xamppfiles/htdocs/ami/system/CodeIgniter.php(942): App\Controllers\AdminAreaAudit->detail('assets', 'vendors', 'chartjs', 'Chart.min.css')
#9 /Applications/XAMPP/xamppfiles/htdocs/ami/system/CodeIgniter.php(502): CodeIgniter\CodeIgniter->runController(Object(App\Controllers\AdminAreaAudit))
#10 /Applications/XAMPP/xamppfiles/htdocs/ami/system/CodeIgniter.php(361): CodeIgniter\CodeIgniter->handleRequest(NULL, Object(Config\Cache), false)
#11 /Applications/XAMPP/xamppfiles/htdocs/ami/public/index.php(79): CodeIgniter\CodeIgniter->run()
#12 /Applications/XAMPP/xamppfiles/htdocs/ami/system/Commands/Server/rewrite.php(47): require_once('/Applications/X...')
#13 {main}
CRITICAL - 2024-04-27 23:19:31 --> Illegal mix of collations (utf8mb4_general_ci,IMPLICIT) and (utf8_general_ci,COERCIBLE) for operation '='
in SYSTEMPATH/Database/BaseConnection.php on line 647.
 1 SYSTEMPATH/Database/BaseBuilder.php(1615): CodeIgniter\Database\BaseConnection->query('SELECT *
FROM `s_pertanyaan_detail`
WHERE `s_p_lanjutan_id` = :s_p_lanjutan_id:
ORDER BY `urutan` ASC', [...], false)
 2 SYSTEMPATH/Model.php(237): CodeIgniter\Database\BaseBuilder->get()
 3 SYSTEMPATH/BaseModel.php(624): CodeIgniter\Model->doFindAll(0, 0)
 4 APPPATH/Models/Admin/DetailModel.php(22): CodeIgniter\BaseModel->findAll()
 5 APPPATH/Controllers/AdminAreaAudit.php(630): App\Models\Admin\DetailModel->getAlldetail('jÀ∂')
 6 SYSTEMPATH/CodeIgniter.php(942): App\Controllers\AdminAreaAudit->detail('assets', 'vendors', 'chartjs', 'Chart.min.css')
 7 SYSTEMPATH/CodeIgniter.php(502): CodeIgniter\CodeIgniter->runController(Object(App\Controllers\AdminAreaAudit))
 8 SYSTEMPATH/CodeIgniter.php(361): CodeIgniter\CodeIgniter->handleRequest(null, Object(Config\Cache), false)
 9 FCPATH/index.php(79): CodeIgniter\CodeIgniter->run()
10 SYSTEMPATH/Commands/Server/rewrite.php(47): require_once('/Applications/XAMPP/xamppfiles/htdocs/ami/public/index.php')
CRITICAL - 2024-04-27 23:19:31 --> Uncaught CodeIgniter\Format\Exceptions\FormatException: Failed to parse JSON string. Error: Malformed UTF-8 characters, possibly incorrectly encoded in /Applications/XAMPP/xamppfiles/htdocs/ami/system/Format/JSONFormatter.php:43
Stack trace:
#0 /Applications/XAMPP/xamppfiles/htdocs/ami/system/Format/JSONFormatter.php(43): CodeIgniter\Format\Exceptions\FormatException::forInvalidJSON('Malformed UTF-8...')
#1 /Applications/XAMPP/xamppfiles/htdocs/ami/system/API/ResponseTrait.php(345): CodeIgniter\Format\JSONFormatter->format(Array)
#2 /Applications/XAMPP/xamppfiles/htdocs/ami/system/API/ResponseTrait.php(98): CodeIgniter\Debug\ExceptionHandler->format(Array)
#3 /Applications/XAMPP/xamppfiles/htdocs/ami/system/Debug/ExceptionHandler.php(81): CodeIgniter\Debug\ExceptionHandler->respond(Array, 500)
#4 /Applications/XAMPP/xamppfiles/htdocs/ami/system/Debug/Exceptions.php(149): CodeIgniter\Debug\ExceptionHandler->handle(Object(mysqli_sql_exception), Object(CodeIgniter\HTTP\IncomingRequest), Object(CodeIgniter\HTTP\Response), 500, 8)
#5 [internal function]: CodeIgniter\Debug\Exceptions->exceptionHandler(Object(mysqli_sql_exception))
#6 {main}
  thrown
„ÄêPrevious Exception„Äë
CodeIgniter\Database\Exceptions\DatabaseException
Illegal mix of collations (utf8mb4_general_ci,IMPLICIT) and (utf8_general_ci,COERCIBLE) for operation '='
#0 /Applications/XAMPP/xamppfiles/htdocs/ami/system/Database/BaseBuilder.php(1615): CodeIgniter\Database\BaseConnection->query('SELECT *\nFROM `...', Array, false)
#1 /Applications/XAMPP/xamppfiles/htdocs/ami/system/Model.php(237): CodeIgniter\Database\BaseBuilder->get()
#2 /Applications/XAMPP/xamppfiles/htdocs/ami/system/BaseModel.php(624): CodeIgniter\Model->doFindAll(0, 0)
#3 /Applications/XAMPP/xamppfiles/htdocs/ami/app/Models/Admin/DetailModel.php(22): CodeIgniter\BaseModel->findAll()
#4 /Applications/XAMPP/xamppfiles/htdocs/ami/app/Controllers/AdminAreaAudit.php(630): App\Models\Admin\DetailModel->getAlldetail('j\xCB\x1E\xB6')
#5 /Applications/XAMPP/xamppfiles/htdocs/ami/system/CodeIgniter.php(942): App\Controllers\AdminAreaAudit->detail('assets', 'vendors', 'chartjs', 'Chart.min.css')
#6 /Applications/XAMPP/xamppfiles/htdocs/ami/system/CodeIgniter.php(502): CodeIgniter\CodeIgniter->runController(Object(App\Controllers\AdminAreaAudit))
#7 /Applications/XAMPP/xamppfiles/htdocs/ami/system/CodeIgniter.php(361): CodeIgniter\CodeIgniter->handleRequest(NULL, Object(Config\Cache), false)
#8 /Applications/XAMPP/xamppfiles/htdocs/ami/public/index.php(79): CodeIgniter\CodeIgniter->run()
#9 /Applications/XAMPP/xamppfiles/htdocs/ami/system/Commands/Server/rewrite.php(47): require_once('/Applications/X...')
#10 {main}
in SYSTEMPATH/Format/JSONFormatter.php on line 43.
 1 [internal function]: CodeIgniter\Debug\Exceptions->shutdownHandler()
INFO - 2024-04-27 23:19:45 --> Session: Class initialized using 'CodeIgniter\Session\Handlers\FileHandler' driver.
INFO - 2024-04-27 23:19:45 --> Session: Class initialized using 'CodeIgniter\Session\Handlers\FileHandler' driver.
ERROR - 2024-04-27 23:19:45 --> mysqli_sql_exception: Illegal mix of collations (utf8mb4_general_ci,IMPLICIT) and (utf8_general_ci,COERCIBLE) for operation '=' in /Applications/XAMPP/xamppfiles/htdocs/ami/system/Database/MySQLi/Connection.php:306
Stack trace:
#0 /Applications/XAMPP/xamppfiles/htdocs/ami/system/Database/MySQLi/Connection.php(306): mysqli->query('SELECT *\nFROM `...', 0)
#1 /Applications/XAMPP/xamppfiles/htdocs/ami/system/Database/BaseConnection.php(693): CodeIgniter\Database\MySQLi\Connection->execute('SELECT *\nFROM `...')
#2 /Applications/XAMPP/xamppfiles/htdocs/ami/system/Database/BaseConnection.php(607): CodeIgniter\Database\BaseConnection->simpleQuery('SELECT *\nFROM `...')
#3 /Applications/XAMPP/xamppfiles/htdocs/ami/system/Database/BaseBuilder.php(1615): CodeIgniter\Database\BaseConnection->query('SELECT *\nFROM `...', Array, false)
#4 /Applications/XAMPP/xamppfiles/htdocs/ami/system/Model.php(237): CodeIgniter\Database\BaseBuilder->get()
#5 /Applications/XAMPP/xamppfiles/htdocs/ami/system/BaseModel.php(624): CodeIgniter\Model->doFindAll(0, 0)
#6 /Applications/XAMPP/xamppfiles/htdocs/ami/app/Models/Admin/LanjutanModel.php(22): CodeIgniter\BaseModel->findAll()
#7 /Applications/XAMPP/xamppfiles/htdocs/ami/app/Controllers/AdminAreaAudit.php(482): App\Models\Admin\LanjutanModel->getAlllanjutan('j\xCB\x1E\xB6')
#8 /Applications/XAMPP/xamppfiles/htdocs/ami/system/CodeIgniter.php(942): App\Controllers\AdminAreaAudit->lanjutan('assets', 'vendors', 'chartjs', 'Chart.min.css')
#9 /Applications/XAMPP/xamppfiles/htdocs/ami/system/CodeIgniter.php(502): CodeIgniter\CodeIgniter->runController(Object(App\Controllers\AdminAreaAudit))
#10 /Applications/XAMPP/xamppfiles/htdocs/ami/system/CodeIgniter.php(361): CodeIgniter\CodeIgniter->handleRequest(NULL, Object(Config\Cache), false)
#11 /Applications/XAMPP/xamppfiles/htdocs/ami/public/index.php(79): CodeIgniter\CodeIgniter->run()
#12 /Applications/XAMPP/xamppfiles/htdocs/ami/system/Commands/Server/rewrite.php(47): require_once('/Applications/X...')
#13 {main}
CRITICAL - 2024-04-27 23:19:45 --> Illegal mix of collations (utf8mb4_general_ci,IMPLICIT) and (utf8_general_ci,COERCIBLE) for operation '='
in SYSTEMPATH/Database/BaseConnection.php on line 647.
 1 SYSTEMPATH/Database/BaseBuilder.php(1615): CodeIgniter\Database\BaseConnection->query('SELECT *
FROM `s_pertanyaan_lanjutan`
WHERE `s_p_isi_id` = :s_p_isi_id:
ORDER BY `urutan` ASC', [...], false)
 2 SYSTEMPATH/Model.php(237): CodeIgniter\Database\BaseBuilder->get()
 3 SYSTEMPATH/BaseModel.php(624): CodeIgniter\Model->doFindAll(0, 0)
 4 APPPATH/Models/Admin/LanjutanModel.php(22): CodeIgniter\BaseModel->findAll()
 5 APPPATH/Controllers/AdminAreaAudit.php(482): App\Models\Admin\LanjutanModel->getAlllanjutan('jÀ∂')
 6 SYSTEMPATH/CodeIgniter.php(942): App\Controllers\AdminAreaAudit->lanjutan('assets', 'vendors', 'chartjs', 'Chart.min.css')
 7 SYSTEMPATH/CodeIgniter.php(502): CodeIgniter\CodeIgniter->runController(Object(App\Controllers\AdminAreaAudit))
 8 SYSTEMPATH/CodeIgniter.php(361): CodeIgniter\CodeIgniter->handleRequest(null, Object(Config\Cache), false)
 9 FCPATH/index.php(79): CodeIgniter\CodeIgniter->run()
10 SYSTEMPATH/Commands/Server/rewrite.php(47): require_once('/Applications/XAMPP/xamppfiles/htdocs/ami/public/index.php')
CRITICAL - 2024-04-27 23:19:45 --> Uncaught CodeIgniter\Format\Exceptions\FormatException: Failed to parse JSON string. Error: Malformed UTF-8 characters, possibly incorrectly encoded in /Applications/XAMPP/xamppfiles/htdocs/ami/system/Format/JSONFormatter.php:43
Stack trace:
#0 /Applications/XAMPP/xamppfiles/htdocs/ami/system/Format/JSONFormatter.php(43): CodeIgniter\Format\Exceptions\FormatException::forInvalidJSON('Malformed UTF-8...')
#1 /Applications/XAMPP/xamppfiles/htdocs/ami/system/API/ResponseTrait.php(345): CodeIgniter\Format\JSONFormatter->format(Array)
#2 /Applications/XAMPP/xamppfiles/htdocs/ami/system/API/ResponseTrait.php(98): CodeIgniter\Debug\ExceptionHandler->format(Array)
#3 /Applications/XAMPP/xamppfiles/htdocs/ami/system/Debug/ExceptionHandler.php(81): CodeIgniter\Debug\ExceptionHandler->respond(Array, 500)
#4 /Applications/XAMPP/xamppfiles/htdocs/ami/system/Debug/Exceptions.php(149): CodeIgniter\Debug\ExceptionHandler->handle(Object(mysqli_sql_exception), Object(CodeIgniter\HTTP\IncomingRequest), Object(CodeIgniter\HTTP\Response), 500, 8)
#5 [internal function]: CodeIgniter\Debug\Exceptions->exceptionHandler(Object(mysqli_sql_exception))
#6 {main}
  thrown
„ÄêPrevious Exception„Äë
CodeIgniter\Database\Exceptions\DatabaseException
Illegal mix of collations (utf8mb4_general_ci,IMPLICIT) and (utf8_general_ci,COERCIBLE) for operation '='
#0 /Applications/XAMPP/xamppfiles/htdocs/ami/system/Database/BaseBuilder.php(1615): CodeIgniter\Database\BaseConnection->query('SELECT *\nFROM `...', Array, false)
#1 /Applications/XAMPP/xamppfiles/htdocs/ami/system/Model.php(237): CodeIgniter\Database\BaseBuilder->get()
#2 /Applications/XAMPP/xamppfiles/htdocs/ami/system/BaseModel.php(624): CodeIgniter\Model->doFindAll(0, 0)
#3 /Applications/XAMPP/xamppfiles/htdocs/ami/app/Models/Admin/LanjutanModel.php(22): CodeIgniter\BaseModel->findAll()
#4 /Applications/XAMPP/xamppfiles/htdocs/ami/app/Controllers/AdminAreaAudit.php(482): App\Models\Admin\LanjutanModel->getAlllanjutan('j\xCB\x1E\xB6')
#5 /Applications/XAMPP/xamppfiles/htdocs/ami/system/CodeIgniter.php(942): App\Controllers\AdminAreaAudit->lanjutan('assets', 'vendors', 'chartjs', 'Chart.min.css')
#6 /Applications/XAMPP/xamppfiles/htdocs/ami/system/CodeIgniter.php(502): CodeIgniter\CodeIgniter->runController(Object(App\Controllers\AdminAreaAudit))
#7 /Applications/XAMPP/xamppfiles/htdocs/ami/system/CodeIgniter.php(361): CodeIgniter\CodeIgniter->handleRequest(NULL, Object(Config\Cache), false)
#8 /Applications/XAMPP/xamppfiles/htdocs/ami/public/index.php(79): CodeIgniter\CodeIgniter->run()
#9 /Applications/XAMPP/xamppfiles/htdocs/ami/system/Commands/Server/rewrite.php(47): require_once('/Applications/X...')
#10 {main}
in SYSTEMPATH/Format/JSONFormatter.php on line 43.
 1 [internal function]: CodeIgniter\Debug\Exceptions->shutdownHandler()
INFO - 2024-04-27 23:19:45 --> Session: Class initialized using 'CodeIgniter\Session\Handlers\FileHandler' driver.
INFO - 2024-04-27 23:19:45 --> Session: Class initialized using 'CodeIgniter\Session\Handlers\FileHandler' driver.
ERROR - 2024-04-27 23:19:45 --> mysqli_sql_exception: Illegal mix of collations (utf8mb4_general_ci,IMPLICIT) and (utf8_general_ci,COERCIBLE) for operation '=' in /Applications/XAMPP/xamppfiles/htdocs/ami/system/Database/MySQLi/Connection.php:306
Stack trace:
#0 /Applications/XAMPP/xamppfiles/htdocs/ami/system/Database/MySQLi/Connection.php(306): mysqli->query('SELECT *\nFROM `...', 0)
#1 /Applications/XAMPP/xamppfiles/htdocs/ami/system/Database/BaseConnection.php(693): CodeIgniter\Database\MySQLi\Connection->execute('SELECT *\nFROM `...')
#2 /Applications/XAMPP/xamppfiles/htdocs/ami/system/Database/BaseConnection.php(607): CodeIgniter\Database\BaseConnection->simpleQuery('SELECT *\nFROM `...')
#3 /Applications/XAMPP/xamppfiles/htdocs/ami/system/Database/BaseBuilder.php(1615): CodeIgniter\Database\BaseConnection->query('SELECT *\nFROM `...', Array, false)
#4 /Applications/XAMPP/xamppfiles/htdocs/ami/system/Model.php(237): CodeIgniter\Database\BaseBuilder->get()
#5 /Applications/XAMPP/xamppfiles/htdocs/ami/system/BaseModel.php(624): CodeIgniter\Model->doFindAll(0, 0)
#6 /Applications/XAMPP/xamppfiles/htdocs/ami/app/Models/Admin/IsiModel.php(22): CodeIgniter\BaseModel->findAll()
#7 /Applications/XAMPP/xamppfiles/htdocs/ami/app/Controllers/AdminAreaAudit.php(333): App\Models\Admin\IsiModel->getAllisi('j\xCB\x1E\xB6')
#8 /Applications/XAMPP/xamppfiles/htdocs/ami/system/CodeIgniter.php(942): App\Controllers\AdminAreaAudit->isi('assets', 'vendors', 'chartjs', 'Chart.min.css')
#9 /Applications/XAMPP/xamppfiles/htdocs/ami/system/CodeIgniter.php(502): CodeIgniter\CodeIgniter->runController(Object(App\Controllers\AdminAreaAudit))
#10 /Applications/XAMPP/xamppfiles/htdocs/ami/system/CodeIgniter.php(361): CodeIgniter\CodeIgniter->handleRequest(NULL, Object(Config\Cache), false)
#11 /Applications/XAMPP/xamppfiles/htdocs/ami/public/index.php(79): CodeIgniter\CodeIgniter->run()
#12 /Applications/XAMPP/xamppfiles/htdocs/ami/system/Commands/Server/rewrite.php(47): require_once('/Applications/X...')
#13 {main}
CRITICAL - 2024-04-27 23:19:45 --> Illegal mix of collations (utf8mb4_general_ci,IMPLICIT) and (utf8_general_ci,COERCIBLE) for operation '='
in SYSTEMPATH/Database/BaseConnection.php on line 647.
 1 SYSTEMPATH/Database/BaseBuilder.php(1615): CodeIgniter\Database\BaseConnection->query('SELECT *
FROM `s_pertanyaan_isi`
WHERE `standar_id` = :standar_id:
ORDER BY `urutan` ASC', [...], false)
 2 SYSTEMPATH/Model.php(237): CodeIgniter\Database\BaseBuilder->get()
 3 SYSTEMPATH/BaseModel.php(624): CodeIgniter\Model->doFindAll(0, 0)
 4 APPPATH/Models/Admin/IsiModel.php(22): CodeIgniter\BaseModel->findAll()
 5 APPPATH/Controllers/AdminAreaAudit.php(333): App\Models\Admin\IsiModel->getAllisi('jÀ∂')
 6 SYSTEMPATH/CodeIgniter.php(942): App\Controllers\AdminAreaAudit->isi('assets', 'vendors', 'chartjs', 'Chart.min.css')
 7 SYSTEMPATH/CodeIgniter.php(502): CodeIgniter\CodeIgniter->runController(Object(App\Controllers\AdminAreaAudit))
 8 SYSTEMPATH/CodeIgniter.php(361): CodeIgniter\CodeIgniter->handleRequest(null, Object(Config\Cache), false)
 9 FCPATH/index.php(79): CodeIgniter\CodeIgniter->run()
10 SYSTEMPATH/Commands/Server/rewrite.php(47): require_once('/Applications/XAMPP/xamppfiles/htdocs/ami/public/index.php')
CRITICAL - 2024-04-27 23:19:45 --> Uncaught CodeIgniter\Format\Exceptions\FormatException: Failed to parse JSON string. Error: Malformed UTF-8 characters, possibly incorrectly encoded in /Applications/XAMPP/xamppfiles/htdocs/ami/system/Format/JSONFormatter.php:43
Stack trace:
#0 /Applications/XAMPP/xamppfiles/htdocs/ami/system/Format/JSONFormatter.php(43): CodeIgniter\Format\Exceptions\FormatException::forInvalidJSON('Malformed UTF-8...')
#1 /Applications/XAMPP/xamppfiles/htdocs/ami/system/API/ResponseTrait.php(345): CodeIgniter\Format\JSONFormatter->format(Array)
#2 /Applications/XAMPP/xamppfiles/htdocs/ami/system/API/ResponseTrait.php(98): CodeIgniter\Debug\ExceptionHandler->format(Array)
#3 /Applications/XAMPP/xamppfiles/htdocs/ami/system/Debug/ExceptionHandler.php(81): CodeIgniter\Debug\ExceptionHandler->respond(Array, 500)
#4 /Applications/XAMPP/xamppfiles/htdocs/ami/system/Debug/Exceptions.php(149): CodeIgniter\Debug\ExceptionHandler->handle(Object(mysqli_sql_exception), Object(CodeIgniter\HTTP\IncomingRequest), Object(CodeIgniter\HTTP\Response), 500, 8)
#5 [internal function]: CodeIgniter\Debug\Exceptions->exceptionHandler(Object(mysqli_sql_exception))
#6 {main}
  thrown
„ÄêPrevious Exception„Äë
CodeIgniter\Database\Exceptions\DatabaseException
Illegal mix of collations (utf8mb4_general_ci,IMPLICIT) and (utf8_general_ci,COERCIBLE) for operation '='
#0 /Applications/XAMPP/xamppfiles/htdocs/ami/system/Database/BaseBuilder.php(1615): CodeIgniter\Database\BaseConnection->query('SELECT *\nFROM `...', Array, false)
#1 /Applications/XAMPP/xamppfiles/htdocs/ami/system/Model.php(237): CodeIgniter\Database\BaseBuilder->get()
#2 /Applications/XAMPP/xamppfiles/htdocs/ami/system/BaseModel.php(624): CodeIgniter\Model->doFindAll(0, 0)
#3 /Applications/XAMPP/xamppfiles/htdocs/ami/app/Models/Admin/IsiModel.php(22): CodeIgniter\BaseModel->findAll()
#4 /Applications/XAMPP/xamppfiles/htdocs/ami/app/Controllers/AdminAreaAudit.php(333): App\Models\Admin\IsiModel->getAllisi('j\xCB\x1E\xB6')
#5 /Applications/XAMPP/xamppfiles/htdocs/ami/system/CodeIgniter.php(942): App\Controllers\AdminAreaAudit->isi('assets', 'vendors', 'chartjs', 'Chart.min.css')
#6 /Applications/XAMPP/xamppfiles/htdocs/ami/system/CodeIgniter.php(502): CodeIgniter\CodeIgniter->runController(Object(App\Controllers\AdminAreaAudit))
#7 /Applications/XAMPP/xamppfiles/htdocs/ami/system/CodeIgniter.php(361): CodeIgniter\CodeIgniter->handleRequest(NULL, Object(Config\Cache), false)
#8 /Applications/XAMPP/xamppfiles/htdocs/ami/public/index.php(79): CodeIgniter\CodeIgniter->run()
#9 /Applications/XAMPP/xamppfiles/htdocs/ami/system/Commands/Server/rewrite.php(47): require_once('/Applications/X...')
#10 {main}
in SYSTEMPATH/Format/JSONFormatter.php on line 43.
 1 [internal function]: CodeIgniter\Debug\Exceptions->shutdownHandler()
INFO - 2024-04-27 23:19:46 --> Session: Class initialized using 'CodeIgniter\Session\Handlers\FileHandler' driver.
INFO - 2024-04-27 23:19:46 --> Session: Class initialized using 'CodeIgniter\Session\Handlers\FileHandler' driver.
ERROR - 2024-04-27 23:19:46 --> mysqli_sql_exception: Illegal mix of collations (utf8mb4_general_ci,IMPLICIT) and (utf8_general_ci,COERCIBLE) for operation '=' in /Applications/XAMPP/xamppfiles/htdocs/ami/system/Database/MySQLi/Connection.php:306
Stack trace:
#0 /Applications/XAMPP/xamppfiles/htdocs/ami/system/Database/MySQLi/Connection.php(306): mysqli->query('SELECT *\nFROM `...', 0)
#1 /Applications/XAMPP/xamppfiles/htdocs/ami/system/Database/BaseConnection.php(693): CodeIgniter\Database\MySQLi\Connection->execute('SELECT *\nFROM `...')
#2 /Applications/XAMPP/xamppfiles/htdocs/ami/system/Database/BaseConnection.php(607): CodeIgniter\Database\BaseConnection->simpleQuery('SELECT *\nFROM `...')
#3 /Applications/XAMPP/xamppfiles/htdocs/ami/system/Database/BaseBuilder.php(1615): CodeIgniter\Database\BaseConnection->query('SELECT *\nFROM `...', Array, false)
#4 /Applications/XAMPP/xamppfiles/htdocs/ami/system/Model.php(237): CodeIgniter\Database\BaseBuilder->get()
#5 /Applications/XAMPP/xamppfiles/htdocs/ami/system/BaseModel.php(624): CodeIgniter\Model->doFindAll(0, 0)
#6 /Applications/XAMPP/xamppfiles/htdocs/ami/app/Models/Admin/StandarModel.php(22): CodeIgniter\BaseModel->findAll()
#7 /Applications/XAMPP/xamppfiles/htdocs/ami/app/Controllers/AdminAreaAudit.php(178): App\Models\Admin\StandarModel->getAllStandar('j\xCB\x1E\xB6')
#8 /Applications/XAMPP/xamppfiles/htdocs/ami/system/CodeIgniter.php(942): App\Controllers\AdminAreaAudit->Standar('assets', 'vendors', 'chartjs', 'Chart.min.css')
#9 /Applications/XAMPP/xamppfiles/htdocs/ami/system/CodeIgniter.php(502): CodeIgniter\CodeIgniter->runController(Object(App\Controllers\AdminAreaAudit))
#10 /Applications/XAMPP/xamppfiles/htdocs/ami/system/CodeIgniter.php(361): CodeIgniter\CodeIgniter->handleRequest(NULL, Object(Config\Cache), false)
#11 /Applications/XAMPP/xamppfiles/htdocs/ami/public/index.php(79): CodeIgniter\CodeIgniter->run()
#12 /Applications/XAMPP/xamppfiles/htdocs/ami/system/Commands/Server/rewrite.php(47): require_once('/Applications/X...')
#13 {main}
CRITICAL - 2024-04-27 23:19:46 --> Illegal mix of collations (utf8mb4_general_ci,IMPLICIT) and (utf8_general_ci,COERCIBLE) for operation '='
in SYSTEMPATH/Database/BaseConnection.php on line 647.
 1 SYSTEMPATH/Database/BaseBuilder.php(1615): CodeIgniter\Database\BaseConnection->query('SELECT *
FROM `standar`
WHERE `area_audit_id` = :area_audit_id:
ORDER BY `urutan` ASC', [...], false)
 2 SYSTEMPATH/Model.php(237): CodeIgniter\Database\BaseBuilder->get()
 3 SYSTEMPATH/BaseModel.php(624): CodeIgniter\Model->doFindAll(0, 0)
 4 APPPATH/Models/Admin/StandarModel.php(22): CodeIgniter\BaseModel->findAll()
 5 APPPATH/Controllers/AdminAreaAudit.php(178): App\Models\Admin\StandarModel->getAllStandar('jÀ∂')
 6 SYSTEMPATH/CodeIgniter.php(942): App\Controllers\AdminAreaAudit->Standar('assets', 'vendors', 'chartjs', 'Chart.min.css')
 7 SYSTEMPATH/CodeIgniter.php(502): CodeIgniter\CodeIgniter->runController(Object(App\Controllers\AdminAreaAudit))
 8 SYSTEMPATH/CodeIgniter.php(361): CodeIgniter\CodeIgniter->handleRequest(null, Object(Config\Cache), false)
 9 FCPATH/index.php(79): CodeIgniter\CodeIgniter->run()
10 SYSTEMPATH/Commands/Server/rewrite.php(47): require_once('/Applications/XAMPP/xamppfiles/htdocs/ami/public/index.php')
CRITICAL - 2024-04-27 23:19:46 --> Uncaught CodeIgniter\Format\Exceptions\FormatException: Failed to parse JSON string. Error: Malformed UTF-8 characters, possibly incorrectly encoded in /Applications/XAMPP/xamppfiles/htdocs/ami/system/Format/JSONFormatter.php:43
Stack trace:
#0 /Applications/XAMPP/xamppfiles/htdocs/ami/system/Format/JSONFormatter.php(43): CodeIgniter\Format\Exceptions\FormatException::forInvalidJSON('Malformed UTF-8...')
#1 /Applications/XAMPP/xamppfiles/htdocs/ami/system/API/ResponseTrait.php(345): CodeIgniter\Format\JSONFormatter->format(Array)
#2 /Applications/XAMPP/xamppfiles/htdocs/ami/system/API/ResponseTrait.php(98): CodeIgniter\Debug\ExceptionHandler->format(Array)
#3 /Applications/XAMPP/xamppfiles/htdocs/ami/system/Debug/ExceptionHandler.php(81): CodeIgniter\Debug\ExceptionHandler->respond(Array, 500)
#4 /Applications/XAMPP/xamppfiles/htdocs/ami/system/Debug/Exceptions.php(149): CodeIgniter\Debug\ExceptionHandler->handle(Object(mysqli_sql_exception), Object(CodeIgniter\HTTP\IncomingRequest), Object(CodeIgniter\HTTP\Response), 500, 8)
#5 [internal function]: CodeIgniter\Debug\Exceptions->exceptionHandler(Object(mysqli_sql_exception))
#6 {main}
  thrown
„ÄêPrevious Exception„Äë
CodeIgniter\Database\Exceptions\DatabaseException
Illegal mix of collations (utf8mb4_general_ci,IMPLICIT) and (utf8_general_ci,COERCIBLE) for operation '='
#0 /Applications/XAMPP/xamppfiles/htdocs/ami/system/Database/BaseBuilder.php(1615): CodeIgniter\Database\BaseConnection->query('SELECT *\nFROM `...', Array, false)
#1 /Applications/XAMPP/xamppfiles/htdocs/ami/system/Model.php(237): CodeIgniter\Database\BaseBuilder->get()
#2 /Applications/XAMPP/xamppfiles/htdocs/ami/system/BaseModel.php(624): CodeIgniter\Model->doFindAll(0, 0)
#3 /Applications/XAMPP/xamppfiles/htdocs/ami/app/Models/Admin/StandarModel.php(22): CodeIgniter\BaseModel->findAll()
#4 /Applications/XAMPP/xamppfiles/htdocs/ami/app/Controllers/AdminAreaAudit.php(178): App\Models\Admin\StandarModel->getAllStandar('j\xCB\x1E\xB6')
#5 /Applications/XAMPP/xamppfiles/htdocs/ami/system/CodeIgniter.php(942): App\Controllers\AdminAreaAudit->Standar('assets', 'vendors', 'chartjs', 'Chart.min.css')
#6 /Applications/XAMPP/xamppfiles/htdocs/ami/system/CodeIgniter.php(502): CodeIgniter\CodeIgniter->runController(Object(App\Controllers\AdminAreaAudit))
#7 /Applications/XAMPP/xamppfiles/htdocs/ami/system/CodeIgniter.php(361): CodeIgniter\CodeIgniter->handleRequest(NULL, Object(Config\Cache), false)
#8 /Applications/XAMPP/xamppfiles/htdocs/ami/public/index.php(79): CodeIgniter\CodeIgniter->run()
#9 /Applications/XAMPP/xamppfiles/htdocs/ami/system/Commands/Server/rewrite.php(47): require_once('/Applications/X...')
#10 {main}
in SYSTEMPATH/Format/JSONFormatter.php on line 43.
 1 [internal function]: CodeIgniter\Debug\Exceptions->shutdownHandler()
INFO - 2024-04-27 23:20:20 --> Session: Class initialized using 'CodeIgniter\Session\Handlers\FileHandler' driver.
INFO - 2024-04-27 23:20:20 --> Session: Class initialized using 'CodeIgniter\Session\Handlers\FileHandler' driver.
ERROR - 2024-04-27 23:20:20 --> mysqli_sql_exception: Illegal mix of collations (utf8mb4_general_ci,IMPLICIT) and (utf8_general_ci,COERCIBLE) for operation '=' in /Applications/XAMPP/xamppfiles/htdocs/ami/system/Database/MySQLi/Connection.php:306
Stack trace:
#0 /Applications/XAMPP/xamppfiles/htdocs/ami/system/Database/MySQLi/Connection.php(306): mysqli->query('SELECT *\nFROM `...', 0)
#1 /Applications/XAMPP/xamppfiles/htdocs/ami/system/Database/BaseConnection.php(693): CodeIgniter\Database\MySQLi\Connection->execute('SELECT *\nFROM `...')
#2 /Applications/XAMPP/xamppfiles/htdocs/ami/system/Database/BaseConnection.php(607): CodeIgniter\Database\BaseConnection->simpleQuery('SELECT *\nFROM `...')
#3 /Applications/XAMPP/xamppfiles/htdocs/ami/system/Database/BaseBuilder.php(1615): CodeIgniter\Database\BaseConnection->query('SELECT *\nFROM `...', Array, false)
#4 /Applications/XAMPP/xamppfiles/htdocs/ami/system/Model.php(871): CodeIgniter\Database\BaseBuilder->get()
#5 /Applications/XAMPP/xamppfiles/htdocs/ami/app/Models/Admin/AreaAuditModel.php(41): CodeIgniter\Model->__call('get', Array)
#6 /Applications/XAMPP/xamppfiles/htdocs/ami/app/Controllers/AdminAreaAudit.php(193): App\Models\Admin\AreaAuditModel->getAreaAuditById('j\xCB\x1E\xB6')
#7 /Applications/XAMPP/xamppfiles/htdocs/ami/system/CodeIgniter.php(942): App\Controllers\AdminAreaAudit->addStandar('assets', 'vendors', 'chartjs', 'Chart.min.css')
#8 /Applications/XAMPP/xamppfiles/htdocs/ami/system/CodeIgniter.php(502): CodeIgniter\CodeIgniter->runController(Object(App\Controllers\AdminAreaAudit))
#9 /Applications/XAMPP/xamppfiles/htdocs/ami/system/CodeIgniter.php(361): CodeIgniter\CodeIgniter->handleRequest(NULL, Object(Config\Cache), false)
#10 /Applications/XAMPP/xamppfiles/htdocs/ami/public/index.php(79): CodeIgniter\CodeIgniter->run()
#11 /Applications/XAMPP/xamppfiles/htdocs/ami/system/Commands/Server/rewrite.php(47): require_once('/Applications/X...')
#12 {main}
CRITICAL - 2024-04-27 23:20:20 --> Illegal mix of collations (utf8mb4_general_ci,IMPLICIT) and (utf8_general_ci,COERCIBLE) for operation '='
in SYSTEMPATH/Database/BaseConnection.php on line 647.
 1 SYSTEMPATH/Database/BaseBuilder.php(1615): CodeIgniter\Database\BaseConnection->query('SELECT *
FROM `area_audit`
WHERE `id` = :id:', [...], false)
 2 SYSTEMPATH/Model.php(871): CodeIgniter\Database\BaseBuilder->get()
 3 APPPATH/Models/Admin/AreaAuditModel.php(41): CodeIgniter\Model->__call('get', [])
 4 APPPATH/Controllers/AdminAreaAudit.php(193): App\Models\Admin\AreaAuditModel->getAreaAuditById('jÀ∂')
 5 SYSTEMPATH/CodeIgniter.php(942): App\Controllers\AdminAreaAudit->addStandar('assets', 'vendors', 'chartjs', 'Chart.min.css')
 6 SYSTEMPATH/CodeIgniter.php(502): CodeIgniter\CodeIgniter->runController(Object(App\Controllers\AdminAreaAudit))
 7 SYSTEMPATH/CodeIgniter.php(361): CodeIgniter\CodeIgniter->handleRequest(null, Object(Config\Cache), false)
 8 FCPATH/index.php(79): CodeIgniter\CodeIgniter->run()
 9 SYSTEMPATH/Commands/Server/rewrite.php(47): require_once('/Applications/XAMPP/xamppfiles/htdocs/ami/public/index.php')
CRITICAL - 2024-04-27 23:20:20 --> Uncaught CodeIgniter\Format\Exceptions\FormatException: Failed to parse JSON string. Error: Malformed UTF-8 characters, possibly incorrectly encoded in /Applications/XAMPP/xamppfiles/htdocs/ami/system/Format/JSONFormatter.php:43
Stack trace:
#0 /Applications/XAMPP/xamppfiles/htdocs/ami/system/Format/JSONFormatter.php(43): CodeIgniter\Format\Exceptions\FormatException::forInvalidJSON('Malformed UTF-8...')
#1 /Applications/XAMPP/xamppfiles/htdocs/ami/system/API/ResponseTrait.php(345): CodeIgniter\Format\JSONFormatter->format(Array)
#2 /Applications/XAMPP/xamppfiles/htdocs/ami/system/API/ResponseTrait.php(98): CodeIgniter\Debug\ExceptionHandler->format(Array)
#3 /Applications/XAMPP/xamppfiles/htdocs/ami/system/Debug/ExceptionHandler.php(81): CodeIgniter\Debug\ExceptionHandler->respond(Array, 500)
#4 /Applications/XAMPP/xamppfiles/htdocs/ami/system/Debug/Exceptions.php(149): CodeIgniter\Debug\ExceptionHandler->handle(Object(mysqli_sql_exception), Object(CodeIgniter\HTTP\IncomingRequest), Object(CodeIgniter\HTTP\Response), 500, 8)
#5 [internal function]: CodeIgniter\Debug\Exceptions->exceptionHandler(Object(mysqli_sql_exception))
#6 {main}
  thrown
„ÄêPrevious Exception„Äë
CodeIgniter\Database\Exceptions\DatabaseException
Illegal mix of collations (utf8mb4_general_ci,IMPLICIT) and (utf8_general_ci,COERCIBLE) for operation '='
#0 /Applications/XAMPP/xamppfiles/htdocs/ami/system/Database/BaseBuilder.php(1615): CodeIgniter\Database\BaseConnection->query('SELECT *\nFROM `...', Array, false)
#1 /Applications/XAMPP/xamppfiles/htdocs/ami/system/Model.php(871): CodeIgniter\Database\BaseBuilder->get()
#2 /Applications/XAMPP/xamppfiles/htdocs/ami/app/Models/Admin/AreaAuditModel.php(41): CodeIgniter\Model->__call('get', Array)
#3 /Applications/XAMPP/xamppfiles/htdocs/ami/app/Controllers/AdminAreaAudit.php(193): App\Models\Admin\AreaAuditModel->getAreaAuditById('j\xCB\x1E\xB6')
#4 /Applications/XAMPP/xamppfiles/htdocs/ami/system/CodeIgniter.php(942): App\Controllers\AdminAreaAudit->addStandar('assets', 'vendors', 'chartjs', 'Chart.min.css')
#5 /Applications/XAMPP/xamppfiles/htdocs/ami/system/CodeIgniter.php(502): CodeIgniter\CodeIgniter->runController(Object(App\Controllers\AdminAreaAudit))
#6 /Applications/XAMPP/xamppfiles/htdocs/ami/system/CodeIgniter.php(361): CodeIgniter\CodeIgniter->handleRequest(NULL, Object(Config\Cache), false)
#7 /Applications/XAMPP/xamppfiles/htdocs/ami/public/index.php(79): CodeIgniter\CodeIgniter->run()
#8 /Applications/XAMPP/xamppfiles/htdocs/ami/system/Commands/Server/rewrite.php(47): require_once('/Applications/X...')
#9 {main}
in SYSTEMPATH/Format/JSONFormatter.php on line 43.
 1 [internal function]: CodeIgniter\Debug\Exceptions->shutdownHandler()
INFO - 2024-04-27 23:20:28 --> Session: Class initialized using 'CodeIgniter\Session\Handlers\FileHandler' driver.
INFO - 2024-04-27 23:20:28 --> Session: Class initialized using 'CodeIgniter\Session\Handlers\FileHandler' driver.
INFO - 2024-04-27 23:20:28 --> Session: Class initialized using 'CodeIgniter\Session\Handlers\FileHandler' driver.
ERROR - 2024-04-27 23:20:28 --> mysqli_sql_exception: Illegal mix of collations (utf8mb4_general_ci,IMPLICIT) and (utf8_general_ci,COERCIBLE) for operation '=' in /Applications/XAMPP/xamppfiles/htdocs/ami/system/Database/MySQLi/Connection.php:306
Stack trace:
#0 /Applications/XAMPP/xamppfiles/htdocs/ami/system/Database/MySQLi/Connection.php(306): mysqli->query('SELECT *\nFROM `...', 0)
#1 /Applications/XAMPP/xamppfiles/htdocs/ami/system/Database/BaseConnection.php(693): CodeIgniter\Database\MySQLi\Connection->execute('SELECT *\nFROM `...')
#2 /Applications/XAMPP/xamppfiles/htdocs/ami/system/Database/BaseConnection.php(607): CodeIgniter\Database\BaseConnection->simpleQuery('SELECT *\nFROM `...')
#3 /Applications/XAMPP/xamppfiles/htdocs/ami/system/Database/BaseBuilder.php(1615): CodeIgniter\Database\BaseConnection->query('SELECT *\nFROM `...', Array, false)
#4 /Applications/XAMPP/xamppfiles/htdocs/ami/system/Model.php(237): CodeIgniter\Database\BaseBuilder->get()
#5 /Applications/XAMPP/xamppfiles/htdocs/ami/system/BaseModel.php(624): CodeIgniter\Model->doFindAll(0, 0)
#6 /Applications/XAMPP/xamppfiles/htdocs/ami/app/Models/Admin/StandarModel.php(22): CodeIgniter\BaseModel->findAll()
#7 /Applications/XAMPP/xamppfiles/htdocs/ami/app/Controllers/AdminAreaAudit.php(178): App\Models\Admin\StandarModel->getAllStandar('j\xCB\x1E\xB6')
#8 /Applications/XAMPP/xamppfiles/htdocs/ami/system/CodeIgniter.php(942): App\Controllers\AdminAreaAudit->Standar('assets', 'vendors', 'chartjs', 'Chart.min.css')
#9 /Applications/XAMPP/xamppfiles/htdocs/ami/system/CodeIgniter.php(502): CodeIgniter\CodeIgniter->runController(Object(App\Controllers\AdminAreaAudit))
#10 /Applications/XAMPP/xamppfiles/htdocs/ami/system/CodeIgniter.php(361): CodeIgniter\CodeIgniter->handleRequest(NULL, Object(Config\Cache), false)
#11 /Applications/XAMPP/xamppfiles/htdocs/ami/public/index.php(79): CodeIgniter\CodeIgniter->run()
#12 /Applications/XAMPP/xamppfiles/htdocs/ami/system/Commands/Server/rewrite.php(47): require_once('/Applications/X...')
#13 {main}
CRITICAL - 2024-04-27 23:20:28 --> Illegal mix of collations (utf8mb4_general_ci,IMPLICIT) and (utf8_general_ci,COERCIBLE) for operation '='
in SYSTEMPATH/Database/BaseConnection.php on line 647.
 1 SYSTEMPATH/Database/BaseBuilder.php(1615): CodeIgniter\Database\BaseConnection->query('SELECT *
FROM `standar`
WHERE `area_audit_id` = :area_audit_id:
ORDER BY `urutan` ASC', [...], false)
 2 SYSTEMPATH/Model.php(237): CodeIgniter\Database\BaseBuilder->get()
 3 SYSTEMPATH/BaseModel.php(624): CodeIgniter\Model->doFindAll(0, 0)
 4 APPPATH/Models/Admin/StandarModel.php(22): CodeIgniter\BaseModel->findAll()
 5 APPPATH/Controllers/AdminAreaAudit.php(178): App\Models\Admin\StandarModel->getAllStandar('jÀ∂')
 6 SYSTEMPATH/CodeIgniter.php(942): App\Controllers\AdminAreaAudit->Standar('assets', 'vendors', 'chartjs', 'Chart.min.css')
 7 SYSTEMPATH/CodeIgniter.php(502): CodeIgniter\CodeIgniter->runController(Object(App\Controllers\AdminAreaAudit))
 8 SYSTEMPATH/CodeIgniter.php(361): CodeIgniter\CodeIgniter->handleRequest(null, Object(Config\Cache), false)
 9 FCPATH/index.php(79): CodeIgniter\CodeIgniter->run()
10 SYSTEMPATH/Commands/Server/rewrite.php(47): require_once('/Applications/XAMPP/xamppfiles/htdocs/ami/public/index.php')
CRITICAL - 2024-04-27 23:20:28 --> Uncaught CodeIgniter\Format\Exceptions\FormatException: Failed to parse JSON string. Error: Malformed UTF-8 characters, possibly incorrectly encoded in /Applications/XAMPP/xamppfiles/htdocs/ami/system/Format/JSONFormatter.php:43
Stack trace:
#0 /Applications/XAMPP/xamppfiles/htdocs/ami/system/Format/JSONFormatter.php(43): CodeIgniter\Format\Exceptions\FormatException::forInvalidJSON('Malformed UTF-8...')
#1 /Applications/XAMPP/xamppfiles/htdocs/ami/system/API/ResponseTrait.php(345): CodeIgniter\Format\JSONFormatter->format(Array)
#2 /Applications/XAMPP/xamppfiles/htdocs/ami/system/API/ResponseTrait.php(98): CodeIgniter\Debug\ExceptionHandler->format(Array)
#3 /Applications/XAMPP/xamppfiles/htdocs/ami/system/Debug/ExceptionHandler.php(81): CodeIgniter\Debug\ExceptionHandler->respond(Array, 500)
#4 /Applications/XAMPP/xamppfiles/htdocs/ami/system/Debug/Exceptions.php(149): CodeIgniter\Debug\ExceptionHandler->handle(Object(mysqli_sql_exception), Object(CodeIgniter\HTTP\IncomingRequest), Object(CodeIgniter\HTTP\Response), 500, 8)
#5 [internal function]: CodeIgniter\Debug\Exceptions->exceptionHandler(Object(mysqli_sql_exception))
#6 {main}
  thrown
„ÄêPrevious Exception„Äë
CodeIgniter\Database\Exceptions\DatabaseException
Illegal mix of collations (utf8mb4_general_ci,IMPLICIT) and (utf8_general_ci,COERCIBLE) for operation '='
#0 /Applications/XAMPP/xamppfiles/htdocs/ami/system/Database/BaseBuilder.php(1615): CodeIgniter\Database\BaseConnection->query('SELECT *\nFROM `...', Array, false)
#1 /Applications/XAMPP/xamppfiles/htdocs/ami/system/Model.php(237): CodeIgniter\Database\BaseBuilder->get()
#2 /Applications/XAMPP/xamppfiles/htdocs/ami/system/BaseModel.php(624): CodeIgniter\Model->doFindAll(0, 0)
#3 /Applications/XAMPP/xamppfiles/htdocs/ami/app/Models/Admin/StandarModel.php(22): CodeIgniter\BaseModel->findAll()
#4 /Applications/XAMPP/xamppfiles/htdocs/ami/app/Controllers/AdminAreaAudit.php(178): App\Models\Admin\StandarModel->getAllStandar('j\xCB\x1E\xB6')
#5 /Applications/XAMPP/xamppfiles/htdocs/ami/system/CodeIgniter.php(942): App\Controllers\AdminAreaAudit->Standar('assets', 'vendors', 'chartjs', 'Chart.min.css')
#6 /Applications/XAMPP/xamppfiles/htdocs/ami/system/CodeIgniter.php(502): CodeIgniter\CodeIgniter->runController(Object(App\Controllers\AdminAreaAudit))
#7 /Applications/XAMPP/xamppfiles/htdocs/ami/system/CodeIgniter.php(361): CodeIgniter\CodeIgniter->handleRequest(NULL, Object(Config\Cache), false)
#8 /Applications/XAMPP/xamppfiles/htdocs/ami/public/index.php(79): CodeIgniter\CodeIgniter->run()
#9 /Applications/XAMPP/xamppfiles/htdocs/ami/system/Commands/Server/rewrite.php(47): require_once('/Applications/X...')
#10 {main}
in SYSTEMPATH/Format/JSONFormatter.php on line 43.
 1 [internal function]: CodeIgniter\Debug\Exceptions->shutdownHandler()
INFO - 2024-04-27 23:20:30 --> Session: Class initialized using 'CodeIgniter\Session\Handlers\FileHandler' driver.
INFO - 2024-04-27 23:20:31 --> Session: Class initialized using 'CodeIgniter\Session\Handlers\FileHandler' driver.
ERROR - 2024-04-27 23:20:31 --> mysqli_sql_exception: Illegal mix of collations (utf8mb4_general_ci,IMPLICIT) and (utf8_general_ci,COERCIBLE) for operation '=' in /Applications/XAMPP/xamppfiles/htdocs/ami/system/Database/MySQLi/Connection.php:306
Stack trace:
#0 /Applications/XAMPP/xamppfiles/htdocs/ami/system/Database/MySQLi/Connection.php(306): mysqli->query('SELECT *\nFROM `...', 0)
#1 /Applications/XAMPP/xamppfiles/htdocs/ami/system/Database/BaseConnection.php(693): CodeIgniter\Database\MySQLi\Connection->execute('SELECT *\nFROM `...')
#2 /Applications/XAMPP/xamppfiles/htdocs/ami/system/Database/BaseConnection.php(607): CodeIgniter\Database\BaseConnection->simpleQuery('SELECT *\nFROM `...')
#3 /Applications/XAMPP/xamppfiles/htdocs/ami/system/Database/BaseBuilder.php(1615): CodeIgniter\Database\BaseConnection->query('SELECT *\nFROM `...', Array, false)
#4 /Applications/XAMPP/xamppfiles/htdocs/ami/system/Model.php(237): CodeIgniter\Database\BaseBuilder->get()
#5 /Applications/XAMPP/xamppfiles/htdocs/ami/system/BaseModel.php(624): CodeIgniter\Model->doFindAll(0, 0)
#6 /Applications/XAMPP/xamppfiles/htdocs/ami/app/Models/Admin/IsiModel.php(22): CodeIgniter\BaseModel->findAll()
#7 /Applications/XAMPP/xamppfiles/htdocs/ami/app/Controllers/AdminAreaAudit.php(333): App\Models\Admin\IsiModel->getAllisi('j\xCB\x1E\xB6')
#8 /Applications/XAMPP/xamppfiles/htdocs/ami/system/CodeIgniter.php(942): App\Controllers\AdminAreaAudit->isi('assets', 'vendors', 'chartjs', 'Chart.min.css')
#9 /Applications/XAMPP/xamppfiles/htdocs/ami/system/CodeIgniter.php(502): CodeIgniter\CodeIgniter->runController(Object(App\Controllers\AdminAreaAudit))
#10 /Applications/XAMPP/xamppfiles/htdocs/ami/system/CodeIgniter.php(361): CodeIgniter\CodeIgniter->handleRequest(NULL, Object(Config\Cache), false)
#11 /Applications/XAMPP/xamppfiles/htdocs/ami/public/index.php(79): CodeIgniter\CodeIgniter->run()
#12 /Applications/XAMPP/xamppfiles/htdocs/ami/system/Commands/Server/rewrite.php(47): require_once('/Applications/X...')
#13 {main}
CRITICAL - 2024-04-27 23:20:31 --> Illegal mix of collations (utf8mb4_general_ci,IMPLICIT) and (utf8_general_ci,COERCIBLE) for operation '='
in SYSTEMPATH/Database/BaseConnection.php on line 647.
 1 SYSTEMPATH/Database/BaseBuilder.php(1615): CodeIgniter\Database\BaseConnection->query('SELECT *
FROM `s_pertanyaan_isi`
WHERE `standar_id` = :standar_id:
ORDER BY `urutan` ASC', [...], false)
 2 SYSTEMPATH/Model.php(237): CodeIgniter\Database\BaseBuilder->get()
 3 SYSTEMPATH/BaseModel.php(624): CodeIgniter\Model->doFindAll(0, 0)
 4 APPPATH/Models/Admin/IsiModel.php(22): CodeIgniter\BaseModel->findAll()
 5 APPPATH/Controllers/AdminAreaAudit.php(333): App\Models\Admin\IsiModel->getAllisi('jÀ∂')
 6 SYSTEMPATH/CodeIgniter.php(942): App\Controllers\AdminAreaAudit->isi('assets', 'vendors', 'chartjs', 'Chart.min.css')
 7 SYSTEMPATH/CodeIgniter.php(502): CodeIgniter\CodeIgniter->runController(Object(App\Controllers\AdminAreaAudit))
 8 SYSTEMPATH/CodeIgniter.php(361): CodeIgniter\CodeIgniter->handleRequest(null, Object(Config\Cache), false)
 9 FCPATH/index.php(79): CodeIgniter\CodeIgniter->run()
10 SYSTEMPATH/Commands/Server/rewrite.php(47): require_once('/Applications/XAMPP/xamppfiles/htdocs/ami/public/index.php')
CRITICAL - 2024-04-27 23:20:31 --> Uncaught CodeIgniter\Format\Exceptions\FormatException: Failed to parse JSON string. Error: Malformed UTF-8 characters, possibly incorrectly encoded in /Applications/XAMPP/xamppfiles/htdocs/ami/system/Format/JSONFormatter.php:43
Stack trace:
#0 /Applications/XAMPP/xamppfiles/htdocs/ami/system/Format/JSONFormatter.php(43): CodeIgniter\Format\Exceptions\FormatException::forInvalidJSON('Malformed UTF-8...')
#1 /Applications/XAMPP/xamppfiles/htdocs/ami/system/API/ResponseTrait.php(345): CodeIgniter\Format\JSONFormatter->format(Array)
#2 /Applications/XAMPP/xamppfiles/htdocs/ami/system/API/ResponseTrait.php(98): CodeIgniter\Debug\ExceptionHandler->format(Array)
#3 /Applications/XAMPP/xamppfiles/htdocs/ami/system/Debug/ExceptionHandler.php(81): CodeIgniter\Debug\ExceptionHandler->respond(Array, 500)
#4 /Applications/XAMPP/xamppfiles/htdocs/ami/system/Debug/Exceptions.php(149): CodeIgniter\Debug\ExceptionHandler->handle(Object(mysqli_sql_exception), Object(CodeIgniter\HTTP\IncomingRequest), Object(CodeIgniter\HTTP\Response), 500, 8)
#5 [internal function]: CodeIgniter\Debug\Exceptions->exceptionHandler(Object(mysqli_sql_exception))
#6 {main}
  thrown
„ÄêPrevious Exception„Äë
CodeIgniter\Database\Exceptions\DatabaseException
Illegal mix of collations (utf8mb4_general_ci,IMPLICIT) and (utf8_general_ci,COERCIBLE) for operation '='
#0 /Applications/XAMPP/xamppfiles/htdocs/ami/system/Database/BaseBuilder.php(1615): CodeIgniter\Database\BaseConnection->query('SELECT *\nFROM `...', Array, false)
#1 /Applications/XAMPP/xamppfiles/htdocs/ami/system/Model.php(237): CodeIgniter\Database\BaseBuilder->get()
#2 /Applications/XAMPP/xamppfiles/htdocs/ami/system/BaseModel.php(624): CodeIgniter\Model->doFindAll(0, 0)
#3 /Applications/XAMPP/xamppfiles/htdocs/ami/app/Models/Admin/IsiModel.php(22): CodeIgniter\BaseModel->findAll()
#4 /Applications/XAMPP/xamppfiles/htdocs/ami/app/Controllers/AdminAreaAudit.php(333): App\Models\Admin\IsiModel->getAllisi('j\xCB\x1E\xB6')
#5 /Applications/XAMPP/xamppfiles/htdocs/ami/system/CodeIgniter.php(942): App\Controllers\AdminAreaAudit->isi('assets', 'vendors', 'chartjs', 'Chart.min.css')
#6 /Applications/XAMPP/xamppfiles/htdocs/ami/system/CodeIgniter.php(502): CodeIgniter\CodeIgniter->runController(Object(App\Controllers\AdminAreaAudit))
#7 /Applications/XAMPP/xamppfiles/htdocs/ami/system/CodeIgniter.php(361): CodeIgniter\CodeIgniter->handleRequest(NULL, Object(Config\Cache), false)
#8 /Applications/XAMPP/xamppfiles/htdocs/ami/public/index.php(79): CodeIgniter\CodeIgniter->run()
#9 /Applications/XAMPP/xamppfiles/htdocs/ami/system/Commands/Server/rewrite.php(47): require_once('/Applications/X...')
#10 {main}
in SYSTEMPATH/Format/JSONFormatter.php on line 43.
 1 [internal function]: CodeIgniter\Debug\Exceptions->shutdownHandler()
INFO - 2024-04-27 23:20:38 --> Session: Class initialized using 'CodeIgniter\Session\Handlers\FileHandler' driver.
INFO - 2024-04-27 23:20:39 --> Session: Class initialized using 'CodeIgniter\Session\Handlers\FileHandler' driver.
ERROR - 2024-04-27 23:20:39 --> mysqli_sql_exception: Illegal mix of collations (utf8mb4_general_ci,IMPLICIT) and (utf8_general_ci,COERCIBLE) for operation '=' in /Applications/XAMPP/xamppfiles/htdocs/ami/system/Database/MySQLi/Connection.php:306
Stack trace:
#0 /Applications/XAMPP/xamppfiles/htdocs/ami/system/Database/MySQLi/Connection.php(306): mysqli->query('SELECT `area_au...', 0)
#1 /Applications/XAMPP/xamppfiles/htdocs/ami/system/Database/BaseConnection.php(693): CodeIgniter\Database\MySQLi\Connection->execute('SELECT `area_au...')
#2 /Applications/XAMPP/xamppfiles/htdocs/ami/system/Database/BaseConnection.php(607): CodeIgniter\Database\BaseConnection->simpleQuery('SELECT `area_au...')
#3 /Applications/XAMPP/xamppfiles/htdocs/ami/system/Database/BaseBuilder.php(1615): CodeIgniter\Database\BaseConnection->query('SELECT `area_au...', Array, false)
#4 /Applications/XAMPP/xamppfiles/htdocs/ami/system/Model.php(871): CodeIgniter\Database\BaseBuilder->get()
#5 /Applications/XAMPP/xamppfiles/htdocs/ami/app/Models/Admin/StandarModel.php(47): CodeIgniter\Model->__call('get', Array)
#6 /Applications/XAMPP/xamppfiles/htdocs/ami/app/Controllers/AdminAreaAudit.php(348): App\Models\Admin\StandarModel->getStandarById('j\xCB\x1E\xB6')
#7 /Applications/XAMPP/xamppfiles/htdocs/ami/system/CodeIgniter.php(942): App\Controllers\AdminAreaAudit->addisi('assets', 'vendors', 'chartjs', 'Chart.min.css')
#8 /Applications/XAMPP/xamppfiles/htdocs/ami/system/CodeIgniter.php(502): CodeIgniter\CodeIgniter->runController(Object(App\Controllers\AdminAreaAudit))
#9 /Applications/XAMPP/xamppfiles/htdocs/ami/system/CodeIgniter.php(361): CodeIgniter\CodeIgniter->handleRequest(NULL, Object(Config\Cache), false)
#10 /Applications/XAMPP/xamppfiles/htdocs/ami/public/index.php(79): CodeIgniter\CodeIgniter->run()
#11 /Applications/XAMPP/xamppfiles/htdocs/ami/system/Commands/Server/rewrite.php(47): require_once('/Applications/X...')
#12 {main}
CRITICAL - 2024-04-27 23:20:39 --> Illegal mix of collations (utf8mb4_general_ci,IMPLICIT) and (utf8_general_ci,COERCIBLE) for operation '='
in SYSTEMPATH/Database/BaseConnection.php on line 647.
 1 SYSTEMPATH/Database/BaseBuilder.php(1615): CodeIgniter\Database\BaseConnection->query('SELECT `area_audit`.`area_audit`, `standar`.*
FROM `standar`
JOIN `area_audit` ON `standar`.`area_audit_id` = `area_audit`.`id`
WHERE `standar`.`id` = :standar.id:', [...], false)
 2 SYSTEMPATH/Model.php(871): CodeIgniter\Database\BaseBuilder->get()
 3 APPPATH/Models/Admin/StandarModel.php(47): CodeIgniter\Model->__call('get', [])
 4 APPPATH/Controllers/AdminAreaAudit.php(348): App\Models\Admin\StandarModel->getStandarById('jÀ∂')
 5 SYSTEMPATH/CodeIgniter.php(942): App\Controllers\AdminAreaAudit->addisi('assets', 'vendors', 'chartjs', 'Chart.min.css')
 6 SYSTEMPATH/CodeIgniter.php(502): CodeIgniter\CodeIgniter->runController(Object(App\Controllers\AdminAreaAudit))
 7 SYSTEMPATH/CodeIgniter.php(361): CodeIgniter\CodeIgniter->handleRequest(null, Object(Config\Cache), false)
 8 FCPATH/index.php(79): CodeIgniter\CodeIgniter->run()
 9 SYSTEMPATH/Commands/Server/rewrite.php(47): require_once('/Applications/XAMPP/xamppfiles/htdocs/ami/public/index.php')
CRITICAL - 2024-04-27 23:20:39 --> Uncaught CodeIgniter\Format\Exceptions\FormatException: Failed to parse JSON string. Error: Malformed UTF-8 characters, possibly incorrectly encoded in /Applications/XAMPP/xamppfiles/htdocs/ami/system/Format/JSONFormatter.php:43
Stack trace:
#0 /Applications/XAMPP/xamppfiles/htdocs/ami/system/Format/JSONFormatter.php(43): CodeIgniter\Format\Exceptions\FormatException::forInvalidJSON('Malformed UTF-8...')
#1 /Applications/XAMPP/xamppfiles/htdocs/ami/system/API/ResponseTrait.php(345): CodeIgniter\Format\JSONFormatter->format(Array)
#2 /Applications/XAMPP/xamppfiles/htdocs/ami/system/API/ResponseTrait.php(98): CodeIgniter\Debug\ExceptionHandler->format(Array)
#3 /Applications/XAMPP/xamppfiles/htdocs/ami/system/Debug/ExceptionHandler.php(81): CodeIgniter\Debug\ExceptionHandler->respond(Array, 500)
#4 /Applications/XAMPP/xamppfiles/htdocs/ami/system/Debug/Exceptions.php(149): CodeIgniter\Debug\ExceptionHandler->handle(Object(mysqli_sql_exception), Object(CodeIgniter\HTTP\IncomingRequest), Object(CodeIgniter\HTTP\Response), 500, 8)
#5 [internal function]: CodeIgniter\Debug\Exceptions->exceptionHandler(Object(mysqli_sql_exception))
#6 {main}
  thrown
„ÄêPrevious Exception„Äë
CodeIgniter\Database\Exceptions\DatabaseException
Illegal mix of collations (utf8mb4_general_ci,IMPLICIT) and (utf8_general_ci,COERCIBLE) for operation '='
#0 /Applications/XAMPP/xamppfiles/htdocs/ami/system/Database/BaseBuilder.php(1615): CodeIgniter\Database\BaseConnection->query('SELECT `area_au...', Array, false)
#1 /Applications/XAMPP/xamppfiles/htdocs/ami/system/Model.php(871): CodeIgniter\Database\BaseBuilder->get()
#2 /Applications/XAMPP/xamppfiles/htdocs/ami/app/Models/Admin/StandarModel.php(47): CodeIgniter\Model->__call('get', Array)
#3 /Applications/XAMPP/xamppfiles/htdocs/ami/app/Controllers/AdminAreaAudit.php(348): App\Models\Admin\StandarModel->getStandarById('j\xCB\x1E\xB6')
#4 /Applications/XAMPP/xamppfiles/htdocs/ami/system/CodeIgniter.php(942): App\Controllers\AdminAreaAudit->addisi('assets', 'vendors', 'chartjs', 'Chart.min.css')
#5 /Applications/XAMPP/xamppfiles/htdocs/ami/system/CodeIgniter.php(502): CodeIgniter\CodeIgniter->runController(Object(App\Controllers\AdminAreaAudit))
#6 /Applications/XAMPP/xamppfiles/htdocs/ami/system/CodeIgniter.php(361): CodeIgniter\CodeIgniter->handleRequest(NULL, Object(Config\Cache), false)
#7 /Applications/XAMPP/xamppfiles/htdocs/ami/public/index.php(79): CodeIgniter\CodeIgniter->run()
#8 /Applications/XAMPP/xamppfiles/htdocs/ami/system/Commands/Server/rewrite.php(47): require_once('/Applications/X...')
#9 {main}
in SYSTEMPATH/Format/JSONFormatter.php on line 43.
 1 [internal function]: CodeIgniter\Debug\Exceptions->shutdownHandler()
INFO - 2024-04-27 23:20:42 --> Session: Class initialized using 'CodeIgniter\Session\Handlers\FileHandler' driver.
INFO - 2024-04-27 23:20:42 --> Session: Class initialized using 'CodeIgniter\Session\Handlers\FileHandler' driver.
INFO - 2024-04-27 23:20:42 --> Session: Class initialized using 'CodeIgniter\Session\Handlers\FileHandler' driver.
ERROR - 2024-04-27 23:20:42 --> mysqli_sql_exception: Illegal mix of collations (utf8mb4_general_ci,IMPLICIT) and (utf8_general_ci,COERCIBLE) for operation '=' in /Applications/XAMPP/xamppfiles/htdocs/ami/system/Database/MySQLi/Connection.php:306
Stack trace:
#0 /Applications/XAMPP/xamppfiles/htdocs/ami/system/Database/MySQLi/Connection.php(306): mysqli->query('SELECT *\nFROM `...', 0)
#1 /Applications/XAMPP/xamppfiles/htdocs/ami/system/Database/BaseConnection.php(693): CodeIgniter\Database\MySQLi\Connection->execute('SELECT *\nFROM `...')
#2 /Applications/XAMPP/xamppfiles/htdocs/ami/system/Database/BaseConnection.php(607): CodeIgniter\Database\BaseConnection->simpleQuery('SELECT *\nFROM `...')
#3 /Applications/XAMPP/xamppfiles/htdocs/ami/system/Database/BaseBuilder.php(1615): CodeIgniter\Database\BaseConnection->query('SELECT *\nFROM `...', Array, false)
#4 /Applications/XAMPP/xamppfiles/htdocs/ami/system/Model.php(237): CodeIgniter\Database\BaseBuilder->get()
#5 /Applications/XAMPP/xamppfiles/htdocs/ami/system/BaseModel.php(624): CodeIgniter\Model->doFindAll(0, 0)
#6 /Applications/XAMPP/xamppfiles/htdocs/ami/app/Models/Admin/IsiModel.php(22): CodeIgniter\BaseModel->findAll()
#7 /Applications/XAMPP/xamppfiles/htdocs/ami/app/Controllers/AdminAreaAudit.php(333): App\Models\Admin\IsiModel->getAllisi('j\xCB\x1E\xB6')
#8 /Applications/XAMPP/xamppfiles/htdocs/ami/system/CodeIgniter.php(942): App\Controllers\AdminAreaAudit->isi('assets', 'vendors', 'chartjs', 'Chart.min.css')
#9 /Applications/XAMPP/xamppfiles/htdocs/ami/system/CodeIgniter.php(502): CodeIgniter\CodeIgniter->runController(Object(App\Controllers\AdminAreaAudit))
#10 /Applications/XAMPP/xamppfiles/htdocs/ami/system/CodeIgniter.php(361): CodeIgniter\CodeIgniter->handleRequest(NULL, Object(Config\Cache), false)
#11 /Applications/XAMPP/xamppfiles/htdocs/ami/public/index.php(79): CodeIgniter\CodeIgniter->run()
#12 /Applications/XAMPP/xamppfiles/htdocs/ami/system/Commands/Server/rewrite.php(47): require_once('/Applications/X...')
#13 {main}
CRITICAL - 2024-04-27 23:20:42 --> Illegal mix of collations (utf8mb4_general_ci,IMPLICIT) and (utf8_general_ci,COERCIBLE) for operation '='
in SYSTEMPATH/Database/BaseConnection.php on line 647.
 1 SYSTEMPATH/Database/BaseBuilder.php(1615): CodeIgniter\Database\BaseConnection->query('SELECT *
FROM `s_pertanyaan_isi`
WHERE `standar_id` = :standar_id:
ORDER BY `urutan` ASC', [...], false)
 2 SYSTEMPATH/Model.php(237): CodeIgniter\Database\BaseBuilder->get()
 3 SYSTEMPATH/BaseModel.php(624): CodeIgniter\Model->doFindAll(0, 0)
 4 APPPATH/Models/Admin/IsiModel.php(22): CodeIgniter\BaseModel->findAll()
 5 APPPATH/Controllers/AdminAreaAudit.php(333): App\Models\Admin\IsiModel->getAllisi('jÀ∂')
 6 SYSTEMPATH/CodeIgniter.php(942): App\Controllers\AdminAreaAudit->isi('assets', 'vendors', 'chartjs', 'Chart.min.css')
 7 SYSTEMPATH/CodeIgniter.php(502): CodeIgniter\CodeIgniter->runController(Object(App\Controllers\AdminAreaAudit))
 8 SYSTEMPATH/CodeIgniter.php(361): CodeIgniter\CodeIgniter->handleRequest(null, Object(Config\Cache), false)
 9 FCPATH/index.php(79): CodeIgniter\CodeIgniter->run()
10 SYSTEMPATH/Commands/Server/rewrite.php(47): require_once('/Applications/XAMPP/xamppfiles/htdocs/ami/public/index.php')
CRITICAL - 2024-04-27 23:20:42 --> Uncaught CodeIgniter\Format\Exceptions\FormatException: Failed to parse JSON string. Error: Malformed UTF-8 characters, possibly incorrectly encoded in /Applications/XAMPP/xamppfiles/htdocs/ami/system/Format/JSONFormatter.php:43
Stack trace:
#0 /Applications/XAMPP/xamppfiles/htdocs/ami/system/Format/JSONFormatter.php(43): CodeIgniter\Format\Exceptions\FormatException::forInvalidJSON('Malformed UTF-8...')
#1 /Applications/XAMPP/xamppfiles/htdocs/ami/system/API/ResponseTrait.php(345): CodeIgniter\Format\JSONFormatter->format(Array)
#2 /Applications/XAMPP/xamppfiles/htdocs/ami/system/API/ResponseTrait.php(98): CodeIgniter\Debug\ExceptionHandler->format(Array)
#3 /Applications/XAMPP/xamppfiles/htdocs/ami/system/Debug/ExceptionHandler.php(81): CodeIgniter\Debug\ExceptionHandler->respond(Array, 500)
#4 /Applications/XAMPP/xamppfiles/htdocs/ami/system/Debug/Exceptions.php(149): CodeIgniter\Debug\ExceptionHandler->handle(Object(mysqli_sql_exception), Object(CodeIgniter\HTTP\IncomingRequest), Object(CodeIgniter\HTTP\Response), 500, 8)
#5 [internal function]: CodeIgniter\Debug\Exceptions->exceptionHandler(Object(mysqli_sql_exception))
#6 {main}
  thrown
„ÄêPrevious Exception„Äë
CodeIgniter\Database\Exceptions\DatabaseException
Illegal mix of collations (utf8mb4_general_ci,IMPLICIT) and (utf8_general_ci,COERCIBLE) for operation '='
#0 /Applications/XAMPP/xamppfiles/htdocs/ami/system/Database/BaseBuilder.php(1615): CodeIgniter\Database\BaseConnection->query('SELECT *\nFROM `...', Array, false)
#1 /Applications/XAMPP/xamppfiles/htdocs/ami/system/Model.php(237): CodeIgniter\Database\BaseBuilder->get()
#2 /Applications/XAMPP/xamppfiles/htdocs/ami/system/BaseModel.php(624): CodeIgniter\Model->doFindAll(0, 0)
#3 /Applications/XAMPP/xamppfiles/htdocs/ami/app/Models/Admin/IsiModel.php(22): CodeIgniter\BaseModel->findAll()
#4 /Applications/XAMPP/xamppfiles/htdocs/ami/app/Controllers/AdminAreaAudit.php(333): App\Models\Admin\IsiModel->getAllisi('j\xCB\x1E\xB6')
#5 /Applications/XAMPP/xamppfiles/htdocs/ami/system/CodeIgniter.php(942): App\Controllers\AdminAreaAudit->isi('assets', 'vendors', 'chartjs', 'Chart.min.css')
#6 /Applications/XAMPP/xamppfiles/htdocs/ami/system/CodeIgniter.php(502): CodeIgniter\CodeIgniter->runController(Object(App\Controllers\AdminAreaAudit))
#7 /Applications/XAMPP/xamppfiles/htdocs/ami/system/CodeIgniter.php(361): CodeIgniter\CodeIgniter->handleRequest(NULL, Object(Config\Cache), false)
#8 /Applications/XAMPP/xamppfiles/htdocs/ami/public/index.php(79): CodeIgniter\CodeIgniter->run()
#9 /Applications/XAMPP/xamppfiles/htdocs/ami/system/Commands/Server/rewrite.php(47): require_once('/Applications/X...')
#10 {main}
in SYSTEMPATH/Format/JSONFormatter.php on line 43.
 1 [internal function]: CodeIgniter\Debug\Exceptions->shutdownHandler()
INFO - 2024-04-27 23:20:47 --> Session: Class initialized using 'CodeIgniter\Session\Handlers\FileHandler' driver.
INFO - 2024-04-27 23:20:47 --> Session: Class initialized using 'CodeIgniter\Session\Handlers\FileHandler' driver.
ERROR - 2024-04-27 23:20:47 --> mysqli_sql_exception: Illegal mix of collations (utf8mb4_general_ci,IMPLICIT) and (utf8_general_ci,COERCIBLE) for operation '=' in /Applications/XAMPP/xamppfiles/htdocs/ami/system/Database/MySQLi/Connection.php:306
Stack trace:
#0 /Applications/XAMPP/xamppfiles/htdocs/ami/system/Database/MySQLi/Connection.php(306): mysqli->query('SELECT *\nFROM `...', 0)
#1 /Applications/XAMPP/xamppfiles/htdocs/ami/system/Database/BaseConnection.php(693): CodeIgniter\Database\MySQLi\Connection->execute('SELECT *\nFROM `...')
#2 /Applications/XAMPP/xamppfiles/htdocs/ami/system/Database/BaseConnection.php(607): CodeIgniter\Database\BaseConnection->simpleQuery('SELECT *\nFROM `...')
#3 /Applications/XAMPP/xamppfiles/htdocs/ami/system/Database/BaseBuilder.php(1615): CodeIgniter\Database\BaseConnection->query('SELECT *\nFROM `...', Array, false)
#4 /Applications/XAMPP/xamppfiles/htdocs/ami/system/Model.php(237): CodeIgniter\Database\BaseBuilder->get()
#5 /Applications/XAMPP/xamppfiles/htdocs/ami/system/BaseModel.php(624): CodeIgniter\Model->doFindAll(0, 0)
#6 /Applications/XAMPP/xamppfiles/htdocs/ami/app/Models/Admin/LanjutanModel.php(22): CodeIgniter\BaseModel->findAll()
#7 /Applications/XAMPP/xamppfiles/htdocs/ami/app/Controllers/AdminAreaAudit.php(482): App\Models\Admin\LanjutanModel->getAlllanjutan('j\xCB\x1E\xB6')
#8 /Applications/XAMPP/xamppfiles/htdocs/ami/system/CodeIgniter.php(942): App\Controllers\AdminAreaAudit->lanjutan('assets', 'vendors', 'chartjs', 'Chart.min.css')
#9 /Applications/XAMPP/xamppfiles/htdocs/ami/system/CodeIgniter.php(502): CodeIgniter\CodeIgniter->runController(Object(App\Controllers\AdminAreaAudit))
#10 /Applications/XAMPP/xamppfiles/htdocs/ami/system/CodeIgniter.php(361): CodeIgniter\CodeIgniter->handleRequest(NULL, Object(Config\Cache), false)
#11 /Applications/XAMPP/xamppfiles/htdocs/ami/public/index.php(79): CodeIgniter\CodeIgniter->run()
#12 /Applications/XAMPP/xamppfiles/htdocs/ami/system/Commands/Server/rewrite.php(47): require_once('/Applications/X...')
#13 {main}
CRITICAL - 2024-04-27 23:20:47 --> Illegal mix of collations (utf8mb4_general_ci,IMPLICIT) and (utf8_general_ci,COERCIBLE) for operation '='
in SYSTEMPATH/Database/BaseConnection.php on line 647.
 1 SYSTEMPATH/Database/BaseBuilder.php(1615): CodeIgniter\Database\BaseConnection->query('SELECT *
FROM `s_pertanyaan_lanjutan`
WHERE `s_p_isi_id` = :s_p_isi_id:
ORDER BY `urutan` ASC', [...], false)
 2 SYSTEMPATH/Model.php(237): CodeIgniter\Database\BaseBuilder->get()
 3 SYSTEMPATH/BaseModel.php(624): CodeIgniter\Model->doFindAll(0, 0)
 4 APPPATH/Models/Admin/LanjutanModel.php(22): CodeIgniter\BaseModel->findAll()
 5 APPPATH/Controllers/AdminAreaAudit.php(482): App\Models\Admin\LanjutanModel->getAlllanjutan('jÀ∂')
 6 SYSTEMPATH/CodeIgniter.php(942): App\Controllers\AdminAreaAudit->lanjutan('assets', 'vendors', 'chartjs', 'Chart.min.css')
 7 SYSTEMPATH/CodeIgniter.php(502): CodeIgniter\CodeIgniter->runController(Object(App\Controllers\AdminAreaAudit))
 8 SYSTEMPATH/CodeIgniter.php(361): CodeIgniter\CodeIgniter->handleRequest(null, Object(Config\Cache), false)
 9 FCPATH/index.php(79): CodeIgniter\CodeIgniter->run()
10 SYSTEMPATH/Commands/Server/rewrite.php(47): require_once('/Applications/XAMPP/xamppfiles/htdocs/ami/public/index.php')
CRITICAL - 2024-04-27 23:20:47 --> Uncaught CodeIgniter\Format\Exceptions\FormatException: Failed to parse JSON string. Error: Malformed UTF-8 characters, possibly incorrectly encoded in /Applications/XAMPP/xamppfiles/htdocs/ami/system/Format/JSONFormatter.php:43
Stack trace:
#0 /Applications/XAMPP/xamppfiles/htdocs/ami/system/Format/JSONFormatter.php(43): CodeIgniter\Format\Exceptions\FormatException::forInvalidJSON('Malformed UTF-8...')
#1 /Applications/XAMPP/xamppfiles/htdocs/ami/system/API/ResponseTrait.php(345): CodeIgniter\Format\JSONFormatter->format(Array)
#2 /Applications/XAMPP/xamppfiles/htdocs/ami/system/API/ResponseTrait.php(98): CodeIgniter\Debug\ExceptionHandler->format(Array)
#3 /Applications/XAMPP/xamppfiles/htdocs/ami/system/Debug/ExceptionHandler.php(81): CodeIgniter\Debug\ExceptionHandler->respond(Array, 500)
#4 /Applications/XAMPP/xamppfiles/htdocs/ami/system/Debug/Exceptions.php(149): CodeIgniter\Debug\ExceptionHandler->handle(Object(mysqli_sql_exception), Object(CodeIgniter\HTTP\IncomingRequest), Object(CodeIgniter\HTTP\Response), 500, 8)
#5 [internal function]: CodeIgniter\Debug\Exceptions->exceptionHandler(Object(mysqli_sql_exception))
#6 {main}
  thrown
„ÄêPrevious Exception„Äë
CodeIgniter\Database\Exceptions\DatabaseException
Illegal mix of collations (utf8mb4_general_ci,IMPLICIT) and (utf8_general_ci,COERCIBLE) for operation '='
#0 /Applications/XAMPP/xamppfiles/htdocs/ami/system/Database/BaseBuilder.php(1615): CodeIgniter\Database\BaseConnection->query('SELECT *\nFROM `...', Array, false)
#1 /Applications/XAMPP/xamppfiles/htdocs/ami/system/Model.php(237): CodeIgniter\Database\BaseBuilder->get()
#2 /Applications/XAMPP/xamppfiles/htdocs/ami/system/BaseModel.php(624): CodeIgniter\Model->doFindAll(0, 0)
#3 /Applications/XAMPP/xamppfiles/htdocs/ami/app/Models/Admin/LanjutanModel.php(22): CodeIgniter\BaseModel->findAll()
#4 /Applications/XAMPP/xamppfiles/htdocs/ami/app/Controllers/AdminAreaAudit.php(482): App\Models\Admin\LanjutanModel->getAlllanjutan('j\xCB\x1E\xB6')
#5 /Applications/XAMPP/xamppfiles/htdocs/ami/system/CodeIgniter.php(942): App\Controllers\AdminAreaAudit->lanjutan('assets', 'vendors', 'chartjs', 'Chart.min.css')
#6 /Applications/XAMPP/xamppfiles/htdocs/ami/system/CodeIgniter.php(502): CodeIgniter\CodeIgniter->runController(Object(App\Controllers\AdminAreaAudit))
#7 /Applications/XAMPP/xamppfiles/htdocs/ami/system/CodeIgniter.php(361): CodeIgniter\CodeIgniter->handleRequest(NULL, Object(Config\Cache), false)
#8 /Applications/XAMPP/xamppfiles/htdocs/ami/public/index.php(79): CodeIgniter\CodeIgniter->run()
#9 /Applications/XAMPP/xamppfiles/htdocs/ami/system/Commands/Server/rewrite.php(47): require_once('/Applications/X...')
#10 {main}
in SYSTEMPATH/Format/JSONFormatter.php on line 43.
 1 [internal function]: CodeIgniter\Debug\Exceptions->shutdownHandler()
INFO - 2024-04-27 23:20:49 --> Session: Class initialized using 'CodeIgniter\Session\Handlers\FileHandler' driver.
INFO - 2024-04-27 23:20:49 --> Session: Class initialized using 'CodeIgniter\Session\Handlers\FileHandler' driver.
ERROR - 2024-04-27 23:20:49 --> mysqli_sql_exception: Illegal mix of collations (utf8mb4_general_ci,IMPLICIT) and (utf8_general_ci,COERCIBLE) for operation '=' in /Applications/XAMPP/xamppfiles/htdocs/ami/system/Database/MySQLi/Connection.php:306
Stack trace:
#0 /Applications/XAMPP/xamppfiles/htdocs/ami/system/Database/MySQLi/Connection.php(306): mysqli->query('SELECT `standar...', 0)
#1 /Applications/XAMPP/xamppfiles/htdocs/ami/system/Database/BaseConnection.php(693): CodeIgniter\Database\MySQLi\Connection->execute('SELECT `standar...')
#2 /Applications/XAMPP/xamppfiles/htdocs/ami/system/Database/BaseConnection.php(607): CodeIgniter\Database\BaseConnection->simpleQuery('SELECT `standar...')
#3 /Applications/XAMPP/xamppfiles/htdocs/ami/system/Database/BaseBuilder.php(1615): CodeIgniter\Database\BaseConnection->query('SELECT `standar...', Array, false)
#4 /Applications/XAMPP/xamppfiles/htdocs/ami/system/Model.php(871): CodeIgniter\Database\BaseBuilder->get()
#5 /Applications/XAMPP/xamppfiles/htdocs/ami/app/Models/Admin/IsiModel.php(49): CodeIgniter\Model->__call('get', Array)
#6 /Applications/XAMPP/xamppfiles/htdocs/ami/app/Controllers/AdminAreaAudit.php(498): App\Models\Admin\IsiModel->getisiById('j\xCB\x1E\xB6')
#7 /Applications/XAMPP/xamppfiles/htdocs/ami/system/CodeIgniter.php(942): App\Controllers\AdminAreaAudit->addlanjutan('assets', 'vendors', 'chartjs', 'Chart.min.css')
#8 /Applications/XAMPP/xamppfiles/htdocs/ami/system/CodeIgniter.php(502): CodeIgniter\CodeIgniter->runController(Object(App\Controllers\AdminAreaAudit))
#9 /Applications/XAMPP/xamppfiles/htdocs/ami/system/CodeIgniter.php(361): CodeIgniter\CodeIgniter->handleRequest(NULL, Object(Config\Cache), false)
#10 /Applications/XAMPP/xamppfiles/htdocs/ami/public/index.php(79): CodeIgniter\CodeIgniter->run()
#11 /Applications/XAMPP/xamppfiles/htdocs/ami/system/Commands/Server/rewrite.php(47): require_once('/Applications/X...')
#12 {main}
CRITICAL - 2024-04-27 23:20:49 --> Illegal mix of collations (utf8mb4_general_ci,IMPLICIT) and (utf8_general_ci,COERCIBLE) for operation '='
in SYSTEMPATH/Database/BaseConnection.php on line 647.
 1 SYSTEMPATH/Database/BaseBuilder.php(1615): CodeIgniter\Database\BaseConnection->query('SELECT `standar`.`standar`, `s_pertanyaan_isi`.*
FROM `s_pertanyaan_isi`
JOIN `standar` ON `s_pertanyaan_isi`.`standar_id` = `standar`.`id`
WHERE `s_pertanyaan_isi`.`id` = :s_pertanyaan_isi.id:', [...], false)
 2 SYSTEMPATH/Model.php(871): CodeIgniter\Database\BaseBuilder->get()
 3 APPPATH/Models/Admin/IsiModel.php(49): CodeIgniter\Model->__call('get', [])
 4 APPPATH/Controllers/AdminAreaAudit.php(498): App\Models\Admin\IsiModel->getisiById('jÀ∂')
 5 SYSTEMPATH/CodeIgniter.php(942): App\Controllers\AdminAreaAudit->addlanjutan('assets', 'vendors', 'chartjs', 'Chart.min.css')
 6 SYSTEMPATH/CodeIgniter.php(502): CodeIgniter\CodeIgniter->runController(Object(App\Controllers\AdminAreaAudit))
 7 SYSTEMPATH/CodeIgniter.php(361): CodeIgniter\CodeIgniter->handleRequest(null, Object(Config\Cache), false)
 8 FCPATH/index.php(79): CodeIgniter\CodeIgniter->run()
 9 SYSTEMPATH/Commands/Server/rewrite.php(47): require_once('/Applications/XAMPP/xamppfiles/htdocs/ami/public/index.php')
CRITICAL - 2024-04-27 23:20:49 --> Uncaught CodeIgniter\Format\Exceptions\FormatException: Failed to parse JSON string. Error: Malformed UTF-8 characters, possibly incorrectly encoded in /Applications/XAMPP/xamppfiles/htdocs/ami/system/Format/JSONFormatter.php:43
Stack trace:
#0 /Applications/XAMPP/xamppfiles/htdocs/ami/system/Format/JSONFormatter.php(43): CodeIgniter\Format\Exceptions\FormatException::forInvalidJSON('Malformed UTF-8...')
#1 /Applications/XAMPP/xamppfiles/htdocs/ami/system/API/ResponseTrait.php(345): CodeIgniter\Format\JSONFormatter->format(Array)
#2 /Applications/XAMPP/xamppfiles/htdocs/ami/system/API/ResponseTrait.php(98): CodeIgniter\Debug\ExceptionHandler->format(Array)
#3 /Applications/XAMPP/xamppfiles/htdocs/ami/system/Debug/ExceptionHandler.php(81): CodeIgniter\Debug\ExceptionHandler->respond(Array, 500)
#4 /Applications/XAMPP/xamppfiles/htdocs/ami/system/Debug/Exceptions.php(149): CodeIgniter\Debug\ExceptionHandler->handle(Object(mysqli_sql_exception), Object(CodeIgniter\HTTP\IncomingRequest), Object(CodeIgniter\HTTP\Response), 500, 8)
#5 [internal function]: CodeIgniter\Debug\Exceptions->exceptionHandler(Object(mysqli_sql_exception))
#6 {main}
  thrown
„ÄêPrevious Exception„Äë
CodeIgniter\Database\Exceptions\DatabaseException
Illegal mix of collations (utf8mb4_general_ci,IMPLICIT) and (utf8_general_ci,COERCIBLE) for operation '='
#0 /Applications/XAMPP/xamppfiles/htdocs/ami/system/Database/BaseBuilder.php(1615): CodeIgniter\Database\BaseConnection->query('SELECT `standar...', Array, false)
#1 /Applications/XAMPP/xamppfiles/htdocs/ami/system/Model.php(871): CodeIgniter\Database\BaseBuilder->get()
#2 /Applications/XAMPP/xamppfiles/htdocs/ami/app/Models/Admin/IsiModel.php(49): CodeIgniter\Model->__call('get', Array)
#3 /Applications/XAMPP/xamppfiles/htdocs/ami/app/Controllers/AdminAreaAudit.php(498): App\Models\Admin\IsiModel->getisiById('j\xCB\x1E\xB6')
#4 /Applications/XAMPP/xamppfiles/htdocs/ami/system/CodeIgniter.php(942): App\Controllers\AdminAreaAudit->addlanjutan('assets', 'vendors', 'chartjs', 'Chart.min.css')
#5 /Applications/XAMPP/xamppfiles/htdocs/ami/system/CodeIgniter.php(502): CodeIgniter\CodeIgniter->runController(Object(App\Controllers\AdminAreaAudit))
#6 /Applications/XAMPP/xamppfiles/htdocs/ami/system/CodeIgniter.php(361): CodeIgniter\CodeIgniter->handleRequest(NULL, Object(Config\Cache), false)
#7 /Applications/XAMPP/xamppfiles/htdocs/ami/public/index.php(79): CodeIgniter\CodeIgniter->run()
#8 /Applications/XAMPP/xamppfiles/htdocs/ami/system/Commands/Server/rewrite.php(47): require_once('/Applications/X...')
#9 {main}
in SYSTEMPATH/Format/JSONFormatter.php on line 43.
 1 [internal function]: CodeIgniter\Debug\Exceptions->shutdownHandler()
INFO - 2024-04-27 23:24:43 --> Session: Class initialized using 'CodeIgniter\Session\Handlers\FileHandler' driver.
INFO - 2024-04-27 23:24:43 --> Session: Class initialized using 'CodeIgniter\Session\Handlers\FileHandler' driver.
ERROR - 2024-04-27 23:24:43 --> mysqli_sql_exception: Illegal mix of collations (utf8mb4_general_ci,IMPLICIT) and (utf8_general_ci,COERCIBLE) for operation '=' in /Applications/XAMPP/xamppfiles/htdocs/ami/system/Database/MySQLi/Connection.php:306
Stack trace:
#0 /Applications/XAMPP/xamppfiles/htdocs/ami/system/Database/MySQLi/Connection.php(306): mysqli->query('SELECT `standar...', 0)
#1 /Applications/XAMPP/xamppfiles/htdocs/ami/system/Database/BaseConnection.php(693): CodeIgniter\Database\MySQLi\Connection->execute('SELECT `standar...')
#2 /Applications/XAMPP/xamppfiles/htdocs/ami/system/Database/BaseConnection.php(607): CodeIgniter\Database\BaseConnection->simpleQuery('SELECT `standar...')
#3 /Applications/XAMPP/xamppfiles/htdocs/ami/system/Database/BaseBuilder.php(1615): CodeIgniter\Database\BaseConnection->query('SELECT `standar...', Array, false)
#4 /Applications/XAMPP/xamppfiles/htdocs/ami/system/Model.php(871): CodeIgniter\Database\BaseBuilder->get()
#5 /Applications/XAMPP/xamppfiles/htdocs/ami/app/Models/Admin/IsiModel.php(49): CodeIgniter\Model->__call('get', Array)
#6 /Applications/XAMPP/xamppfiles/htdocs/ami/app/Controllers/AdminAreaAudit.php(498): App\Models\Admin\IsiModel->getisiById('j\xCB\x1E\xB6')
#7 /Applications/XAMPP/xamppfiles/htdocs/ami/system/CodeIgniter.php(942): App\Controllers\AdminAreaAudit->addlanjutan('assets', 'vendors', 'chartjs', 'Chart.min.css')
#8 /Applications/XAMPP/xamppfiles/htdocs/ami/system/CodeIgniter.php(502): CodeIgniter\CodeIgniter->runController(Object(App\Controllers\AdminAreaAudit))
#9 /Applications/XAMPP/xamppfiles/htdocs/ami/system/CodeIgniter.php(361): CodeIgniter\CodeIgniter->handleRequest(NULL, Object(Config\Cache), false)
#10 /Applications/XAMPP/xamppfiles/htdocs/ami/public/index.php(79): CodeIgniter\CodeIgniter->run()
#11 /Applications/XAMPP/xamppfiles/htdocs/ami/system/Commands/Server/rewrite.php(47): require_once('/Applications/X...')
#12 {main}
CRITICAL - 2024-04-27 23:24:43 --> Illegal mix of collations (utf8mb4_general_ci,IMPLICIT) and (utf8_general_ci,COERCIBLE) for operation '='
in SYSTEMPATH/Database/BaseConnection.php on line 647.
 1 SYSTEMPATH/Database/BaseBuilder.php(1615): CodeIgniter\Database\BaseConnection->query('SELECT `standar`.`standar`, `s_pertanyaan_isi`.*
FROM `s_pertanyaan_isi`
JOIN `standar` ON `s_pertanyaan_isi`.`standar_id` = `standar`.`id`
WHERE `s_pertanyaan_isi`.`id` = :s_pertanyaan_isi.id:', [...], false)
 2 SYSTEMPATH/Model.php(871): CodeIgniter\Database\BaseBuilder->get()
 3 APPPATH/Models/Admin/IsiModel.php(49): CodeIgniter\Model->__call('get', [])
 4 APPPATH/Controllers/AdminAreaAudit.php(498): App\Models\Admin\IsiModel->getisiById('jÀ∂')
 5 SYSTEMPATH/CodeIgniter.php(942): App\Controllers\AdminAreaAudit->addlanjutan('assets', 'vendors', 'chartjs', 'Chart.min.css')
 6 SYSTEMPATH/CodeIgniter.php(502): CodeIgniter\CodeIgniter->runController(Object(App\Controllers\AdminAreaAudit))
 7 SYSTEMPATH/CodeIgniter.php(361): CodeIgniter\CodeIgniter->handleRequest(null, Object(Config\Cache), false)
 8 FCPATH/index.php(79): CodeIgniter\CodeIgniter->run()
 9 SYSTEMPATH/Commands/Server/rewrite.php(47): require_once('/Applications/XAMPP/xamppfiles/htdocs/ami/public/index.php')
CRITICAL - 2024-04-27 23:24:43 --> Uncaught CodeIgniter\Format\Exceptions\FormatException: Failed to parse JSON string. Error: Malformed UTF-8 characters, possibly incorrectly encoded in /Applications/XAMPP/xamppfiles/htdocs/ami/system/Format/JSONFormatter.php:43
Stack trace:
#0 /Applications/XAMPP/xamppfiles/htdocs/ami/system/Format/JSONFormatter.php(43): CodeIgniter\Format\Exceptions\FormatException::forInvalidJSON('Malformed UTF-8...')
#1 /Applications/XAMPP/xamppfiles/htdocs/ami/system/API/ResponseTrait.php(345): CodeIgniter\Format\JSONFormatter->format(Array)
#2 /Applications/XAMPP/xamppfiles/htdocs/ami/system/API/ResponseTrait.php(98): CodeIgniter\Debug\ExceptionHandler->format(Array)
#3 /Applications/XAMPP/xamppfiles/htdocs/ami/system/Debug/ExceptionHandler.php(81): CodeIgniter\Debug\ExceptionHandler->respond(Array, 500)
#4 /Applications/XAMPP/xamppfiles/htdocs/ami/system/Debug/Exceptions.php(149): CodeIgniter\Debug\ExceptionHandler->handle(Object(mysqli_sql_exception), Object(CodeIgniter\HTTP\IncomingRequest), Object(CodeIgniter\HTTP\Response), 500, 8)
#5 [internal function]: CodeIgniter\Debug\Exceptions->exceptionHandler(Object(mysqli_sql_exception))
#6 {main}
  thrown
„ÄêPrevious Exception„Äë
CodeIgniter\Database\Exceptions\DatabaseException
Illegal mix of collations (utf8mb4_general_ci,IMPLICIT) and (utf8_general_ci,COERCIBLE) for operation '='
#0 /Applications/XAMPP/xamppfiles/htdocs/ami/system/Database/BaseBuilder.php(1615): CodeIgniter\Database\BaseConnection->query('SELECT `standar...', Array, false)
#1 /Applications/XAMPP/xamppfiles/htdocs/ami/system/Model.php(871): CodeIgniter\Database\BaseBuilder->get()
#2 /Applications/XAMPP/xamppfiles/htdocs/ami/app/Models/Admin/IsiModel.php(49): CodeIgniter\Model->__call('get', Array)
#3 /Applications/XAMPP/xamppfiles/htdocs/ami/app/Controllers/AdminAreaAudit.php(498): App\Models\Admin\IsiModel->getisiById('j\xCB\x1E\xB6')
#4 /Applications/XAMPP/xamppfiles/htdocs/ami/system/CodeIgniter.php(942): App\Controllers\AdminAreaAudit->addlanjutan('assets', 'vendors', 'chartjs', 'Chart.min.css')
#5 /Applications/XAMPP/xamppfiles/htdocs/ami/system/CodeIgniter.php(502): CodeIgniter\CodeIgniter->runController(Object(App\Controllers\AdminAreaAudit))
#6 /Applications/XAMPP/xamppfiles/htdocs/ami/system/CodeIgniter.php(361): CodeIgniter\CodeIgniter->handleRequest(NULL, Object(Config\Cache), false)
#7 /Applications/XAMPP/xamppfiles/htdocs/ami/public/index.php(79): CodeIgniter\CodeIgniter->run()
#8 /Applications/XAMPP/xamppfiles/htdocs/ami/system/Commands/Server/rewrite.php(47): require_once('/Applications/X...')
#9 {main}
in SYSTEMPATH/Format/JSONFormatter.php on line 43.
 1 [internal function]: CodeIgniter\Debug\Exceptions->shutdownHandler()
INFO - 2024-04-27 23:25:16 --> Session: Class initialized using 'CodeIgniter\Session\Handlers\FileHandler' driver.
INFO - 2024-04-27 23:25:16 --> Session: Class initialized using 'CodeIgniter\Session\Handlers\FileHandler' driver.
ERROR - 2024-04-27 23:25:16 --> mysqli_sql_exception: Illegal mix of collations (utf8mb4_general_ci,IMPLICIT) and (utf8_general_ci,COERCIBLE) for operation '=' in /Applications/XAMPP/xamppfiles/htdocs/ami/system/Database/MySQLi/Connection.php:306
Stack trace:
#0 /Applications/XAMPP/xamppfiles/htdocs/ami/system/Database/MySQLi/Connection.php(306): mysqli->query('SELECT `standar...', 0)
#1 /Applications/XAMPP/xamppfiles/htdocs/ami/system/Database/BaseConnection.php(693): CodeIgniter\Database\MySQLi\Connection->execute('SELECT `standar...')
#2 /Applications/XAMPP/xamppfiles/htdocs/ami/system/Database/BaseConnection.php(607): CodeIgniter\Database\BaseConnection->simpleQuery('SELECT `standar...')
#3 /Applications/XAMPP/xamppfiles/htdocs/ami/system/Database/BaseBuilder.php(1615): CodeIgniter\Database\BaseConnection->query('SELECT `standar...', Array, false)
#4 /Applications/XAMPP/xamppfiles/htdocs/ami/system/Model.php(871): CodeIgniter\Database\BaseBuilder->get()
#5 /Applications/XAMPP/xamppfiles/htdocs/ami/app/Models/Admin/IsiModel.php(49): CodeIgniter\Model->__call('get', Array)
#6 /Applications/XAMPP/xamppfiles/htdocs/ami/app/Controllers/AdminAreaAudit.php(498): App\Models\Admin\IsiModel->getisiById('j\xCB\x1E\xB6')
#7 /Applications/XAMPP/xamppfiles/htdocs/ami/system/CodeIgniter.php(942): App\Controllers\AdminAreaAudit->addlanjutan('assets', 'vendors', 'chartjs', 'Chart.min.css')
#8 /Applications/XAMPP/xamppfiles/htdocs/ami/system/CodeIgniter.php(502): CodeIgniter\CodeIgniter->runController(Object(App\Controllers\AdminAreaAudit))
#9 /Applications/XAMPP/xamppfiles/htdocs/ami/system/CodeIgniter.php(361): CodeIgniter\CodeIgniter->handleRequest(NULL, Object(Config\Cache), false)
#10 /Applications/XAMPP/xamppfiles/htdocs/ami/public/index.php(79): CodeIgniter\CodeIgniter->run()
#11 /Applications/XAMPP/xamppfiles/htdocs/ami/system/Commands/Server/rewrite.php(47): require_once('/Applications/X...')
#12 {main}
CRITICAL - 2024-04-27 23:25:16 --> Illegal mix of collations (utf8mb4_general_ci,IMPLICIT) and (utf8_general_ci,COERCIBLE) for operation '='
in SYSTEMPATH/Database/BaseConnection.php on line 647.
 1 SYSTEMPATH/Database/BaseBuilder.php(1615): CodeIgniter\Database\BaseConnection->query('SELECT `standar`.`standar`, `s_pertanyaan_isi`.*
FROM `s_pertanyaan_isi`
JOIN `standar` ON `s_pertanyaan_isi`.`standar_id` = `standar`.`id`
WHERE `s_pertanyaan_isi`.`id` = :s_pertanyaan_isi.id:', [...], false)
 2 SYSTEMPATH/Model.php(871): CodeIgniter\Database\BaseBuilder->get()
 3 APPPATH/Models/Admin/IsiModel.php(49): CodeIgniter\Model->__call('get', [])
 4 APPPATH/Controllers/AdminAreaAudit.php(498): App\Models\Admin\IsiModel->getisiById('jÀ∂')
 5 SYSTEMPATH/CodeIgniter.php(942): App\Controllers\AdminAreaAudit->addlanjutan('assets', 'vendors', 'chartjs', 'Chart.min.css')
 6 SYSTEMPATH/CodeIgniter.php(502): CodeIgniter\CodeIgniter->runController(Object(App\Controllers\AdminAreaAudit))
 7 SYSTEMPATH/CodeIgniter.php(361): CodeIgniter\CodeIgniter->handleRequest(null, Object(Config\Cache), false)
 8 FCPATH/index.php(79): CodeIgniter\CodeIgniter->run()
 9 SYSTEMPATH/Commands/Server/rewrite.php(47): require_once('/Applications/XAMPP/xamppfiles/htdocs/ami/public/index.php')
CRITICAL - 2024-04-27 23:25:16 --> Uncaught CodeIgniter\Format\Exceptions\FormatException: Failed to parse JSON string. Error: Malformed UTF-8 characters, possibly incorrectly encoded in /Applications/XAMPP/xamppfiles/htdocs/ami/system/Format/JSONFormatter.php:43
Stack trace:
#0 /Applications/XAMPP/xamppfiles/htdocs/ami/system/Format/JSONFormatter.php(43): CodeIgniter\Format\Exceptions\FormatException::forInvalidJSON('Malformed UTF-8...')
#1 /Applications/XAMPP/xamppfiles/htdocs/ami/system/API/ResponseTrait.php(345): CodeIgniter\Format\JSONFormatter->format(Array)
#2 /Applications/XAMPP/xamppfiles/htdocs/ami/system/API/ResponseTrait.php(98): CodeIgniter\Debug\ExceptionHandler->format(Array)
#3 /Applications/XAMPP/xamppfiles/htdocs/ami/system/Debug/ExceptionHandler.php(81): CodeIgniter\Debug\ExceptionHandler->respond(Array, 500)
#4 /Applications/XAMPP/xamppfiles/htdocs/ami/system/Debug/Exceptions.php(149): CodeIgniter\Debug\ExceptionHandler->handle(Object(mysqli_sql_exception), Object(CodeIgniter\HTTP\IncomingRequest), Object(CodeIgniter\HTTP\Response), 500, 8)
#5 [internal function]: CodeIgniter\Debug\Exceptions->exceptionHandler(Object(mysqli_sql_exception))
#6 {main}
  thrown
„ÄêPrevious Exception„Äë
CodeIgniter\Database\Exceptions\DatabaseException
Illegal mix of collations (utf8mb4_general_ci,IMPLICIT) and (utf8_general_ci,COERCIBLE) for operation '='
#0 /Applications/XAMPP/xamppfiles/htdocs/ami/system/Database/BaseBuilder.php(1615): CodeIgniter\Database\BaseConnection->query('SELECT `standar...', Array, false)
#1 /Applications/XAMPP/xamppfiles/htdocs/ami/system/Model.php(871): CodeIgniter\Database\BaseBuilder->get()
#2 /Applications/XAMPP/xamppfiles/htdocs/ami/app/Models/Admin/IsiModel.php(49): CodeIgniter\Model->__call('get', Array)
#3 /Applications/XAMPP/xamppfiles/htdocs/ami/app/Controllers/AdminAreaAudit.php(498): App\Models\Admin\IsiModel->getisiById('j\xCB\x1E\xB6')
#4 /Applications/XAMPP/xamppfiles/htdocs/ami/system/CodeIgniter.php(942): App\Controllers\AdminAreaAudit->addlanjutan('assets', 'vendors', 'chartjs', 'Chart.min.css')
#5 /Applications/XAMPP/xamppfiles/htdocs/ami/system/CodeIgniter.php(502): CodeIgniter\CodeIgniter->runController(Object(App\Controllers\AdminAreaAudit))
#6 /Applications/XAMPP/xamppfiles/htdocs/ami/system/CodeIgniter.php(361): CodeIgniter\CodeIgniter->handleRequest(NULL, Object(Config\Cache), false)
#7 /Applications/XAMPP/xamppfiles/htdocs/ami/public/index.php(79): CodeIgniter\CodeIgniter->run()
#8 /Applications/XAMPP/xamppfiles/htdocs/ami/system/Commands/Server/rewrite.php(47): require_once('/Applications/X...')
#9 {main}
in SYSTEMPATH/Format/JSONFormatter.php on line 43.
 1 [internal function]: CodeIgniter\Debug\Exceptions->shutdownHandler()
INFO - 2024-04-27 23:25:26 --> Session: Class initialized using 'CodeIgniter\Session\Handlers\FileHandler' driver.
INFO - 2024-04-27 23:25:26 --> Session: Class initialized using 'CodeIgniter\Session\Handlers\FileHandler' driver.
ERROR - 2024-04-27 23:25:26 --> mysqli_sql_exception: Illegal mix of collations (utf8mb4_general_ci,IMPLICIT) and (utf8_general_ci,COERCIBLE) for operation '=' in /Applications/XAMPP/xamppfiles/htdocs/ami/system/Database/MySQLi/Connection.php:306
Stack trace:
#0 /Applications/XAMPP/xamppfiles/htdocs/ami/system/Database/MySQLi/Connection.php(306): mysqli->query('SELECT `standar...', 0)
#1 /Applications/XAMPP/xamppfiles/htdocs/ami/system/Database/BaseConnection.php(693): CodeIgniter\Database\MySQLi\Connection->execute('SELECT `standar...')
#2 /Applications/XAMPP/xamppfiles/htdocs/ami/system/Database/BaseConnection.php(607): CodeIgniter\Database\BaseConnection->simpleQuery('SELECT `standar...')
#3 /Applications/XAMPP/xamppfiles/htdocs/ami/system/Database/BaseBuilder.php(1615): CodeIgniter\Database\BaseConnection->query('SELECT `standar...', Array, false)
#4 /Applications/XAMPP/xamppfiles/htdocs/ami/system/Model.php(871): CodeIgniter\Database\BaseBuilder->get()
#5 /Applications/XAMPP/xamppfiles/htdocs/ami/app/Models/Admin/IsiModel.php(49): CodeIgniter\Model->__call('get', Array)
#6 /Applications/XAMPP/xamppfiles/htdocs/ami/app/Controllers/AdminAreaAudit.php(498): App\Models\Admin\IsiModel->getisiById('j\xCB\x1E\xB6')
#7 /Applications/XAMPP/xamppfiles/htdocs/ami/system/CodeIgniter.php(942): App\Controllers\AdminAreaAudit->addlanjutan('assets', 'vendors', 'chartjs', 'Chart.min.css')
#8 /Applications/XAMPP/xamppfiles/htdocs/ami/system/CodeIgniter.php(502): CodeIgniter\CodeIgniter->runController(Object(App\Controllers\AdminAreaAudit))
#9 /Applications/XAMPP/xamppfiles/htdocs/ami/system/CodeIgniter.php(361): CodeIgniter\CodeIgniter->handleRequest(NULL, Object(Config\Cache), false)
#10 /Applications/XAMPP/xamppfiles/htdocs/ami/public/index.php(79): CodeIgniter\CodeIgniter->run()
#11 /Applications/XAMPP/xamppfiles/htdocs/ami/system/Commands/Server/rewrite.php(47): require_once('/Applications/X...')
#12 {main}
CRITICAL - 2024-04-27 23:25:26 --> Illegal mix of collations (utf8mb4_general_ci,IMPLICIT) and (utf8_general_ci,COERCIBLE) for operation '='
in SYSTEMPATH/Database/BaseConnection.php on line 647.
 1 SYSTEMPATH/Database/BaseBuilder.php(1615): CodeIgniter\Database\BaseConnection->query('SELECT `standar`.`standar`, `s_pertanyaan_isi`.*
FROM `s_pertanyaan_isi`
JOIN `standar` ON `s_pertanyaan_isi`.`standar_id` = `standar`.`id`
WHERE `s_pertanyaan_isi`.`id` = :s_pertanyaan_isi.id:', [...], false)
 2 SYSTEMPATH/Model.php(871): CodeIgniter\Database\BaseBuilder->get()
 3 APPPATH/Models/Admin/IsiModel.php(49): CodeIgniter\Model->__call('get', [])
 4 APPPATH/Controllers/AdminAreaAudit.php(498): App\Models\Admin\IsiModel->getisiById('jÀ∂')
 5 SYSTEMPATH/CodeIgniter.php(942): App\Controllers\AdminAreaAudit->addlanjutan('assets', 'vendors', 'chartjs', 'Chart.min.css')
 6 SYSTEMPATH/CodeIgniter.php(502): CodeIgniter\CodeIgniter->runController(Object(App\Controllers\AdminAreaAudit))
 7 SYSTEMPATH/CodeIgniter.php(361): CodeIgniter\CodeIgniter->handleRequest(null, Object(Config\Cache), false)
 8 FCPATH/index.php(79): CodeIgniter\CodeIgniter->run()
 9 SYSTEMPATH/Commands/Server/rewrite.php(47): require_once('/Applications/XAMPP/xamppfiles/htdocs/ami/public/index.php')
CRITICAL - 2024-04-27 23:25:26 --> Uncaught CodeIgniter\Format\Exceptions\FormatException: Failed to parse JSON string. Error: Malformed UTF-8 characters, possibly incorrectly encoded in /Applications/XAMPP/xamppfiles/htdocs/ami/system/Format/JSONFormatter.php:43
Stack trace:
#0 /Applications/XAMPP/xamppfiles/htdocs/ami/system/Format/JSONFormatter.php(43): CodeIgniter\Format\Exceptions\FormatException::forInvalidJSON('Malformed UTF-8...')
#1 /Applications/XAMPP/xamppfiles/htdocs/ami/system/API/ResponseTrait.php(345): CodeIgniter\Format\JSONFormatter->format(Array)
#2 /Applications/XAMPP/xamppfiles/htdocs/ami/system/API/ResponseTrait.php(98): CodeIgniter\Debug\ExceptionHandler->format(Array)
#3 /Applications/XAMPP/xamppfiles/htdocs/ami/system/Debug/ExceptionHandler.php(81): CodeIgniter\Debug\ExceptionHandler->respond(Array, 500)
#4 /Applications/XAMPP/xamppfiles/htdocs/ami/system/Debug/Exceptions.php(149): CodeIgniter\Debug\ExceptionHandler->handle(Object(mysqli_sql_exception), Object(CodeIgniter\HTTP\IncomingRequest), Object(CodeIgniter\HTTP\Response), 500, 8)
#5 [internal function]: CodeIgniter\Debug\Exceptions->exceptionHandler(Object(mysqli_sql_exception))
#6 {main}
  thrown
„ÄêPrevious Exception„Äë
CodeIgniter\Database\Exceptions\DatabaseException
Illegal mix of collations (utf8mb4_general_ci,IMPLICIT) and (utf8_general_ci,COERCIBLE) for operation '='
#0 /Applications/XAMPP/xamppfiles/htdocs/ami/system/Database/BaseBuilder.php(1615): CodeIgniter\Database\BaseConnection->query('SELECT `standar...', Array, false)
#1 /Applications/XAMPP/xamppfiles/htdocs/ami/system/Model.php(871): CodeIgniter\Database\BaseBuilder->get()
#2 /Applications/XAMPP/xamppfiles/htdocs/ami/app/Models/Admin/IsiModel.php(49): CodeIgniter\Model->__call('get', Array)
#3 /Applications/XAMPP/xamppfiles/htdocs/ami/app/Controllers/AdminAreaAudit.php(498): App\Models\Admin\IsiModel->getisiById('j\xCB\x1E\xB6')
#4 /Applications/XAMPP/xamppfiles/htdocs/ami/system/CodeIgniter.php(942): App\Controllers\AdminAreaAudit->addlanjutan('assets', 'vendors', 'chartjs', 'Chart.min.css')
#5 /Applications/XAMPP/xamppfiles/htdocs/ami/system/CodeIgniter.php(502): CodeIgniter\CodeIgniter->runController(Object(App\Controllers\AdminAreaAudit))
#6 /Applications/XAMPP/xamppfiles/htdocs/ami/system/CodeIgniter.php(361): CodeIgniter\CodeIgniter->handleRequest(NULL, Object(Config\Cache), false)
#7 /Applications/XAMPP/xamppfiles/htdocs/ami/public/index.php(79): CodeIgniter\CodeIgniter->run()
#8 /Applications/XAMPP/xamppfiles/htdocs/ami/system/Commands/Server/rewrite.php(47): require_once('/Applications/X...')
#9 {main}
in SYSTEMPATH/Format/JSONFormatter.php on line 43.
 1 [internal function]: CodeIgniter\Debug\Exceptions->shutdownHandler()
INFO - 2024-04-27 23:25:47 --> Session: Class initialized using 'CodeIgniter\Session\Handlers\FileHandler' driver.
INFO - 2024-04-27 23:25:47 --> Session: Class initialized using 'CodeIgniter\Session\Handlers\FileHandler' driver.
ERROR - 2024-04-27 23:25:47 --> mysqli_sql_exception: Illegal mix of collations (utf8mb4_general_ci,IMPLICIT) and (utf8_general_ci,COERCIBLE) for operation '=' in /Applications/XAMPP/xamppfiles/htdocs/ami/system/Database/MySQLi/Connection.php:306
Stack trace:
#0 /Applications/XAMPP/xamppfiles/htdocs/ami/system/Database/MySQLi/Connection.php(306): mysqli->query('SELECT `standar...', 0)
#1 /Applications/XAMPP/xamppfiles/htdocs/ami/system/Database/BaseConnection.php(693): CodeIgniter\Database\MySQLi\Connection->execute('SELECT `standar...')
#2 /Applications/XAMPP/xamppfiles/htdocs/ami/system/Database/BaseConnection.php(607): CodeIgniter\Database\BaseConnection->simpleQuery('SELECT `standar...')
#3 /Applications/XAMPP/xamppfiles/htdocs/ami/system/Database/BaseBuilder.php(1615): CodeIgniter\Database\BaseConnection->query('SELECT `standar...', Array, false)
#4 /Applications/XAMPP/xamppfiles/htdocs/ami/system/Model.php(871): CodeIgniter\Database\BaseBuilder->get()
#5 /Applications/XAMPP/xamppfiles/htdocs/ami/app/Models/Admin/IsiModel.php(49): CodeIgniter\Model->__call('get', Array)
#6 /Applications/XAMPP/xamppfiles/htdocs/ami/app/Controllers/AdminAreaAudit.php(498): App\Models\Admin\IsiModel->getisiById('j\xCB\x1E\xB6')
#7 /Applications/XAMPP/xamppfiles/htdocs/ami/system/CodeIgniter.php(942): App\Controllers\AdminAreaAudit->addlanjutan('assets', 'vendors', 'chartjs', 'Chart.min.css')
#8 /Applications/XAMPP/xamppfiles/htdocs/ami/system/CodeIgniter.php(502): CodeIgniter\CodeIgniter->runController(Object(App\Controllers\AdminAreaAudit))
#9 /Applications/XAMPP/xamppfiles/htdocs/ami/system/CodeIgniter.php(361): CodeIgniter\CodeIgniter->handleRequest(NULL, Object(Config\Cache), false)
#10 /Applications/XAMPP/xamppfiles/htdocs/ami/public/index.php(79): CodeIgniter\CodeIgniter->run()
#11 /Applications/XAMPP/xamppfiles/htdocs/ami/system/Commands/Server/rewrite.php(47): require_once('/Applications/X...')
#12 {main}
CRITICAL - 2024-04-27 23:25:47 --> Illegal mix of collations (utf8mb4_general_ci,IMPLICIT) and (utf8_general_ci,COERCIBLE) for operation '='
in SYSTEMPATH/Database/BaseConnection.php on line 647.
 1 SYSTEMPATH/Database/BaseBuilder.php(1615): CodeIgniter\Database\BaseConnection->query('SELECT `standar`.`standar`, `s_pertanyaan_isi`.*
FROM `s_pertanyaan_isi`
JOIN `standar` ON `s_pertanyaan_isi`.`standar_id` = `standar`.`id`
WHERE `s_pertanyaan_isi`.`id` = :s_pertanyaan_isi.id:', [...], false)
 2 SYSTEMPATH/Model.php(871): CodeIgniter\Database\BaseBuilder->get()
 3 APPPATH/Models/Admin/IsiModel.php(49): CodeIgniter\Model->__call('get', [])
 4 APPPATH/Controllers/AdminAreaAudit.php(498): App\Models\Admin\IsiModel->getisiById('jÀ∂')
 5 SYSTEMPATH/CodeIgniter.php(942): App\Controllers\AdminAreaAudit->addlanjutan('assets', 'vendors', 'chartjs', 'Chart.min.css')
 6 SYSTEMPATH/CodeIgniter.php(502): CodeIgniter\CodeIgniter->runController(Object(App\Controllers\AdminAreaAudit))
 7 SYSTEMPATH/CodeIgniter.php(361): CodeIgniter\CodeIgniter->handleRequest(null, Object(Config\Cache), false)
 8 FCPATH/index.php(79): CodeIgniter\CodeIgniter->run()
 9 SYSTEMPATH/Commands/Server/rewrite.php(47): require_once('/Applications/XAMPP/xamppfiles/htdocs/ami/public/index.php')
CRITICAL - 2024-04-27 23:25:47 --> Uncaught CodeIgniter\Format\Exceptions\FormatException: Failed to parse JSON string. Error: Malformed UTF-8 characters, possibly incorrectly encoded in /Applications/XAMPP/xamppfiles/htdocs/ami/system/Format/JSONFormatter.php:43
Stack trace:
#0 /Applications/XAMPP/xamppfiles/htdocs/ami/system/Format/JSONFormatter.php(43): CodeIgniter\Format\Exceptions\FormatException::forInvalidJSON('Malformed UTF-8...')
#1 /Applications/XAMPP/xamppfiles/htdocs/ami/system/API/ResponseTrait.php(345): CodeIgniter\Format\JSONFormatter->format(Array)
#2 /Applications/XAMPP/xamppfiles/htdocs/ami/system/API/ResponseTrait.php(98): CodeIgniter\Debug\ExceptionHandler->format(Array)
#3 /Applications/XAMPP/xamppfiles/htdocs/ami/system/Debug/ExceptionHandler.php(81): CodeIgniter\Debug\ExceptionHandler->respond(Array, 500)
#4 /Applications/XAMPP/xamppfiles/htdocs/ami/system/Debug/Exceptions.php(149): CodeIgniter\Debug\ExceptionHandler->handle(Object(mysqli_sql_exception), Object(CodeIgniter\HTTP\IncomingRequest), Object(CodeIgniter\HTTP\Response), 500, 8)
#5 [internal function]: CodeIgniter\Debug\Exceptions->exceptionHandler(Object(mysqli_sql_exception))
#6 {main}
  thrown
„ÄêPrevious Exception„Äë
CodeIgniter\Database\Exceptions\DatabaseException
Illegal mix of collations (utf8mb4_general_ci,IMPLICIT) and (utf8_general_ci,COERCIBLE) for operation '='
#0 /Applications/XAMPP/xamppfiles/htdocs/ami/system/Database/BaseBuilder.php(1615): CodeIgniter\Database\BaseConnection->query('SELECT `standar...', Array, false)
#1 /Applications/XAMPP/xamppfiles/htdocs/ami/system/Model.php(871): CodeIgniter\Database\BaseBuilder->get()
#2 /Applications/XAMPP/xamppfiles/htdocs/ami/app/Models/Admin/IsiModel.php(49): CodeIgniter\Model->__call('get', Array)
#3 /Applications/XAMPP/xamppfiles/htdocs/ami/app/Controllers/AdminAreaAudit.php(498): App\Models\Admin\IsiModel->getisiById('j\xCB\x1E\xB6')
#4 /Applications/XAMPP/xamppfiles/htdocs/ami/system/CodeIgniter.php(942): App\Controllers\AdminAreaAudit->addlanjutan('assets', 'vendors', 'chartjs', 'Chart.min.css')
#5 /Applications/XAMPP/xamppfiles/htdocs/ami/system/CodeIgniter.php(502): CodeIgniter\CodeIgniter->runController(Object(App\Controllers\AdminAreaAudit))
#6 /Applications/XAMPP/xamppfiles/htdocs/ami/system/CodeIgniter.php(361): CodeIgniter\CodeIgniter->handleRequest(NULL, Object(Config\Cache), false)
#7 /Applications/XAMPP/xamppfiles/htdocs/ami/public/index.php(79): CodeIgniter\CodeIgniter->run()
#8 /Applications/XAMPP/xamppfiles/htdocs/ami/system/Commands/Server/rewrite.php(47): require_once('/Applications/X...')
#9 {main}
in SYSTEMPATH/Format/JSONFormatter.php on line 43.
 1 [internal function]: CodeIgniter\Debug\Exceptions->shutdownHandler()
INFO - 2024-04-27 23:27:07 --> Session: Class initialized using 'CodeIgniter\Session\Handlers\FileHandler' driver.
ERROR - 2024-04-27 23:27:07 --> mysqli_sql_exception: Illegal mix of collations (utf8mb4_general_ci,IMPLICIT) and (utf8_general_ci,COERCIBLE) for operation '=' in /Applications/XAMPP/xamppfiles/htdocs/ami/system/Database/MySQLi/Connection.php:306
Stack trace:
#0 /Applications/XAMPP/xamppfiles/htdocs/ami/system/Database/MySQLi/Connection.php(306): mysqli->query('SELECT `standar...', 0)
#1 /Applications/XAMPP/xamppfiles/htdocs/ami/system/Database/BaseConnection.php(693): CodeIgniter\Database\MySQLi\Connection->execute('SELECT `standar...')
#2 /Applications/XAMPP/xamppfiles/htdocs/ami/system/Database/BaseConnection.php(607): CodeIgniter\Database\BaseConnection->simpleQuery('SELECT `standar...')
#3 /Applications/XAMPP/xamppfiles/htdocs/ami/system/Database/BaseBuilder.php(1615): CodeIgniter\Database\BaseConnection->query('SELECT `standar...', Array, false)
#4 /Applications/XAMPP/xamppfiles/htdocs/ami/system/Model.php(871): CodeIgniter\Database\BaseBuilder->get()
#5 /Applications/XAMPP/xamppfiles/htdocs/ami/app/Models/Admin/IsiModel.php(49): CodeIgniter\Model->__call('get', Array)
#6 /Applications/XAMPP/xamppfiles/htdocs/ami/app/Controllers/AdminAreaAudit.php(498): App\Models\Admin\IsiModel->getisiById('j\xCB\x1E\xB6')
#7 /Applications/XAMPP/xamppfiles/htdocs/ami/system/CodeIgniter.php(942): App\Controllers\AdminAreaAudit->addlanjutan('assets', 'vendors', 'chartjs', 'Chart.min.css')
#8 /Applications/XAMPP/xamppfiles/htdocs/ami/system/CodeIgniter.php(502): CodeIgniter\CodeIgniter->runController(Object(App\Controllers\AdminAreaAudit))
#9 /Applications/XAMPP/xamppfiles/htdocs/ami/system/CodeIgniter.php(361): CodeIgniter\CodeIgniter->handleRequest(NULL, Object(Config\Cache), false)
#10 /Applications/XAMPP/xamppfiles/htdocs/ami/public/index.php(79): CodeIgniter\CodeIgniter->run()
#11 /Applications/XAMPP/xamppfiles/htdocs/ami/system/Commands/Server/rewrite.php(47): require_once('/Applications/X...')
#12 {main}
CRITICAL - 2024-04-27 23:27:07 --> Illegal mix of collations (utf8mb4_general_ci,IMPLICIT) and (utf8_general_ci,COERCIBLE) for operation '='
in SYSTEMPATH/Database/BaseConnection.php on line 647.
 1 SYSTEMPATH/Database/BaseBuilder.php(1615): CodeIgniter\Database\BaseConnection->query('SELECT `standar`.`standar`, `s_pertanyaan_isi`.*
FROM `s_pertanyaan_isi`
JOIN `standar` ON `s_pertanyaan_isi`.`standar_id` = `standar`.`id`
WHERE `s_pertanyaan_isi`.`id` = :s_pertanyaan_isi.id:', [...], false)
 2 SYSTEMPATH/Model.php(871): CodeIgniter\Database\BaseBuilder->get()
 3 APPPATH/Models/Admin/IsiModel.php(49): CodeIgniter\Model->__call('get', [])
 4 APPPATH/Controllers/AdminAreaAudit.php(498): App\Models\Admin\IsiModel->getisiById('jÀ∂')
 5 SYSTEMPATH/CodeIgniter.php(942): App\Controllers\AdminAreaAudit->addlanjutan('assets', 'vendors', 'chartjs', 'Chart.min.css')
 6 SYSTEMPATH/CodeIgniter.php(502): CodeIgniter\CodeIgniter->runController(Object(App\Controllers\AdminAreaAudit))
 7 SYSTEMPATH/CodeIgniter.php(361): CodeIgniter\CodeIgniter->handleRequest(null, Object(Config\Cache), false)
 8 FCPATH/index.php(79): CodeIgniter\CodeIgniter->run()
 9 SYSTEMPATH/Commands/Server/rewrite.php(47): require_once('/Applications/XAMPP/xamppfiles/htdocs/ami/public/index.php')
CRITICAL - 2024-04-27 23:27:07 --> Uncaught CodeIgniter\Format\Exceptions\FormatException: Failed to parse JSON string. Error: Malformed UTF-8 characters, possibly incorrectly encoded in /Applications/XAMPP/xamppfiles/htdocs/ami/system/Format/JSONFormatter.php:43
Stack trace:
#0 /Applications/XAMPP/xamppfiles/htdocs/ami/system/Format/JSONFormatter.php(43): CodeIgniter\Format\Exceptions\FormatException::forInvalidJSON('Malformed UTF-8...')
#1 /Applications/XAMPP/xamppfiles/htdocs/ami/system/API/ResponseTrait.php(345): CodeIgniter\Format\JSONFormatter->format(Array)
#2 /Applications/XAMPP/xamppfiles/htdocs/ami/system/API/ResponseTrait.php(98): CodeIgniter\Debug\ExceptionHandler->format(Array)
#3 /Applications/XAMPP/xamppfiles/htdocs/ami/system/Debug/ExceptionHandler.php(81): CodeIgniter\Debug\ExceptionHandler->respond(Array, 500)
#4 /Applications/XAMPP/xamppfiles/htdocs/ami/system/Debug/Exceptions.php(149): CodeIgniter\Debug\ExceptionHandler->handle(Object(mysqli_sql_exception), Object(CodeIgniter\HTTP\IncomingRequest), Object(CodeIgniter\HTTP\Response), 500, 8)
#5 [internal function]: CodeIgniter\Debug\Exceptions->exceptionHandler(Object(mysqli_sql_exception))
#6 {main}
  thrown
„ÄêPrevious Exception„Äë
CodeIgniter\Database\Exceptions\DatabaseException
Illegal mix of collations (utf8mb4_general_ci,IMPLICIT) and (utf8_general_ci,COERCIBLE) for operation '='
#0 /Applications/XAMPP/xamppfiles/htdocs/ami/system/Database/BaseBuilder.php(1615): CodeIgniter\Database\BaseConnection->query('SELECT `standar...', Array, false)
#1 /Applications/XAMPP/xamppfiles/htdocs/ami/system/Model.php(871): CodeIgniter\Database\BaseBuilder->get()
#2 /Applications/XAMPP/xamppfiles/htdocs/ami/app/Models/Admin/IsiModel.php(49): CodeIgniter\Model->__call('get', Array)
#3 /Applications/XAMPP/xamppfiles/htdocs/ami/app/Controllers/AdminAreaAudit.php(498): App\Models\Admin\IsiModel->getisiById('j\xCB\x1E\xB6')
#4 /Applications/XAMPP/xamppfiles/htdocs/ami/system/CodeIgniter.php(942): App\Controllers\AdminAreaAudit->addlanjutan('assets', 'vendors', 'chartjs', 'Chart.min.css')
#5 /Applications/XAMPP/xamppfiles/htdocs/ami/system/CodeIgniter.php(502): CodeIgniter\CodeIgniter->runController(Object(App\Controllers\AdminAreaAudit))
#6 /Applications/XAMPP/xamppfiles/htdocs/ami/system/CodeIgniter.php(361): CodeIgniter\CodeIgniter->handleRequest(NULL, Object(Config\Cache), false)
#7 /Applications/XAMPP/xamppfiles/htdocs/ami/public/index.php(79): CodeIgniter\CodeIgniter->run()
#8 /Applications/XAMPP/xamppfiles/htdocs/ami/system/Commands/Server/rewrite.php(47): require_once('/Applications/X...')
#9 {main}
in SYSTEMPATH/Format/JSONFormatter.php on line 43.
 1 [internal function]: CodeIgniter\Debug\Exceptions->shutdownHandler()
INFO - 2024-04-27 23:34:01 --> Session: Class initialized using 'CodeIgniter\Session\Handlers\FileHandler' driver.
INFO - 2024-04-27 23:34:01 --> Session: Class initialized using 'CodeIgniter\Session\Handlers\FileHandler' driver.
ERROR - 2024-04-27 23:34:01 --> mysqli_sql_exception: Illegal mix of collations (utf8mb4_general_ci,IMPLICIT) and (utf8_general_ci,COERCIBLE) for operation '=' in /Applications/XAMPP/xamppfiles/htdocs/ami/system/Database/MySQLi/Connection.php:306
Stack trace:
#0 /Applications/XAMPP/xamppfiles/htdocs/ami/system/Database/MySQLi/Connection.php(306): mysqli->query('SELECT `standar...', 0)
#1 /Applications/XAMPP/xamppfiles/htdocs/ami/system/Database/BaseConnection.php(693): CodeIgniter\Database\MySQLi\Connection->execute('SELECT `standar...')
#2 /Applications/XAMPP/xamppfiles/htdocs/ami/system/Database/BaseConnection.php(607): CodeIgniter\Database\BaseConnection->simpleQuery('SELECT `standar...')
#3 /Applications/XAMPP/xamppfiles/htdocs/ami/system/Database/BaseBuilder.php(1615): CodeIgniter\Database\BaseConnection->query('SELECT `standar...', Array, false)
#4 /Applications/XAMPP/xamppfiles/htdocs/ami/system/Model.php(871): CodeIgniter\Database\BaseBuilder->get()
#5 /Applications/XAMPP/xamppfiles/htdocs/ami/app/Models/Admin/IsiModel.php(49): CodeIgniter\Model->__call('get', Array)
#6 /Applications/XAMPP/xamppfiles/htdocs/ami/app/Controllers/AdminAreaAudit.php(498): App\Models\Admin\IsiModel->getisiById('j\xCB\x1E\xB6')
#7 /Applications/XAMPP/xamppfiles/htdocs/ami/system/CodeIgniter.php(942): App\Controllers\AdminAreaAudit->addlanjutan('assets', 'vendors', 'chartjs', 'Chart.min.css')
#8 /Applications/XAMPP/xamppfiles/htdocs/ami/system/CodeIgniter.php(502): CodeIgniter\CodeIgniter->runController(Object(App\Controllers\AdminAreaAudit))
#9 /Applications/XAMPP/xamppfiles/htdocs/ami/system/CodeIgniter.php(361): CodeIgniter\CodeIgniter->handleRequest(NULL, Object(Config\Cache), false)
#10 /Applications/XAMPP/xamppfiles/htdocs/ami/public/index.php(79): CodeIgniter\CodeIgniter->run()
#11 /Applications/XAMPP/xamppfiles/htdocs/ami/system/Commands/Server/rewrite.php(47): require_once('/Applications/X...')
#12 {main}
CRITICAL - 2024-04-27 23:34:01 --> Illegal mix of collations (utf8mb4_general_ci,IMPLICIT) and (utf8_general_ci,COERCIBLE) for operation '='
in SYSTEMPATH/Database/BaseConnection.php on line 647.
 1 SYSTEMPATH/Database/BaseBuilder.php(1615): CodeIgniter\Database\BaseConnection->query('SELECT `standar`.`standar`, `s_pertanyaan_isi`.*
FROM `s_pertanyaan_isi`
JOIN `standar` ON `s_pertanyaan_isi`.`standar_id` = `standar`.`id`
WHERE `s_pertanyaan_isi`.`id` = :s_pertanyaan_isi.id:', [...], false)
 2 SYSTEMPATH/Model.php(871): CodeIgniter\Database\BaseBuilder->get()
 3 APPPATH/Models/Admin/IsiModel.php(49): CodeIgniter\Model->__call('get', [])
 4 APPPATH/Controllers/AdminAreaAudit.php(498): App\Models\Admin\IsiModel->getisiById('jÀ∂')
 5 SYSTEMPATH/CodeIgniter.php(942): App\Controllers\AdminAreaAudit->addlanjutan('assets', 'vendors', 'chartjs', 'Chart.min.css')
 6 SYSTEMPATH/CodeIgniter.php(502): CodeIgniter\CodeIgniter->runController(Object(App\Controllers\AdminAreaAudit))
 7 SYSTEMPATH/CodeIgniter.php(361): CodeIgniter\CodeIgniter->handleRequest(null, Object(Config\Cache), false)
 8 FCPATH/index.php(79): CodeIgniter\CodeIgniter->run()
 9 SYSTEMPATH/Commands/Server/rewrite.php(47): require_once('/Applications/XAMPP/xamppfiles/htdocs/ami/public/index.php')
CRITICAL - 2024-04-27 23:34:01 --> Uncaught CodeIgniter\Format\Exceptions\FormatException: Failed to parse JSON string. Error: Malformed UTF-8 characters, possibly incorrectly encoded in /Applications/XAMPP/xamppfiles/htdocs/ami/system/Format/JSONFormatter.php:43
Stack trace:
#0 /Applications/XAMPP/xamppfiles/htdocs/ami/system/Format/JSONFormatter.php(43): CodeIgniter\Format\Exceptions\FormatException::forInvalidJSON('Malformed UTF-8...')
#1 /Applications/XAMPP/xamppfiles/htdocs/ami/system/API/ResponseTrait.php(345): CodeIgniter\Format\JSONFormatter->format(Array)
#2 /Applications/XAMPP/xamppfiles/htdocs/ami/system/API/ResponseTrait.php(98): CodeIgniter\Debug\ExceptionHandler->format(Array)
#3 /Applications/XAMPP/xamppfiles/htdocs/ami/system/Debug/ExceptionHandler.php(81): CodeIgniter\Debug\ExceptionHandler->respond(Array, 500)
#4 /Applications/XAMPP/xamppfiles/htdocs/ami/system/Debug/Exceptions.php(149): CodeIgniter\Debug\ExceptionHandler->handle(Object(mysqli_sql_exception), Object(CodeIgniter\HTTP\IncomingRequest), Object(CodeIgniter\HTTP\Response), 500, 8)
#5 [internal function]: CodeIgniter\Debug\Exceptions->exceptionHandler(Object(mysqli_sql_exception))
#6 {main}
  thrown
„ÄêPrevious Exception„Äë
CodeIgniter\Database\Exceptions\DatabaseException
Illegal mix of collations (utf8mb4_general_ci,IMPLICIT) and (utf8_general_ci,COERCIBLE) for operation '='
#0 /Applications/XAMPP/xamppfiles/htdocs/ami/system/Database/BaseBuilder.php(1615): CodeIgniter\Database\BaseConnection->query('SELECT `standar...', Array, false)
#1 /Applications/XAMPP/xamppfiles/htdocs/ami/system/Model.php(871): CodeIgniter\Database\BaseBuilder->get()
#2 /Applications/XAMPP/xamppfiles/htdocs/ami/app/Models/Admin/IsiModel.php(49): CodeIgniter\Model->__call('get', Array)
#3 /Applications/XAMPP/xamppfiles/htdocs/ami/app/Controllers/AdminAreaAudit.php(498): App\Models\Admin\IsiModel->getisiById('j\xCB\x1E\xB6')
#4 /Applications/XAMPP/xamppfiles/htdocs/ami/system/CodeIgniter.php(942): App\Controllers\AdminAreaAudit->addlanjutan('assets', 'vendors', 'chartjs', 'Chart.min.css')
#5 /Applications/XAMPP/xamppfiles/htdocs/ami/system/CodeIgniter.php(502): CodeIgniter\CodeIgniter->runController(Object(App\Controllers\AdminAreaAudit))
#6 /Applications/XAMPP/xamppfiles/htdocs/ami/system/CodeIgniter.php(361): CodeIgniter\CodeIgniter->handleRequest(NULL, Object(Config\Cache), false)
#7 /Applications/XAMPP/xamppfiles/htdocs/ami/public/index.php(79): CodeIgniter\CodeIgniter->run()
#8 /Applications/XAMPP/xamppfiles/htdocs/ami/system/Commands/Server/rewrite.php(47): require_once('/Applications/X...')
#9 {main}
in SYSTEMPATH/Format/JSONFormatter.php on line 43.
 1 [internal function]: CodeIgniter\Debug\Exceptions->shutdownHandler()
INFO - 2024-04-27 23:36:39 --> Session: Class initialized using 'CodeIgniter\Session\Handlers\FileHandler' driver.
INFO - 2024-04-27 23:37:01 --> Session: Class initialized using 'CodeIgniter\Session\Handlers\FileHandler' driver.
INFO - 2024-04-27 23:37:03 --> Session: Class initialized using 'CodeIgniter\Session\Handlers\FileHandler' driver.
INFO - 2024-04-27 23:37:03 --> Session: Class initialized using 'CodeIgniter\Session\Handlers\FileHandler' driver.
ERROR - 2024-04-27 23:37:03 --> mysqli_sql_exception: Illegal mix of collations (utf8mb4_general_ci,IMPLICIT) and (utf8_general_ci,COERCIBLE) for operation '=' in /Applications/XAMPP/xamppfiles/htdocs/ami/system/Database/MySQLi/Connection.php:306
Stack trace:
#0 /Applications/XAMPP/xamppfiles/htdocs/ami/system/Database/MySQLi/Connection.php(306): mysqli->query('SELECT `standar...', 0)
#1 /Applications/XAMPP/xamppfiles/htdocs/ami/system/Database/BaseConnection.php(693): CodeIgniter\Database\MySQLi\Connection->execute('SELECT `standar...')
#2 /Applications/XAMPP/xamppfiles/htdocs/ami/system/Database/BaseConnection.php(607): CodeIgniter\Database\BaseConnection->simpleQuery('SELECT `standar...')
#3 /Applications/XAMPP/xamppfiles/htdocs/ami/system/Database/BaseBuilder.php(1615): CodeIgniter\Database\BaseConnection->query('SELECT `standar...', Array, false)
#4 /Applications/XAMPP/xamppfiles/htdocs/ami/system/Model.php(871): CodeIgniter\Database\BaseBuilder->get()
#5 /Applications/XAMPP/xamppfiles/htdocs/ami/app/Models/Admin/IsiModel.php(49): CodeIgniter\Model->__call('get', Array)
#6 /Applications/XAMPP/xamppfiles/htdocs/ami/app/Controllers/AdminAreaAudit.php(498): App\Models\Admin\IsiModel->getisiById('j\xCB\x1E\xB6')
#7 /Applications/XAMPP/xamppfiles/htdocs/ami/system/CodeIgniter.php(942): App\Controllers\AdminAreaAudit->addlanjutan('assets', 'vendors', 'chartjs', 'Chart.min.css')
#8 /Applications/XAMPP/xamppfiles/htdocs/ami/system/CodeIgniter.php(502): CodeIgniter\CodeIgniter->runController(Object(App\Controllers\AdminAreaAudit))
#9 /Applications/XAMPP/xamppfiles/htdocs/ami/system/CodeIgniter.php(361): CodeIgniter\CodeIgniter->handleRequest(NULL, Object(Config\Cache), false)
#10 /Applications/XAMPP/xamppfiles/htdocs/ami/public/index.php(79): CodeIgniter\CodeIgniter->run()
#11 /Applications/XAMPP/xamppfiles/htdocs/ami/system/Commands/Server/rewrite.php(47): require_once('/Applications/X...')
#12 {main}
CRITICAL - 2024-04-27 23:37:03 --> Illegal mix of collations (utf8mb4_general_ci,IMPLICIT) and (utf8_general_ci,COERCIBLE) for operation '='
in SYSTEMPATH/Database/BaseConnection.php on line 647.
 1 SYSTEMPATH/Database/BaseBuilder.php(1615): CodeIgniter\Database\BaseConnection->query('SELECT `standar`.`standar`, `s_pertanyaan_isi`.*
FROM `s_pertanyaan_isi`
JOIN `standar` ON `s_pertanyaan_isi`.`standar_id` = `standar`.`id`
WHERE `s_pertanyaan_isi`.`id` = :s_pertanyaan_isi.id:', [...], false)
 2 SYSTEMPATH/Model.php(871): CodeIgniter\Database\BaseBuilder->get()
 3 APPPATH/Models/Admin/IsiModel.php(49): CodeIgniter\Model->__call('get', [])
 4 APPPATH/Controllers/AdminAreaAudit.php(498): App\Models\Admin\IsiModel->getisiById('jÀ∂')
 5 SYSTEMPATH/CodeIgniter.php(942): App\Controllers\AdminAreaAudit->addlanjutan('assets', 'vendors', 'chartjs', 'Chart.min.css')
 6 SYSTEMPATH/CodeIgniter.php(502): CodeIgniter\CodeIgniter->runController(Object(App\Controllers\AdminAreaAudit))
 7 SYSTEMPATH/CodeIgniter.php(361): CodeIgniter\CodeIgniter->handleRequest(null, Object(Config\Cache), false)
 8 FCPATH/index.php(79): CodeIgniter\CodeIgniter->run()
 9 SYSTEMPATH/Commands/Server/rewrite.php(47): require_once('/Applications/XAMPP/xamppfiles/htdocs/ami/public/index.php')
CRITICAL - 2024-04-27 23:37:03 --> Uncaught CodeIgniter\Format\Exceptions\FormatException: Failed to parse JSON string. Error: Malformed UTF-8 characters, possibly incorrectly encoded in /Applications/XAMPP/xamppfiles/htdocs/ami/system/Format/JSONFormatter.php:43
Stack trace:
#0 /Applications/XAMPP/xamppfiles/htdocs/ami/system/Format/JSONFormatter.php(43): CodeIgniter\Format\Exceptions\FormatException::forInvalidJSON('Malformed UTF-8...')
#1 /Applications/XAMPP/xamppfiles/htdocs/ami/system/API/ResponseTrait.php(345): CodeIgniter\Format\JSONFormatter->format(Array)
#2 /Applications/XAMPP/xamppfiles/htdocs/ami/system/API/ResponseTrait.php(98): CodeIgniter\Debug\ExceptionHandler->format(Array)
#3 /Applications/XAMPP/xamppfiles/htdocs/ami/system/Debug/ExceptionHandler.php(81): CodeIgniter\Debug\ExceptionHandler->respond(Array, 500)
#4 /Applications/XAMPP/xamppfiles/htdocs/ami/system/Debug/Exceptions.php(149): CodeIgniter\Debug\ExceptionHandler->handle(Object(mysqli_sql_exception), Object(CodeIgniter\HTTP\IncomingRequest), Object(CodeIgniter\HTTP\Response), 500, 8)
#5 [internal function]: CodeIgniter\Debug\Exceptions->exceptionHandler(Object(mysqli_sql_exception))
#6 {main}
  thrown
„ÄêPrevious Exception„Äë
CodeIgniter\Database\Exceptions\DatabaseException
Illegal mix of collations (utf8mb4_general_ci,IMPLICIT) and (utf8_general_ci,COERCIBLE) for operation '='
#0 /Applications/XAMPP/xamppfiles/htdocs/ami/system/Database/BaseBuilder.php(1615): CodeIgniter\Database\BaseConnection->query('SELECT `standar...', Array, false)
#1 /Applications/XAMPP/xamppfiles/htdocs/ami/system/Model.php(871): CodeIgniter\Database\BaseBuilder->get()
#2 /Applications/XAMPP/xamppfiles/htdocs/ami/app/Models/Admin/IsiModel.php(49): CodeIgniter\Model->__call('get', Array)
#3 /Applications/XAMPP/xamppfiles/htdocs/ami/app/Controllers/AdminAreaAudit.php(498): App\Models\Admin\IsiModel->getisiById('j\xCB\x1E\xB6')
#4 /Applications/XAMPP/xamppfiles/htdocs/ami/system/CodeIgniter.php(942): App\Controllers\AdminAreaAudit->addlanjutan('assets', 'vendors', 'chartjs', 'Chart.min.css')
#5 /Applications/XAMPP/xamppfiles/htdocs/ami/system/CodeIgniter.php(502): CodeIgniter\CodeIgniter->runController(Object(App\Controllers\AdminAreaAudit))
#6 /Applications/XAMPP/xamppfiles/htdocs/ami/system/CodeIgniter.php(361): CodeIgniter\CodeIgniter->handleRequest(NULL, Object(Config\Cache), false)
#7 /Applications/XAMPP/xamppfiles/htdocs/ami/public/index.php(79): CodeIgniter\CodeIgniter->run()
#8 /Applications/XAMPP/xamppfiles/htdocs/ami/system/Commands/Server/rewrite.php(47): require_once('/Applications/X...')
#9 {main}
in SYSTEMPATH/Format/JSONFormatter.php on line 43.
 1 [internal function]: CodeIgniter\Debug\Exceptions->shutdownHandler()
INFO - 2024-04-27 23:48:31 --> Session: Class initialized using 'CodeIgniter\Session\Handlers\FileHandler' driver.
INFO - 2024-04-27 23:48:31 --> Session: Class initialized using 'CodeIgniter\Session\Handlers\FileHandler' driver.
ERROR - 2024-04-27 23:48:31 --> mysqli_sql_exception: Illegal mix of collations (utf8mb4_general_ci,IMPLICIT) and (utf8_general_ci,COERCIBLE) for operation '=' in /Applications/XAMPP/xamppfiles/htdocs/ami/system/Database/MySQLi/Connection.php:306
Stack trace:
#0 /Applications/XAMPP/xamppfiles/htdocs/ami/system/Database/MySQLi/Connection.php(306): mysqli->query('SELECT `standar...', 0)
#1 /Applications/XAMPP/xamppfiles/htdocs/ami/system/Database/BaseConnection.php(693): CodeIgniter\Database\MySQLi\Connection->execute('SELECT `standar...')
#2 /Applications/XAMPP/xamppfiles/htdocs/ami/system/Database/BaseConnection.php(607): CodeIgniter\Database\BaseConnection->simpleQuery('SELECT `standar...')
#3 /Applications/XAMPP/xamppfiles/htdocs/ami/system/Database/BaseBuilder.php(1615): CodeIgniter\Database\BaseConnection->query('SELECT `standar...', Array, false)
#4 /Applications/XAMPP/xamppfiles/htdocs/ami/system/Model.php(871): CodeIgniter\Database\BaseBuilder->get()
#5 /Applications/XAMPP/xamppfiles/htdocs/ami/app/Models/Admin/IsiModel.php(49): CodeIgniter\Model->__call('get', Array)
#6 /Applications/XAMPP/xamppfiles/htdocs/ami/app/Controllers/AdminAreaAudit.php(498): App\Models\Admin\IsiModel->getisiById('j\xCB\x1E\xB6')
#7 /Applications/XAMPP/xamppfiles/htdocs/ami/system/CodeIgniter.php(942): App\Controllers\AdminAreaAudit->addlanjutan('assets', 'vendors', 'chartjs', 'Chart.min.css')
#8 /Applications/XAMPP/xamppfiles/htdocs/ami/system/CodeIgniter.php(502): CodeIgniter\CodeIgniter->runController(Object(App\Controllers\AdminAreaAudit))
#9 /Applications/XAMPP/xamppfiles/htdocs/ami/system/CodeIgniter.php(361): CodeIgniter\CodeIgniter->handleRequest(NULL, Object(Config\Cache), false)
#10 /Applications/XAMPP/xamppfiles/htdocs/ami/public/index.php(79): CodeIgniter\CodeIgniter->run()
#11 /Applications/XAMPP/xamppfiles/htdocs/ami/system/Commands/Server/rewrite.php(47): require_once('/Applications/X...')
#12 {main}
CRITICAL - 2024-04-27 23:48:31 --> Illegal mix of collations (utf8mb4_general_ci,IMPLICIT) and (utf8_general_ci,COERCIBLE) for operation '='
in SYSTEMPATH/Database/BaseConnection.php on line 647.
 1 SYSTEMPATH/Database/BaseBuilder.php(1615): CodeIgniter\Database\BaseConnection->query('SELECT `standar`.`standar`, `s_pertanyaan_isi`.*
FROM `s_pertanyaan_isi`
JOIN `standar` ON `s_pertanyaan_isi`.`standar_id` = `standar`.`id`
WHERE `s_pertanyaan_isi`.`id` = :s_pertanyaan_isi.id:', [...], false)
 2 SYSTEMPATH/Model.php(871): CodeIgniter\Database\BaseBuilder->get()
 3 APPPATH/Models/Admin/IsiModel.php(49): CodeIgniter\Model->__call('get', [])
 4 APPPATH/Controllers/AdminAreaAudit.php(498): App\Models\Admin\IsiModel->getisiById('jÀ∂')
 5 SYSTEMPATH/CodeIgniter.php(942): App\Controllers\AdminAreaAudit->addlanjutan('assets', 'vendors', 'chartjs', 'Chart.min.css')
 6 SYSTEMPATH/CodeIgniter.php(502): CodeIgniter\CodeIgniter->runController(Object(App\Controllers\AdminAreaAudit))
 7 SYSTEMPATH/CodeIgniter.php(361): CodeIgniter\CodeIgniter->handleRequest(null, Object(Config\Cache), false)
 8 FCPATH/index.php(79): CodeIgniter\CodeIgniter->run()
 9 SYSTEMPATH/Commands/Server/rewrite.php(47): require_once('/Applications/XAMPP/xamppfiles/htdocs/ami/public/index.php')
CRITICAL - 2024-04-27 23:48:31 --> Uncaught CodeIgniter\Format\Exceptions\FormatException: Failed to parse JSON string. Error: Malformed UTF-8 characters, possibly incorrectly encoded in /Applications/XAMPP/xamppfiles/htdocs/ami/system/Format/JSONFormatter.php:43
Stack trace:
#0 /Applications/XAMPP/xamppfiles/htdocs/ami/system/Format/JSONFormatter.php(43): CodeIgniter\Format\Exceptions\FormatException::forInvalidJSON('Malformed UTF-8...')
#1 /Applications/XAMPP/xamppfiles/htdocs/ami/system/API/ResponseTrait.php(345): CodeIgniter\Format\JSONFormatter->format(Array)
#2 /Applications/XAMPP/xamppfiles/htdocs/ami/system/API/ResponseTrait.php(98): CodeIgniter\Debug\ExceptionHandler->format(Array)
#3 /Applications/XAMPP/xamppfiles/htdocs/ami/system/Debug/ExceptionHandler.php(81): CodeIgniter\Debug\ExceptionHandler->respond(Array, 500)
#4 /Applications/XAMPP/xamppfiles/htdocs/ami/system/Debug/Exceptions.php(149): CodeIgniter\Debug\ExceptionHandler->handle(Object(mysqli_sql_exception), Object(CodeIgniter\HTTP\IncomingRequest), Object(CodeIgniter\HTTP\Response), 500, 8)
#5 [internal function]: CodeIgniter\Debug\Exceptions->exceptionHandler(Object(mysqli_sql_exception))
#6 {main}
  thrown
„ÄêPrevious Exception„Äë
CodeIgniter\Database\Exceptions\DatabaseException
Illegal mix of collations (utf8mb4_general_ci,IMPLICIT) and (utf8_general_ci,COERCIBLE) for operation '='
#0 /Applications/XAMPP/xamppfiles/htdocs/ami/system/Database/BaseBuilder.php(1615): CodeIgniter\Database\BaseConnection->query('SELECT `standar...', Array, false)
#1 /Applications/XAMPP/xamppfiles/htdocs/ami/system/Model.php(871): CodeIgniter\Database\BaseBuilder->get()
#2 /Applications/XAMPP/xamppfiles/htdocs/ami/app/Models/Admin/IsiModel.php(49): CodeIgniter\Model->__call('get', Array)
#3 /Applications/XAMPP/xamppfiles/htdocs/ami/app/Controllers/AdminAreaAudit.php(498): App\Models\Admin\IsiModel->getisiById('j\xCB\x1E\xB6')
#4 /Applications/XAMPP/xamppfiles/htdocs/ami/system/CodeIgniter.php(942): App\Controllers\AdminAreaAudit->addlanjutan('assets', 'vendors', 'chartjs', 'Chart.min.css')
#5 /Applications/XAMPP/xamppfiles/htdocs/ami/system/CodeIgniter.php(502): CodeIgniter\CodeIgniter->runController(Object(App\Controllers\AdminAreaAudit))
#6 /Applications/XAMPP/xamppfiles/htdocs/ami/system/CodeIgniter.php(361): CodeIgniter\CodeIgniter->handleRequest(NULL, Object(Config\Cache), false)
#7 /Applications/XAMPP/xamppfiles/htdocs/ami/public/index.php(79): CodeIgniter\CodeIgniter->run()
#8 /Applications/XAMPP/xamppfiles/htdocs/ami/system/Commands/Server/rewrite.php(47): require_once('/Applications/X...')
#9 {main}
in SYSTEMPATH/Format/JSONFormatter.php on line 43.
 1 [internal function]: CodeIgniter\Debug\Exceptions->shutdownHandler()
INFO - 2024-04-27 23:51:17 --> Session: Class initialized using 'CodeIgniter\Session\Handlers\FileHandler' driver.
INFO - 2024-04-27 23:51:18 --> Session: Class initialized using 'CodeIgniter\Session\Handlers\FileHandler' driver.
ERROR - 2024-04-27 23:51:18 --> mysqli_sql_exception: Illegal mix of collations (utf8mb4_general_ci,IMPLICIT) and (utf8_general_ci,COERCIBLE) for operation '=' in /Applications/XAMPP/xamppfiles/htdocs/ami/system/Database/MySQLi/Connection.php:306
Stack trace:
#0 /Applications/XAMPP/xamppfiles/htdocs/ami/system/Database/MySQLi/Connection.php(306): mysqli->query('SELECT `standar...', 0)
#1 /Applications/XAMPP/xamppfiles/htdocs/ami/system/Database/BaseConnection.php(693): CodeIgniter\Database\MySQLi\Connection->execute('SELECT `standar...')
#2 /Applications/XAMPP/xamppfiles/htdocs/ami/system/Database/BaseConnection.php(607): CodeIgniter\Database\BaseConnection->simpleQuery('SELECT `standar...')
#3 /Applications/XAMPP/xamppfiles/htdocs/ami/system/Database/BaseBuilder.php(1615): CodeIgniter\Database\BaseConnection->query('SELECT `standar...', Array, false)
#4 /Applications/XAMPP/xamppfiles/htdocs/ami/system/Model.php(871): CodeIgniter\Database\BaseBuilder->get()
#5 /Applications/XAMPP/xamppfiles/htdocs/ami/app/Models/Admin/IsiModel.php(49): CodeIgniter\Model->__call('get', Array)
#6 /Applications/XAMPP/xamppfiles/htdocs/ami/app/Controllers/AdminAreaAudit.php(498): App\Models\Admin\IsiModel->getisiById('j\xCB\x1E\xB6')
#7 /Applications/XAMPP/xamppfiles/htdocs/ami/system/CodeIgniter.php(942): App\Controllers\AdminAreaAudit->addlanjutan('assets', 'vendors', 'chartjs', 'Chart.min.css')
#8 /Applications/XAMPP/xamppfiles/htdocs/ami/system/CodeIgniter.php(502): CodeIgniter\CodeIgniter->runController(Object(App\Controllers\AdminAreaAudit))
#9 /Applications/XAMPP/xamppfiles/htdocs/ami/system/CodeIgniter.php(361): CodeIgniter\CodeIgniter->handleRequest(NULL, Object(Config\Cache), false)
#10 /Applications/XAMPP/xamppfiles/htdocs/ami/public/index.php(79): CodeIgniter\CodeIgniter->run()
#11 /Applications/XAMPP/xamppfiles/htdocs/ami/system/Commands/Server/rewrite.php(47): require_once('/Applications/X...')
#12 {main}
CRITICAL - 2024-04-27 23:51:18 --> Illegal mix of collations (utf8mb4_general_ci,IMPLICIT) and (utf8_general_ci,COERCIBLE) for operation '='
in SYSTEMPATH/Database/BaseConnection.php on line 647.
 1 SYSTEMPATH/Database/BaseBuilder.php(1615): CodeIgniter\Database\BaseConnection->query('SELECT `standar`.`standar`, `s_pertanyaan_isi`.*
FROM `s_pertanyaan_isi`
JOIN `standar` ON `s_pertanyaan_isi`.`standar_id` = `standar`.`id`
WHERE `s_pertanyaan_isi`.`id` = :s_pertanyaan_isi.id:', [...], false)
 2 SYSTEMPATH/Model.php(871): CodeIgniter\Database\BaseBuilder->get()
 3 APPPATH/Models/Admin/IsiModel.php(49): CodeIgniter\Model->__call('get', [])
 4 APPPATH/Controllers/AdminAreaAudit.php(498): App\Models\Admin\IsiModel->getisiById('jÀ∂')
 5 SYSTEMPATH/CodeIgniter.php(942): App\Controllers\AdminAreaAudit->addlanjutan('assets', 'vendors', 'chartjs', 'Chart.min.css')
 6 SYSTEMPATH/CodeIgniter.php(502): CodeIgniter\CodeIgniter->runController(Object(App\Controllers\AdminAreaAudit))
 7 SYSTEMPATH/CodeIgniter.php(361): CodeIgniter\CodeIgniter->handleRequest(null, Object(Config\Cache), false)
 8 FCPATH/index.php(79): CodeIgniter\CodeIgniter->run()
 9 SYSTEMPATH/Commands/Server/rewrite.php(47): require_once('/Applications/XAMPP/xamppfiles/htdocs/ami/public/index.php')
CRITICAL - 2024-04-27 23:51:18 --> Uncaught CodeIgniter\Format\Exceptions\FormatException: Failed to parse JSON string. Error: Malformed UTF-8 characters, possibly incorrectly encoded in /Applications/XAMPP/xamppfiles/htdocs/ami/system/Format/JSONFormatter.php:43
Stack trace:
#0 /Applications/XAMPP/xamppfiles/htdocs/ami/system/Format/JSONFormatter.php(43): CodeIgniter\Format\Exceptions\FormatException::forInvalidJSON('Malformed UTF-8...')
#1 /Applications/XAMPP/xamppfiles/htdocs/ami/system/API/ResponseTrait.php(345): CodeIgniter\Format\JSONFormatter->format(Array)
#2 /Applications/XAMPP/xamppfiles/htdocs/ami/system/API/ResponseTrait.php(98): CodeIgniter\Debug\ExceptionHandler->format(Array)
#3 /Applications/XAMPP/xamppfiles/htdocs/ami/system/Debug/ExceptionHandler.php(81): CodeIgniter\Debug\ExceptionHandler->respond(Array, 500)
#4 /Applications/XAMPP/xamppfiles/htdocs/ami/system/Debug/Exceptions.php(149): CodeIgniter\Debug\ExceptionHandler->handle(Object(mysqli_sql_exception), Object(CodeIgniter\HTTP\IncomingRequest), Object(CodeIgniter\HTTP\Response), 500, 8)
#5 [internal function]: CodeIgniter\Debug\Exceptions->exceptionHandler(Object(mysqli_sql_exception))
#6 {main}
  thrown
„ÄêPrevious Exception„Äë
CodeIgniter\Database\Exceptions\DatabaseException
Illegal mix of collations (utf8mb4_general_ci,IMPLICIT) and (utf8_general_ci,COERCIBLE) for operation '='
#0 /Applications/XAMPP/xamppfiles/htdocs/ami/system/Database/BaseBuilder.php(1615): CodeIgniter\Database\BaseConnection->query('SELECT `standar...', Array, false)
#1 /Applications/XAMPP/xamppfiles/htdocs/ami/system/Model.php(871): CodeIgniter\Database\BaseBuilder->get()
#2 /Applications/XAMPP/xamppfiles/htdocs/ami/app/Models/Admin/IsiModel.php(49): CodeIgniter\Model->__call('get', Array)
#3 /Applications/XAMPP/xamppfiles/htdocs/ami/app/Controllers/AdminAreaAudit.php(498): App\Models\Admin\IsiModel->getisiById('j\xCB\x1E\xB6')
#4 /Applications/XAMPP/xamppfiles/htdocs/ami/system/CodeIgniter.php(942): App\Controllers\AdminAreaAudit->addlanjutan('assets', 'vendors', 'chartjs', 'Chart.min.css')
#5 /Applications/XAMPP/xamppfiles/htdocs/ami/system/CodeIgniter.php(502): CodeIgniter\CodeIgniter->runController(Object(App\Controllers\AdminAreaAudit))
#6 /Applications/XAMPP/xamppfiles/htdocs/ami/system/CodeIgniter.php(361): CodeIgniter\CodeIgniter->handleRequest(NULL, Object(Config\Cache), false)
#7 /Applications/XAMPP/xamppfiles/htdocs/ami/public/index.php(79): CodeIgniter\CodeIgniter->run()
#8 /Applications/XAMPP/xamppfiles/htdocs/ami/system/Commands/Server/rewrite.php(47): require_once('/Applications/X...')
#9 {main}
in SYSTEMPATH/Format/JSONFormatter.php on line 43.
 1 [internal function]: CodeIgniter\Debug\Exceptions->shutdownHandler()
INFO - 2024-04-27 23:51:50 --> Session: Class initialized using 'CodeIgniter\Session\Handlers\FileHandler' driver.
INFO - 2024-04-27 23:51:51 --> Session: Class initialized using 'CodeIgniter\Session\Handlers\FileHandler' driver.
ERROR - 2024-04-27 23:51:51 --> mysqli_sql_exception: Illegal mix of collations (utf8mb4_general_ci,IMPLICIT) and (utf8_general_ci,COERCIBLE) for operation '=' in /Applications/XAMPP/xamppfiles/htdocs/ami/system/Database/MySQLi/Connection.php:306
Stack trace:
#0 /Applications/XAMPP/xamppfiles/htdocs/ami/system/Database/MySQLi/Connection.php(306): mysqli->query('SELECT `standar...', 0)
#1 /Applications/XAMPP/xamppfiles/htdocs/ami/system/Database/BaseConnection.php(693): CodeIgniter\Database\MySQLi\Connection->execute('SELECT `standar...')
#2 /Applications/XAMPP/xamppfiles/htdocs/ami/system/Database/BaseConnection.php(607): CodeIgniter\Database\BaseConnection->simpleQuery('SELECT `standar...')
#3 /Applications/XAMPP/xamppfiles/htdocs/ami/system/Database/BaseBuilder.php(1615): CodeIgniter\Database\BaseConnection->query('SELECT `standar...', Array, false)
#4 /Applications/XAMPP/xamppfiles/htdocs/ami/system/Model.php(871): CodeIgniter\Database\BaseBuilder->get()
#5 /Applications/XAMPP/xamppfiles/htdocs/ami/app/Models/Admin/IsiModel.php(49): CodeIgniter\Model->__call('get', Array)
#6 /Applications/XAMPP/xamppfiles/htdocs/ami/app/Controllers/AdminAreaAudit.php(498): App\Models\Admin\IsiModel->getisiById('j\xCB\x1E\xB6')
#7 /Applications/XAMPP/xamppfiles/htdocs/ami/system/CodeIgniter.php(942): App\Controllers\AdminAreaAudit->addlanjutan('assets', 'vendors', 'chartjs', 'Chart.min.css')
#8 /Applications/XAMPP/xamppfiles/htdocs/ami/system/CodeIgniter.php(502): CodeIgniter\CodeIgniter->runController(Object(App\Controllers\AdminAreaAudit))
#9 /Applications/XAMPP/xamppfiles/htdocs/ami/system/CodeIgniter.php(361): CodeIgniter\CodeIgniter->handleRequest(NULL, Object(Config\Cache), false)
#10 /Applications/XAMPP/xamppfiles/htdocs/ami/public/index.php(79): CodeIgniter\CodeIgniter->run()
#11 /Applications/XAMPP/xamppfiles/htdocs/ami/system/Commands/Server/rewrite.php(47): require_once('/Applications/X...')
#12 {main}
CRITICAL - 2024-04-27 23:51:51 --> Illegal mix of collations (utf8mb4_general_ci,IMPLICIT) and (utf8_general_ci,COERCIBLE) for operation '='
in SYSTEMPATH/Database/BaseConnection.php on line 647.
 1 SYSTEMPATH/Database/BaseBuilder.php(1615): CodeIgniter\Database\BaseConnection->query('SELECT `standar`.`standar`, `s_pertanyaan_isi`.*
FROM `s_pertanyaan_isi`
JOIN `standar` ON `s_pertanyaan_isi`.`standar_id` = `standar`.`id`
WHERE `s_pertanyaan_isi`.`id` = :s_pertanyaan_isi.id:', [...], false)
 2 SYSTEMPATH/Model.php(871): CodeIgniter\Database\BaseBuilder->get()
 3 APPPATH/Models/Admin/IsiModel.php(49): CodeIgniter\Model->__call('get', [])
 4 APPPATH/Controllers/AdminAreaAudit.php(498): App\Models\Admin\IsiModel->getisiById('jÀ∂')
 5 SYSTEMPATH/CodeIgniter.php(942): App\Controllers\AdminAreaAudit->addlanjutan('assets', 'vendors', 'chartjs', 'Chart.min.css')
 6 SYSTEMPATH/CodeIgniter.php(502): CodeIgniter\CodeIgniter->runController(Object(App\Controllers\AdminAreaAudit))
 7 SYSTEMPATH/CodeIgniter.php(361): CodeIgniter\CodeIgniter->handleRequest(null, Object(Config\Cache), false)
 8 FCPATH/index.php(79): CodeIgniter\CodeIgniter->run()
 9 SYSTEMPATH/Commands/Server/rewrite.php(47): require_once('/Applications/XAMPP/xamppfiles/htdocs/ami/public/index.php')
CRITICAL - 2024-04-27 23:51:51 --> Uncaught CodeIgniter\Format\Exceptions\FormatException: Failed to parse JSON string. Error: Malformed UTF-8 characters, possibly incorrectly encoded in /Applications/XAMPP/xamppfiles/htdocs/ami/system/Format/JSONFormatter.php:43
Stack trace:
#0 /Applications/XAMPP/xamppfiles/htdocs/ami/system/Format/JSONFormatter.php(43): CodeIgniter\Format\Exceptions\FormatException::forInvalidJSON('Malformed UTF-8...')
#1 /Applications/XAMPP/xamppfiles/htdocs/ami/system/API/ResponseTrait.php(345): CodeIgniter\Format\JSONFormatter->format(Array)
#2 /Applications/XAMPP/xamppfiles/htdocs/ami/system/API/ResponseTrait.php(98): CodeIgniter\Debug\ExceptionHandler->format(Array)
#3 /Applications/XAMPP/xamppfiles/htdocs/ami/system/Debug/ExceptionHandler.php(81): CodeIgniter\Debug\ExceptionHandler->respond(Array, 500)
#4 /Applications/XAMPP/xamppfiles/htdocs/ami/system/Debug/Exceptions.php(149): CodeIgniter\Debug\ExceptionHandler->handle(Object(mysqli_sql_exception), Object(CodeIgniter\HTTP\IncomingRequest), Object(CodeIgniter\HTTP\Response), 500, 8)
#5 [internal function]: CodeIgniter\Debug\Exceptions->exceptionHandler(Object(mysqli_sql_exception))
#6 {main}
  thrown
„ÄêPrevious Exception„Äë
CodeIgniter\Database\Exceptions\DatabaseException
Illegal mix of collations (utf8mb4_general_ci,IMPLICIT) and (utf8_general_ci,COERCIBLE) for operation '='
#0 /Applications/XAMPP/xamppfiles/htdocs/ami/system/Database/BaseBuilder.php(1615): CodeIgniter\Database\BaseConnection->query('SELECT `standar...', Array, false)
#1 /Applications/XAMPP/xamppfiles/htdocs/ami/system/Model.php(871): CodeIgniter\Database\BaseBuilder->get()
#2 /Applications/XAMPP/xamppfiles/htdocs/ami/app/Models/Admin/IsiModel.php(49): CodeIgniter\Model->__call('get', Array)
#3 /Applications/XAMPP/xamppfiles/htdocs/ami/app/Controllers/AdminAreaAudit.php(498): App\Models\Admin\IsiModel->getisiById('j\xCB\x1E\xB6')
#4 /Applications/XAMPP/xamppfiles/htdocs/ami/system/CodeIgniter.php(942): App\Controllers\AdminAreaAudit->addlanjutan('assets', 'vendors', 'chartjs', 'Chart.min.css')
#5 /Applications/XAMPP/xamppfiles/htdocs/ami/system/CodeIgniter.php(502): CodeIgniter\CodeIgniter->runController(Object(App\Controllers\AdminAreaAudit))
#6 /Applications/XAMPP/xamppfiles/htdocs/ami/system/CodeIgniter.php(361): CodeIgniter\CodeIgniter->handleRequest(NULL, Object(Config\Cache), false)
#7 /Applications/XAMPP/xamppfiles/htdocs/ami/public/index.php(79): CodeIgniter\CodeIgniter->run()
#8 /Applications/XAMPP/xamppfiles/htdocs/ami/system/Commands/Server/rewrite.php(47): require_once('/Applications/X...')
#9 {main}
in SYSTEMPATH/Format/JSONFormatter.php on line 43.
 1 [internal function]: CodeIgniter\Debug\Exceptions->shutdownHandler()
INFO - 2024-04-27 23:52:28 --> Session: Class initialized using 'CodeIgniter\Session\Handlers\FileHandler' driver.
INFO - 2024-04-27 23:52:29 --> Session: Class initialized using 'CodeIgniter\Session\Handlers\FileHandler' driver.
ERROR - 2024-04-27 23:52:29 --> mysqli_sql_exception: Illegal mix of collations (utf8mb4_general_ci,IMPLICIT) and (utf8_general_ci,COERCIBLE) for operation '=' in /Applications/XAMPP/xamppfiles/htdocs/ami/system/Database/MySQLi/Connection.php:306
Stack trace:
#0 /Applications/XAMPP/xamppfiles/htdocs/ami/system/Database/MySQLi/Connection.php(306): mysqli->query('SELECT `standar...', 0)
#1 /Applications/XAMPP/xamppfiles/htdocs/ami/system/Database/BaseConnection.php(693): CodeIgniter\Database\MySQLi\Connection->execute('SELECT `standar...')
#2 /Applications/XAMPP/xamppfiles/htdocs/ami/system/Database/BaseConnection.php(607): CodeIgniter\Database\BaseConnection->simpleQuery('SELECT `standar...')
#3 /Applications/XAMPP/xamppfiles/htdocs/ami/system/Database/BaseBuilder.php(1615): CodeIgniter\Database\BaseConnection->query('SELECT `standar...', Array, false)
#4 /Applications/XAMPP/xamppfiles/htdocs/ami/system/Model.php(871): CodeIgniter\Database\BaseBuilder->get()
#5 /Applications/XAMPP/xamppfiles/htdocs/ami/app/Models/Admin/IsiModel.php(49): CodeIgniter\Model->__call('get', Array)
#6 /Applications/XAMPP/xamppfiles/htdocs/ami/app/Controllers/AdminAreaAudit.php(498): App\Models\Admin\IsiModel->getisiById('j\xCB\x1E\xB6')
#7 /Applications/XAMPP/xamppfiles/htdocs/ami/system/CodeIgniter.php(942): App\Controllers\AdminAreaAudit->addlanjutan('assets', 'vendors', 'chartjs', 'Chart.min.css')
#8 /Applications/XAMPP/xamppfiles/htdocs/ami/system/CodeIgniter.php(502): CodeIgniter\CodeIgniter->runController(Object(App\Controllers\AdminAreaAudit))
#9 /Applications/XAMPP/xamppfiles/htdocs/ami/system/CodeIgniter.php(361): CodeIgniter\CodeIgniter->handleRequest(NULL, Object(Config\Cache), false)
#10 /Applications/XAMPP/xamppfiles/htdocs/ami/public/index.php(79): CodeIgniter\CodeIgniter->run()
#11 /Applications/XAMPP/xamppfiles/htdocs/ami/system/Commands/Server/rewrite.php(47): require_once('/Applications/X...')
#12 {main}
CRITICAL - 2024-04-27 23:52:29 --> Illegal mix of collations (utf8mb4_general_ci,IMPLICIT) and (utf8_general_ci,COERCIBLE) for operation '='
in SYSTEMPATH/Database/BaseConnection.php on line 647.
 1 SYSTEMPATH/Database/BaseBuilder.php(1615): CodeIgniter\Database\BaseConnection->query('SELECT `standar`.`standar`, `s_pertanyaan_isi`.*
FROM `s_pertanyaan_isi`
JOIN `standar` ON `s_pertanyaan_isi`.`standar_id` = `standar`.`id`
WHERE `s_pertanyaan_isi`.`id` = :s_pertanyaan_isi.id:', [...], false)
 2 SYSTEMPATH/Model.php(871): CodeIgniter\Database\BaseBuilder->get()
 3 APPPATH/Models/Admin/IsiModel.php(49): CodeIgniter\Model->__call('get', [])
 4 APPPATH/Controllers/AdminAreaAudit.php(498): App\Models\Admin\IsiModel->getisiById('jÀ∂')
 5 SYSTEMPATH/CodeIgniter.php(942): App\Controllers\AdminAreaAudit->addlanjutan('assets', 'vendors', 'chartjs', 'Chart.min.css')
 6 SYSTEMPATH/CodeIgniter.php(502): CodeIgniter\CodeIgniter->runController(Object(App\Controllers\AdminAreaAudit))
 7 SYSTEMPATH/CodeIgniter.php(361): CodeIgniter\CodeIgniter->handleRequest(null, Object(Config\Cache), false)
 8 FCPATH/index.php(79): CodeIgniter\CodeIgniter->run()
 9 SYSTEMPATH/Commands/Server/rewrite.php(47): require_once('/Applications/XAMPP/xamppfiles/htdocs/ami/public/index.php')
CRITICAL - 2024-04-27 23:52:29 --> Uncaught CodeIgniter\Format\Exceptions\FormatException: Failed to parse JSON string. Error: Malformed UTF-8 characters, possibly incorrectly encoded in /Applications/XAMPP/xamppfiles/htdocs/ami/system/Format/JSONFormatter.php:43
Stack trace:
#0 /Applications/XAMPP/xamppfiles/htdocs/ami/system/Format/JSONFormatter.php(43): CodeIgniter\Format\Exceptions\FormatException::forInvalidJSON('Malformed UTF-8...')
#1 /Applications/XAMPP/xamppfiles/htdocs/ami/system/API/ResponseTrait.php(345): CodeIgniter\Format\JSONFormatter->format(Array)
#2 /Applications/XAMPP/xamppfiles/htdocs/ami/system/API/ResponseTrait.php(98): CodeIgniter\Debug\ExceptionHandler->format(Array)
#3 /Applications/XAMPP/xamppfiles/htdocs/ami/system/Debug/ExceptionHandler.php(81): CodeIgniter\Debug\ExceptionHandler->respond(Array, 500)
#4 /Applications/XAMPP/xamppfiles/htdocs/ami/system/Debug/Exceptions.php(149): CodeIgniter\Debug\ExceptionHandler->handle(Object(mysqli_sql_exception), Object(CodeIgniter\HTTP\IncomingRequest), Object(CodeIgniter\HTTP\Response), 500, 8)
#5 [internal function]: CodeIgniter\Debug\Exceptions->exceptionHandler(Object(mysqli_sql_exception))
#6 {main}
  thrown
„ÄêPrevious Exception„Äë
CodeIgniter\Database\Exceptions\DatabaseException
Illegal mix of collations (utf8mb4_general_ci,IMPLICIT) and (utf8_general_ci,COERCIBLE) for operation '='
#0 /Applications/XAMPP/xamppfiles/htdocs/ami/system/Database/BaseBuilder.php(1615): CodeIgniter\Database\BaseConnection->query('SELECT `standar...', Array, false)
#1 /Applications/XAMPP/xamppfiles/htdocs/ami/system/Model.php(871): CodeIgniter\Database\BaseBuilder->get()
#2 /Applications/XAMPP/xamppfiles/htdocs/ami/app/Models/Admin/IsiModel.php(49): CodeIgniter\Model->__call('get', Array)
#3 /Applications/XAMPP/xamppfiles/htdocs/ami/app/Controllers/AdminAreaAudit.php(498): App\Models\Admin\IsiModel->getisiById('j\xCB\x1E\xB6')
#4 /Applications/XAMPP/xamppfiles/htdocs/ami/system/CodeIgniter.php(942): App\Controllers\AdminAreaAudit->addlanjutan('assets', 'vendors', 'chartjs', 'Chart.min.css')
#5 /Applications/XAMPP/xamppfiles/htdocs/ami/system/CodeIgniter.php(502): CodeIgniter\CodeIgniter->runController(Object(App\Controllers\AdminAreaAudit))
#6 /Applications/XAMPP/xamppfiles/htdocs/ami/system/CodeIgniter.php(361): CodeIgniter\CodeIgniter->handleRequest(NULL, Object(Config\Cache), false)
#7 /Applications/XAMPP/xamppfiles/htdocs/ami/public/index.php(79): CodeIgniter\CodeIgniter->run()
#8 /Applications/XAMPP/xamppfiles/htdocs/ami/system/Commands/Server/rewrite.php(47): require_once('/Applications/X...')
#9 {main}
in SYSTEMPATH/Format/JSONFormatter.php on line 43.
 1 [internal function]: CodeIgniter\Debug\Exceptions->shutdownHandler()
