INFO - 2024-02-12 00:21:10 --> Session: Class initialized using 'CodeIgniter\Session\Handlers\FileHandler' driver.
INFO - 2024-02-12 00:21:10 --> Session: Class initialized using 'CodeIgniter\Session\Handlers\FileHandler' driver.
INFO - 2024-02-12 00:21:15 --> Session: Class initialized using 'CodeIgniter\Session\Handlers\FileHandler' driver.
INFO - 2024-02-12 00:21:15 --> Session: Class initialized using 'CodeIgniter\Session\Handlers\FileHandler' driver.
INFO - 2024-02-12 00:21:15 --> Session: Class initialized using 'CodeIgniter\Session\Handlers\FileHandler' driver.
INFO - 2024-02-12 00:21:17 --> Session: Class initialized using 'CodeIgniter\Session\Handlers\FileHandler' driver.
INFO - 2024-02-12 00:21:17 --> Session: Class initialized using 'CodeIgniter\Session\Handlers\FileHandler' driver.
INFO - 2024-02-12 00:21:18 --> Session: Class initialized using 'CodeIgniter\Session\Handlers\FileHandler' driver.
INFO - 2024-02-12 00:21:18 --> Session: Class initialized using 'CodeIgniter\Session\Handlers\FileHandler' driver.
INFO - 2024-02-12 00:21:20 --> Session: Class initialized using 'CodeIgniter\Session\Handlers\FileHandler' driver.
INFO - 2024-02-12 00:21:20 --> Session: Class initialized using 'CodeIgniter\Session\Handlers\FileHandler' driver.
INFO - 2024-02-12 00:21:21 --> Session: Class initialized using 'CodeIgniter\Session\Handlers\FileHandler' driver.
INFO - 2024-02-12 00:21:21 --> Session: Class initialized using 'CodeIgniter\Session\Handlers\FileHandler' driver.
INFO - 2024-02-12 00:21:26 --> Session: Class initialized using 'CodeIgniter\Session\Handlers\FileHandler' driver.
INFO - 2024-02-12 00:21:26 --> Session: Class initialized using 'CodeIgniter\Session\Handlers\FileHandler' driver.
INFO - 2024-02-12 00:21:29 --> Session: Class initialized using 'CodeIgniter\Session\Handlers\FileHandler' driver.
INFO - 2024-02-12 00:21:29 --> Session: Class initialized using 'CodeIgniter\Session\Handlers\FileHandler' driver.
INFO - 2024-02-12 00:21:31 --> Session: Class initialized using 'CodeIgniter\Session\Handlers\FileHandler' driver.
INFO - 2024-02-12 00:21:31 --> Session: Class initialized using 'CodeIgniter\Session\Handlers\FileHandler' driver.
INFO - 2024-02-12 00:21:33 --> Session: Class initialized using 'CodeIgniter\Session\Handlers\FileHandler' driver.
INFO - 2024-02-12 00:21:33 --> Session: Class initialized using 'CodeIgniter\Session\Handlers\FileHandler' driver.
INFO - 2024-02-12 00:21:35 --> Session: Class initialized using 'CodeIgniter\Session\Handlers\FileHandler' driver.
INFO - 2024-02-12 00:21:35 --> Session: Class initialized using 'CodeIgniter\Session\Handlers\FileHandler' driver.
INFO - 2024-02-12 00:21:36 --> Session: Class initialized using 'CodeIgniter\Session\Handlers\FileHandler' driver.
INFO - 2024-02-12 00:21:37 --> Session: Class initialized using 'CodeIgniter\Session\Handlers\FileHandler' driver.
INFO - 2024-02-12 00:22:47 --> Session: Class initialized using 'CodeIgniter\Session\Handlers\FileHandler' driver.
CRITICAL - 2024-02-12 00:22:47 --> Cannot use object of type stdClass as array
in APPPATH/Views/konten/admin/setting/uas/edit.php on line 69.
 1 SYSTEMPATH/View/View.php(228): include()
 2 SYSTEMPATH/View/View.php(231): CodeIgniter\View\View->CodeIgniter\View\{closure}()
 3 SYSTEMPATH/Common.php(1190): CodeIgniter\View\View->render('konten/admin/setting/uas/edit', [], true)
 4 APPPATH/Controllers/AdminSetting.php(363): view('konten/admin/setting/uas/edit', [...])
 5 SYSTEMPATH/CodeIgniter.php(942): App\Controllers\AdminSetting->aturJadwalEdit('NjQzNGI0OTctMmNhZC00YjMxLTk2NmEtY2ZkNDgwMWRkNDI4')
 6 SYSTEMPATH/CodeIgniter.php(502): CodeIgniter\CodeIgniter->runController(Object(App\Controllers\AdminSetting))
 7 SYSTEMPATH/CodeIgniter.php(361): CodeIgniter\CodeIgniter->handleRequest(null, Object(Config\Cache), false)
 8 FCPATH/index.php(79): CodeIgniter\CodeIgniter->run()
 9 SYSTEMPATH/Commands/Server/rewrite.php(47): require_once('/Applications/XAMPP/xamppfiles/htdocs/pembelajaran/public/index.php')
INFO - 2024-02-12 00:23:38 --> Session: Class initialized using 'CodeIgniter\Session\Handlers\FileHandler' driver.
INFO - 2024-02-12 00:23:38 --> Session: Class initialized using 'CodeIgniter\Session\Handlers\FileHandler' driver.
INFO - 2024-02-12 00:23:41 --> Session: Class initialized using 'CodeIgniter\Session\Handlers\FileHandler' driver.
INFO - 2024-02-12 00:23:41 --> Session: Class initialized using 'CodeIgniter\Session\Handlers\FileHandler' driver.
INFO - 2024-02-12 00:23:44 --> Session: Class initialized using 'CodeIgniter\Session\Handlers\FileHandler' driver.
INFO - 2024-02-12 00:23:44 --> Session: Class initialized using 'CodeIgniter\Session\Handlers\FileHandler' driver.
INFO - 2024-02-12 00:23:46 --> Session: Class initialized using 'CodeIgniter\Session\Handlers\FileHandler' driver.
INFO - 2024-02-12 00:23:46 --> Session: Class initialized using 'CodeIgniter\Session\Handlers\FileHandler' driver.
INFO - 2024-02-12 00:26:14 --> Session: Class initialized using 'CodeIgniter\Session\Handlers\FileHandler' driver.
INFO - 2024-02-12 00:26:14 --> Session: Class initialized using 'CodeIgniter\Session\Handlers\FileHandler' driver.
INFO - 2024-02-12 00:26:17 --> Session: Class initialized using 'CodeIgniter\Session\Handlers\FileHandler' driver.
INFO - 2024-02-12 00:26:17 --> Session: Class initialized using 'CodeIgniter\Session\Handlers\FileHandler' driver.
INFO - 2024-02-12 00:26:18 --> Session: Class initialized using 'CodeIgniter\Session\Handlers\FileHandler' driver.
INFO - 2024-02-12 00:26:18 --> Session: Class initialized using 'CodeIgniter\Session\Handlers\FileHandler' driver.
INFO - 2024-02-12 00:26:53 --> Session: Class initialized using 'CodeIgniter\Session\Handlers\FileHandler' driver.
INFO - 2024-02-12 00:26:53 --> Session: Class initialized using 'CodeIgniter\Session\Handlers\FileHandler' driver.
INFO - 2024-02-12 00:27:29 --> Session: Class initialized using 'CodeIgniter\Session\Handlers\FileHandler' driver.
INFO - 2024-02-12 00:27:29 --> Session: Class initialized using 'CodeIgniter\Session\Handlers\FileHandler' driver.
INFO - 2024-02-12 00:28:47 --> Session: Class initialized using 'CodeIgniter\Session\Handlers\FileHandler' driver.
INFO - 2024-02-12 00:28:47 --> Session: Class initialized using 'CodeIgniter\Session\Handlers\FileHandler' driver.
INFO - 2024-02-12 00:28:49 --> Session: Class initialized using 'CodeIgniter\Session\Handlers\FileHandler' driver.
INFO - 2024-02-12 00:28:49 --> Session: Class initialized using 'CodeIgniter\Session\Handlers\FileHandler' driver.
INFO - 2024-02-12 00:28:50 --> Session: Class initialized using 'CodeIgniter\Session\Handlers\FileHandler' driver.
INFO - 2024-02-12 00:29:58 --> Session: Class initialized using 'CodeIgniter\Session\Handlers\FileHandler' driver.
INFO - 2024-02-12 00:29:59 --> Session: Class initialized using 'CodeIgniter\Session\Handlers\FileHandler' driver.
INFO - 2024-02-12 00:30:00 --> Session: Class initialized using 'CodeIgniter\Session\Handlers\FileHandler' driver.
INFO - 2024-02-12 00:30:04 --> Session: Class initialized using 'CodeIgniter\Session\Handlers\FileHandler' driver.
INFO - 2024-02-12 00:30:04 --> Session: Class initialized using 'CodeIgniter\Session\Handlers\FileHandler' driver.
INFO - 2024-02-12 00:30:07 --> Session: Class initialized using 'CodeIgniter\Session\Handlers\FileHandler' driver.
INFO - 2024-02-12 00:30:07 --> Session: Class initialized using 'CodeIgniter\Session\Handlers\FileHandler' driver.
INFO - 2024-02-12 00:30:37 --> Session: Class initialized using 'CodeIgniter\Session\Handlers\FileHandler' driver.
INFO - 2024-02-12 00:30:37 --> Session: Class initialized using 'CodeIgniter\Session\Handlers\FileHandler' driver.
INFO - 2024-02-12 00:31:11 --> Session: Class initialized using 'CodeIgniter\Session\Handlers\FileHandler' driver.
INFO - 2024-02-12 00:31:12 --> Session: Class initialized using 'CodeIgniter\Session\Handlers\FileHandler' driver.
INFO - 2024-02-12 00:31:14 --> Session: Class initialized using 'CodeIgniter\Session\Handlers\FileHandler' driver.
INFO - 2024-02-12 00:31:14 --> Session: Class initialized using 'CodeIgniter\Session\Handlers\FileHandler' driver.
INFO - 2024-02-12 00:31:15 --> Session: Class initialized using 'CodeIgniter\Session\Handlers\FileHandler' driver.
INFO - 2024-02-12 00:31:16 --> Session: Class initialized using 'CodeIgniter\Session\Handlers\FileHandler' driver.
INFO - 2024-02-12 00:31:17 --> Session: Class initialized using 'CodeIgniter\Session\Handlers\FileHandler' driver.
INFO - 2024-02-12 00:31:17 --> Session: Class initialized using 'CodeIgniter\Session\Handlers\FileHandler' driver.
INFO - 2024-02-12 00:31:18 --> Session: Class initialized using 'CodeIgniter\Session\Handlers\FileHandler' driver.
INFO - 2024-02-12 00:35:10 --> Session: Class initialized using 'CodeIgniter\Session\Handlers\FileHandler' driver.
INFO - 2024-02-12 00:35:13 --> Session: Class initialized using 'CodeIgniter\Session\Handlers\FileHandler' driver.
INFO - 2024-02-12 00:35:13 --> Session: Class initialized using 'CodeIgniter\Session\Handlers\FileHandler' driver.
INFO - 2024-02-12 00:35:14 --> Session: Class initialized using 'CodeIgniter\Session\Handlers\FileHandler' driver.
INFO - 2024-02-12 00:35:15 --> Session: Class initialized using 'CodeIgniter\Session\Handlers\FileHandler' driver.
INFO - 2024-02-12 00:35:18 --> Session: Class initialized using 'CodeIgniter\Session\Handlers\FileHandler' driver.
INFO - 2024-02-12 00:35:20 --> Session: Class initialized using 'CodeIgniter\Session\Handlers\FileHandler' driver.
INFO - 2024-02-12 00:35:52 --> Session: Class initialized using 'CodeIgniter\Session\Handlers\FileHandler' driver.
INFO - 2024-02-12 00:35:53 --> Session: Class initialized using 'CodeIgniter\Session\Handlers\FileHandler' driver.
INFO - 2024-02-12 00:41:29 --> Session: Class initialized using 'CodeIgniter\Session\Handlers\FileHandler' driver.
INFO - 2024-02-12 00:41:29 --> Session: Class initialized using 'CodeIgniter\Session\Handlers\FileHandler' driver.
INFO - 2024-02-12 00:41:36 --> Session: Class initialized using 'CodeIgniter\Session\Handlers\FileHandler' driver.
INFO - 2024-02-12 00:41:37 --> Session: Class initialized using 'CodeIgniter\Session\Handlers\FileHandler' driver.
INFO - 2024-02-12 00:41:38 --> Session: Class initialized using 'CodeIgniter\Session\Handlers\FileHandler' driver.
INFO - 2024-02-12 00:41:38 --> Session: Class initialized using 'CodeIgniter\Session\Handlers\FileHandler' driver.
INFO - 2024-02-12 00:43:07 --> Session: Class initialized using 'CodeIgniter\Session\Handlers\FileHandler' driver.
INFO - 2024-02-12 00:43:08 --> Session: Class initialized using 'CodeIgniter\Session\Handlers\FileHandler' driver.
INFO - 2024-02-12 00:43:11 --> Session: Class initialized using 'CodeIgniter\Session\Handlers\FileHandler' driver.
INFO - 2024-02-12 00:43:13 --> Session: Class initialized using 'CodeIgniter\Session\Handlers\FileHandler' driver.
INFO - 2024-02-12 00:43:13 --> Session: Class initialized using 'CodeIgniter\Session\Handlers\FileHandler' driver.
INFO - 2024-02-12 00:43:13 --> Session: Class initialized using 'CodeIgniter\Session\Handlers\FileHandler' driver.
INFO - 2024-02-12 00:43:38 --> Session: Class initialized using 'CodeIgniter\Session\Handlers\FileHandler' driver.
INFO - 2024-02-12 00:43:38 --> Session: Class initialized using 'CodeIgniter\Session\Handlers\FileHandler' driver.
INFO - 2024-02-12 00:43:42 --> Session: Class initialized using 'CodeIgniter\Session\Handlers\FileHandler' driver.
INFO - 2024-02-12 00:43:45 --> Session: Class initialized using 'CodeIgniter\Session\Handlers\FileHandler' driver.
INFO - 2024-02-12 00:43:45 --> Session: Class initialized using 'CodeIgniter\Session\Handlers\FileHandler' driver.
INFO - 2024-02-12 00:43:45 --> Session: Class initialized using 'CodeIgniter\Session\Handlers\FileHandler' driver.
INFO - 2024-02-12 00:43:50 --> Session: Class initialized using 'CodeIgniter\Session\Handlers\FileHandler' driver.
INFO - 2024-02-12 00:43:51 --> Session: Class initialized using 'CodeIgniter\Session\Handlers\FileHandler' driver.
INFO - 2024-02-12 00:43:52 --> Session: Class initialized using 'CodeIgniter\Session\Handlers\FileHandler' driver.
INFO - 2024-02-12 00:43:52 --> Session: Class initialized using 'CodeIgniter\Session\Handlers\FileHandler' driver.
INFO - 2024-02-12 00:44:03 --> Session: Class initialized using 'CodeIgniter\Session\Handlers\FileHandler' driver.
INFO - 2024-02-12 00:44:03 --> Session: Class initialized using 'CodeIgniter\Session\Handlers\FileHandler' driver.
INFO - 2024-02-12 00:44:59 --> Session: Class initialized using 'CodeIgniter\Session\Handlers\FileHandler' driver.
INFO - 2024-02-12 00:45:00 --> Session: Class initialized using 'CodeIgniter\Session\Handlers\FileHandler' driver.
INFO - 2024-02-12 00:46:03 --> Session: Class initialized using 'CodeIgniter\Session\Handlers\FileHandler' driver.
INFO - 2024-02-12 00:46:04 --> Session: Class initialized using 'CodeIgniter\Session\Handlers\FileHandler' driver.
INFO - 2024-02-12 00:46:50 --> Session: Class initialized using 'CodeIgniter\Session\Handlers\FileHandler' driver.
INFO - 2024-02-12 00:46:51 --> Session: Class initialized using 'CodeIgniter\Session\Handlers\FileHandler' driver.
INFO - 2024-02-12 00:49:13 --> Session: Class initialized using 'CodeIgniter\Session\Handlers\FileHandler' driver.
INFO - 2024-02-12 00:49:13 --> Session: Class initialized using 'CodeIgniter\Session\Handlers\FileHandler' driver.
INFO - 2024-02-12 00:49:14 --> Session: Class initialized using 'CodeIgniter\Session\Handlers\FileHandler' driver.
INFO - 2024-02-12 00:49:21 --> Session: Class initialized using 'CodeIgniter\Session\Handlers\FileHandler' driver.
INFO - 2024-02-12 00:49:21 --> Session: Class initialized using 'CodeIgniter\Session\Handlers\FileHandler' driver.
INFO - 2024-02-12 00:49:21 --> Session: Class initialized using 'CodeIgniter\Session\Handlers\FileHandler' driver.
INFO - 2024-02-12 00:49:24 --> Session: Class initialized using 'CodeIgniter\Session\Handlers\FileHandler' driver.
INFO - 2024-02-12 00:49:26 --> Session: Class initialized using 'CodeIgniter\Session\Handlers\FileHandler' driver.
INFO - 2024-02-12 00:49:26 --> Session: Class initialized using 'CodeIgniter\Session\Handlers\FileHandler' driver.
INFO - 2024-02-12 00:49:26 --> Session: Class initialized using 'CodeIgniter\Session\Handlers\FileHandler' driver.
INFO - 2024-02-12 00:49:48 --> Session: Class initialized using 'CodeIgniter\Session\Handlers\FileHandler' driver.
INFO - 2024-02-12 00:49:49 --> Session: Class initialized using 'CodeIgniter\Session\Handlers\FileHandler' driver.
INFO - 2024-02-12 00:49:53 --> Session: Class initialized using 'CodeIgniter\Session\Handlers\FileHandler' driver.
INFO - 2024-02-12 00:49:53 --> Session: Class initialized using 'CodeIgniter\Session\Handlers\FileHandler' driver.
INFO - 2024-02-12 00:49:56 --> Session: Class initialized using 'CodeIgniter\Session\Handlers\FileHandler' driver.
INFO - 2024-02-12 00:49:56 --> Session: Class initialized using 'CodeIgniter\Session\Handlers\FileHandler' driver.
INFO - 2024-02-12 00:51:53 --> Session: Class initialized using 'CodeIgniter\Session\Handlers\FileHandler' driver.
INFO - 2024-02-12 00:51:54 --> Session: Class initialized using 'CodeIgniter\Session\Handlers\FileHandler' driver.
INFO - 2024-02-12 00:51:58 --> Session: Class initialized using 'CodeIgniter\Session\Handlers\FileHandler' driver.
INFO - 2024-02-12 00:51:59 --> Session: Class initialized using 'CodeIgniter\Session\Handlers\FileHandler' driver.
INFO - 2024-02-12 00:52:00 --> Session: Class initialized using 'CodeIgniter\Session\Handlers\FileHandler' driver.
INFO - 2024-02-12 00:52:00 --> Session: Class initialized using 'CodeIgniter\Session\Handlers\FileHandler' driver.
INFO - 2024-02-12 00:52:01 --> Session: Class initialized using 'CodeIgniter\Session\Handlers\FileHandler' driver.
INFO - 2024-02-12 00:52:02 --> Session: Class initialized using 'CodeIgniter\Session\Handlers\FileHandler' driver.
INFO - 2024-02-12 00:52:03 --> Session: Class initialized using 'CodeIgniter\Session\Handlers\FileHandler' driver.
INFO - 2024-02-12 00:52:04 --> Session: Class initialized using 'CodeIgniter\Session\Handlers\FileHandler' driver.
INFO - 2024-02-12 00:52:04 --> Session: Class initialized using 'CodeIgniter\Session\Handlers\FileHandler' driver.
INFO - 2024-02-12 00:52:05 --> Session: Class initialized using 'CodeIgniter\Session\Handlers\FileHandler' driver.
INFO - 2024-02-12 00:52:06 --> Session: Class initialized using 'CodeIgniter\Session\Handlers\FileHandler' driver.
INFO - 2024-02-12 00:52:06 --> Session: Class initialized using 'CodeIgniter\Session\Handlers\FileHandler' driver.
INFO - 2024-02-12 00:52:08 --> Session: Class initialized using 'CodeIgniter\Session\Handlers\FileHandler' driver.
INFO - 2024-02-12 00:52:08 --> Session: Class initialized using 'CodeIgniter\Session\Handlers\FileHandler' driver.
INFO - 2024-02-12 00:52:09 --> Session: Class initialized using 'CodeIgniter\Session\Handlers\FileHandler' driver.
INFO - 2024-02-12 00:52:14 --> Session: Class initialized using 'CodeIgniter\Session\Handlers\FileHandler' driver.
INFO - 2024-02-12 00:52:14 --> Session: Class initialized using 'CodeIgniter\Session\Handlers\FileHandler' driver.
INFO - 2024-02-12 00:52:15 --> Session: Class initialized using 'CodeIgniter\Session\Handlers\FileHandler' driver.
INFO - 2024-02-12 00:52:22 --> Session: Class initialized using 'CodeIgniter\Session\Handlers\FileHandler' driver.
INFO - 2024-02-12 00:52:23 --> Session: Class initialized using 'CodeIgniter\Session\Handlers\FileHandler' driver.
INFO - 2024-02-12 00:52:23 --> Session: Class initialized using 'CodeIgniter\Session\Handlers\FileHandler' driver.
INFO - 2024-02-12 01:05:20 --> Session: Class initialized using 'CodeIgniter\Session\Handlers\FileHandler' driver.
INFO - 2024-02-12 01:05:20 --> Session: Class initialized using 'CodeIgniter\Session\Handlers\FileHandler' driver.
INFO - 2024-02-12 01:05:27 --> Session: Class initialized using 'CodeIgniter\Session\Handlers\FileHandler' driver.
INFO - 2024-02-12 01:05:27 --> Session: Class initialized using 'CodeIgniter\Session\Handlers\FileHandler' driver.
INFO - 2024-02-12 01:05:28 --> Session: Class initialized using 'CodeIgniter\Session\Handlers\FileHandler' driver.
INFO - 2024-02-12 01:05:29 --> Session: Class initialized using 'CodeIgniter\Session\Handlers\FileHandler' driver.
INFO - 2024-02-12 01:05:30 --> Session: Class initialized using 'CodeIgniter\Session\Handlers\FileHandler' driver.
INFO - 2024-02-12 01:05:30 --> Session: Class initialized using 'CodeIgniter\Session\Handlers\FileHandler' driver.
INFO - 2024-02-12 01:05:31 --> Session: Class initialized using 'CodeIgniter\Session\Handlers\FileHandler' driver.
INFO - 2024-02-12 01:05:32 --> Session: Class initialized using 'CodeIgniter\Session\Handlers\FileHandler' driver.
INFO - 2024-02-12 01:05:32 --> Session: Class initialized using 'CodeIgniter\Session\Handlers\FileHandler' driver.
INFO - 2024-02-12 01:05:33 --> Session: Class initialized using 'CodeIgniter\Session\Handlers\FileHandler' driver.
INFO - 2024-02-12 01:05:33 --> Session: Class initialized using 'CodeIgniter\Session\Handlers\FileHandler' driver.
INFO - 2024-02-12 01:05:33 --> Session: Class initialized using 'CodeIgniter\Session\Handlers\FileHandler' driver.
INFO - 2024-02-12 01:05:34 --> Session: Class initialized using 'CodeIgniter\Session\Handlers\FileHandler' driver.
INFO - 2024-02-12 01:05:34 --> Session: Class initialized using 'CodeIgniter\Session\Handlers\FileHandler' driver.
INFO - 2024-02-12 01:05:34 --> Session: Class initialized using 'CodeIgniter\Session\Handlers\FileHandler' driver.
INFO - 2024-02-12 01:05:35 --> Session: Class initialized using 'CodeIgniter\Session\Handlers\FileHandler' driver.
INFO - 2024-02-12 01:05:35 --> Session: Class initialized using 'CodeIgniter\Session\Handlers\FileHandler' driver.
INFO - 2024-02-12 01:05:35 --> Session: Class initialized using 'CodeIgniter\Session\Handlers\FileHandler' driver.
INFO - 2024-02-12 01:05:36 --> Session: Class initialized using 'CodeIgniter\Session\Handlers\FileHandler' driver.
INFO - 2024-02-12 01:05:36 --> Session: Class initialized using 'CodeIgniter\Session\Handlers\FileHandler' driver.
INFO - 2024-02-12 01:05:36 --> Session: Class initialized using 'CodeIgniter\Session\Handlers\FileHandler' driver.
INFO - 2024-02-12 01:09:51 --> Session: Class initialized using 'CodeIgniter\Session\Handlers\FileHandler' driver.
INFO - 2024-02-12 01:09:51 --> Session: Class initialized using 'CodeIgniter\Session\Handlers\FileHandler' driver.
INFO - 2024-02-12 01:09:57 --> Session: Class initialized using 'CodeIgniter\Session\Handlers\FileHandler' driver.
INFO - 2024-02-12 01:09:57 --> Session: Class initialized using 'CodeIgniter\Session\Handlers\FileHandler' driver.
INFO - 2024-02-12 01:09:57 --> Session: Class initialized using 'CodeIgniter\Session\Handlers\FileHandler' driver.
INFO - 2024-02-12 01:10:02 --> Session: Class initialized using 'CodeIgniter\Session\Handlers\FileHandler' driver.
INFO - 2024-02-12 01:10:06 --> Session: Class initialized using 'CodeIgniter\Session\Handlers\FileHandler' driver.
INFO - 2024-02-12 01:10:10 --> Session: Class initialized using 'CodeIgniter\Session\Handlers\FileHandler' driver.
INFO - 2024-02-12 01:12:36 --> Session: Class initialized using 'CodeIgniter\Session\Handlers\FileHandler' driver.
INFO - 2024-02-12 01:12:36 --> Session: Class initialized using 'CodeIgniter\Session\Handlers\FileHandler' driver.
INFO - 2024-02-12 01:14:31 --> Session: Class initialized using 'CodeIgniter\Session\Handlers\FileHandler' driver.
INFO - 2024-02-12 01:14:31 --> Session: Class initialized using 'CodeIgniter\Session\Handlers\FileHandler' driver.
INFO - 2024-02-12 01:14:33 --> Session: Class initialized using 'CodeIgniter\Session\Handlers\FileHandler' driver.
INFO - 2024-02-12 01:14:34 --> Session: Class initialized using 'CodeIgniter\Session\Handlers\FileHandler' driver.
INFO - 2024-02-12 01:14:35 --> Session: Class initialized using 'CodeIgniter\Session\Handlers\FileHandler' driver.
INFO - 2024-02-12 01:14:35 --> Session: Class initialized using 'CodeIgniter\Session\Handlers\FileHandler' driver.
INFO - 2024-02-12 01:14:43 --> Session: Class initialized using 'CodeIgniter\Session\Handlers\FileHandler' driver.
INFO - 2024-02-12 01:14:43 --> Session: Class initialized using 'CodeIgniter\Session\Handlers\FileHandler' driver.
INFO - 2024-02-12 01:15:29 --> Session: Class initialized using 'CodeIgniter\Session\Handlers\FileHandler' driver.
INFO - 2024-02-12 01:15:30 --> Session: Class initialized using 'CodeIgniter\Session\Handlers\FileHandler' driver.
INFO - 2024-02-12 01:15:32 --> Session: Class initialized using 'CodeIgniter\Session\Handlers\FileHandler' driver.
INFO - 2024-02-12 01:15:33 --> Session: Class initialized using 'CodeIgniter\Session\Handlers\FileHandler' driver.
INFO - 2024-02-12 01:15:58 --> Session: Class initialized using 'CodeIgniter\Session\Handlers\FileHandler' driver.
INFO - 2024-02-12 01:15:58 --> Session: Class initialized using 'CodeIgniter\Session\Handlers\FileHandler' driver.
INFO - 2024-02-12 01:16:15 --> Session: Class initialized using 'CodeIgniter\Session\Handlers\FileHandler' driver.
INFO - 2024-02-12 01:16:15 --> Session: Class initialized using 'CodeIgniter\Session\Handlers\FileHandler' driver.
INFO - 2024-02-12 01:16:26 --> Session: Class initialized using 'CodeIgniter\Session\Handlers\FileHandler' driver.
INFO - 2024-02-12 01:16:26 --> Session: Class initialized using 'CodeIgniter\Session\Handlers\FileHandler' driver.
INFO - 2024-02-12 01:16:33 --> Session: Class initialized using 'CodeIgniter\Session\Handlers\FileHandler' driver.
INFO - 2024-02-12 01:16:33 --> Session: Class initialized using 'CodeIgniter\Session\Handlers\FileHandler' driver.
INFO - 2024-02-12 01:16:37 --> Session: Class initialized using 'CodeIgniter\Session\Handlers\FileHandler' driver.
INFO - 2024-02-12 01:16:37 --> Session: Class initialized using 'CodeIgniter\Session\Handlers\FileHandler' driver.
INFO - 2024-02-12 01:16:41 --> Session: Class initialized using 'CodeIgniter\Session\Handlers\FileHandler' driver.
INFO - 2024-02-12 01:16:41 --> Session: Class initialized using 'CodeIgniter\Session\Handlers\FileHandler' driver.
INFO - 2024-02-12 01:16:42 --> Session: Class initialized using 'CodeIgniter\Session\Handlers\FileHandler' driver.
INFO - 2024-02-12 01:16:52 --> Session: Class initialized using 'CodeIgniter\Session\Handlers\FileHandler' driver.
INFO - 2024-02-12 01:16:53 --> Session: Class initialized using 'CodeIgniter\Session\Handlers\FileHandler' driver.
INFO - 2024-02-12 01:17:00 --> Session: Class initialized using 'CodeIgniter\Session\Handlers\FileHandler' driver.
INFO - 2024-02-12 01:17:02 --> Session: Class initialized using 'CodeIgniter\Session\Handlers\FileHandler' driver.
INFO - 2024-02-12 01:17:02 --> Session: Class initialized using 'CodeIgniter\Session\Handlers\FileHandler' driver.
INFO - 2024-02-12 01:17:03 --> Session: Class initialized using 'CodeIgniter\Session\Handlers\FileHandler' driver.
INFO - 2024-02-12 01:17:06 --> Session: Class initialized using 'CodeIgniter\Session\Handlers\FileHandler' driver.
INFO - 2024-02-12 01:17:06 --> Session: Class initialized using 'CodeIgniter\Session\Handlers\FileHandler' driver.
INFO - 2024-02-12 01:17:11 --> Session: Class initialized using 'CodeIgniter\Session\Handlers\FileHandler' driver.
INFO - 2024-02-12 01:17:11 --> Session: Class initialized using 'CodeIgniter\Session\Handlers\FileHandler' driver.
INFO - 2024-02-12 01:17:11 --> Session: Class initialized using 'CodeIgniter\Session\Handlers\FileHandler' driver.
INFO - 2024-02-12 01:17:19 --> Session: Class initialized using 'CodeIgniter\Session\Handlers\FileHandler' driver.
INFO - 2024-02-12 01:17:19 --> Session: Class initialized using 'CodeIgniter\Session\Handlers\FileHandler' driver.
INFO - 2024-02-12 01:17:49 --> Session: Class initialized using 'CodeIgniter\Session\Handlers\FileHandler' driver.
INFO - 2024-02-12 01:17:49 --> Session: Class initialized using 'CodeIgniter\Session\Handlers\FileHandler' driver.
INFO - 2024-02-12 01:17:49 --> Session: Class initialized using 'CodeIgniter\Session\Handlers\FileHandler' driver.
INFO - 2024-02-12 01:17:50 --> Session: Class initialized using 'CodeIgniter\Session\Handlers\FileHandler' driver.
INFO - 2024-02-12 01:17:51 --> Session: Class initialized using 'CodeIgniter\Session\Handlers\FileHandler' driver.
INFO - 2024-02-12 01:17:51 --> Session: Class initialized using 'CodeIgniter\Session\Handlers\FileHandler' driver.
INFO - 2024-02-12 01:17:51 --> Session: Class initialized using 'CodeIgniter\Session\Handlers\FileHandler' driver.
INFO - 2024-02-12 01:18:09 --> Session: Class initialized using 'CodeIgniter\Session\Handlers\FileHandler' driver.
INFO - 2024-02-12 01:18:09 --> Session: Class initialized using 'CodeIgniter\Session\Handlers\FileHandler' driver.
INFO - 2024-02-12 01:18:10 --> Session: Class initialized using 'CodeIgniter\Session\Handlers\FileHandler' driver.
INFO - 2024-02-12 01:18:10 --> Session: Class initialized using 'CodeIgniter\Session\Handlers\FileHandler' driver.
INFO - 2024-02-12 01:18:11 --> Session: Class initialized using 'CodeIgniter\Session\Handlers\FileHandler' driver.
INFO - 2024-02-12 01:18:11 --> Session: Class initialized using 'CodeIgniter\Session\Handlers\FileHandler' driver.
INFO - 2024-02-12 01:18:13 --> Session: Class initialized using 'CodeIgniter\Session\Handlers\FileHandler' driver.
INFO - 2024-02-12 01:18:13 --> Session: Class initialized using 'CodeIgniter\Session\Handlers\FileHandler' driver.
INFO - 2024-02-12 01:18:14 --> Session: Class initialized using 'CodeIgniter\Session\Handlers\FileHandler' driver.
INFO - 2024-02-12 01:18:15 --> Session: Class initialized using 'CodeIgniter\Session\Handlers\FileHandler' driver.
INFO - 2024-02-12 01:18:15 --> Session: Class initialized using 'CodeIgniter\Session\Handlers\FileHandler' driver.
INFO - 2024-02-12 01:18:16 --> Session: Class initialized using 'CodeIgniter\Session\Handlers\FileHandler' driver.
INFO - 2024-02-12 01:18:18 --> Session: Class initialized using 'CodeIgniter\Session\Handlers\FileHandler' driver.
INFO - 2024-02-12 01:18:18 --> Session: Class initialized using 'CodeIgniter\Session\Handlers\FileHandler' driver.
INFO - 2024-02-12 01:18:19 --> Session: Class initialized using 'CodeIgniter\Session\Handlers\FileHandler' driver.
INFO - 2024-02-12 01:18:20 --> Session: Class initialized using 'CodeIgniter\Session\Handlers\FileHandler' driver.
INFO - 2024-02-12 01:18:22 --> Session: Class initialized using 'CodeIgniter\Session\Handlers\FileHandler' driver.
INFO - 2024-02-12 01:18:23 --> Session: Class initialized using 'CodeIgniter\Session\Handlers\FileHandler' driver.
INFO - 2024-02-12 01:18:23 --> Session: Class initialized using 'CodeIgniter\Session\Handlers\FileHandler' driver.
INFO - 2024-02-12 01:18:23 --> Session: Class initialized using 'CodeIgniter\Session\Handlers\FileHandler' driver.
INFO - 2024-02-12 01:18:28 --> Session: Class initialized using 'CodeIgniter\Session\Handlers\FileHandler' driver.
INFO - 2024-02-12 01:18:28 --> Session: Class initialized using 'CodeIgniter\Session\Handlers\FileHandler' driver.
INFO - 2024-02-12 01:20:05 --> Session: Class initialized using 'CodeIgniter\Session\Handlers\FileHandler' driver.
INFO - 2024-02-12 01:20:05 --> Session: Class initialized using 'CodeIgniter\Session\Handlers\FileHandler' driver.
INFO - 2024-02-12 01:20:05 --> Session: Class initialized using 'CodeIgniter\Session\Handlers\FileHandler' driver.
INFO - 2024-02-12 01:20:08 --> Session: Class initialized using 'CodeIgniter\Session\Handlers\FileHandler' driver.
INFO - 2024-02-12 01:20:08 --> Session: Class initialized using 'CodeIgniter\Session\Handlers\FileHandler' driver.
INFO - 2024-02-12 01:20:10 --> Session: Class initialized using 'CodeIgniter\Session\Handlers\FileHandler' driver.
INFO - 2024-02-12 01:20:11 --> Session: Class initialized using 'CodeIgniter\Session\Handlers\FileHandler' driver.
INFO - 2024-02-12 01:21:14 --> Session: Class initialized using 'CodeIgniter\Session\Handlers\FileHandler' driver.
INFO - 2024-02-12 01:21:14 --> Session: Class initialized using 'CodeIgniter\Session\Handlers\FileHandler' driver.
INFO - 2024-02-12 01:21:44 --> Session: Class initialized using 'CodeIgniter\Session\Handlers\FileHandler' driver.
INFO - 2024-02-12 01:21:44 --> Session: Class initialized using 'CodeIgniter\Session\Handlers\FileHandler' driver.
INFO - 2024-02-12 01:21:46 --> Session: Class initialized using 'CodeIgniter\Session\Handlers\FileHandler' driver.
INFO - 2024-02-12 01:21:46 --> Session: Class initialized using 'CodeIgniter\Session\Handlers\FileHandler' driver.
INFO - 2024-02-12 01:22:31 --> Session: Class initialized using 'CodeIgniter\Session\Handlers\FileHandler' driver.
INFO - 2024-02-12 01:22:35 --> Session: Class initialized using 'CodeIgniter\Session\Handlers\FileHandler' driver.
INFO - 2024-02-12 01:22:35 --> Session: Class initialized using 'CodeIgniter\Session\Handlers\FileHandler' driver.
INFO - 2024-02-12 01:23:05 --> Session: Class initialized using 'CodeIgniter\Session\Handlers\FileHandler' driver.
INFO - 2024-02-12 01:23:06 --> Session: Class initialized using 'CodeIgniter\Session\Handlers\FileHandler' driver.
INFO - 2024-02-12 01:23:27 --> Session: Class initialized using 'CodeIgniter\Session\Handlers\FileHandler' driver.
INFO - 2024-02-12 01:23:27 --> Session: Class initialized using 'CodeIgniter\Session\Handlers\FileHandler' driver.
INFO - 2024-02-12 01:23:44 --> Session: Class initialized using 'CodeIgniter\Session\Handlers\FileHandler' driver.
INFO - 2024-02-12 01:23:45 --> Session: Class initialized using 'CodeIgniter\Session\Handlers\FileHandler' driver.
INFO - 2024-02-12 01:23:51 --> Session: Class initialized using 'CodeIgniter\Session\Handlers\FileHandler' driver.
INFO - 2024-02-12 01:23:52 --> Session: Class initialized using 'CodeIgniter\Session\Handlers\FileHandler' driver.
INFO - 2024-02-12 01:23:52 --> Session: Class initialized using 'CodeIgniter\Session\Handlers\FileHandler' driver.
INFO - 2024-02-12 01:23:53 --> Session: Class initialized using 'CodeIgniter\Session\Handlers\FileHandler' driver.
INFO - 2024-02-12 01:23:54 --> Session: Class initialized using 'CodeIgniter\Session\Handlers\FileHandler' driver.
INFO - 2024-02-12 01:23:55 --> Session: Class initialized using 'CodeIgniter\Session\Handlers\FileHandler' driver.
INFO - 2024-02-12 01:23:56 --> Session: Class initialized using 'CodeIgniter\Session\Handlers\FileHandler' driver.
INFO - 2024-02-12 01:23:57 --> Session: Class initialized using 'CodeIgniter\Session\Handlers\FileHandler' driver.
INFO - 2024-02-12 01:23:57 --> Session: Class initialized using 'CodeIgniter\Session\Handlers\FileHandler' driver.
INFO - 2024-02-12 01:24:01 --> Session: Class initialized using 'CodeIgniter\Session\Handlers\FileHandler' driver.
INFO - 2024-02-12 01:24:01 --> Session: Class initialized using 'CodeIgniter\Session\Handlers\FileHandler' driver.
INFO - 2024-02-12 01:24:02 --> Session: Class initialized using 'CodeIgniter\Session\Handlers\FileHandler' driver.
INFO - 2024-02-12 01:24:04 --> Session: Class initialized using 'CodeIgniter\Session\Handlers\FileHandler' driver.
INFO - 2024-02-12 01:24:04 --> Session: Class initialized using 'CodeIgniter\Session\Handlers\FileHandler' driver.
INFO - 2024-02-12 01:24:37 --> Session: Class initialized using 'CodeIgniter\Session\Handlers\FileHandler' driver.
INFO - 2024-02-12 01:24:38 --> Session: Class initialized using 'CodeIgniter\Session\Handlers\FileHandler' driver.
INFO - 2024-02-12 01:24:39 --> Session: Class initialized using 'CodeIgniter\Session\Handlers\FileHandler' driver.
INFO - 2024-02-12 01:24:39 --> Session: Class initialized using 'CodeIgniter\Session\Handlers\FileHandler' driver.
INFO - 2024-02-12 01:24:52 --> Session: Class initialized using 'CodeIgniter\Session\Handlers\FileHandler' driver.
INFO - 2024-02-12 01:24:52 --> Session: Class initialized using 'CodeIgniter\Session\Handlers\FileHandler' driver.
INFO - 2024-02-12 01:24:54 --> Session: Class initialized using 'CodeIgniter\Session\Handlers\FileHandler' driver.
INFO - 2024-02-12 01:24:55 --> Session: Class initialized using 'CodeIgniter\Session\Handlers\FileHandler' driver.
INFO - 2024-02-12 01:24:57 --> Session: Class initialized using 'CodeIgniter\Session\Handlers\FileHandler' driver.
INFO - 2024-02-12 01:24:57 --> Session: Class initialized using 'CodeIgniter\Session\Handlers\FileHandler' driver.
INFO - 2024-02-12 01:24:58 --> Session: Class initialized using 'CodeIgniter\Session\Handlers\FileHandler' driver.
INFO - 2024-02-12 01:24:59 --> Session: Class initialized using 'CodeIgniter\Session\Handlers\FileHandler' driver.
INFO - 2024-02-12 01:25:01 --> Session: Class initialized using 'CodeIgniter\Session\Handlers\FileHandler' driver.
INFO - 2024-02-12 01:25:01 --> Session: Class initialized using 'CodeIgniter\Session\Handlers\FileHandler' driver.
INFO - 2024-02-12 01:25:03 --> Session: Class initialized using 'CodeIgniter\Session\Handlers\FileHandler' driver.
INFO - 2024-02-12 01:25:03 --> Session: Class initialized using 'CodeIgniter\Session\Handlers\FileHandler' driver.
INFO - 2024-02-12 01:25:05 --> Session: Class initialized using 'CodeIgniter\Session\Handlers\FileHandler' driver.
INFO - 2024-02-12 01:25:05 --> Session: Class initialized using 'CodeIgniter\Session\Handlers\FileHandler' driver.
INFO - 2024-02-12 01:25:07 --> Session: Class initialized using 'CodeIgniter\Session\Handlers\FileHandler' driver.
INFO - 2024-02-12 01:25:08 --> Session: Class initialized using 'CodeIgniter\Session\Handlers\FileHandler' driver.
INFO - 2024-02-12 01:25:11 --> Session: Class initialized using 'CodeIgniter\Session\Handlers\FileHandler' driver.
INFO - 2024-02-12 01:25:12 --> Session: Class initialized using 'CodeIgniter\Session\Handlers\FileHandler' driver.
INFO - 2024-02-12 01:25:13 --> Session: Class initialized using 'CodeIgniter\Session\Handlers\FileHandler' driver.
INFO - 2024-02-12 01:25:13 --> Session: Class initialized using 'CodeIgniter\Session\Handlers\FileHandler' driver.
INFO - 2024-02-12 01:25:26 --> Session: Class initialized using 'CodeIgniter\Session\Handlers\FileHandler' driver.
INFO - 2024-02-12 01:25:26 --> Session: Class initialized using 'CodeIgniter\Session\Handlers\FileHandler' driver.
INFO - 2024-02-12 01:25:30 --> Session: Class initialized using 'CodeIgniter\Session\Handlers\FileHandler' driver.
INFO - 2024-02-12 01:25:30 --> Session: Class initialized using 'CodeIgniter\Session\Handlers\FileHandler' driver.
INFO - 2024-02-12 01:25:37 --> Session: Class initialized using 'CodeIgniter\Session\Handlers\FileHandler' driver.
INFO - 2024-02-12 01:25:37 --> Session: Class initialized using 'CodeIgniter\Session\Handlers\FileHandler' driver.
INFO - 2024-02-12 01:27:43 --> Session: Class initialized using 'CodeIgniter\Session\Handlers\FileHandler' driver.
INFO - 2024-02-12 01:27:43 --> Session: Class initialized using 'CodeIgniter\Session\Handlers\FileHandler' driver.
INFO - 2024-02-12 01:50:59 --> Session: Class initialized using 'CodeIgniter\Session\Handlers\FileHandler' driver.
INFO - 2024-02-12 01:50:59 --> Session: Class initialized using 'CodeIgniter\Session\Handlers\FileHandler' driver.
INFO - 2024-02-12 01:53:16 --> Session: Class initialized using 'CodeIgniter\Session\Handlers\FileHandler' driver.
INFO - 2024-02-12 01:53:16 --> Session: Class initialized using 'CodeIgniter\Session\Handlers\FileHandler' driver.
INFO - 2024-02-12 01:53:34 --> Session: Class initialized using 'CodeIgniter\Session\Handlers\FileHandler' driver.
INFO - 2024-02-12 01:53:34 --> Session: Class initialized using 'CodeIgniter\Session\Handlers\FileHandler' driver.
INFO - 2024-02-12 01:53:40 --> Session: Class initialized using 'CodeIgniter\Session\Handlers\FileHandler' driver.
INFO - 2024-02-12 01:53:41 --> Session: Class initialized using 'CodeIgniter\Session\Handlers\FileHandler' driver.
INFO - 2024-02-12 01:54:02 --> Session: Class initialized using 'CodeIgniter\Session\Handlers\FileHandler' driver.
INFO - 2024-02-12 01:54:03 --> Session: Class initialized using 'CodeIgniter\Session\Handlers\FileHandler' driver.
INFO - 2024-02-12 01:55:02 --> Session: Class initialized using 'CodeIgniter\Session\Handlers\FileHandler' driver.
INFO - 2024-02-12 01:55:02 --> Session: Class initialized using 'CodeIgniter\Session\Handlers\FileHandler' driver.
INFO - 2024-02-12 01:55:10 --> Session: Class initialized using 'CodeIgniter\Session\Handlers\FileHandler' driver.
INFO - 2024-02-12 01:55:11 --> Session: Class initialized using 'CodeIgniter\Session\Handlers\FileHandler' driver.
INFO - 2024-02-12 01:55:26 --> Session: Class initialized using 'CodeIgniter\Session\Handlers\FileHandler' driver.
INFO - 2024-02-12 01:55:26 --> Session: Class initialized using 'CodeIgniter\Session\Handlers\FileHandler' driver.
INFO - 2024-02-12 01:55:30 --> Session: Class initialized using 'CodeIgniter\Session\Handlers\FileHandler' driver.
INFO - 2024-02-12 01:55:30 --> Session: Class initialized using 'CodeIgniter\Session\Handlers\FileHandler' driver.
INFO - 2024-02-12 01:55:31 --> Session: Class initialized using 'CodeIgniter\Session\Handlers\FileHandler' driver.
INFO - 2024-02-12 01:55:31 --> Session: Class initialized using 'CodeIgniter\Session\Handlers\FileHandler' driver.
INFO - 2024-02-12 01:55:33 --> Session: Class initialized using 'CodeIgniter\Session\Handlers\FileHandler' driver.
INFO - 2024-02-12 01:55:34 --> Session: Class initialized using 'CodeIgniter\Session\Handlers\FileHandler' driver.
INFO - 2024-02-12 01:55:34 --> Session: Class initialized using 'CodeIgniter\Session\Handlers\FileHandler' driver.
INFO - 2024-02-12 01:55:35 --> Session: Class initialized using 'CodeIgniter\Session\Handlers\FileHandler' driver.
INFO - 2024-02-12 01:55:36 --> Session: Class initialized using 'CodeIgniter\Session\Handlers\FileHandler' driver.
INFO - 2024-02-12 01:55:36 --> Session: Class initialized using 'CodeIgniter\Session\Handlers\FileHandler' driver.
INFO - 2024-02-12 01:55:37 --> Session: Class initialized using 'CodeIgniter\Session\Handlers\FileHandler' driver.
INFO - 2024-02-12 01:55:37 --> Session: Class initialized using 'CodeIgniter\Session\Handlers\FileHandler' driver.
INFO - 2024-02-12 01:55:46 --> Session: Class initialized using 'CodeIgniter\Session\Handlers\FileHandler' driver.
INFO - 2024-02-12 01:55:46 --> Session: Class initialized using 'CodeIgniter\Session\Handlers\FileHandler' driver.
INFO - 2024-02-12 01:56:19 --> Session: Class initialized using 'CodeIgniter\Session\Handlers\FileHandler' driver.
INFO - 2024-02-12 01:56:19 --> Session: Class initialized using 'CodeIgniter\Session\Handlers\FileHandler' driver.
INFO - 2024-02-12 01:56:20 --> Session: Class initialized using 'CodeIgniter\Session\Handlers\FileHandler' driver.
INFO - 2024-02-12 01:56:25 --> Session: Class initialized using 'CodeIgniter\Session\Handlers\FileHandler' driver.
INFO - 2024-02-12 01:56:25 --> Session: Class initialized using 'CodeIgniter\Session\Handlers\FileHandler' driver.
INFO - 2024-02-12 01:56:28 --> Session: Class initialized using 'CodeIgniter\Session\Handlers\FileHandler' driver.
INFO - 2024-02-12 01:56:28 --> Session: Class initialized using 'CodeIgniter\Session\Handlers\FileHandler' driver.
INFO - 2024-02-12 01:56:29 --> Session: Class initialized using 'CodeIgniter\Session\Handlers\FileHandler' driver.
INFO - 2024-02-12 01:56:31 --> Session: Class initialized using 'CodeIgniter\Session\Handlers\FileHandler' driver.
INFO - 2024-02-12 01:56:31 --> Session: Class initialized using 'CodeIgniter\Session\Handlers\FileHandler' driver.
INFO - 2024-02-12 01:56:32 --> Session: Class initialized using 'CodeIgniter\Session\Handlers\FileHandler' driver.
INFO - 2024-02-12 01:56:33 --> Session: Class initialized using 'CodeIgniter\Session\Handlers\FileHandler' driver.
INFO - 2024-02-12 01:56:33 --> Session: Class initialized using 'CodeIgniter\Session\Handlers\FileHandler' driver.
INFO - 2024-02-12 01:56:34 --> Session: Class initialized using 'CodeIgniter\Session\Handlers\FileHandler' driver.
INFO - 2024-02-12 01:56:37 --> Session: Class initialized using 'CodeIgniter\Session\Handlers\FileHandler' driver.
INFO - 2024-02-12 01:56:37 --> Session: Class initialized using 'CodeIgniter\Session\Handlers\FileHandler' driver.
INFO - 2024-02-12 01:56:38 --> Session: Class initialized using 'CodeIgniter\Session\Handlers\FileHandler' driver.
INFO - 2024-02-12 01:56:38 --> Session: Class initialized using 'CodeIgniter\Session\Handlers\FileHandler' driver.
INFO - 2024-02-12 01:56:40 --> Session: Class initialized using 'CodeIgniter\Session\Handlers\FileHandler' driver.
INFO - 2024-02-12 01:56:40 --> Session: Class initialized using 'CodeIgniter\Session\Handlers\FileHandler' driver.
INFO - 2024-02-12 01:56:47 --> Session: Class initialized using 'CodeIgniter\Session\Handlers\FileHandler' driver.
INFO - 2024-02-12 01:56:47 --> Session: Class initialized using 'CodeIgniter\Session\Handlers\FileHandler' driver.
INFO - 2024-02-12 01:58:53 --> Session: Class initialized using 'CodeIgniter\Session\Handlers\FileHandler' driver.
INFO - 2024-02-12 01:58:53 --> Session: Class initialized using 'CodeIgniter\Session\Handlers\FileHandler' driver.
INFO - 2024-02-12 01:59:13 --> Session: Class initialized using 'CodeIgniter\Session\Handlers\FileHandler' driver.
INFO - 2024-02-12 01:59:13 --> Session: Class initialized using 'CodeIgniter\Session\Handlers\FileHandler' driver.
INFO - 2024-02-12 02:03:19 --> Session: Class initialized using 'CodeIgniter\Session\Handlers\FileHandler' driver.
INFO - 2024-02-12 02:03:20 --> Session: Class initialized using 'CodeIgniter\Session\Handlers\FileHandler' driver.
INFO - 2024-02-12 02:14:42 --> Session: Class initialized using 'CodeIgniter\Session\Handlers\FileHandler' driver.
INFO - 2024-02-12 02:14:44 --> Session: Class initialized using 'CodeIgniter\Session\Handlers\FileHandler' driver.
INFO - 2024-02-12 02:14:44 --> Session: Class initialized using 'CodeIgniter\Session\Handlers\FileHandler' driver.
INFO - 2024-02-12 02:14:48 --> Session: Class initialized using 'CodeIgniter\Session\Handlers\FileHandler' driver.
INFO - 2024-02-12 02:14:48 --> Session: Class initialized using 'CodeIgniter\Session\Handlers\FileHandler' driver.
INFO - 2024-02-12 02:14:51 --> Session: Class initialized using 'CodeIgniter\Session\Handlers\FileHandler' driver.
INFO - 2024-02-12 02:14:51 --> Session: Class initialized using 'CodeIgniter\Session\Handlers\FileHandler' driver.
INFO - 2024-02-12 02:14:57 --> Session: Class initialized using 'CodeIgniter\Session\Handlers\FileHandler' driver.
INFO - 2024-02-12 02:14:57 --> Session: Class initialized using 'CodeIgniter\Session\Handlers\FileHandler' driver.
INFO - 2024-02-12 02:16:40 --> Session: Class initialized using 'CodeIgniter\Session\Handlers\FileHandler' driver.
INFO - 2024-02-12 02:16:40 --> Session: Class initialized using 'CodeIgniter\Session\Handlers\FileHandler' driver.
INFO - 2024-02-12 02:16:44 --> Session: Class initialized using 'CodeIgniter\Session\Handlers\FileHandler' driver.
INFO - 2024-02-12 02:16:44 --> Session: Class initialized using 'CodeIgniter\Session\Handlers\FileHandler' driver.
INFO - 2024-02-12 02:16:52 --> Session: Class initialized using 'CodeIgniter\Session\Handlers\FileHandler' driver.
INFO - 2024-02-12 02:16:52 --> Session: Class initialized using 'CodeIgniter\Session\Handlers\FileHandler' driver.
INFO - 2024-02-12 02:16:54 --> Session: Class initialized using 'CodeIgniter\Session\Handlers\FileHandler' driver.
INFO - 2024-02-12 02:16:54 --> Session: Class initialized using 'CodeIgniter\Session\Handlers\FileHandler' driver.
INFO - 2024-02-12 02:16:56 --> Session: Class initialized using 'CodeIgniter\Session\Handlers\FileHandler' driver.
INFO - 2024-02-12 02:16:56 --> Session: Class initialized using 'CodeIgniter\Session\Handlers\FileHandler' driver.
INFO - 2024-02-12 02:16:59 --> Session: Class initialized using 'CodeIgniter\Session\Handlers\FileHandler' driver.
INFO - 2024-02-12 02:16:59 --> Session: Class initialized using 'CodeIgniter\Session\Handlers\FileHandler' driver.
INFO - 2024-02-12 02:17:00 --> Session: Class initialized using 'CodeIgniter\Session\Handlers\FileHandler' driver.
INFO - 2024-02-12 02:17:00 --> Session: Class initialized using 'CodeIgniter\Session\Handlers\FileHandler' driver.
INFO - 2024-02-12 02:17:03 --> Session: Class initialized using 'CodeIgniter\Session\Handlers\FileHandler' driver.
INFO - 2024-02-12 02:17:03 --> Session: Class initialized using 'CodeIgniter\Session\Handlers\FileHandler' driver.
INFO - 2024-02-12 02:17:10 --> Session: Class initialized using 'CodeIgniter\Session\Handlers\FileHandler' driver.
INFO - 2024-02-12 02:17:10 --> Session: Class initialized using 'CodeIgniter\Session\Handlers\FileHandler' driver.
INFO - 2024-02-12 02:17:12 --> Session: Class initialized using 'CodeIgniter\Session\Handlers\FileHandler' driver.
INFO - 2024-02-12 02:17:12 --> Session: Class initialized using 'CodeIgniter\Session\Handlers\FileHandler' driver.
INFO - 2024-02-12 02:17:14 --> Session: Class initialized using 'CodeIgniter\Session\Handlers\FileHandler' driver.
INFO - 2024-02-12 02:17:14 --> Session: Class initialized using 'CodeIgniter\Session\Handlers\FileHandler' driver.
INFO - 2024-02-12 02:18:10 --> Session: Class initialized using 'CodeIgniter\Session\Handlers\FileHandler' driver.
INFO - 2024-02-12 02:18:10 --> Session: Class initialized using 'CodeIgniter\Session\Handlers\FileHandler' driver.
INFO - 2024-02-12 02:18:27 --> Session: Class initialized using 'CodeIgniter\Session\Handlers\FileHandler' driver.
INFO - 2024-02-12 02:18:28 --> Session: Class initialized using 'CodeIgniter\Session\Handlers\FileHandler' driver.
INFO - 2024-02-12 02:18:29 --> Session: Class initialized using 'CodeIgniter\Session\Handlers\FileHandler' driver.
INFO - 2024-02-12 02:18:29 --> Session: Class initialized using 'CodeIgniter\Session\Handlers\FileHandler' driver.
INFO - 2024-02-12 02:18:31 --> Session: Class initialized using 'CodeIgniter\Session\Handlers\FileHandler' driver.
INFO - 2024-02-12 02:18:31 --> Session: Class initialized using 'CodeIgniter\Session\Handlers\FileHandler' driver.
INFO - 2024-02-12 02:18:32 --> Session: Class initialized using 'CodeIgniter\Session\Handlers\FileHandler' driver.
INFO - 2024-02-12 02:18:32 --> Session: Class initialized using 'CodeIgniter\Session\Handlers\FileHandler' driver.
INFO - 2024-02-12 02:18:34 --> Session: Class initialized using 'CodeIgniter\Session\Handlers\FileHandler' driver.
INFO - 2024-02-12 02:18:34 --> Session: Class initialized using 'CodeIgniter\Session\Handlers\FileHandler' driver.
INFO - 2024-02-12 02:19:03 --> Session: Class initialized using 'CodeIgniter\Session\Handlers\FileHandler' driver.
INFO - 2024-02-12 02:19:03 --> Session: Class initialized using 'CodeIgniter\Session\Handlers\FileHandler' driver.
INFO - 2024-02-12 02:19:09 --> Session: Class initialized using 'CodeIgniter\Session\Handlers\FileHandler' driver.
INFO - 2024-02-12 02:19:09 --> Session: Class initialized using 'CodeIgniter\Session\Handlers\FileHandler' driver.
INFO - 2024-02-12 02:19:12 --> Session: Class initialized using 'CodeIgniter\Session\Handlers\FileHandler' driver.
INFO - 2024-02-12 02:19:12 --> Session: Class initialized using 'CodeIgniter\Session\Handlers\FileHandler' driver.
INFO - 2024-02-12 02:19:24 --> Session: Class initialized using 'CodeIgniter\Session\Handlers\FileHandler' driver.
INFO - 2024-02-12 02:19:24 --> Session: Class initialized using 'CodeIgniter\Session\Handlers\FileHandler' driver.
INFO - 2024-02-12 02:20:50 --> Session: Class initialized using 'CodeIgniter\Session\Handlers\FileHandler' driver.
INFO - 2024-02-12 02:20:51 --> Session: Class initialized using 'CodeIgniter\Session\Handlers\FileHandler' driver.
INFO - 2024-02-12 02:21:26 --> Session: Class initialized using 'CodeIgniter\Session\Handlers\FileHandler' driver.
INFO - 2024-02-12 02:21:27 --> Session: Class initialized using 'CodeIgniter\Session\Handlers\FileHandler' driver.
INFO - 2024-02-12 02:21:36 --> Session: Class initialized using 'CodeIgniter\Session\Handlers\FileHandler' driver.
INFO - 2024-02-12 02:21:36 --> Session: Class initialized using 'CodeIgniter\Session\Handlers\FileHandler' driver.
INFO - 2024-02-12 02:21:37 --> Session: Class initialized using 'CodeIgniter\Session\Handlers\FileHandler' driver.
INFO - 2024-02-12 02:21:38 --> Session: Class initialized using 'CodeIgniter\Session\Handlers\FileHandler' driver.
INFO - 2024-02-12 02:21:52 --> Session: Class initialized using 'CodeIgniter\Session\Handlers\FileHandler' driver.
INFO - 2024-02-12 02:21:52 --> Session: Class initialized using 'CodeIgniter\Session\Handlers\FileHandler' driver.
INFO - 2024-02-12 02:22:04 --> Session: Class initialized using 'CodeIgniter\Session\Handlers\FileHandler' driver.
INFO - 2024-02-12 02:22:05 --> Session: Class initialized using 'CodeIgniter\Session\Handlers\FileHandler' driver.
INFO - 2024-02-12 02:22:06 --> Session: Class initialized using 'CodeIgniter\Session\Handlers\FileHandler' driver.
INFO - 2024-02-12 02:22:06 --> Session: Class initialized using 'CodeIgniter\Session\Handlers\FileHandler' driver.
INFO - 2024-02-12 02:22:10 --> Session: Class initialized using 'CodeIgniter\Session\Handlers\FileHandler' driver.
INFO - 2024-02-12 02:22:10 --> Session: Class initialized using 'CodeIgniter\Session\Handlers\FileHandler' driver.
INFO - 2024-02-12 02:22:12 --> Session: Class initialized using 'CodeIgniter\Session\Handlers\FileHandler' driver.
INFO - 2024-02-12 02:22:12 --> Session: Class initialized using 'CodeIgniter\Session\Handlers\FileHandler' driver.
INFO - 2024-02-12 02:22:25 --> Session: Class initialized using 'CodeIgniter\Session\Handlers\FileHandler' driver.
INFO - 2024-02-12 02:22:25 --> Session: Class initialized using 'CodeIgniter\Session\Handlers\FileHandler' driver.
INFO - 2024-02-12 02:22:40 --> Session: Class initialized using 'CodeIgniter\Session\Handlers\FileHandler' driver.
INFO - 2024-02-12 02:22:40 --> Session: Class initialized using 'CodeIgniter\Session\Handlers\FileHandler' driver.
INFO - 2024-02-12 02:22:48 --> Session: Class initialized using 'CodeIgniter\Session\Handlers\FileHandler' driver.
INFO - 2024-02-12 02:22:48 --> Session: Class initialized using 'CodeIgniter\Session\Handlers\FileHandler' driver.
INFO - 2024-02-12 02:22:49 --> Session: Class initialized using 'CodeIgniter\Session\Handlers\FileHandler' driver.
INFO - 2024-02-12 02:28:36 --> Session: Class initialized using 'CodeIgniter\Session\Handlers\FileHandler' driver.
INFO - 2024-02-12 02:28:37 --> Session: Class initialized using 'CodeIgniter\Session\Handlers\FileHandler' driver.
INFO - 2024-02-12 02:28:37 --> Session: Class initialized using 'CodeIgniter\Session\Handlers\FileHandler' driver.
INFO - 2024-02-12 02:28:37 --> Session: Class initialized using 'CodeIgniter\Session\Handlers\FileHandler' driver.
INFO - 2024-02-12 02:28:39 --> Session: Class initialized using 'CodeIgniter\Session\Handlers\FileHandler' driver.
INFO - 2024-02-12 02:28:39 --> Session: Class initialized using 'CodeIgniter\Session\Handlers\FileHandler' driver.
INFO - 2024-02-12 02:28:39 --> Session: Class initialized using 'CodeIgniter\Session\Handlers\FileHandler' driver.
INFO - 2024-02-12 02:28:41 --> Session: Class initialized using 'CodeIgniter\Session\Handlers\FileHandler' driver.
INFO - 2024-02-12 02:28:41 --> Session: Class initialized using 'CodeIgniter\Session\Handlers\FileHandler' driver.
INFO - 2024-02-12 02:29:16 --> Session: Class initialized using 'CodeIgniter\Session\Handlers\FileHandler' driver.
INFO - 2024-02-12 02:29:16 --> Session: Class initialized using 'CodeIgniter\Session\Handlers\FileHandler' driver.
INFO - 2024-02-12 02:29:16 --> Session: Class initialized using 'CodeIgniter\Session\Handlers\FileHandler' driver.
INFO - 2024-02-12 02:29:29 --> Session: Class initialized using 'CodeIgniter\Session\Handlers\FileHandler' driver.
INFO - 2024-02-12 02:29:30 --> Session: Class initialized using 'CodeIgniter\Session\Handlers\FileHandler' driver.
INFO - 2024-02-12 02:29:37 --> Session: Class initialized using 'CodeIgniter\Session\Handlers\FileHandler' driver.
INFO - 2024-02-12 02:29:37 --> Session: Class initialized using 'CodeIgniter\Session\Handlers\FileHandler' driver.
INFO - 2024-02-12 02:29:38 --> Session: Class initialized using 'CodeIgniter\Session\Handlers\FileHandler' driver.
INFO - 2024-02-12 02:29:40 --> Session: Class initialized using 'CodeIgniter\Session\Handlers\FileHandler' driver.
INFO - 2024-02-12 02:29:40 --> Session: Class initialized using 'CodeIgniter\Session\Handlers\FileHandler' driver.
INFO - 2024-02-12 02:29:40 --> Session: Class initialized using 'CodeIgniter\Session\Handlers\FileHandler' driver.
INFO - 2024-02-12 02:29:40 --> Session: Class initialized using 'CodeIgniter\Session\Handlers\FileHandler' driver.
INFO - 2024-02-12 02:29:44 --> Session: Class initialized using 'CodeIgniter\Session\Handlers\FileHandler' driver.
INFO - 2024-02-12 02:29:44 --> Session: Class initialized using 'CodeIgniter\Session\Handlers\FileHandler' driver.
INFO - 2024-02-12 02:29:45 --> Session: Class initialized using 'CodeIgniter\Session\Handlers\FileHandler' driver.
INFO - 2024-02-12 02:29:46 --> Session: Class initialized using 'CodeIgniter\Session\Handlers\FileHandler' driver.
INFO - 2024-02-12 02:29:46 --> Session: Class initialized using 'CodeIgniter\Session\Handlers\FileHandler' driver.
INFO - 2024-02-12 02:29:47 --> Session: Class initialized using 'CodeIgniter\Session\Handlers\FileHandler' driver.
INFO - 2024-02-12 02:29:47 --> Session: Class initialized using 'CodeIgniter\Session\Handlers\FileHandler' driver.
INFO - 2024-02-12 02:29:47 --> Session: Class initialized using 'CodeIgniter\Session\Handlers\FileHandler' driver.
INFO - 2024-02-12 02:29:52 --> Session: Class initialized using 'CodeIgniter\Session\Handlers\FileHandler' driver.
INFO - 2024-02-12 02:29:52 --> Session: Class initialized using 'CodeIgniter\Session\Handlers\FileHandler' driver.
INFO - 2024-02-12 02:29:53 --> Session: Class initialized using 'CodeIgniter\Session\Handlers\FileHandler' driver.
INFO - 2024-02-12 02:29:54 --> Session: Class initialized using 'CodeIgniter\Session\Handlers\FileHandler' driver.
INFO - 2024-02-12 02:29:55 --> Session: Class initialized using 'CodeIgniter\Session\Handlers\FileHandler' driver.
INFO - 2024-02-12 02:29:56 --> Session: Class initialized using 'CodeIgniter\Session\Handlers\FileHandler' driver.
INFO - 2024-02-12 02:29:57 --> Session: Class initialized using 'CodeIgniter\Session\Handlers\FileHandler' driver.
INFO - 2024-02-12 02:29:58 --> Session: Class initialized using 'CodeIgniter\Session\Handlers\FileHandler' driver.
INFO - 2024-02-12 02:29:58 --> Session: Class initialized using 'CodeIgniter\Session\Handlers\FileHandler' driver.
INFO - 2024-02-12 02:29:59 --> Session: Class initialized using 'CodeIgniter\Session\Handlers\FileHandler' driver.
INFO - 2024-02-12 02:30:00 --> Session: Class initialized using 'CodeIgniter\Session\Handlers\FileHandler' driver.
INFO - 2024-02-12 02:30:00 --> Session: Class initialized using 'CodeIgniter\Session\Handlers\FileHandler' driver.
INFO - 2024-02-12 02:30:02 --> Session: Class initialized using 'CodeIgniter\Session\Handlers\FileHandler' driver.
INFO - 2024-02-12 02:30:02 --> Session: Class initialized using 'CodeIgniter\Session\Handlers\FileHandler' driver.
INFO - 2024-02-12 02:30:03 --> Session: Class initialized using 'CodeIgniter\Session\Handlers\FileHandler' driver.
INFO - 2024-02-12 02:30:03 --> Session: Class initialized using 'CodeIgniter\Session\Handlers\FileHandler' driver.
INFO - 2024-02-12 02:30:04 --> Session: Class initialized using 'CodeIgniter\Session\Handlers\FileHandler' driver.
INFO - 2024-02-12 02:30:05 --> Session: Class initialized using 'CodeIgniter\Session\Handlers\FileHandler' driver.
INFO - 2024-02-12 03:43:52 --> Session: Class initialized using 'CodeIgniter\Session\Handlers\FileHandler' driver.
INFO - 2024-02-12 03:43:52 --> Session: Class initialized using 'CodeIgniter\Session\Handlers\FileHandler' driver.
INFO - 2024-02-12 03:43:53 --> Session: Class initialized using 'CodeIgniter\Session\Handlers\FileHandler' driver.
INFO - 2024-02-12 03:43:53 --> Session: Class initialized using 'CodeIgniter\Session\Handlers\FileHandler' driver.
INFO - 2024-02-12 03:44:06 --> Session: Class initialized using 'CodeIgniter\Session\Handlers\FileHandler' driver.
INFO - 2024-02-12 03:44:06 --> Session: Class initialized using 'CodeIgniter\Session\Handlers\FileHandler' driver.
INFO - 2024-02-12 03:44:27 --> Session: Class initialized using 'CodeIgniter\Session\Handlers\FileHandler' driver.
INFO - 2024-02-12 03:44:27 --> Session: Class initialized using 'CodeIgniter\Session\Handlers\FileHandler' driver.
INFO - 2024-02-12 03:44:28 --> Session: Class initialized using 'CodeIgniter\Session\Handlers\FileHandler' driver.
INFO - 2024-02-12 03:44:28 --> Session: Class initialized using 'CodeIgniter\Session\Handlers\FileHandler' driver.
INFO - 2024-02-12 03:44:52 --> Session: Class initialized using 'CodeIgniter\Session\Handlers\FileHandler' driver.
INFO - 2024-02-12 03:44:52 --> Session: Class initialized using 'CodeIgniter\Session\Handlers\FileHandler' driver.
INFO - 2024-02-12 03:44:54 --> Session: Class initialized using 'CodeIgniter\Session\Handlers\FileHandler' driver.
INFO - 2024-02-12 03:44:55 --> Session: Class initialized using 'CodeIgniter\Session\Handlers\FileHandler' driver.
INFO - 2024-02-12 03:45:29 --> Session: Class initialized using 'CodeIgniter\Session\Handlers\FileHandler' driver.
INFO - 2024-02-12 03:45:30 --> Session: Class initialized using 'CodeIgniter\Session\Handlers\FileHandler' driver.
INFO - 2024-02-12 03:52:14 --> Session: Class initialized using 'CodeIgniter\Session\Handlers\FileHandler' driver.
INFO - 2024-02-12 03:52:14 --> Session: Class initialized using 'CodeIgniter\Session\Handlers\FileHandler' driver.
INFO - 2024-02-12 03:52:25 --> Session: Class initialized using 'CodeIgniter\Session\Handlers\FileHandler' driver.
INFO - 2024-02-12 03:52:26 --> Session: Class initialized using 'CodeIgniter\Session\Handlers\FileHandler' driver.
INFO - 2024-02-12 03:53:10 --> Session: Class initialized using 'CodeIgniter\Session\Handlers\FileHandler' driver.
INFO - 2024-02-12 03:53:10 --> Session: Class initialized using 'CodeIgniter\Session\Handlers\FileHandler' driver.
INFO - 2024-02-12 03:53:10 --> Session: Class initialized using 'CodeIgniter\Session\Handlers\FileHandler' driver.
INFO - 2024-02-12 03:53:11 --> Session: Class initialized using 'CodeIgniter\Session\Handlers\FileHandler' driver.
INFO - 2024-02-12 03:54:08 --> Session: Class initialized using 'CodeIgniter\Session\Handlers\FileHandler' driver.
INFO - 2024-02-12 03:54:08 --> Session: Class initialized using 'CodeIgniter\Session\Handlers\FileHandler' driver.
INFO - 2024-02-12 03:54:14 --> Session: Class initialized using 'CodeIgniter\Session\Handlers\FileHandler' driver.
INFO - 2024-02-12 03:54:14 --> Session: Class initialized using 'CodeIgniter\Session\Handlers\FileHandler' driver.
INFO - 2024-02-12 03:54:35 --> Session: Class initialized using 'CodeIgniter\Session\Handlers\FileHandler' driver.
INFO - 2024-02-12 03:54:35 --> Session: Class initialized using 'CodeIgniter\Session\Handlers\FileHandler' driver.
INFO - 2024-02-12 03:54:42 --> Session: Class initialized using 'CodeIgniter\Session\Handlers\FileHandler' driver.
INFO - 2024-02-12 03:54:42 --> Session: Class initialized using 'CodeIgniter\Session\Handlers\FileHandler' driver.
INFO - 2024-02-12 03:54:43 --> Session: Class initialized using 'CodeIgniter\Session\Handlers\FileHandler' driver.
INFO - 2024-02-12 03:54:43 --> Session: Class initialized using 'CodeIgniter\Session\Handlers\FileHandler' driver.
INFO - 2024-02-12 03:54:54 --> Session: Class initialized using 'CodeIgniter\Session\Handlers\FileHandler' driver.
INFO - 2024-02-12 03:54:54 --> Session: Class initialized using 'CodeIgniter\Session\Handlers\FileHandler' driver.
INFO - 2024-02-12 03:54:56 --> Session: Class initialized using 'CodeIgniter\Session\Handlers\FileHandler' driver.
INFO - 2024-02-12 03:54:56 --> Session: Class initialized using 'CodeIgniter\Session\Handlers\FileHandler' driver.
INFO - 2024-02-12 03:54:57 --> Session: Class initialized using 'CodeIgniter\Session\Handlers\FileHandler' driver.
INFO - 2024-02-12 03:54:58 --> Session: Class initialized using 'CodeIgniter\Session\Handlers\FileHandler' driver.
INFO - 2024-02-12 03:54:58 --> Session: Class initialized using 'CodeIgniter\Session\Handlers\FileHandler' driver.
INFO - 2024-02-12 03:55:13 --> Session: Class initialized using 'CodeIgniter\Session\Handlers\FileHandler' driver.
INFO - 2024-02-12 03:55:13 --> Session: Class initialized using 'CodeIgniter\Session\Handlers\FileHandler' driver.
INFO - 2024-02-12 03:55:14 --> Session: Class initialized using 'CodeIgniter\Session\Handlers\FileHandler' driver.
INFO - 2024-02-12 03:55:14 --> Session: Class initialized using 'CodeIgniter\Session\Handlers\FileHandler' driver.
INFO - 2024-02-12 03:55:14 --> Session: Class initialized using 'CodeIgniter\Session\Handlers\FileHandler' driver.
INFO - 2024-02-12 03:55:16 --> Session: Class initialized using 'CodeIgniter\Session\Handlers\FileHandler' driver.
INFO - 2024-02-12 03:55:16 --> Session: Class initialized using 'CodeIgniter\Session\Handlers\FileHandler' driver.
INFO - 2024-02-12 03:55:42 --> Session: Class initialized using 'CodeIgniter\Session\Handlers\FileHandler' driver.
INFO - 2024-02-12 03:55:42 --> Session: Class initialized using 'CodeIgniter\Session\Handlers\FileHandler' driver.
INFO - 2024-02-12 04:02:00 --> Session: Class initialized using 'CodeIgniter\Session\Handlers\FileHandler' driver.
INFO - 2024-02-12 04:02:01 --> Session: Class initialized using 'CodeIgniter\Session\Handlers\FileHandler' driver.
INFO - 2024-02-12 04:02:54 --> Session: Class initialized using 'CodeIgniter\Session\Handlers\FileHandler' driver.
INFO - 2024-02-12 04:02:54 --> Session: Class initialized using 'CodeIgniter\Session\Handlers\FileHandler' driver.
INFO - 2024-02-12 04:03:09 --> Session: Class initialized using 'CodeIgniter\Session\Handlers\FileHandler' driver.
INFO - 2024-02-12 04:03:09 --> Session: Class initialized using 'CodeIgniter\Session\Handlers\FileHandler' driver.
INFO - 2024-02-12 04:03:09 --> Session: Class initialized using 'CodeIgniter\Session\Handlers\FileHandler' driver.
INFO - 2024-02-12 04:04:31 --> Session: Class initialized using 'CodeIgniter\Session\Handlers\FileHandler' driver.
INFO - 2024-02-12 04:04:31 --> Session: Class initialized using 'CodeIgniter\Session\Handlers\FileHandler' driver.
INFO - 2024-02-12 04:04:33 --> Session: Class initialized using 'CodeIgniter\Session\Handlers\FileHandler' driver.
INFO - 2024-02-12 04:04:33 --> Session: Class initialized using 'CodeIgniter\Session\Handlers\FileHandler' driver.
INFO - 2024-02-12 04:06:32 --> Session: Class initialized using 'CodeIgniter\Session\Handlers\FileHandler' driver.
INFO - 2024-02-12 04:06:32 --> Session: Class initialized using 'CodeIgniter\Session\Handlers\FileHandler' driver.
INFO - 2024-02-12 04:06:33 --> Session: Class initialized using 'CodeIgniter\Session\Handlers\FileHandler' driver.
INFO - 2024-02-12 04:15:33 --> Session: Class initialized using 'CodeIgniter\Session\Handlers\FileHandler' driver.
INFO - 2024-02-12 04:15:34 --> Session: Class initialized using 'CodeIgniter\Session\Handlers\FileHandler' driver.
INFO - 2024-02-12 04:15:34 --> Session: Class initialized using 'CodeIgniter\Session\Handlers\FileHandler' driver.
INFO - 2024-02-12 04:15:35 --> Session: Class initialized using 'CodeIgniter\Session\Handlers\FileHandler' driver.
INFO - 2024-02-12 04:15:35 --> Session: Class initialized using 'CodeIgniter\Session\Handlers\FileHandler' driver.
INFO - 2024-02-12 04:15:36 --> Session: Class initialized using 'CodeIgniter\Session\Handlers\FileHandler' driver.
INFO - 2024-02-12 04:15:49 --> Session: Class initialized using 'CodeIgniter\Session\Handlers\FileHandler' driver.
INFO - 2024-02-12 04:15:49 --> Session: Class initialized using 'CodeIgniter\Session\Handlers\FileHandler' driver.
INFO - 2024-02-12 04:15:50 --> Session: Class initialized using 'CodeIgniter\Session\Handlers\FileHandler' driver.
INFO - 2024-02-12 04:15:50 --> Session: Class initialized using 'CodeIgniter\Session\Handlers\FileHandler' driver.
INFO - 2024-02-12 04:16:06 --> Session: Class initialized using 'CodeIgniter\Session\Handlers\FileHandler' driver.
INFO - 2024-02-12 04:16:06 --> Session: Class initialized using 'CodeIgniter\Session\Handlers\FileHandler' driver.
INFO - 2024-02-12 04:16:07 --> Session: Class initialized using 'CodeIgniter\Session\Handlers\FileHandler' driver.
INFO - 2024-02-12 04:16:44 --> Session: Class initialized using 'CodeIgniter\Session\Handlers\FileHandler' driver.
INFO - 2024-02-12 04:16:44 --> Session: Class initialized using 'CodeIgniter\Session\Handlers\FileHandler' driver.
INFO - 2024-02-12 04:16:50 --> Session: Class initialized using 'CodeIgniter\Session\Handlers\FileHandler' driver.
INFO - 2024-02-12 04:16:50 --> Session: Class initialized using 'CodeIgniter\Session\Handlers\FileHandler' driver.
INFO - 2024-02-12 04:17:22 --> Session: Class initialized using 'CodeIgniter\Session\Handlers\FileHandler' driver.
INFO - 2024-02-12 04:17:23 --> Session: Class initialized using 'CodeIgniter\Session\Handlers\FileHandler' driver.
INFO - 2024-02-12 04:17:25 --> Session: Class initialized using 'CodeIgniter\Session\Handlers\FileHandler' driver.
INFO - 2024-02-12 04:17:25 --> Session: Class initialized using 'CodeIgniter\Session\Handlers\FileHandler' driver.
INFO - 2024-02-12 04:18:09 --> Session: Class initialized using 'CodeIgniter\Session\Handlers\FileHandler' driver.
INFO - 2024-02-12 04:18:09 --> Session: Class initialized using 'CodeIgniter\Session\Handlers\FileHandler' driver.
INFO - 2024-02-12 04:18:13 --> Session: Class initialized using 'CodeIgniter\Session\Handlers\FileHandler' driver.
INFO - 2024-02-12 04:18:13 --> Session: Class initialized using 'CodeIgniter\Session\Handlers\FileHandler' driver.
INFO - 2024-02-12 04:19:36 --> Session: Class initialized using 'CodeIgniter\Session\Handlers\FileHandler' driver.
INFO - 2024-02-12 04:19:36 --> Session: Class initialized using 'CodeIgniter\Session\Handlers\FileHandler' driver.
INFO - 2024-02-12 04:19:38 --> Session: Class initialized using 'CodeIgniter\Session\Handlers\FileHandler' driver.
INFO - 2024-02-12 04:19:38 --> Session: Class initialized using 'CodeIgniter\Session\Handlers\FileHandler' driver.
INFO - 2024-02-12 04:26:24 --> Session: Class initialized using 'CodeIgniter\Session\Handlers\FileHandler' driver.
INFO - 2024-02-12 04:26:24 --> Session: Class initialized using 'CodeIgniter\Session\Handlers\FileHandler' driver.
INFO - 2024-02-12 04:26:28 --> Session: Class initialized using 'CodeIgniter\Session\Handlers\FileHandler' driver.
CRITICAL - 2024-02-12 04:26:28 --> Undefined variable $verifikasi
in APPPATH/Views/konten/kajur/pp/verifikasi.php on line 36.
 1 APPPATH/Views/konten/kajur/pp/verifikasi.php(36): CodeIgniter\Debug\Exceptions->errorHandler(2, 'Undefined variable $verifikasi', '/Applications/XAMPP/xamppfiles/htdocs/pembelajaran/app/Views/konten/kajur/pp/verifikasi.php', 36)
 2 SYSTEMPATH/View/View.php(228): include('/Applications/XAMPP/xamppfiles/htdocs/pembelajaran/app/Views/konten/kajur/pp/verifikasi.php')
 3 SYSTEMPATH/View/View.php(231): CodeIgniter\View\View->CodeIgniter\View\{closure}()
 4 SYSTEMPATH/Common.php(1190): CodeIgniter\View\View->render('konten/kajur/pp/verifikasi', [], true)
 5 APPPATH/Controllers/KajurPP.php(57): view('konten/kajur/pp/verifikasi', [...])
 6 SYSTEMPATH/CodeIgniter.php(942): App\Controllers\KajurPP->pengajuan('NTEyNjI1ZDktMTBhMC00MzM3LWI5YTktN2FiYjIzYTBjNWVk')
 7 SYSTEMPATH/CodeIgniter.php(502): CodeIgniter\CodeIgniter->runController(Object(App\Controllers\KajurPP))
 8 SYSTEMPATH/CodeIgniter.php(361): CodeIgniter\CodeIgniter->handleRequest(null, Object(Config\Cache), false)
 9 FCPATH/index.php(79): CodeIgniter\CodeIgniter->run()
10 SYSTEMPATH/Commands/Server/rewrite.php(47): require_once('/Applications/XAMPP/xamppfiles/htdocs/pembelajaran/public/index.php')
INFO - 2024-02-12 04:27:44 --> Session: Class initialized using 'CodeIgniter\Session\Handlers\FileHandler' driver.
CRITICAL - 2024-02-12 04:27:45 --> Undefined variable $verifikasi
in APPPATH/Views/konten/kajur/pp/pengajuan-verifikasi.php on line 36.
 1 APPPATH/Views/konten/kajur/pp/pengajuan-verifikasi.php(36): CodeIgniter\Debug\Exceptions->errorHandler(2, 'Undefined variable $verifikasi', '/Applications/XAMPP/xamppfiles/htdocs/pembelajaran/app/Views/konten/kajur/pp/pengajuan-verifikasi.php', 36)
 2 SYSTEMPATH/View/View.php(228): include('/Applications/XAMPP/xamppfiles/htdocs/pembelajaran/app/Views/konten/kajur/pp/pengajuan-verifikasi.php')
 3 SYSTEMPATH/View/View.php(231): CodeIgniter\View\View->CodeIgniter\View\{closure}()
 4 SYSTEMPATH/Common.php(1190): CodeIgniter\View\View->render('konten/kajur/pp/pengajuan-verifikasi', [], true)
 5 APPPATH/Controllers/KajurPP.php(57): view('konten/kajur/pp/pengajuan-verifikasi', [...])
 6 SYSTEMPATH/CodeIgniter.php(942): App\Controllers\KajurPP->pengajuan('NTEyNjI1ZDktMTBhMC00MzM3LWI5YTktN2FiYjIzYTBjNWVk')
 7 SYSTEMPATH/CodeIgniter.php(502): CodeIgniter\CodeIgniter->runController(Object(App\Controllers\KajurPP))
 8 SYSTEMPATH/CodeIgniter.php(361): CodeIgniter\CodeIgniter->handleRequest(null, Object(Config\Cache), false)
 9 FCPATH/index.php(79): CodeIgniter\CodeIgniter->run()
10 SYSTEMPATH/Commands/Server/rewrite.php(47): require_once('/Applications/XAMPP/xamppfiles/htdocs/pembelajaran/public/index.php')
INFO - 2024-02-12 04:29:37 --> Session: Class initialized using 'CodeIgniter\Session\Handlers\FileHandler' driver.
CRITICAL - 2024-02-12 04:29:37 --> Undefined variable $verifikasi
in APPPATH/Views/konten/kajur/pp/pengajuan-verifikasi.php on line 36.
 1 APPPATH/Views/konten/kajur/pp/pengajuan-verifikasi.php(36): CodeIgniter\Debug\Exceptions->errorHandler(2, 'Undefined variable $verifikasi', '/Applications/XAMPP/xamppfiles/htdocs/pembelajaran/app/Views/konten/kajur/pp/pengajuan-verifikasi.php', 36)
 2 SYSTEMPATH/View/View.php(228): include('/Applications/XAMPP/xamppfiles/htdocs/pembelajaran/app/Views/konten/kajur/pp/pengajuan-verifikasi.php')
 3 SYSTEMPATH/View/View.php(231): CodeIgniter\View\View->CodeIgniter\View\{closure}()
 4 SYSTEMPATH/Common.php(1190): CodeIgniter\View\View->render('konten/kajur/pp/pengajuan-verifikasi', [], true)
 5 APPPATH/Controllers/KajurPP.php(57): view('konten/kajur/pp/pengajuan-verifikasi', [...])
 6 SYSTEMPATH/CodeIgniter.php(942): App\Controllers\KajurPP->pengajuan('NTEyNjI1ZDktMTBhMC00MzM3LWI5YTktN2FiYjIzYTBjNWVk')
 7 SYSTEMPATH/CodeIgniter.php(502): CodeIgniter\CodeIgniter->runController(Object(App\Controllers\KajurPP))
 8 SYSTEMPATH/CodeIgniter.php(361): CodeIgniter\CodeIgniter->handleRequest(null, Object(Config\Cache), false)
 9 FCPATH/index.php(79): CodeIgniter\CodeIgniter->run()
10 SYSTEMPATH/Commands/Server/rewrite.php(47): require_once('/Applications/XAMPP/xamppfiles/htdocs/pembelajaran/public/index.php')
INFO - 2024-02-12 04:29:50 --> Session: Class initialized using 'CodeIgniter\Session\Handlers\FileHandler' driver.
CRITICAL - 2024-02-12 04:29:50 --> Undefined property: stdClass::$nama_prodi
in APPPATH/Views/konten/kajur/pp/pengajuan-verifikasi.php on line 39.
 1 APPPATH/Views/konten/kajur/pp/pengajuan-verifikasi.php(39): CodeIgniter\Debug\Exceptions->errorHandler(2, 'Undefined property: stdClass::$nama_prodi', '/Applications/XAMPP/xamppfiles/htdocs/pembelajaran/app/Views/konten/kajur/pp/pengajuan-verifikasi.php', 39)
 2 SYSTEMPATH/View/View.php(228): include('/Applications/XAMPP/xamppfiles/htdocs/pembelajaran/app/Views/konten/kajur/pp/pengajuan-verifikasi.php')
 3 SYSTEMPATH/View/View.php(231): CodeIgniter\View\View->CodeIgniter\View\{closure}()
 4 SYSTEMPATH/Common.php(1190): CodeIgniter\View\View->render('konten/kajur/pp/pengajuan-verifikasi', [], true)
 5 APPPATH/Controllers/KajurPP.php(57): view('konten/kajur/pp/pengajuan-verifikasi', [...])
 6 SYSTEMPATH/CodeIgniter.php(942): App\Controllers\KajurPP->pengajuan('NTEyNjI1ZDktMTBhMC00MzM3LWI5YTktN2FiYjIzYTBjNWVk')
 7 SYSTEMPATH/CodeIgniter.php(502): CodeIgniter\CodeIgniter->runController(Object(App\Controllers\KajurPP))
 8 SYSTEMPATH/CodeIgniter.php(361): CodeIgniter\CodeIgniter->handleRequest(null, Object(Config\Cache), false)
 9 FCPATH/index.php(79): CodeIgniter\CodeIgniter->run()
10 SYSTEMPATH/Commands/Server/rewrite.php(47): require_once('/Applications/XAMPP/xamppfiles/htdocs/pembelajaran/public/index.php')
INFO - 2024-02-12 04:30:59 --> Session: Class initialized using 'CodeIgniter\Session\Handlers\FileHandler' driver.
INFO - 2024-02-12 04:31:01 --> Session: Class initialized using 'CodeIgniter\Session\Handlers\FileHandler' driver.
INFO - 2024-02-12 04:31:40 --> Session: Class initialized using 'CodeIgniter\Session\Handlers\FileHandler' driver.
INFO - 2024-02-12 04:31:40 --> Session: Class initialized using 'CodeIgniter\Session\Handlers\FileHandler' driver.
INFO - 2024-02-12 04:31:41 --> Session: Class initialized using 'CodeIgniter\Session\Handlers\FileHandler' driver.
INFO - 2024-02-12 04:31:42 --> Session: Class initialized using 'CodeIgniter\Session\Handlers\FileHandler' driver.
INFO - 2024-02-12 04:32:03 --> Session: Class initialized using 'CodeIgniter\Session\Handlers\FileHandler' driver.
INFO - 2024-02-12 04:32:03 --> Session: Class initialized using 'CodeIgniter\Session\Handlers\FileHandler' driver.
INFO - 2024-02-12 04:34:40 --> Session: Class initialized using 'CodeIgniter\Session\Handlers\FileHandler' driver.
CRITICAL - 2024-02-12 04:34:40 --> Undefined property: stdClass::$kode_mk
in APPPATH/Views/konten/kajur/pp/pengajuan-verifikasi.php on line 40.
 1 APPPATH/Views/konten/kajur/pp/pengajuan-verifikasi.php(40): CodeIgniter\Debug\Exceptions->errorHandler(2, 'Undefined property: stdClass::$kode_mk', '/Applications/XAMPP/xamppfiles/htdocs/pembelajaran/app/Views/konten/kajur/pp/pengajuan-verifikasi.php', 40)
 2 SYSTEMPATH/View/View.php(228): include('/Applications/XAMPP/xamppfiles/htdocs/pembelajaran/app/Views/konten/kajur/pp/pengajuan-verifikasi.php')
 3 SYSTEMPATH/View/View.php(231): CodeIgniter\View\View->CodeIgniter\View\{closure}()
 4 SYSTEMPATH/Common.php(1190): CodeIgniter\View\View->render('konten/kajur/pp/pengajuan-verifikasi', [], true)
 5 APPPATH/Controllers/KajurPP.php(57): view('konten/kajur/pp/pengajuan-verifikasi', [...])
 6 SYSTEMPATH/CodeIgniter.php(942): App\Controllers\KajurPP->pengajuan('NTEyNjI1ZDktMTBhMC00MzM3LWI5YTktN2FiYjIzYTBjNWVk')
 7 SYSTEMPATH/CodeIgniter.php(502): CodeIgniter\CodeIgniter->runController(Object(App\Controllers\KajurPP))
 8 SYSTEMPATH/CodeIgniter.php(361): CodeIgniter\CodeIgniter->handleRequest(null, Object(Config\Cache), false)
 9 FCPATH/index.php(79): CodeIgniter\CodeIgniter->run()
10 SYSTEMPATH/Commands/Server/rewrite.php(47): require_once('/Applications/XAMPP/xamppfiles/htdocs/pembelajaran/public/index.php')
INFO - 2024-02-12 04:34:54 --> Session: Class initialized using 'CodeIgniter\Session\Handlers\FileHandler' driver.
ERROR - 2024-02-12 04:34:54 --> mysqli_sql_exception: You have an error in your SQL syntax; check the manual that corresponds to your MariaDB server version for the right syntax to use near '.`nama_mk`, `rencana_perkuliahan`.`topik`, `rencana_perkuliahan`.`tanggal`
FR...' at line 1 in /Applications/XAMPP/xamppfiles/htdocs/pembelajaran/system/Database/MySQLi/Connection.php:306
Stack trace:
#0 /Applications/XAMPP/xamppfiles/htdocs/pembelajaran/system/Database/MySQLi/Connection.php(306): mysqli->query('SELECT `p_pengg...', 0)
#1 /Applications/XAMPP/xamppfiles/htdocs/pembelajaran/system/Database/BaseConnection.php(693): CodeIgniter\Database\MySQLi\Connection->execute('SELECT `p_pengg...')
#2 /Applications/XAMPP/xamppfiles/htdocs/pembelajaran/system/Database/BaseConnection.php(607): CodeIgniter\Database\BaseConnection->simpleQuery('SELECT `p_pengg...')
#3 /Applications/XAMPP/xamppfiles/htdocs/pembelajaran/system/Database/BaseBuilder.php(1615): CodeIgniter\Database\BaseConnection->query('SELECT `p_pengg...', Array, false)
#4 /Applications/XAMPP/xamppfiles/htdocs/pembelajaran/app/Models/Kajur/KajurPraktikPenggantiModel.php(116): CodeIgniter\Database\BaseBuilder->get()
#5 /Applications/XAMPP/xamppfiles/htdocs/pembelajaran/app/Controllers/KajurPP.php(55): App\Models\Kajur\KajurPraktikPenggantiModel->getDetailPengajuanTransaksiDetail('512625d9-10a0-4...')
#6 /Applications/XAMPP/xamppfiles/htdocs/pembelajaran/system/CodeIgniter.php(942): App\Controllers\KajurPP->pengajuan('NTEyNjI1ZDktMTB...')
#7 /Applications/XAMPP/xamppfiles/htdocs/pembelajaran/system/CodeIgniter.php(502): CodeIgniter\CodeIgniter->runController(Object(App\Controllers\KajurPP))
#8 /Applications/XAMPP/xamppfiles/htdocs/pembelajaran/system/CodeIgniter.php(361): CodeIgniter\CodeIgniter->handleRequest(NULL, Object(Config\Cache), false)
#9 /Applications/XAMPP/xamppfiles/htdocs/pembelajaran/public/index.php(79): CodeIgniter\CodeIgniter->run()
#10 /Applications/XAMPP/xamppfiles/htdocs/pembelajaran/system/Commands/Server/rewrite.php(47): require_once('/Applications/X...')
#11 {main}
CRITICAL - 2024-02-12 04:34:54 --> You have an error in your SQL syntax; check the manual that corresponds to your MariaDB server version for the right syntax to use near '.`nama_mk`, `rencana_perkuliahan`.`topik`, `rencana_perkuliahan`.`tanggal`
FR...' at line 1
in SYSTEMPATH/Database/BaseConnection.php on line 647.
 1 SYSTEMPATH/Database/BaseBuilder.php(1615): CodeIgniter\Database\BaseConnection->query('SELECT `p_pengganti_detail_revisi`.*, `matakuliah`.`kode_mk` `matakuliah`.`nama_mk`, `rencana_perkuliahan`.`topik`, `rencana_perkuliahan`.`tanggal`
FROM `p_pengganti_detail_revisi`
JOIN `p_pengganti_detail` ON `p_pengganti_detail_revisi`.`p_pengganti_detail_id` = `p_pengganti_detail`.`id`
JOIN `p_pengganti_master` ON `p_pengganti_detail`.`pp_master_id` = `p_pengganti_master`.`id`
JOIN `absensi_mahasiswa` ON `p_pengganti_detail`.`absensi_mahasiswa_id` = `absensi_mahasiswa`.`id`
JOIN `absensi` ON `absensi_mahasiswa`.`absensi_id`= `absensi`.`id`
JOIN `rencana_perkuliahan` ON `absensi`.`rencana_perkuliahan_id` = `rencana_perkuliahan`.`id`
JOIN `jadwal_kuliah` ON `rencana_perkuliahan`.`jadwal_kuliah_id` = `jadwal_kuliah`.`id`
JOIN `matakuliah` ON `jadwal_kuliah`.`matakuliah_id` = `matakuliah`.`id`
JOIN `dosen` ON `p_pengganti_detail`.`dosen_id` = `dosen`.`id`
WHERE `p_pengganti_master`.`id` = :p_pengganti_master.id:', [...], false)
 2 APPPATH/Models/Kajur/KajurPraktikPenggantiModel.php(116): CodeIgniter\Database\BaseBuilder->get()
 3 APPPATH/Controllers/KajurPP.php(55): App\Models\Kajur\KajurPraktikPenggantiModel->getDetailPengajuanTransaksiDetail('512625d9-10a0-4337-b9a9-7abb23a0c5ed')
 4 SYSTEMPATH/CodeIgniter.php(942): App\Controllers\KajurPP->pengajuan('NTEyNjI1ZDktMTBhMC00MzM3LWI5YTktN2FiYjIzYTBjNWVk')
 5 SYSTEMPATH/CodeIgniter.php(502): CodeIgniter\CodeIgniter->runController(Object(App\Controllers\KajurPP))
 6 SYSTEMPATH/CodeIgniter.php(361): CodeIgniter\CodeIgniter->handleRequest(null, Object(Config\Cache), false)
 7 FCPATH/index.php(79): CodeIgniter\CodeIgniter->run()
 8 SYSTEMPATH/Commands/Server/rewrite.php(47): require_once('/Applications/XAMPP/xamppfiles/htdocs/pembelajaran/public/index.php')
INFO - 2024-02-12 04:35:00 --> Session: Class initialized using 'CodeIgniter\Session\Handlers\FileHandler' driver.
CRITICAL - 2024-02-12 04:35:00 --> syntax error, unexpected token ",", expecting "function" or "const"
in APPPATH/Models/Kajur/KajurPraktikPenggantiModel.php on line 102.
 1 SYSTEMPATH/Autoloader/Autoloader.php(291): CodeIgniter\Autoloader\Autoloader->includeFile('/Applications/XAMPP/xamppfiles/htdocs/pembelajaran/app/Models/Kajur/KajurPraktikPenggantiModel.php')
 2 SYSTEMPATH/Autoloader/Autoloader.php(269): CodeIgniter\Autoloader\Autoloader->loadInNamespace('App\\Models\\Kajur\\KajurPraktikPenggantiModel')
 3 APPPATH/Controllers/KajurPP.php(16): CodeIgniter\Autoloader\Autoloader->loadClass('App\\Models\\Kajur\\KajurPraktikPenggantiModel')
 4 SYSTEMPATH/CodeIgniter.php(914): App\Controllers\KajurPP->__construct()
 5 SYSTEMPATH/CodeIgniter.php(493): CodeIgniter\CodeIgniter->createController()
 6 SYSTEMPATH/CodeIgniter.php(361): CodeIgniter\CodeIgniter->handleRequest(null, Object(Config\Cache), false)
 7 FCPATH/index.php(79): CodeIgniter\CodeIgniter->run()
 8 SYSTEMPATH/Commands/Server/rewrite.php(47): require_once('/Applications/XAMPP/xamppfiles/htdocs/pembelajaran/public/index.php')
INFO - 2024-02-12 04:35:13 --> Session: Class initialized using 'CodeIgniter\Session\Handlers\FileHandler' driver.
INFO - 2024-02-12 04:35:14 --> Session: Class initialized using 'CodeIgniter\Session\Handlers\FileHandler' driver.
INFO - 2024-02-12 04:37:09 --> Session: Class initialized using 'CodeIgniter\Session\Handlers\FileHandler' driver.
CRITICAL - 2024-02-12 04:37:09 --> Undefined property: stdClass::$kehadiran
in APPPATH/Views/konten/kajur/pp/pengajuan-verifikasi.php on line 46.
 1 APPPATH/Views/konten/kajur/pp/pengajuan-verifikasi.php(46): CodeIgniter\Debug\Exceptions->errorHandler(2, 'Undefined property: stdClass::$kehadiran', '/Applications/XAMPP/xamppfiles/htdocs/pembelajaran/app/Views/konten/kajur/pp/pengajuan-verifikasi.php', 46)
 2 SYSTEMPATH/View/View.php(228): include('/Applications/XAMPP/xamppfiles/htdocs/pembelajaran/app/Views/konten/kajur/pp/pengajuan-verifikasi.php')
 3 SYSTEMPATH/View/View.php(231): CodeIgniter\View\View->CodeIgniter\View\{closure}()
 4 SYSTEMPATH/Common.php(1190): CodeIgniter\View\View->render('konten/kajur/pp/pengajuan-verifikasi', [], true)
 5 APPPATH/Controllers/KajurPP.php(57): view('konten/kajur/pp/pengajuan-verifikasi', [...])
 6 SYSTEMPATH/CodeIgniter.php(942): App\Controllers\KajurPP->pengajuan('NTEyNjI1ZDktMTBhMC00MzM3LWI5YTktN2FiYjIzYTBjNWVk')
 7 SYSTEMPATH/CodeIgniter.php(502): CodeIgniter\CodeIgniter->runController(Object(App\Controllers\KajurPP))
 8 SYSTEMPATH/CodeIgniter.php(361): CodeIgniter\CodeIgniter->handleRequest(null, Object(Config\Cache), false)
 9 FCPATH/index.php(79): CodeIgniter\CodeIgniter->run()
10 SYSTEMPATH/Commands/Server/rewrite.php(47): require_once('/Applications/XAMPP/xamppfiles/htdocs/pembelajaran/public/index.php')
INFO - 2024-02-12 04:37:34 --> Session: Class initialized using 'CodeIgniter\Session\Handlers\FileHandler' driver.
INFO - 2024-02-12 04:37:34 --> Session: Class initialized using 'CodeIgniter\Session\Handlers\FileHandler' driver.
INFO - 2024-02-12 04:38:10 --> Session: Class initialized using 'CodeIgniter\Session\Handlers\FileHandler' driver.
INFO - 2024-02-12 04:38:10 --> Session: Class initialized using 'CodeIgniter\Session\Handlers\FileHandler' driver.
INFO - 2024-02-12 04:38:19 --> Session: Class initialized using 'CodeIgniter\Session\Handlers\FileHandler' driver.
INFO - 2024-02-12 04:38:19 --> Session: Class initialized using 'CodeIgniter\Session\Handlers\FileHandler' driver.
INFO - 2024-02-12 04:38:30 --> Session: Class initialized using 'CodeIgniter\Session\Handlers\FileHandler' driver.
INFO - 2024-02-12 04:38:30 --> Session: Class initialized using 'CodeIgniter\Session\Handlers\FileHandler' driver.
INFO - 2024-02-12 04:38:30 --> Session: Class initialized using 'CodeIgniter\Session\Handlers\FileHandler' driver.
INFO - 2024-02-12 04:38:31 --> Session: Class initialized using 'CodeIgniter\Session\Handlers\FileHandler' driver.
INFO - 2024-02-12 04:38:51 --> Session: Class initialized using 'CodeIgniter\Session\Handlers\FileHandler' driver.
INFO - 2024-02-12 04:38:51 --> Session: Class initialized using 'CodeIgniter\Session\Handlers\FileHandler' driver.
INFO - 2024-02-12 04:38:57 --> Session: Class initialized using 'CodeIgniter\Session\Handlers\FileHandler' driver.
INFO - 2024-02-12 04:38:57 --> Session: Class initialized using 'CodeIgniter\Session\Handlers\FileHandler' driver.
INFO - 2024-02-12 04:39:04 --> Session: Class initialized using 'CodeIgniter\Session\Handlers\FileHandler' driver.
INFO - 2024-02-12 04:39:04 --> Session: Class initialized using 'CodeIgniter\Session\Handlers\FileHandler' driver.
INFO - 2024-02-12 04:39:05 --> Session: Class initialized using 'CodeIgniter\Session\Handlers\FileHandler' driver.
INFO - 2024-02-12 04:39:05 --> Session: Class initialized using 'CodeIgniter\Session\Handlers\FileHandler' driver.
INFO - 2024-02-12 04:39:20 --> Session: Class initialized using 'CodeIgniter\Session\Handlers\FileHandler' driver.
INFO - 2024-02-12 04:39:20 --> Session: Class initialized using 'CodeIgniter\Session\Handlers\FileHandler' driver.
INFO - 2024-02-12 04:39:38 --> Session: Class initialized using 'CodeIgniter\Session\Handlers\FileHandler' driver.
INFO - 2024-02-12 04:39:39 --> Session: Class initialized using 'CodeIgniter\Session\Handlers\FileHandler' driver.
INFO - 2024-02-12 04:39:55 --> Session: Class initialized using 'CodeIgniter\Session\Handlers\FileHandler' driver.
INFO - 2024-02-12 04:39:55 --> Session: Class initialized using 'CodeIgniter\Session\Handlers\FileHandler' driver.
INFO - 2024-02-12 04:40:05 --> Session: Class initialized using 'CodeIgniter\Session\Handlers\FileHandler' driver.
INFO - 2024-02-12 04:40:06 --> Session: Class initialized using 'CodeIgniter\Session\Handlers\FileHandler' driver.
INFO - 2024-02-12 04:40:15 --> Session: Class initialized using 'CodeIgniter\Session\Handlers\FileHandler' driver.
INFO - 2024-02-12 04:40:15 --> Session: Class initialized using 'CodeIgniter\Session\Handlers\FileHandler' driver.
INFO - 2024-02-12 04:40:15 --> Session: Class initialized using 'CodeIgniter\Session\Handlers\FileHandler' driver.
INFO - 2024-02-12 04:40:15 --> Session: Class initialized using 'CodeIgniter\Session\Handlers\FileHandler' driver.
INFO - 2024-02-12 04:40:16 --> Session: Class initialized using 'CodeIgniter\Session\Handlers\FileHandler' driver.
INFO - 2024-02-12 04:40:16 --> Session: Class initialized using 'CodeIgniter\Session\Handlers\FileHandler' driver.
INFO - 2024-02-12 04:40:16 --> Session: Class initialized using 'CodeIgniter\Session\Handlers\FileHandler' driver.
INFO - 2024-02-12 04:40:17 --> Session: Class initialized using 'CodeIgniter\Session\Handlers\FileHandler' driver.
INFO - 2024-02-12 04:40:23 --> Session: Class initialized using 'CodeIgniter\Session\Handlers\FileHandler' driver.
INFO - 2024-02-12 04:40:23 --> Session: Class initialized using 'CodeIgniter\Session\Handlers\FileHandler' driver.
INFO - 2024-02-12 04:40:34 --> Session: Class initialized using 'CodeIgniter\Session\Handlers\FileHandler' driver.
INFO - 2024-02-12 04:40:34 --> Session: Class initialized using 'CodeIgniter\Session\Handlers\FileHandler' driver.
INFO - 2024-02-12 04:40:40 --> Session: Class initialized using 'CodeIgniter\Session\Handlers\FileHandler' driver.
INFO - 2024-02-12 04:40:40 --> Session: Class initialized using 'CodeIgniter\Session\Handlers\FileHandler' driver.
INFO - 2024-02-12 04:40:41 --> Session: Class initialized using 'CodeIgniter\Session\Handlers\FileHandler' driver.
INFO - 2024-02-12 04:40:42 --> Session: Class initialized using 'CodeIgniter\Session\Handlers\FileHandler' driver.
INFO - 2024-02-12 04:40:44 --> Session: Class initialized using 'CodeIgniter\Session\Handlers\FileHandler' driver.
INFO - 2024-02-12 04:40:44 --> Session: Class initialized using 'CodeIgniter\Session\Handlers\FileHandler' driver.
INFO - 2024-02-12 04:40:50 --> Session: Class initialized using 'CodeIgniter\Session\Handlers\FileHandler' driver.
INFO - 2024-02-12 04:40:50 --> Session: Class initialized using 'CodeIgniter\Session\Handlers\FileHandler' driver.
INFO - 2024-02-12 04:41:05 --> Session: Class initialized using 'CodeIgniter\Session\Handlers\FileHandler' driver.
INFO - 2024-02-12 04:41:05 --> Session: Class initialized using 'CodeIgniter\Session\Handlers\FileHandler' driver.
INFO - 2024-02-12 04:41:27 --> Session: Class initialized using 'CodeIgniter\Session\Handlers\FileHandler' driver.
INFO - 2024-02-12 04:41:27 --> Session: Class initialized using 'CodeIgniter\Session\Handlers\FileHandler' driver.
INFO - 2024-02-12 04:41:54 --> Session: Class initialized using 'CodeIgniter\Session\Handlers\FileHandler' driver.
INFO - 2024-02-12 04:41:54 --> Session: Class initialized using 'CodeIgniter\Session\Handlers\FileHandler' driver.
INFO - 2024-02-12 04:41:56 --> Session: Class initialized using 'CodeIgniter\Session\Handlers\FileHandler' driver.
INFO - 2024-02-12 04:41:58 --> Session: Class initialized using 'CodeIgniter\Session\Handlers\FileHandler' driver.
INFO - 2024-02-12 04:41:58 --> Session: Class initialized using 'CodeIgniter\Session\Handlers\FileHandler' driver.
INFO - 2024-02-12 04:42:00 --> Session: Class initialized using 'CodeIgniter\Session\Handlers\FileHandler' driver.
INFO - 2024-02-12 04:42:12 --> Session: Class initialized using 'CodeIgniter\Session\Handlers\FileHandler' driver.
INFO - 2024-02-12 04:42:13 --> Session: Class initialized using 'CodeIgniter\Session\Handlers\FileHandler' driver.
INFO - 2024-02-12 04:42:13 --> Session: Class initialized using 'CodeIgniter\Session\Handlers\FileHandler' driver.
INFO - 2024-02-12 04:42:13 --> Session: Class initialized using 'CodeIgniter\Session\Handlers\FileHandler' driver.
INFO - 2024-02-12 04:42:14 --> Session: Class initialized using 'CodeIgniter\Session\Handlers\FileHandler' driver.
INFO - 2024-02-12 04:42:14 --> Session: Class initialized using 'CodeIgniter\Session\Handlers\FileHandler' driver.
INFO - 2024-02-12 04:42:55 --> Session: Class initialized using 'CodeIgniter\Session\Handlers\FileHandler' driver.
INFO - 2024-02-12 04:42:56 --> Session: Class initialized using 'CodeIgniter\Session\Handlers\FileHandler' driver.
INFO - 2024-02-12 04:42:57 --> Session: Class initialized using 'CodeIgniter\Session\Handlers\FileHandler' driver.
INFO - 2024-02-12 04:42:58 --> Session: Class initialized using 'CodeIgniter\Session\Handlers\FileHandler' driver.
INFO - 2024-02-12 04:43:33 --> Session: Class initialized using 'CodeIgniter\Session\Handlers\FileHandler' driver.
INFO - 2024-02-12 04:43:33 --> Session: Class initialized using 'CodeIgniter\Session\Handlers\FileHandler' driver.
INFO - 2024-02-12 04:43:47 --> Session: Class initialized using 'CodeIgniter\Session\Handlers\FileHandler' driver.
INFO - 2024-02-12 04:43:48 --> Session: Class initialized using 'CodeIgniter\Session\Handlers\FileHandler' driver.
INFO - 2024-02-12 04:43:54 --> Session: Class initialized using 'CodeIgniter\Session\Handlers\FileHandler' driver.
INFO - 2024-02-12 04:43:54 --> Session: Class initialized using 'CodeIgniter\Session\Handlers\FileHandler' driver.
INFO - 2024-02-12 04:44:06 --> Session: Class initialized using 'CodeIgniter\Session\Handlers\FileHandler' driver.
INFO - 2024-02-12 04:44:06 --> Session: Class initialized using 'CodeIgniter\Session\Handlers\FileHandler' driver.
INFO - 2024-02-12 04:46:05 --> Session: Class initialized using 'CodeIgniter\Session\Handlers\FileHandler' driver.
CRITICAL - 2024-02-12 04:46:05 --> Cannot use object of type stdClass as array
in APPPATH/Views/konten/kajur/pp/pengajuan-verifikasi.php on line 53.
 1 SYSTEMPATH/View/View.php(228): include()
 2 SYSTEMPATH/View/View.php(231): CodeIgniter\View\View->CodeIgniter\View\{closure}()
 3 SYSTEMPATH/Common.php(1190): CodeIgniter\View\View->render('konten/kajur/pp/pengajuan-verifikasi', [], true)
 4 APPPATH/Controllers/KajurPP.php(57): view('konten/kajur/pp/pengajuan-verifikasi', [...])
 5 SYSTEMPATH/CodeIgniter.php(942): App\Controllers\KajurPP->pengajuan('NTEyNjI1ZDktMTBhMC00MzM3LWI5YTktN2FiYjIzYTBjNWVk')
 6 SYSTEMPATH/CodeIgniter.php(502): CodeIgniter\CodeIgniter->runController(Object(App\Controllers\KajurPP))
 7 SYSTEMPATH/CodeIgniter.php(361): CodeIgniter\CodeIgniter->handleRequest(null, Object(Config\Cache), false)
 8 FCPATH/index.php(79): CodeIgniter\CodeIgniter->run()
 9 SYSTEMPATH/Commands/Server/rewrite.php(47): require_once('/Applications/XAMPP/xamppfiles/htdocs/pembelajaran/public/index.php')
INFO - 2024-02-12 04:46:24 --> Session: Class initialized using 'CodeIgniter\Session\Handlers\FileHandler' driver.
CRITICAL - 2024-02-12 04:46:24 --> Undefined property: stdClass::$verifikasi
in APPPATH/Views/konten/kajur/pp/pengajuan-verifikasi.php on line 53.
 1 APPPATH/Views/konten/kajur/pp/pengajuan-verifikasi.php(53): CodeIgniter\Debug\Exceptions->errorHandler(2, 'Undefined property: stdClass::$verifikasi', '/Applications/XAMPP/xamppfiles/htdocs/pembelajaran/app/Views/konten/kajur/pp/pengajuan-verifikasi.php', 53)
 2 SYSTEMPATH/View/View.php(228): include('/Applications/XAMPP/xamppfiles/htdocs/pembelajaran/app/Views/konten/kajur/pp/pengajuan-verifikasi.php')
 3 SYSTEMPATH/View/View.php(231): CodeIgniter\View\View->CodeIgniter\View\{closure}()
 4 SYSTEMPATH/Common.php(1190): CodeIgniter\View\View->render('konten/kajur/pp/pengajuan-verifikasi', [], true)
 5 APPPATH/Controllers/KajurPP.php(57): view('konten/kajur/pp/pengajuan-verifikasi', [...])
 6 SYSTEMPATH/CodeIgniter.php(942): App\Controllers\KajurPP->pengajuan('NTEyNjI1ZDktMTBhMC00MzM3LWI5YTktN2FiYjIzYTBjNWVk')
 7 SYSTEMPATH/CodeIgniter.php(502): CodeIgniter\CodeIgniter->runController(Object(App\Controllers\KajurPP))
 8 SYSTEMPATH/CodeIgniter.php(361): CodeIgniter\CodeIgniter->handleRequest(null, Object(Config\Cache), false)
 9 FCPATH/index.php(79): CodeIgniter\CodeIgniter->run()
10 SYSTEMPATH/Commands/Server/rewrite.php(47): require_once('/Applications/XAMPP/xamppfiles/htdocs/pembelajaran/public/index.php')
INFO - 2024-02-12 04:47:04 --> Session: Class initialized using 'CodeIgniter\Session\Handlers\FileHandler' driver.
INFO - 2024-02-12 04:47:04 --> Session: Class initialized using 'CodeIgniter\Session\Handlers\FileHandler' driver.
INFO - 2024-02-12 04:47:13 --> Session: Class initialized using 'CodeIgniter\Session\Handlers\FileHandler' driver.
INFO - 2024-02-12 04:47:13 --> Session: Class initialized using 'CodeIgniter\Session\Handlers\FileHandler' driver.
INFO - 2024-02-12 04:48:03 --> Session: Class initialized using 'CodeIgniter\Session\Handlers\FileHandler' driver.
INFO - 2024-02-12 04:48:03 --> Session: Class initialized using 'CodeIgniter\Session\Handlers\FileHandler' driver.
INFO - 2024-02-12 04:48:18 --> Session: Class initialized using 'CodeIgniter\Session\Handlers\FileHandler' driver.
INFO - 2024-02-12 04:48:19 --> Session: Class initialized using 'CodeIgniter\Session\Handlers\FileHandler' driver.
INFO - 2024-02-12 04:48:32 --> Session: Class initialized using 'CodeIgniter\Session\Handlers\FileHandler' driver.
INFO - 2024-02-12 04:48:32 --> Session: Class initialized using 'CodeIgniter\Session\Handlers\FileHandler' driver.
INFO - 2024-02-12 04:48:38 --> Session: Class initialized using 'CodeIgniter\Session\Handlers\FileHandler' driver.
INFO - 2024-02-12 04:48:38 --> Session: Class initialized using 'CodeIgniter\Session\Handlers\FileHandler' driver.
INFO - 2024-02-12 04:48:55 --> Session: Class initialized using 'CodeIgniter\Session\Handlers\FileHandler' driver.
INFO - 2024-02-12 04:48:55 --> Session: Class initialized using 'CodeIgniter\Session\Handlers\FileHandler' driver.
INFO - 2024-02-12 04:49:53 --> Session: Class initialized using 'CodeIgniter\Session\Handlers\FileHandler' driver.
INFO - 2024-02-12 04:49:53 --> Session: Class initialized using 'CodeIgniter\Session\Handlers\FileHandler' driver.
INFO - 2024-02-12 04:53:00 --> Session: Class initialized using 'CodeIgniter\Session\Handlers\FileHandler' driver.
INFO - 2024-02-12 04:53:01 --> Session: Class initialized using 'CodeIgniter\Session\Handlers\FileHandler' driver.
INFO - 2024-02-12 04:54:20 --> Session: Class initialized using 'CodeIgniter\Session\Handlers\FileHandler' driver.
INFO - 2024-02-12 04:54:20 --> Session: Class initialized using 'CodeIgniter\Session\Handlers\FileHandler' driver.
INFO - 2024-02-12 05:00:49 --> Session: Class initialized using 'CodeIgniter\Session\Handlers\FileHandler' driver.
INFO - 2024-02-12 05:00:49 --> Session: Class initialized using 'CodeIgniter\Session\Handlers\FileHandler' driver.
INFO - 2024-02-12 05:01:43 --> Session: Class initialized using 'CodeIgniter\Session\Handlers\FileHandler' driver.
INFO - 2024-02-12 05:01:44 --> Session: Class initialized using 'CodeIgniter\Session\Handlers\FileHandler' driver.
INFO - 2024-02-12 05:02:18 --> Session: Class initialized using 'CodeIgniter\Session\Handlers\FileHandler' driver.
INFO - 2024-02-12 05:02:18 --> Session: Class initialized using 'CodeIgniter\Session\Handlers\FileHandler' driver.
INFO - 2024-02-12 05:02:19 --> Session: Class initialized using 'CodeIgniter\Session\Handlers\FileHandler' driver.
INFO - 2024-02-12 05:02:19 --> Session: Class initialized using 'CodeIgniter\Session\Handlers\FileHandler' driver.
INFO - 2024-02-12 05:02:20 --> Session: Class initialized using 'CodeIgniter\Session\Handlers\FileHandler' driver.
INFO - 2024-02-12 05:02:20 --> Session: Class initialized using 'CodeIgniter\Session\Handlers\FileHandler' driver.
INFO - 2024-02-12 05:02:21 --> Session: Class initialized using 'CodeIgniter\Session\Handlers\FileHandler' driver.
INFO - 2024-02-12 05:02:24 --> Session: Class initialized using 'CodeIgniter\Session\Handlers\FileHandler' driver.
INFO - 2024-02-12 05:02:24 --> Session: Class initialized using 'CodeIgniter\Session\Handlers\FileHandler' driver.
INFO - 2024-02-12 05:02:25 --> Session: Class initialized using 'CodeIgniter\Session\Handlers\FileHandler' driver.
INFO - 2024-02-12 05:02:26 --> Session: Class initialized using 'CodeIgniter\Session\Handlers\FileHandler' driver.
INFO - 2024-02-12 05:02:26 --> Session: Class initialized using 'CodeIgniter\Session\Handlers\FileHandler' driver.
INFO - 2024-02-12 05:02:26 --> Session: Class initialized using 'CodeIgniter\Session\Handlers\FileHandler' driver.
INFO - 2024-02-12 05:02:27 --> Session: Class initialized using 'CodeIgniter\Session\Handlers\FileHandler' driver.
INFO - 2024-02-12 05:02:27 --> Session: Class initialized using 'CodeIgniter\Session\Handlers\FileHandler' driver.
INFO - 2024-02-12 05:02:36 --> Session: Class initialized using 'CodeIgniter\Session\Handlers\FileHandler' driver.
INFO - 2024-02-12 05:02:36 --> Session: Class initialized using 'CodeIgniter\Session\Handlers\FileHandler' driver.
INFO - 2024-02-12 05:02:39 --> Session: Class initialized using 'CodeIgniter\Session\Handlers\FileHandler' driver.
INFO - 2024-02-12 05:02:39 --> Session: Class initialized using 'CodeIgniter\Session\Handlers\FileHandler' driver.
INFO - 2024-02-12 05:02:39 --> Session: Class initialized using 'CodeIgniter\Session\Handlers\FileHandler' driver.
INFO - 2024-02-12 05:02:40 --> Session: Class initialized using 'CodeIgniter\Session\Handlers\FileHandler' driver.
INFO - 2024-02-12 05:03:23 --> Session: Class initialized using 'CodeIgniter\Session\Handlers\FileHandler' driver.
INFO - 2024-02-12 05:03:24 --> Session: Class initialized using 'CodeIgniter\Session\Handlers\FileHandler' driver.
INFO - 2024-02-12 05:03:26 --> Session: Class initialized using 'CodeIgniter\Session\Handlers\FileHandler' driver.
INFO - 2024-02-12 05:03:27 --> Session: Class initialized using 'CodeIgniter\Session\Handlers\FileHandler' driver.
INFO - 2024-02-12 05:03:28 --> Session: Class initialized using 'CodeIgniter\Session\Handlers\FileHandler' driver.
INFO - 2024-02-12 05:03:29 --> Session: Class initialized using 'CodeIgniter\Session\Handlers\FileHandler' driver.
INFO - 2024-02-12 05:03:30 --> Session: Class initialized using 'CodeIgniter\Session\Handlers\FileHandler' driver.
INFO - 2024-02-12 05:03:30 --> Session: Class initialized using 'CodeIgniter\Session\Handlers\FileHandler' driver.
INFO - 2024-02-12 05:03:32 --> Session: Class initialized using 'CodeIgniter\Session\Handlers\FileHandler' driver.
INFO - 2024-02-12 05:03:33 --> Session: Class initialized using 'CodeIgniter\Session\Handlers\FileHandler' driver.
INFO - 2024-02-12 05:03:33 --> Session: Class initialized using 'CodeIgniter\Session\Handlers\FileHandler' driver.
INFO - 2024-02-12 05:03:33 --> Session: Class initialized using 'CodeIgniter\Session\Handlers\FileHandler' driver.
INFO - 2024-02-12 05:03:37 --> Session: Class initialized using 'CodeIgniter\Session\Handlers\FileHandler' driver.
INFO - 2024-02-12 05:03:37 --> Session: Class initialized using 'CodeIgniter\Session\Handlers\FileHandler' driver.
INFO - 2024-02-12 05:03:38 --> Session: Class initialized using 'CodeIgniter\Session\Handlers\FileHandler' driver.
INFO - 2024-02-12 05:03:38 --> Session: Class initialized using 'CodeIgniter\Session\Handlers\FileHandler' driver.
INFO - 2024-02-12 05:03:50 --> Session: Class initialized using 'CodeIgniter\Session\Handlers\FileHandler' driver.
INFO - 2024-02-12 05:03:51 --> Session: Class initialized using 'CodeIgniter\Session\Handlers\FileHandler' driver.
INFO - 2024-02-12 05:03:51 --> Session: Class initialized using 'CodeIgniter\Session\Handlers\FileHandler' driver.
INFO - 2024-02-12 05:03:51 --> Session: Class initialized using 'CodeIgniter\Session\Handlers\FileHandler' driver.
INFO - 2024-02-12 05:03:52 --> Session: Class initialized using 'CodeIgniter\Session\Handlers\FileHandler' driver.
INFO - 2024-02-12 05:03:53 --> Session: Class initialized using 'CodeIgniter\Session\Handlers\FileHandler' driver.
INFO - 2024-02-12 05:04:01 --> Session: Class initialized using 'CodeIgniter\Session\Handlers\FileHandler' driver.
INFO - 2024-02-12 05:04:01 --> Session: Class initialized using 'CodeIgniter\Session\Handlers\FileHandler' driver.
INFO - 2024-02-12 05:04:14 --> Session: Class initialized using 'CodeIgniter\Session\Handlers\FileHandler' driver.
INFO - 2024-02-12 05:04:15 --> Session: Class initialized using 'CodeIgniter\Session\Handlers\FileHandler' driver.
INFO - 2024-02-12 05:04:27 --> Session: Class initialized using 'CodeIgniter\Session\Handlers\FileHandler' driver.
INFO - 2024-02-12 05:04:27 --> Session: Class initialized using 'CodeIgniter\Session\Handlers\FileHandler' driver.
INFO - 2024-02-12 05:04:28 --> Session: Class initialized using 'CodeIgniter\Session\Handlers\FileHandler' driver.
INFO - 2024-02-12 05:04:28 --> Session: Class initialized using 'CodeIgniter\Session\Handlers\FileHandler' driver.
INFO - 2024-02-12 05:04:56 --> Session: Class initialized using 'CodeIgniter\Session\Handlers\FileHandler' driver.
INFO - 2024-02-12 05:04:56 --> Session: Class initialized using 'CodeIgniter\Session\Handlers\FileHandler' driver.
INFO - 2024-02-12 05:04:56 --> Session: Class initialized using 'CodeIgniter\Session\Handlers\FileHandler' driver.
INFO - 2024-02-12 05:04:59 --> Session: Class initialized using 'CodeIgniter\Session\Handlers\FileHandler' driver.
INFO - 2024-02-12 05:05:00 --> Session: Class initialized using 'CodeIgniter\Session\Handlers\FileHandler' driver.
INFO - 2024-02-12 05:05:01 --> Session: Class initialized using 'CodeIgniter\Session\Handlers\FileHandler' driver.
INFO - 2024-02-12 05:05:01 --> Session: Class initialized using 'CodeIgniter\Session\Handlers\FileHandler' driver.
INFO - 2024-02-12 05:10:09 --> Session: Class initialized using 'CodeIgniter\Session\Handlers\FileHandler' driver.
INFO - 2024-02-12 05:10:09 --> Session: Class initialized using 'CodeIgniter\Session\Handlers\FileHandler' driver.
INFO - 2024-02-12 05:10:20 --> Session: Class initialized using 'CodeIgniter\Session\Handlers\FileHandler' driver.
INFO - 2024-02-12 05:10:20 --> Session: Class initialized using 'CodeIgniter\Session\Handlers\FileHandler' driver.
INFO - 2024-02-12 05:10:21 --> Session: Class initialized using 'CodeIgniter\Session\Handlers\FileHandler' driver.
INFO - 2024-02-12 05:10:28 --> Session: Class initialized using 'CodeIgniter\Session\Handlers\FileHandler' driver.
INFO - 2024-02-12 05:10:28 --> Session: Class initialized using 'CodeIgniter\Session\Handlers\FileHandler' driver.
INFO - 2024-02-12 05:10:30 --> Session: Class initialized using 'CodeIgniter\Session\Handlers\FileHandler' driver.
INFO - 2024-02-12 05:10:30 --> Session: Class initialized using 'CodeIgniter\Session\Handlers\FileHandler' driver.
INFO - 2024-02-12 05:11:30 --> Session: Class initialized using 'CodeIgniter\Session\Handlers\FileHandler' driver.
INFO - 2024-02-12 05:11:30 --> Session: Class initialized using 'CodeIgniter\Session\Handlers\FileHandler' driver.
INFO - 2024-02-12 05:11:33 --> Session: Class initialized using 'CodeIgniter\Session\Handlers\FileHandler' driver.
INFO - 2024-02-12 05:11:34 --> Session: Class initialized using 'CodeIgniter\Session\Handlers\FileHandler' driver.
INFO - 2024-02-12 05:11:50 --> Session: Class initialized using 'CodeIgniter\Session\Handlers\FileHandler' driver.
INFO - 2024-02-12 05:11:50 --> Session: Class initialized using 'CodeIgniter\Session\Handlers\FileHandler' driver.
INFO - 2024-02-12 05:11:52 --> Session: Class initialized using 'CodeIgniter\Session\Handlers\FileHandler' driver.
INFO - 2024-02-12 05:11:52 --> Session: Class initialized using 'CodeIgniter\Session\Handlers\FileHandler' driver.
INFO - 2024-02-12 05:12:29 --> Session: Class initialized using 'CodeIgniter\Session\Handlers\FileHandler' driver.
INFO - 2024-02-12 05:12:29 --> Session: Class initialized using 'CodeIgniter\Session\Handlers\FileHandler' driver.
INFO - 2024-02-12 05:12:29 --> Session: Class initialized using 'CodeIgniter\Session\Handlers\FileHandler' driver.
INFO - 2024-02-12 05:13:30 --> Session: Class initialized using 'CodeIgniter\Session\Handlers\FileHandler' driver.
INFO - 2024-02-12 05:13:31 --> Session: Class initialized using 'CodeIgniter\Session\Handlers\FileHandler' driver.
INFO - 2024-02-12 05:13:32 --> Session: Class initialized using 'CodeIgniter\Session\Handlers\FileHandler' driver.
INFO - 2024-02-12 05:13:32 --> Session: Class initialized using 'CodeIgniter\Session\Handlers\FileHandler' driver.
INFO - 2024-02-12 05:13:35 --> Session: Class initialized using 'CodeIgniter\Session\Handlers\FileHandler' driver.
INFO - 2024-02-12 05:13:35 --> Session: Class initialized using 'CodeIgniter\Session\Handlers\FileHandler' driver.
INFO - 2024-02-12 05:13:44 --> Session: Class initialized using 'CodeIgniter\Session\Handlers\FileHandler' driver.
INFO - 2024-02-12 05:13:45 --> Session: Class initialized using 'CodeIgniter\Session\Handlers\FileHandler' driver.
INFO - 2024-02-12 05:13:56 --> Session: Class initialized using 'CodeIgniter\Session\Handlers\FileHandler' driver.
INFO - 2024-02-12 05:13:56 --> Session: Class initialized using 'CodeIgniter\Session\Handlers\FileHandler' driver.
INFO - 2024-02-12 05:13:56 --> Session: Class initialized using 'CodeIgniter\Session\Handlers\FileHandler' driver.
INFO - 2024-02-12 05:13:59 --> Session: Class initialized using 'CodeIgniter\Session\Handlers\FileHandler' driver.
INFO - 2024-02-12 05:13:59 --> Session: Class initialized using 'CodeIgniter\Session\Handlers\FileHandler' driver.
INFO - 2024-02-12 05:14:00 --> Session: Class initialized using 'CodeIgniter\Session\Handlers\FileHandler' driver.
INFO - 2024-02-12 05:14:00 --> Session: Class initialized using 'CodeIgniter\Session\Handlers\FileHandler' driver.
INFO - 2024-02-12 05:14:14 --> Session: Class initialized using 'CodeIgniter\Session\Handlers\FileHandler' driver.
INFO - 2024-02-12 05:14:14 --> Session: Class initialized using 'CodeIgniter\Session\Handlers\FileHandler' driver.
INFO - 2024-02-12 05:14:14 --> Session: Class initialized using 'CodeIgniter\Session\Handlers\FileHandler' driver.
INFO - 2024-02-12 05:14:17 --> Session: Class initialized using 'CodeIgniter\Session\Handlers\FileHandler' driver.
INFO - 2024-02-12 05:14:18 --> Session: Class initialized using 'CodeIgniter\Session\Handlers\FileHandler' driver.
INFO - 2024-02-12 05:14:19 --> Session: Class initialized using 'CodeIgniter\Session\Handlers\FileHandler' driver.
INFO - 2024-02-12 05:14:20 --> Session: Class initialized using 'CodeIgniter\Session\Handlers\FileHandler' driver.
INFO - 2024-02-12 05:14:29 --> Session: Class initialized using 'CodeIgniter\Session\Handlers\FileHandler' driver.
INFO - 2024-02-12 05:14:30 --> Session: Class initialized using 'CodeIgniter\Session\Handlers\FileHandler' driver.
INFO - 2024-02-12 05:14:47 --> Session: Class initialized using 'CodeIgniter\Session\Handlers\FileHandler' driver.
INFO - 2024-02-12 05:14:48 --> Session: Class initialized using 'CodeIgniter\Session\Handlers\FileHandler' driver.
INFO - 2024-02-12 05:14:49 --> Session: Class initialized using 'CodeIgniter\Session\Handlers\FileHandler' driver.
INFO - 2024-02-12 05:14:49 --> Session: Class initialized using 'CodeIgniter\Session\Handlers\FileHandler' driver.
INFO - 2024-02-12 05:14:53 --> Session: Class initialized using 'CodeIgniter\Session\Handlers\FileHandler' driver.
INFO - 2024-02-12 05:14:53 --> Session: Class initialized using 'CodeIgniter\Session\Handlers\FileHandler' driver.
INFO - 2024-02-12 05:20:20 --> Session: Class initialized using 'CodeIgniter\Session\Handlers\FileHandler' driver.
INFO - 2024-02-12 05:20:20 --> Session: Class initialized using 'CodeIgniter\Session\Handlers\FileHandler' driver.
INFO - 2024-02-12 05:20:27 --> Session: Class initialized using 'CodeIgniter\Session\Handlers\FileHandler' driver.
INFO - 2024-02-12 05:21:16 --> Session: Class initialized using 'CodeIgniter\Session\Handlers\FileHandler' driver.
INFO - 2024-02-12 05:21:16 --> Session: Class initialized using 'CodeIgniter\Session\Handlers\FileHandler' driver.
INFO - 2024-02-12 05:21:18 --> Session: Class initialized using 'CodeIgniter\Session\Handlers\FileHandler' driver.
INFO - 2024-02-12 07:03:58 --> Session: Class initialized using 'CodeIgniter\Session\Handlers\FileHandler' driver.
INFO - 2024-02-12 07:03:58 --> Session: Class initialized using 'CodeIgniter\Session\Handlers\FileHandler' driver.
INFO - 2024-02-12 07:04:03 --> Session: Class initialized using 'CodeIgniter\Session\Handlers\FileHandler' driver.
INFO - 2024-02-12 07:04:03 --> Session: Class initialized using 'CodeIgniter\Session\Handlers\FileHandler' driver.
INFO - 2024-02-12 07:05:44 --> Session: Class initialized using 'CodeIgniter\Session\Handlers\FileHandler' driver.
INFO - 2024-02-12 07:05:45 --> Session: Class initialized using 'CodeIgniter\Session\Handlers\FileHandler' driver.
INFO - 2024-02-12 07:05:55 --> Session: Class initialized using 'CodeIgniter\Session\Handlers\FileHandler' driver.
INFO - 2024-02-12 07:05:56 --> Session: Class initialized using 'CodeIgniter\Session\Handlers\FileHandler' driver.
INFO - 2024-02-12 07:05:57 --> Session: Class initialized using 'CodeIgniter\Session\Handlers\FileHandler' driver.
INFO - 2024-02-12 07:05:57 --> Session: Class initialized using 'CodeIgniter\Session\Handlers\FileHandler' driver.
INFO - 2024-02-12 07:06:04 --> Session: Class initialized using 'CodeIgniter\Session\Handlers\FileHandler' driver.
CRITICAL - 2024-02-12 07:06:04 --> sizeof(): Argument #1 ($value) must be of type Countable|array, null given
in APPPATH/Controllers/AdminJurusanPP.php on line 112.
 1 APPPATH/Controllers/AdminJurusanPP.php(112): sizeof(null)
 2 SYSTEMPATH/CodeIgniter.php(942): App\Controllers\AdminJurusanPP->simpanPerubahan()
 3 SYSTEMPATH/CodeIgniter.php(502): CodeIgniter\CodeIgniter->runController(Object(App\Controllers\AdminJurusanPP))
 4 SYSTEMPATH/CodeIgniter.php(361): CodeIgniter\CodeIgniter->handleRequest(null, Object(Config\Cache), false)
 5 FCPATH/index.php(79): CodeIgniter\CodeIgniter->run()
 6 SYSTEMPATH/Commands/Server/rewrite.php(47): require_once('/Applications/XAMPP/xamppfiles/htdocs/pembelajaran/public/index.php')
INFO - 2024-02-12 07:06:26 --> Session: Class initialized using 'CodeIgniter\Session\Handlers\FileHandler' driver.
INFO - 2024-02-12 07:06:26 --> Session: Class initialized using 'CodeIgniter\Session\Handlers\FileHandler' driver.
INFO - 2024-02-12 07:06:29 --> Session: Class initialized using 'CodeIgniter\Session\Handlers\FileHandler' driver.
INFO - 2024-02-12 07:06:29 --> Session: Class initialized using 'CodeIgniter\Session\Handlers\FileHandler' driver.
INFO - 2024-02-12 07:06:29 --> Session: Class initialized using 'CodeIgniter\Session\Handlers\FileHandler' driver.
INFO - 2024-02-12 07:06:57 --> Session: Class initialized using 'CodeIgniter\Session\Handlers\FileHandler' driver.
INFO - 2024-02-12 07:06:58 --> Session: Class initialized using 'CodeIgniter\Session\Handlers\FileHandler' driver.
INFO - 2024-02-12 07:07:00 --> Session: Class initialized using 'CodeIgniter\Session\Handlers\FileHandler' driver.
INFO - 2024-02-12 07:07:00 --> Session: Class initialized using 'CodeIgniter\Session\Handlers\FileHandler' driver.
INFO - 2024-02-12 07:07:02 --> Session: Class initialized using 'CodeIgniter\Session\Handlers\FileHandler' driver.
INFO - 2024-02-12 07:07:03 --> Session: Class initialized using 'CodeIgniter\Session\Handlers\FileHandler' driver.
INFO - 2024-02-12 07:07:08 --> Session: Class initialized using 'CodeIgniter\Session\Handlers\FileHandler' driver.
INFO - 2024-02-12 07:07:08 --> Session: Class initialized using 'CodeIgniter\Session\Handlers\FileHandler' driver.
INFO - 2024-02-12 07:07:09 --> Session: Class initialized using 'CodeIgniter\Session\Handlers\FileHandler' driver.
INFO - 2024-02-12 07:07:13 --> Session: Class initialized using 'CodeIgniter\Session\Handlers\FileHandler' driver.
INFO - 2024-02-12 07:07:13 --> Session: Class initialized using 'CodeIgniter\Session\Handlers\FileHandler' driver.
INFO - 2024-02-12 07:07:26 --> Session: Class initialized using 'CodeIgniter\Session\Handlers\FileHandler' driver.
INFO - 2024-02-12 07:07:27 --> Session: Class initialized using 'CodeIgniter\Session\Handlers\FileHandler' driver.
INFO - 2024-02-12 07:07:35 --> Session: Class initialized using 'CodeIgniter\Session\Handlers\FileHandler' driver.
ERROR - 2024-02-12 07:07:35 --> mysqli_sql_exception: Unknown column 'p_pengganti_master.id' in 'where clause' in /Applications/XAMPP/xamppfiles/htdocs/pembelajaran/system/Database/MySQLi/Connection.php:306
Stack trace:
#0 /Applications/XAMPP/xamppfiles/htdocs/pembelajaran/system/Database/MySQLi/Connection.php(306): mysqli->query('DELETE FROM `p_...', 0)
#1 /Applications/XAMPP/xamppfiles/htdocs/pembelajaran/system/Database/BaseConnection.php(693): CodeIgniter\Database\MySQLi\Connection->execute('DELETE FROM `p_...')
#2 /Applications/XAMPP/xamppfiles/htdocs/pembelajaran/system/Database/BaseConnection.php(607): CodeIgniter\Database\BaseConnection->simpleQuery('DELETE FROM `p_...')
#3 /Applications/XAMPP/xamppfiles/htdocs/pembelajaran/system/Database/BaseBuilder.php(2790): CodeIgniter\Database\BaseConnection->query('DELETE FROM `p_...', Array, false)
#4 /Applications/XAMPP/xamppfiles/htdocs/pembelajaran/app/Controllers/AdminJurusanPP.php(117): CodeIgniter\Database\BaseBuilder->delete()
#5 /Applications/XAMPP/xamppfiles/htdocs/pembelajaran/system/CodeIgniter.php(942): App\Controllers\AdminJurusanPP->simpanPerubahan()
#6 /Applications/XAMPP/xamppfiles/htdocs/pembelajaran/system/CodeIgniter.php(502): CodeIgniter\CodeIgniter->runController(Object(App\Controllers\AdminJurusanPP))
#7 /Applications/XAMPP/xamppfiles/htdocs/pembelajaran/system/CodeIgniter.php(361): CodeIgniter\CodeIgniter->handleRequest(NULL, Object(Config\Cache), false)
#8 /Applications/XAMPP/xamppfiles/htdocs/pembelajaran/public/index.php(79): CodeIgniter\CodeIgniter->run()
#9 /Applications/XAMPP/xamppfiles/htdocs/pembelajaran/system/Commands/Server/rewrite.php(47): require_once('/Applications/X...')
#10 {main}
CRITICAL - 2024-02-12 07:07:35 --> Unknown column 'p_pengganti_master.id' in 'where clause'
in SYSTEMPATH/Database/BaseConnection.php on line 647.
 1 SYSTEMPATH/Database/BaseBuilder.php(2790): CodeIgniter\Database\BaseConnection->query('DELETE FROM `p_pengganti_detail_revisi`
WHERE `p_pengganti_master`.`id` = :p_pengganti_master.id:', [...], false)
 2 APPPATH/Controllers/AdminJurusanPP.php(117): CodeIgniter\Database\BaseBuilder->delete()
 3 SYSTEMPATH/CodeIgniter.php(942): App\Controllers\AdminJurusanPP->simpanPerubahan()
 4 SYSTEMPATH/CodeIgniter.php(502): CodeIgniter\CodeIgniter->runController(Object(App\Controllers\AdminJurusanPP))
 5 SYSTEMPATH/CodeIgniter.php(361): CodeIgniter\CodeIgniter->handleRequest(null, Object(Config\Cache), false)
 6 FCPATH/index.php(79): CodeIgniter\CodeIgniter->run()
 7 SYSTEMPATH/Commands/Server/rewrite.php(47): require_once('/Applications/XAMPP/xamppfiles/htdocs/pembelajaran/public/index.php')
INFO - 2024-02-12 07:07:40 --> Session: Class initialized using 'CodeIgniter\Session\Handlers\FileHandler' driver.
INFO - 2024-02-12 07:07:40 --> Session: Class initialized using 'CodeIgniter\Session\Handlers\FileHandler' driver.
INFO - 2024-02-12 07:07:43 --> Session: Class initialized using 'CodeIgniter\Session\Handlers\FileHandler' driver.
ERROR - 2024-02-12 07:07:43 --> mysqli_sql_exception: Unknown column 'p_pengganti_master.id' in 'where clause' in /Applications/XAMPP/xamppfiles/htdocs/pembelajaran/system/Database/MySQLi/Connection.php:306
Stack trace:
#0 /Applications/XAMPP/xamppfiles/htdocs/pembelajaran/system/Database/MySQLi/Connection.php(306): mysqli->query('DELETE FROM `p_...', 0)
#1 /Applications/XAMPP/xamppfiles/htdocs/pembelajaran/system/Database/BaseConnection.php(693): CodeIgniter\Database\MySQLi\Connection->execute('DELETE FROM `p_...')
#2 /Applications/XAMPP/xamppfiles/htdocs/pembelajaran/system/Database/BaseConnection.php(607): CodeIgniter\Database\BaseConnection->simpleQuery('DELETE FROM `p_...')
#3 /Applications/XAMPP/xamppfiles/htdocs/pembelajaran/system/Database/BaseBuilder.php(2790): CodeIgniter\Database\BaseConnection->query('DELETE FROM `p_...', Array, false)
#4 /Applications/XAMPP/xamppfiles/htdocs/pembelajaran/app/Controllers/AdminJurusanPP.php(117): CodeIgniter\Database\BaseBuilder->delete()
#5 /Applications/XAMPP/xamppfiles/htdocs/pembelajaran/system/CodeIgniter.php(942): App\Controllers\AdminJurusanPP->simpanPerubahan()
#6 /Applications/XAMPP/xamppfiles/htdocs/pembelajaran/system/CodeIgniter.php(502): CodeIgniter\CodeIgniter->runController(Object(App\Controllers\AdminJurusanPP))
#7 /Applications/XAMPP/xamppfiles/htdocs/pembelajaran/system/CodeIgniter.php(361): CodeIgniter\CodeIgniter->handleRequest(NULL, Object(Config\Cache), false)
#8 /Applications/XAMPP/xamppfiles/htdocs/pembelajaran/public/index.php(79): CodeIgniter\CodeIgniter->run()
#9 /Applications/XAMPP/xamppfiles/htdocs/pembelajaran/system/Commands/Server/rewrite.php(47): require_once('/Applications/X...')
#10 {main}
CRITICAL - 2024-02-12 07:07:43 --> Unknown column 'p_pengganti_master.id' in 'where clause'
in SYSTEMPATH/Database/BaseConnection.php on line 647.
 1 SYSTEMPATH/Database/BaseBuilder.php(2790): CodeIgniter\Database\BaseConnection->query('DELETE FROM `p_pengganti_detail_revisi`
WHERE `p_pengganti_master`.`id` = :p_pengganti_master.id:', [...], false)
 2 APPPATH/Controllers/AdminJurusanPP.php(117): CodeIgniter\Database\BaseBuilder->delete()
 3 SYSTEMPATH/CodeIgniter.php(942): App\Controllers\AdminJurusanPP->simpanPerubahan()
 4 SYSTEMPATH/CodeIgniter.php(502): CodeIgniter\CodeIgniter->runController(Object(App\Controllers\AdminJurusanPP))
 5 SYSTEMPATH/CodeIgniter.php(361): CodeIgniter\CodeIgniter->handleRequest(null, Object(Config\Cache), false)
 6 FCPATH/index.php(79): CodeIgniter\CodeIgniter->run()
 7 SYSTEMPATH/Commands/Server/rewrite.php(47): require_once('/Applications/XAMPP/xamppfiles/htdocs/pembelajaran/public/index.php')
INFO - 2024-02-12 07:09:18 --> Session: Class initialized using 'CodeIgniter\Session\Handlers\FileHandler' driver.
INFO - 2024-02-12 07:09:18 --> Session: Class initialized using 'CodeIgniter\Session\Handlers\FileHandler' driver.
INFO - 2024-02-12 07:09:19 --> Session: Class initialized using 'CodeIgniter\Session\Handlers\FileHandler' driver.
INFO - 2024-02-12 07:09:20 --> Session: Class initialized using 'CodeIgniter\Session\Handlers\FileHandler' driver.
INFO - 2024-02-12 07:09:25 --> Session: Class initialized using 'CodeIgniter\Session\Handlers\FileHandler' driver.
ERROR - 2024-02-12 07:09:25 --> mysqli_sql_exception: Unknown column 'pp_master_id' in 'where clause' in /Applications/XAMPP/xamppfiles/htdocs/pembelajaran/system/Database/MySQLi/Connection.php:306
Stack trace:
#0 /Applications/XAMPP/xamppfiles/htdocs/pembelajaran/system/Database/MySQLi/Connection.php(306): mysqli->query('DELETE FROM `p_...', 0)
#1 /Applications/XAMPP/xamppfiles/htdocs/pembelajaran/system/Database/BaseConnection.php(693): CodeIgniter\Database\MySQLi\Connection->execute('DELETE FROM `p_...')
#2 /Applications/XAMPP/xamppfiles/htdocs/pembelajaran/system/Database/BaseConnection.php(607): CodeIgniter\Database\BaseConnection->simpleQuery('DELETE FROM `p_...')
#3 /Applications/XAMPP/xamppfiles/htdocs/pembelajaran/system/Database/BaseBuilder.php(2790): CodeIgniter\Database\BaseConnection->query('DELETE FROM `p_...', Array, false)
#4 /Applications/XAMPP/xamppfiles/htdocs/pembelajaran/app/Controllers/AdminJurusanPP.php(117): CodeIgniter\Database\BaseBuilder->delete()
#5 /Applications/XAMPP/xamppfiles/htdocs/pembelajaran/system/CodeIgniter.php(942): App\Controllers\AdminJurusanPP->simpanPerubahan()
#6 /Applications/XAMPP/xamppfiles/htdocs/pembelajaran/system/CodeIgniter.php(502): CodeIgniter\CodeIgniter->runController(Object(App\Controllers\AdminJurusanPP))
#7 /Applications/XAMPP/xamppfiles/htdocs/pembelajaran/system/CodeIgniter.php(361): CodeIgniter\CodeIgniter->handleRequest(NULL, Object(Config\Cache), false)
#8 /Applications/XAMPP/xamppfiles/htdocs/pembelajaran/public/index.php(79): CodeIgniter\CodeIgniter->run()
#9 /Applications/XAMPP/xamppfiles/htdocs/pembelajaran/system/Commands/Server/rewrite.php(47): require_once('/Applications/X...')
#10 {main}
CRITICAL - 2024-02-12 07:09:25 --> Unknown column 'pp_master_id' in 'where clause'
in SYSTEMPATH/Database/BaseConnection.php on line 647.
 1 SYSTEMPATH/Database/BaseBuilder.php(2790): CodeIgniter\Database\BaseConnection->query('DELETE FROM `p_pengganti_detail_revisi`
WHERE `pp_master_id` = :pp_master_id:', [...], false)
 2 APPPATH/Controllers/AdminJurusanPP.php(117): CodeIgniter\Database\BaseBuilder->delete()
 3 SYSTEMPATH/CodeIgniter.php(942): App\Controllers\AdminJurusanPP->simpanPerubahan()
 4 SYSTEMPATH/CodeIgniter.php(502): CodeIgniter\CodeIgniter->runController(Object(App\Controllers\AdminJurusanPP))
 5 SYSTEMPATH/CodeIgniter.php(361): CodeIgniter\CodeIgniter->handleRequest(null, Object(Config\Cache), false)
 6 FCPATH/index.php(79): CodeIgniter\CodeIgniter->run()
 7 SYSTEMPATH/Commands/Server/rewrite.php(47): require_once('/Applications/XAMPP/xamppfiles/htdocs/pembelajaran/public/index.php')
INFO - 2024-02-12 07:09:56 --> Session: Class initialized using 'CodeIgniter\Session\Handlers\FileHandler' driver.
INFO - 2024-02-12 07:09:56 --> Session: Class initialized using 'CodeIgniter\Session\Handlers\FileHandler' driver.
INFO - 2024-02-12 07:09:59 --> Session: Class initialized using 'CodeIgniter\Session\Handlers\FileHandler' driver.
ERROR - 2024-02-12 07:09:59 --> mysqli_sql_exception: Unknown column 'pp_master_id' in 'where clause' in /Applications/XAMPP/xamppfiles/htdocs/pembelajaran/system/Database/MySQLi/Connection.php:306
Stack trace:
#0 /Applications/XAMPP/xamppfiles/htdocs/pembelajaran/system/Database/MySQLi/Connection.php(306): mysqli->query('DELETE FROM `p_...', 0)
#1 /Applications/XAMPP/xamppfiles/htdocs/pembelajaran/system/Database/BaseConnection.php(693): CodeIgniter\Database\MySQLi\Connection->execute('DELETE FROM `p_...')
#2 /Applications/XAMPP/xamppfiles/htdocs/pembelajaran/system/Database/BaseConnection.php(607): CodeIgniter\Database\BaseConnection->simpleQuery('DELETE FROM `p_...')
#3 /Applications/XAMPP/xamppfiles/htdocs/pembelajaran/system/Database/BaseBuilder.php(2790): CodeIgniter\Database\BaseConnection->query('DELETE FROM `p_...', Array, false)
#4 /Applications/XAMPP/xamppfiles/htdocs/pembelajaran/app/Controllers/AdminJurusanPP.php(117): CodeIgniter\Database\BaseBuilder->delete()
#5 /Applications/XAMPP/xamppfiles/htdocs/pembelajaran/system/CodeIgniter.php(942): App\Controllers\AdminJurusanPP->simpanPerubahan()
#6 /Applications/XAMPP/xamppfiles/htdocs/pembelajaran/system/CodeIgniter.php(502): CodeIgniter\CodeIgniter->runController(Object(App\Controllers\AdminJurusanPP))
#7 /Applications/XAMPP/xamppfiles/htdocs/pembelajaran/system/CodeIgniter.php(361): CodeIgniter\CodeIgniter->handleRequest(NULL, Object(Config\Cache), false)
#8 /Applications/XAMPP/xamppfiles/htdocs/pembelajaran/public/index.php(79): CodeIgniter\CodeIgniter->run()
#9 /Applications/XAMPP/xamppfiles/htdocs/pembelajaran/system/Commands/Server/rewrite.php(47): require_once('/Applications/X...')
#10 {main}
CRITICAL - 2024-02-12 07:09:59 --> Unknown column 'pp_master_id' in 'where clause'
in SYSTEMPATH/Database/BaseConnection.php on line 647.
 1 SYSTEMPATH/Database/BaseBuilder.php(2790): CodeIgniter\Database\BaseConnection->query('DELETE FROM `p_pengganti_detail_revisi`
WHERE `pp_master_id` = :pp_master_id:', [...], false)
 2 APPPATH/Controllers/AdminJurusanPP.php(117): CodeIgniter\Database\BaseBuilder->delete()
 3 SYSTEMPATH/CodeIgniter.php(942): App\Controllers\AdminJurusanPP->simpanPerubahan()
 4 SYSTEMPATH/CodeIgniter.php(502): CodeIgniter\CodeIgniter->runController(Object(App\Controllers\AdminJurusanPP))
 5 SYSTEMPATH/CodeIgniter.php(361): CodeIgniter\CodeIgniter->handleRequest(null, Object(Config\Cache), false)
 6 FCPATH/index.php(79): CodeIgniter\CodeIgniter->run()
 7 SYSTEMPATH/Commands/Server/rewrite.php(47): require_once('/Applications/XAMPP/xamppfiles/htdocs/pembelajaran/public/index.php')
INFO - 2024-02-12 07:11:41 --> Session: Class initialized using 'CodeIgniter\Session\Handlers\FileHandler' driver.
INFO - 2024-02-12 07:11:41 --> Session: Class initialized using 'CodeIgniter\Session\Handlers\FileHandler' driver.
INFO - 2024-02-12 07:11:42 --> Session: Class initialized using 'CodeIgniter\Session\Handlers\FileHandler' driver.
INFO - 2024-02-12 07:11:42 --> Session: Class initialized using 'CodeIgniter\Session\Handlers\FileHandler' driver.
INFO - 2024-02-12 07:11:49 --> Session: Class initialized using 'CodeIgniter\Session\Handlers\FileHandler' driver.
ERROR - 2024-02-12 07:11:49 --> mysqli_sql_exception: Unknown column 'p_pengganti_detail_revisi.pp_master_id' in 'where clause' in /Applications/XAMPP/xamppfiles/htdocs/pembelajaran/system/Database/MySQLi/Connection.php:306
Stack trace:
#0 /Applications/XAMPP/xamppfiles/htdocs/pembelajaran/system/Database/MySQLi/Connection.php(306): mysqli->query('DELETE FROM `p_...', 0)
#1 /Applications/XAMPP/xamppfiles/htdocs/pembelajaran/system/Database/BaseConnection.php(693): CodeIgniter\Database\MySQLi\Connection->execute('DELETE FROM `p_...')
#2 /Applications/XAMPP/xamppfiles/htdocs/pembelajaran/system/Database/BaseConnection.php(607): CodeIgniter\Database\BaseConnection->simpleQuery('DELETE FROM `p_...')
#3 /Applications/XAMPP/xamppfiles/htdocs/pembelajaran/system/Database/BaseBuilder.php(2790): CodeIgniter\Database\BaseConnection->query('DELETE FROM `p_...', Array, false)
#4 /Applications/XAMPP/xamppfiles/htdocs/pembelajaran/app/Controllers/AdminJurusanPP.php(117): CodeIgniter\Database\BaseBuilder->delete()
#5 /Applications/XAMPP/xamppfiles/htdocs/pembelajaran/system/CodeIgniter.php(942): App\Controllers\AdminJurusanPP->simpanPerubahan()
#6 /Applications/XAMPP/xamppfiles/htdocs/pembelajaran/system/CodeIgniter.php(502): CodeIgniter\CodeIgniter->runController(Object(App\Controllers\AdminJurusanPP))
#7 /Applications/XAMPP/xamppfiles/htdocs/pembelajaran/system/CodeIgniter.php(361): CodeIgniter\CodeIgniter->handleRequest(NULL, Object(Config\Cache), false)
#8 /Applications/XAMPP/xamppfiles/htdocs/pembelajaran/public/index.php(79): CodeIgniter\CodeIgniter->run()
#9 /Applications/XAMPP/xamppfiles/htdocs/pembelajaran/system/Commands/Server/rewrite.php(47): require_once('/Applications/X...')
#10 {main}
CRITICAL - 2024-02-12 07:11:49 --> Unknown column 'p_pengganti_detail_revisi.pp_master_id' in 'where clause'
in SYSTEMPATH/Database/BaseConnection.php on line 647.
 1 SYSTEMPATH/Database/BaseBuilder.php(2790): CodeIgniter\Database\BaseConnection->query('DELETE FROM `p_pengganti_detail_revisi`
WHERE `p_pengganti_detail_revisi`.`pp_master_id` = :p_pengganti_detail_revisi.pp_master_id:', [...], false)
 2 APPPATH/Controllers/AdminJurusanPP.php(117): CodeIgniter\Database\BaseBuilder->delete()
 3 SYSTEMPATH/CodeIgniter.php(942): App\Controllers\AdminJurusanPP->simpanPerubahan()
 4 SYSTEMPATH/CodeIgniter.php(502): CodeIgniter\CodeIgniter->runController(Object(App\Controllers\AdminJurusanPP))
 5 SYSTEMPATH/CodeIgniter.php(361): CodeIgniter\CodeIgniter->handleRequest(null, Object(Config\Cache), false)
 6 FCPATH/index.php(79): CodeIgniter\CodeIgniter->run()
 7 SYSTEMPATH/Commands/Server/rewrite.php(47): require_once('/Applications/XAMPP/xamppfiles/htdocs/pembelajaran/public/index.php')
INFO - 2024-02-12 07:12:04 --> Session: Class initialized using 'CodeIgniter\Session\Handlers\FileHandler' driver.
INFO - 2024-02-12 07:12:05 --> Session: Class initialized using 'CodeIgniter\Session\Handlers\FileHandler' driver.
INFO - 2024-02-12 07:12:06 --> Session: Class initialized using 'CodeIgniter\Session\Handlers\FileHandler' driver.
ERROR - 2024-02-12 07:12:06 --> mysqli_sql_exception: Unknown column 'p_pengganti_detail.pp_master_id' in 'where clause' in /Applications/XAMPP/xamppfiles/htdocs/pembelajaran/system/Database/MySQLi/Connection.php:306
Stack trace:
#0 /Applications/XAMPP/xamppfiles/htdocs/pembelajaran/system/Database/MySQLi/Connection.php(306): mysqli->query('DELETE FROM `p_...', 0)
#1 /Applications/XAMPP/xamppfiles/htdocs/pembelajaran/system/Database/BaseConnection.php(693): CodeIgniter\Database\MySQLi\Connection->execute('DELETE FROM `p_...')
#2 /Applications/XAMPP/xamppfiles/htdocs/pembelajaran/system/Database/BaseConnection.php(607): CodeIgniter\Database\BaseConnection->simpleQuery('DELETE FROM `p_...')
#3 /Applications/XAMPP/xamppfiles/htdocs/pembelajaran/system/Database/BaseBuilder.php(2790): CodeIgniter\Database\BaseConnection->query('DELETE FROM `p_...', Array, false)
#4 /Applications/XAMPP/xamppfiles/htdocs/pembelajaran/app/Controllers/AdminJurusanPP.php(117): CodeIgniter\Database\BaseBuilder->delete()
#5 /Applications/XAMPP/xamppfiles/htdocs/pembelajaran/system/CodeIgniter.php(942): App\Controllers\AdminJurusanPP->simpanPerubahan()
#6 /Applications/XAMPP/xamppfiles/htdocs/pembelajaran/system/CodeIgniter.php(502): CodeIgniter\CodeIgniter->runController(Object(App\Controllers\AdminJurusanPP))
#7 /Applications/XAMPP/xamppfiles/htdocs/pembelajaran/system/CodeIgniter.php(361): CodeIgniter\CodeIgniter->handleRequest(NULL, Object(Config\Cache), false)
#8 /Applications/XAMPP/xamppfiles/htdocs/pembelajaran/public/index.php(79): CodeIgniter\CodeIgniter->run()
#9 /Applications/XAMPP/xamppfiles/htdocs/pembelajaran/system/Commands/Server/rewrite.php(47): require_once('/Applications/X...')
#10 {main}
CRITICAL - 2024-02-12 07:12:06 --> Unknown column 'p_pengganti_detail.pp_master_id' in 'where clause'
in SYSTEMPATH/Database/BaseConnection.php on line 647.
 1 SYSTEMPATH/Database/BaseBuilder.php(2790): CodeIgniter\Database\BaseConnection->query('DELETE FROM `p_pengganti_detail_revisi`
WHERE `p_pengganti_detail`.`pp_master_id` = :p_pengganti_detail.pp_master_id:', [...], false)
 2 APPPATH/Controllers/AdminJurusanPP.php(117): CodeIgniter\Database\BaseBuilder->delete()
 3 SYSTEMPATH/CodeIgniter.php(942): App\Controllers\AdminJurusanPP->simpanPerubahan()
 4 SYSTEMPATH/CodeIgniter.php(502): CodeIgniter\CodeIgniter->runController(Object(App\Controllers\AdminJurusanPP))
 5 SYSTEMPATH/CodeIgniter.php(361): CodeIgniter\CodeIgniter->handleRequest(null, Object(Config\Cache), false)
 6 FCPATH/index.php(79): CodeIgniter\CodeIgniter->run()
 7 SYSTEMPATH/Commands/Server/rewrite.php(47): require_once('/Applications/XAMPP/xamppfiles/htdocs/pembelajaran/public/index.php')
INFO - 2024-02-12 07:13:18 --> Session: Class initialized using 'CodeIgniter\Session\Handlers\FileHandler' driver.
INFO - 2024-02-12 07:13:18 --> Session: Class initialized using 'CodeIgniter\Session\Handlers\FileHandler' driver.
INFO - 2024-02-12 07:13:20 --> Session: Class initialized using 'CodeIgniter\Session\Handlers\FileHandler' driver.
INFO - 2024-02-12 07:14:09 --> Session: Class initialized using 'CodeIgniter\Session\Handlers\FileHandler' driver.
INFO - 2024-02-12 07:14:09 --> Session: Class initialized using 'CodeIgniter\Session\Handlers\FileHandler' driver.
INFO - 2024-02-12 07:14:11 --> Session: Class initialized using 'CodeIgniter\Session\Handlers\FileHandler' driver.
INFO - 2024-02-12 07:14:51 --> Session: Class initialized using 'CodeIgniter\Session\Handlers\FileHandler' driver.
INFO - 2024-02-12 07:14:51 --> Session: Class initialized using 'CodeIgniter\Session\Handlers\FileHandler' driver.
INFO - 2024-02-12 07:14:53 --> Session: Class initialized using 'CodeIgniter\Session\Handlers\FileHandler' driver.
INFO - 2024-02-12 07:15:01 --> Session: Class initialized using 'CodeIgniter\Session\Handlers\FileHandler' driver.
INFO - 2024-02-12 07:15:02 --> Session: Class initialized using 'CodeIgniter\Session\Handlers\FileHandler' driver.
INFO - 2024-02-12 07:15:03 --> Session: Class initialized using 'CodeIgniter\Session\Handlers\FileHandler' driver.
ERROR - 2024-02-12 07:15:03 --> mysqli_sql_exception: Unknown column 'p_pengganti_detail.pp_master_id' in 'where clause' in /Applications/XAMPP/xamppfiles/htdocs/pembelajaran/system/Database/MySQLi/Connection.php:306
Stack trace:
#0 /Applications/XAMPP/xamppfiles/htdocs/pembelajaran/system/Database/MySQLi/Connection.php(306): mysqli->query('DELETE FROM `p_...', 0)
#1 /Applications/XAMPP/xamppfiles/htdocs/pembelajaran/system/Database/BaseConnection.php(693): CodeIgniter\Database\MySQLi\Connection->execute('DELETE FROM `p_...')
#2 /Applications/XAMPP/xamppfiles/htdocs/pembelajaran/system/Database/BaseConnection.php(607): CodeIgniter\Database\BaseConnection->simpleQuery('DELETE FROM `p_...')
#3 /Applications/XAMPP/xamppfiles/htdocs/pembelajaran/system/Database/BaseBuilder.php(2790): CodeIgniter\Database\BaseConnection->query('DELETE FROM `p_...', Array, false)
#4 /Applications/XAMPP/xamppfiles/htdocs/pembelajaran/app/Controllers/AdminJurusanPP.php(119): CodeIgniter\Database\BaseBuilder->delete()
#5 /Applications/XAMPP/xamppfiles/htdocs/pembelajaran/system/CodeIgniter.php(942): App\Controllers\AdminJurusanPP->simpanPerubahan()
#6 /Applications/XAMPP/xamppfiles/htdocs/pembelajaran/system/CodeIgniter.php(502): CodeIgniter\CodeIgniter->runController(Object(App\Controllers\AdminJurusanPP))
#7 /Applications/XAMPP/xamppfiles/htdocs/pembelajaran/system/CodeIgniter.php(361): CodeIgniter\CodeIgniter->handleRequest(NULL, Object(Config\Cache), false)
#8 /Applications/XAMPP/xamppfiles/htdocs/pembelajaran/public/index.php(79): CodeIgniter\CodeIgniter->run()
#9 /Applications/XAMPP/xamppfiles/htdocs/pembelajaran/system/Commands/Server/rewrite.php(47): require_once('/Applications/X...')
#10 {main}
CRITICAL - 2024-02-12 07:15:03 --> Unknown column 'p_pengganti_detail.pp_master_id' in 'where clause'
in SYSTEMPATH/Database/BaseConnection.php on line 647.
 1 SYSTEMPATH/Database/BaseBuilder.php(2790): CodeIgniter\Database\BaseConnection->query('DELETE FROM `p_pengganti_detail_revisi`
WHERE `p_pengganti_detail`.`pp_master_id` = :p_pengganti_detail.pp_master_id:', [...], false)
 2 APPPATH/Controllers/AdminJurusanPP.php(119): CodeIgniter\Database\BaseBuilder->delete()
 3 SYSTEMPATH/CodeIgniter.php(942): App\Controllers\AdminJurusanPP->simpanPerubahan()
 4 SYSTEMPATH/CodeIgniter.php(502): CodeIgniter\CodeIgniter->runController(Object(App\Controllers\AdminJurusanPP))
 5 SYSTEMPATH/CodeIgniter.php(361): CodeIgniter\CodeIgniter->handleRequest(null, Object(Config\Cache), false)
 6 FCPATH/index.php(79): CodeIgniter\CodeIgniter->run()
 7 SYSTEMPATH/Commands/Server/rewrite.php(47): require_once('/Applications/XAMPP/xamppfiles/htdocs/pembelajaran/public/index.php')
INFO - 2024-02-12 07:15:49 --> Session: Class initialized using 'CodeIgniter\Session\Handlers\FileHandler' driver.
INFO - 2024-02-12 07:15:50 --> Session: Class initialized using 'CodeIgniter\Session\Handlers\FileHandler' driver.
INFO - 2024-02-12 07:15:51 --> Session: Class initialized using 'CodeIgniter\Session\Handlers\FileHandler' driver.
ERROR - 2024-02-12 07:15:51 --> mysqli_sql_exception: Unknown column 'p_pengganti_detail.pp_master_id' in 'where clause' in /Applications/XAMPP/xamppfiles/htdocs/pembelajaran/system/Database/MySQLi/Connection.php:306
Stack trace:
#0 /Applications/XAMPP/xamppfiles/htdocs/pembelajaran/system/Database/MySQLi/Connection.php(306): mysqli->query('DELETE FROM `p_...', 0)
#1 /Applications/XAMPP/xamppfiles/htdocs/pembelajaran/system/Database/BaseConnection.php(693): CodeIgniter\Database\MySQLi\Connection->execute('DELETE FROM `p_...')
#2 /Applications/XAMPP/xamppfiles/htdocs/pembelajaran/system/Database/BaseConnection.php(607): CodeIgniter\Database\BaseConnection->simpleQuery('DELETE FROM `p_...')
#3 /Applications/XAMPP/xamppfiles/htdocs/pembelajaran/system/Database/BaseBuilder.php(2790): CodeIgniter\Database\BaseConnection->query('DELETE FROM `p_...', Array, false)
#4 /Applications/XAMPP/xamppfiles/htdocs/pembelajaran/app/Controllers/AdminJurusanPP.php(119): CodeIgniter\Database\BaseBuilder->delete()
#5 /Applications/XAMPP/xamppfiles/htdocs/pembelajaran/system/CodeIgniter.php(942): App\Controllers\AdminJurusanPP->simpanPerubahan()
#6 /Applications/XAMPP/xamppfiles/htdocs/pembelajaran/system/CodeIgniter.php(502): CodeIgniter\CodeIgniter->runController(Object(App\Controllers\AdminJurusanPP))
#7 /Applications/XAMPP/xamppfiles/htdocs/pembelajaran/system/CodeIgniter.php(361): CodeIgniter\CodeIgniter->handleRequest(NULL, Object(Config\Cache), false)
#8 /Applications/XAMPP/xamppfiles/htdocs/pembelajaran/public/index.php(79): CodeIgniter\CodeIgniter->run()
#9 /Applications/XAMPP/xamppfiles/htdocs/pembelajaran/system/Commands/Server/rewrite.php(47): require_once('/Applications/X...')
#10 {main}
CRITICAL - 2024-02-12 07:15:51 --> Unknown column 'p_pengganti_detail.pp_master_id' in 'where clause'
in SYSTEMPATH/Database/BaseConnection.php on line 647.
 1 SYSTEMPATH/Database/BaseBuilder.php(2790): CodeIgniter\Database\BaseConnection->query('DELETE FROM `p_pengganti_detail_revisi`
WHERE `p_pengganti_detail`.`pp_master_id` = :p_pengganti_detail.pp_master_id:', [...], false)
 2 APPPATH/Controllers/AdminJurusanPP.php(119): CodeIgniter\Database\BaseBuilder->delete()
 3 SYSTEMPATH/CodeIgniter.php(942): App\Controllers\AdminJurusanPP->simpanPerubahan()
 4 SYSTEMPATH/CodeIgniter.php(502): CodeIgniter\CodeIgniter->runController(Object(App\Controllers\AdminJurusanPP))
 5 SYSTEMPATH/CodeIgniter.php(361): CodeIgniter\CodeIgniter->handleRequest(null, Object(Config\Cache), false)
 6 FCPATH/index.php(79): CodeIgniter\CodeIgniter->run()
 7 SYSTEMPATH/Commands/Server/rewrite.php(47): require_once('/Applications/XAMPP/xamppfiles/htdocs/pembelajaran/public/index.php')
INFO - 2024-02-12 07:17:26 --> Session: Class initialized using 'CodeIgniter\Session\Handlers\FileHandler' driver.
INFO - 2024-02-12 07:17:27 --> Session: Class initialized using 'CodeIgniter\Session\Handlers\FileHandler' driver.
INFO - 2024-02-12 07:17:28 --> Session: Class initialized using 'CodeIgniter\Session\Handlers\FileHandler' driver.
INFO - 2024-02-12 07:18:17 --> Session: Class initialized using 'CodeIgniter\Session\Handlers\FileHandler' driver.
INFO - 2024-02-12 07:18:18 --> Session: Class initialized using 'CodeIgniter\Session\Handlers\FileHandler' driver.
INFO - 2024-02-12 07:18:19 --> Session: Class initialized using 'CodeIgniter\Session\Handlers\FileHandler' driver.
CRITICAL - 2024-02-12 07:18:19 --> Cannot access offset of type string on string
in APPPATH/Controllers/AdminJurusanPP.php on line 122.
 1 SYSTEMPATH/CodeIgniter.php(942): App\Controllers\AdminJurusanPP->simpanPerubahan()
 2 SYSTEMPATH/CodeIgniter.php(502): CodeIgniter\CodeIgniter->runController(Object(App\Controllers\AdminJurusanPP))
 3 SYSTEMPATH/CodeIgniter.php(361): CodeIgniter\CodeIgniter->handleRequest(null, Object(Config\Cache), false)
 4 FCPATH/index.php(79): CodeIgniter\CodeIgniter->run()
 5 SYSTEMPATH/Commands/Server/rewrite.php(47): require_once('/Applications/XAMPP/xamppfiles/htdocs/pembelajaran/public/index.php')
INFO - 2024-02-12 07:18:57 --> Session: Class initialized using 'CodeIgniter\Session\Handlers\FileHandler' driver.
INFO - 2024-02-12 07:18:58 --> Session: Class initialized using 'CodeIgniter\Session\Handlers\FileHandler' driver.
INFO - 2024-02-12 07:18:59 --> Session: Class initialized using 'CodeIgniter\Session\Handlers\FileHandler' driver.
ERROR - 2024-02-12 07:18:59 --> mysqli_sql_exception: Unknown column 'p_pengganti_master.id' in 'where clause' in /Applications/XAMPP/xamppfiles/htdocs/pembelajaran/system/Database/MySQLi/Connection.php:306
Stack trace:
#0 /Applications/XAMPP/xamppfiles/htdocs/pembelajaran/system/Database/MySQLi/Connection.php(306): mysqli->query('DELETE FROM `p_...', 0)
#1 /Applications/XAMPP/xamppfiles/htdocs/pembelajaran/system/Database/BaseConnection.php(693): CodeIgniter\Database\MySQLi\Connection->execute('DELETE FROM `p_...')
#2 /Applications/XAMPP/xamppfiles/htdocs/pembelajaran/system/Database/BaseConnection.php(607): CodeIgniter\Database\BaseConnection->simpleQuery('DELETE FROM `p_...')
#3 /Applications/XAMPP/xamppfiles/htdocs/pembelajaran/system/Database/BaseBuilder.php(2790): CodeIgniter\Database\BaseConnection->query('DELETE FROM `p_...', Array, false)
#4 /Applications/XAMPP/xamppfiles/htdocs/pembelajaran/app/Controllers/AdminJurusanPP.php(120): CodeIgniter\Database\BaseBuilder->delete()
#5 /Applications/XAMPP/xamppfiles/htdocs/pembelajaran/system/CodeIgniter.php(942): App\Controllers\AdminJurusanPP->simpanPerubahan()
#6 /Applications/XAMPP/xamppfiles/htdocs/pembelajaran/system/CodeIgniter.php(502): CodeIgniter\CodeIgniter->runController(Object(App\Controllers\AdminJurusanPP))
#7 /Applications/XAMPP/xamppfiles/htdocs/pembelajaran/system/CodeIgniter.php(361): CodeIgniter\CodeIgniter->handleRequest(NULL, Object(Config\Cache), false)
#8 /Applications/XAMPP/xamppfiles/htdocs/pembelajaran/public/index.php(79): CodeIgniter\CodeIgniter->run()
#9 /Applications/XAMPP/xamppfiles/htdocs/pembelajaran/system/Commands/Server/rewrite.php(47): require_once('/Applications/X...')
#10 {main}
CRITICAL - 2024-02-12 07:18:59 --> Unknown column 'p_pengganti_master.id' in 'where clause'
in SYSTEMPATH/Database/BaseConnection.php on line 647.
 1 SYSTEMPATH/Database/BaseBuilder.php(2790): CodeIgniter\Database\BaseConnection->query('DELETE FROM `p_pengganti_detail_revisi`
WHERE `p_pengganti_master`.`id` = :p_pengganti_master.id:', [...], false)
 2 APPPATH/Controllers/AdminJurusanPP.php(120): CodeIgniter\Database\BaseBuilder->delete()
 3 SYSTEMPATH/CodeIgniter.php(942): App\Controllers\AdminJurusanPP->simpanPerubahan()
 4 SYSTEMPATH/CodeIgniter.php(502): CodeIgniter\CodeIgniter->runController(Object(App\Controllers\AdminJurusanPP))
 5 SYSTEMPATH/CodeIgniter.php(361): CodeIgniter\CodeIgniter->handleRequest(null, Object(Config\Cache), false)
 6 FCPATH/index.php(79): CodeIgniter\CodeIgniter->run()
 7 SYSTEMPATH/Commands/Server/rewrite.php(47): require_once('/Applications/XAMPP/xamppfiles/htdocs/pembelajaran/public/index.php')
INFO - 2024-02-12 07:22:21 --> Session: Class initialized using 'CodeIgniter\Session\Handlers\FileHandler' driver.
INFO - 2024-02-12 07:22:22 --> Session: Class initialized using 'CodeIgniter\Session\Handlers\FileHandler' driver.
INFO - 2024-02-12 07:22:23 --> Session: Class initialized using 'CodeIgniter\Session\Handlers\FileHandler' driver.
ERROR - 2024-02-12 07:22:23 --> mysqli_sql_exception: Unknown column 'p_pengganti_master.id' in 'where clause' in /Applications/XAMPP/xamppfiles/htdocs/pembelajaran/system/Database/MySQLi/Connection.php:306
Stack trace:
#0 /Applications/XAMPP/xamppfiles/htdocs/pembelajaran/system/Database/MySQLi/Connection.php(306): mysqli->query('DELETE FROM `p_...', 0)
#1 /Applications/XAMPP/xamppfiles/htdocs/pembelajaran/system/Database/BaseConnection.php(693): CodeIgniter\Database\MySQLi\Connection->execute('DELETE FROM `p_...')
#2 /Applications/XAMPP/xamppfiles/htdocs/pembelajaran/system/Database/BaseConnection.php(607): CodeIgniter\Database\BaseConnection->simpleQuery('DELETE FROM `p_...')
#3 /Applications/XAMPP/xamppfiles/htdocs/pembelajaran/system/Database/BaseBuilder.php(2790): CodeIgniter\Database\BaseConnection->query('DELETE FROM `p_...', Array, false)
#4 /Applications/XAMPP/xamppfiles/htdocs/pembelajaran/app/Controllers/AdminJurusanPP.php(121): CodeIgniter\Database\BaseBuilder->delete()
#5 /Applications/XAMPP/xamppfiles/htdocs/pembelajaran/system/CodeIgniter.php(942): App\Controllers\AdminJurusanPP->simpanPerubahan()
#6 /Applications/XAMPP/xamppfiles/htdocs/pembelajaran/system/CodeIgniter.php(502): CodeIgniter\CodeIgniter->runController(Object(App\Controllers\AdminJurusanPP))
#7 /Applications/XAMPP/xamppfiles/htdocs/pembelajaran/system/CodeIgniter.php(361): CodeIgniter\CodeIgniter->handleRequest(NULL, Object(Config\Cache), false)
#8 /Applications/XAMPP/xamppfiles/htdocs/pembelajaran/public/index.php(79): CodeIgniter\CodeIgniter->run()
#9 /Applications/XAMPP/xamppfiles/htdocs/pembelajaran/system/Commands/Server/rewrite.php(47): require_once('/Applications/X...')
#10 {main}
CRITICAL - 2024-02-12 07:22:23 --> Unknown column 'p_pengganti_master.id' in 'where clause'
in SYSTEMPATH/Database/BaseConnection.php on line 647.
 1 SYSTEMPATH/Database/BaseBuilder.php(2790): CodeIgniter\Database\BaseConnection->query('DELETE FROM `p_pengganti_detail_revisi`
WHERE `p_pengganti_master`.`id` = :p_pengganti_master.id:', [...], false)
 2 APPPATH/Controllers/AdminJurusanPP.php(121): CodeIgniter\Database\BaseBuilder->delete()
 3 SYSTEMPATH/CodeIgniter.php(942): App\Controllers\AdminJurusanPP->simpanPerubahan()
 4 SYSTEMPATH/CodeIgniter.php(502): CodeIgniter\CodeIgniter->runController(Object(App\Controllers\AdminJurusanPP))
 5 SYSTEMPATH/CodeIgniter.php(361): CodeIgniter\CodeIgniter->handleRequest(null, Object(Config\Cache), false)
 6 FCPATH/index.php(79): CodeIgniter\CodeIgniter->run()
 7 SYSTEMPATH/Commands/Server/rewrite.php(47): require_once('/Applications/XAMPP/xamppfiles/htdocs/pembelajaran/public/index.php')
INFO - 2024-02-12 07:22:52 --> Session: Class initialized using 'CodeIgniter\Session\Handlers\FileHandler' driver.
INFO - 2024-02-12 07:22:53 --> Session: Class initialized using 'CodeIgniter\Session\Handlers\FileHandler' driver.
INFO - 2024-02-12 07:22:54 --> Session: Class initialized using 'CodeIgniter\Session\Handlers\FileHandler' driver.
ERROR - 2024-02-12 07:22:54 --> mysqli_sql_exception: Unknown column 'p_pengganti_master.id' in 'where clause' in /Applications/XAMPP/xamppfiles/htdocs/pembelajaran/system/Database/MySQLi/Connection.php:306
Stack trace:
#0 /Applications/XAMPP/xamppfiles/htdocs/pembelajaran/system/Database/MySQLi/Connection.php(306): mysqli->query('DELETE FROM `p_...', 0)
#1 /Applications/XAMPP/xamppfiles/htdocs/pembelajaran/system/Database/BaseConnection.php(693): CodeIgniter\Database\MySQLi\Connection->execute('DELETE FROM `p_...')
#2 /Applications/XAMPP/xamppfiles/htdocs/pembelajaran/system/Database/BaseConnection.php(607): CodeIgniter\Database\BaseConnection->simpleQuery('DELETE FROM `p_...')
#3 /Applications/XAMPP/xamppfiles/htdocs/pembelajaran/system/Database/BaseBuilder.php(2790): CodeIgniter\Database\BaseConnection->query('DELETE FROM `p_...', Array, false)
#4 /Applications/XAMPP/xamppfiles/htdocs/pembelajaran/app/Controllers/AdminJurusanPP.php(121): CodeIgniter\Database\BaseBuilder->delete()
#5 /Applications/XAMPP/xamppfiles/htdocs/pembelajaran/system/CodeIgniter.php(942): App\Controllers\AdminJurusanPP->simpanPerubahan()
#6 /Applications/XAMPP/xamppfiles/htdocs/pembelajaran/system/CodeIgniter.php(502): CodeIgniter\CodeIgniter->runController(Object(App\Controllers\AdminJurusanPP))
#7 /Applications/XAMPP/xamppfiles/htdocs/pembelajaran/system/CodeIgniter.php(361): CodeIgniter\CodeIgniter->handleRequest(NULL, Object(Config\Cache), false)
#8 /Applications/XAMPP/xamppfiles/htdocs/pembelajaran/public/index.php(79): CodeIgniter\CodeIgniter->run()
#9 /Applications/XAMPP/xamppfiles/htdocs/pembelajaran/system/Commands/Server/rewrite.php(47): require_once('/Applications/X...')
#10 {main}
CRITICAL - 2024-02-12 07:22:54 --> Unknown column 'p_pengganti_master.id' in 'where clause'
in SYSTEMPATH/Database/BaseConnection.php on line 647.
 1 SYSTEMPATH/Database/BaseBuilder.php(2790): CodeIgniter\Database\BaseConnection->query('DELETE FROM `p_pengganti_detail_revisi`
WHERE `p_pengganti_master`.`id` = :p_pengganti_master.id:', [...], false)
 2 APPPATH/Controllers/AdminJurusanPP.php(121): CodeIgniter\Database\BaseBuilder->delete()
 3 SYSTEMPATH/CodeIgniter.php(942): App\Controllers\AdminJurusanPP->simpanPerubahan()
 4 SYSTEMPATH/CodeIgniter.php(502): CodeIgniter\CodeIgniter->runController(Object(App\Controllers\AdminJurusanPP))
 5 SYSTEMPATH/CodeIgniter.php(361): CodeIgniter\CodeIgniter->handleRequest(null, Object(Config\Cache), false)
 6 FCPATH/index.php(79): CodeIgniter\CodeIgniter->run()
 7 SYSTEMPATH/Commands/Server/rewrite.php(47): require_once('/Applications/XAMPP/xamppfiles/htdocs/pembelajaran/public/index.php')
INFO - 2024-02-12 07:25:56 --> Session: Class initialized using 'CodeIgniter\Session\Handlers\FileHandler' driver.
INFO - 2024-02-12 07:25:56 --> Session: Class initialized using 'CodeIgniter\Session\Handlers\FileHandler' driver.
INFO - 2024-02-12 07:25:57 --> Session: Class initialized using 'CodeIgniter\Session\Handlers\FileHandler' driver.
INFO - 2024-02-12 07:26:15 --> Session: Class initialized using 'CodeIgniter\Session\Handlers\FileHandler' driver.
INFO - 2024-02-12 07:26:15 --> Session: Class initialized using 'CodeIgniter\Session\Handlers\FileHandler' driver.
INFO - 2024-02-12 07:26:17 --> Session: Class initialized using 'CodeIgniter\Session\Handlers\FileHandler' driver.
INFO - 2024-02-12 07:26:17 --> Session: Class initialized using 'CodeIgniter\Session\Handlers\FileHandler' driver.
INFO - 2024-02-12 07:26:28 --> Session: Class initialized using 'CodeIgniter\Session\Handlers\FileHandler' driver.
INFO - 2024-02-12 07:26:28 --> Session: Class initialized using 'CodeIgniter\Session\Handlers\FileHandler' driver.
INFO - 2024-02-12 07:26:28 --> Session: Class initialized using 'CodeIgniter\Session\Handlers\FileHandler' driver.
INFO - 2024-02-12 07:26:31 --> Session: Class initialized using 'CodeIgniter\Session\Handlers\FileHandler' driver.
INFO - 2024-02-12 07:26:32 --> Session: Class initialized using 'CodeIgniter\Session\Handlers\FileHandler' driver.
INFO - 2024-02-12 07:26:33 --> Session: Class initialized using 'CodeIgniter\Session\Handlers\FileHandler' driver.
INFO - 2024-02-12 07:26:33 --> Session: Class initialized using 'CodeIgniter\Session\Handlers\FileHandler' driver.
INFO - 2024-02-12 07:26:34 --> Session: Class initialized using 'CodeIgniter\Session\Handlers\FileHandler' driver.
INFO - 2024-02-12 07:26:34 --> Session: Class initialized using 'CodeIgniter\Session\Handlers\FileHandler' driver.
INFO - 2024-02-12 07:26:35 --> Session: Class initialized using 'CodeIgniter\Session\Handlers\FileHandler' driver.
INFO - 2024-02-12 07:26:37 --> Session: Class initialized using 'CodeIgniter\Session\Handlers\FileHandler' driver.
INFO - 2024-02-12 07:26:37 --> Session: Class initialized using 'CodeIgniter\Session\Handlers\FileHandler' driver.
INFO - 2024-02-12 07:26:39 --> Session: Class initialized using 'CodeIgniter\Session\Handlers\FileHandler' driver.
INFO - 2024-02-12 07:26:39 --> Session: Class initialized using 'CodeIgniter\Session\Handlers\FileHandler' driver.
INFO - 2024-02-12 07:26:51 --> Session: Class initialized using 'CodeIgniter\Session\Handlers\FileHandler' driver.
INFO - 2024-02-12 07:26:51 --> Session: Class initialized using 'CodeIgniter\Session\Handlers\FileHandler' driver.
INFO - 2024-02-12 07:26:51 --> Session: Class initialized using 'CodeIgniter\Session\Handlers\FileHandler' driver.
INFO - 2024-02-12 07:26:56 --> Session: Class initialized using 'CodeIgniter\Session\Handlers\FileHandler' driver.
INFO - 2024-02-12 07:26:56 --> Session: Class initialized using 'CodeIgniter\Session\Handlers\FileHandler' driver.
INFO - 2024-02-12 07:26:57 --> Session: Class initialized using 'CodeIgniter\Session\Handlers\FileHandler' driver.
INFO - 2024-02-12 07:26:58 --> Session: Class initialized using 'CodeIgniter\Session\Handlers\FileHandler' driver.
INFO - 2024-02-12 07:27:06 --> Session: Class initialized using 'CodeIgniter\Session\Handlers\FileHandler' driver.
INFO - 2024-02-12 07:27:06 --> Session: Class initialized using 'CodeIgniter\Session\Handlers\FileHandler' driver.
INFO - 2024-02-12 07:27:06 --> Session: Class initialized using 'CodeIgniter\Session\Handlers\FileHandler' driver.
INFO - 2024-02-12 07:27:09 --> Session: Class initialized using 'CodeIgniter\Session\Handlers\FileHandler' driver.
INFO - 2024-02-12 07:27:09 --> Session: Class initialized using 'CodeIgniter\Session\Handlers\FileHandler' driver.
INFO - 2024-02-12 07:27:12 --> Session: Class initialized using 'CodeIgniter\Session\Handlers\FileHandler' driver.
INFO - 2024-02-12 07:27:12 --> Session: Class initialized using 'CodeIgniter\Session\Handlers\FileHandler' driver.
INFO - 2024-02-12 07:27:14 --> Session: Class initialized using 'CodeIgniter\Session\Handlers\FileHandler' driver.
INFO - 2024-02-12 07:27:14 --> Session: Class initialized using 'CodeIgniter\Session\Handlers\FileHandler' driver.
INFO - 2024-02-12 07:27:16 --> Session: Class initialized using 'CodeIgniter\Session\Handlers\FileHandler' driver.
INFO - 2024-02-12 07:27:16 --> Session: Class initialized using 'CodeIgniter\Session\Handlers\FileHandler' driver.
INFO - 2024-02-12 07:27:19 --> Session: Class initialized using 'CodeIgniter\Session\Handlers\FileHandler' driver.
INFO - 2024-02-12 07:27:20 --> Session: Class initialized using 'CodeIgniter\Session\Handlers\FileHandler' driver.
INFO - 2024-02-12 07:27:21 --> Session: Class initialized using 'CodeIgniter\Session\Handlers\FileHandler' driver.
INFO - 2024-02-12 07:27:21 --> Session: Class initialized using 'CodeIgniter\Session\Handlers\FileHandler' driver.
INFO - 2024-02-12 07:27:22 --> Session: Class initialized using 'CodeIgniter\Session\Handlers\FileHandler' driver.
INFO - 2024-02-12 07:27:22 --> Session: Class initialized using 'CodeIgniter\Session\Handlers\FileHandler' driver.
INFO - 2024-02-12 07:27:27 --> Session: Class initialized using 'CodeIgniter\Session\Handlers\FileHandler' driver.
INFO - 2024-02-12 07:27:27 --> Session: Class initialized using 'CodeIgniter\Session\Handlers\FileHandler' driver.
INFO - 2024-02-12 07:27:46 --> Session: Class initialized using 'CodeIgniter\Session\Handlers\FileHandler' driver.
INFO - 2024-02-12 07:27:46 --> Session: Class initialized using 'CodeIgniter\Session\Handlers\FileHandler' driver.
INFO - 2024-02-12 07:27:47 --> Session: Class initialized using 'CodeIgniter\Session\Handlers\FileHandler' driver.
INFO - 2024-02-12 07:28:18 --> Session: Class initialized using 'CodeIgniter\Session\Handlers\FileHandler' driver.
INFO - 2024-02-12 07:28:18 --> Session: Class initialized using 'CodeIgniter\Session\Handlers\FileHandler' driver.
INFO - 2024-02-12 07:29:51 --> Session: Class initialized using 'CodeIgniter\Session\Handlers\FileHandler' driver.
INFO - 2024-02-12 07:29:51 --> Session: Class initialized using 'CodeIgniter\Session\Handlers\FileHandler' driver.
INFO - 2024-02-12 07:33:15 --> Session: Class initialized using 'CodeIgniter\Session\Handlers\FileHandler' driver.
INFO - 2024-02-12 07:33:16 --> Session: Class initialized using 'CodeIgniter\Session\Handlers\FileHandler' driver.
INFO - 2024-02-12 07:33:16 --> Session: Class initialized using 'CodeIgniter\Session\Handlers\FileHandler' driver.
INFO - 2024-02-12 07:33:17 --> Session: Class initialized using 'CodeIgniter\Session\Handlers\FileHandler' driver.
INFO - 2024-02-12 07:33:47 --> Session: Class initialized using 'CodeIgniter\Session\Handlers\FileHandler' driver.
CRITICAL - 2024-02-12 07:33:47 --> Undefined variable $verifikasi
in APPPATH/Views/konten/adminJurusan/pp/info-ajuan.php on line 41.
 1 APPPATH/Views/konten/adminJurusan/pp/info-ajuan.php(41): CodeIgniter\Debug\Exceptions->errorHandler(2, 'Undefined variable $verifikasi', '/Applications/XAMPP/xamppfiles/htdocs/pembelajaran/app/Views/konten/adminJurusan/pp/info-ajuan.php', 41)
 2 SYSTEMPATH/View/View.php(228): include('/Applications/XAMPP/xamppfiles/htdocs/pembelajaran/app/Views/konten/adminJurusan/pp/info-ajuan.php')
 3 SYSTEMPATH/View/View.php(231): CodeIgniter\View\View->CodeIgniter\View\{closure}()
 4 SYSTEMPATH/Common.php(1190): CodeIgniter\View\View->render('konten/adminJurusan/pp/info-ajuan', [], true)
 5 APPPATH/Controllers/AdminJurusanPP.php(73): view('konten/adminJurusan/pp/info-ajuan', [...])
 6 SYSTEMPATH/CodeIgniter.php(942): App\Controllers\AdminJurusanPP->infoAjuan('NTEyNjI1ZDktMTBhMC00MzM3LWI5YTktN2FiYjIzYTBjNWVk')
 7 SYSTEMPATH/CodeIgniter.php(502): CodeIgniter\CodeIgniter->runController(Object(App\Controllers\AdminJurusanPP))
 8 SYSTEMPATH/CodeIgniter.php(361): CodeIgniter\CodeIgniter->handleRequest(null, Object(Config\Cache), false)
 9 FCPATH/index.php(79): CodeIgniter\CodeIgniter->run()
10 SYSTEMPATH/Commands/Server/rewrite.php(47): require_once('/Applications/XAMPP/xamppfiles/htdocs/pembelajaran/public/index.php')
INFO - 2024-02-12 07:33:54 --> Session: Class initialized using 'CodeIgniter\Session\Handlers\FileHandler' driver.
CRITICAL - 2024-02-12 07:33:54 --> Undefined property: stdClass::$biaya_awal
in APPPATH/Views/konten/adminJurusan/pp/info-ajuan.php on line 50.
 1 APPPATH/Views/konten/adminJurusan/pp/info-ajuan.php(50): CodeIgniter\Debug\Exceptions->errorHandler(2, 'Undefined property: stdClass::$biaya_awal', '/Applications/XAMPP/xamppfiles/htdocs/pembelajaran/app/Views/konten/adminJurusan/pp/info-ajuan.php', 50)
 2 SYSTEMPATH/View/View.php(228): include('/Applications/XAMPP/xamppfiles/htdocs/pembelajaran/app/Views/konten/adminJurusan/pp/info-ajuan.php')
 3 SYSTEMPATH/View/View.php(231): CodeIgniter\View\View->CodeIgniter\View\{closure}()
 4 SYSTEMPATH/Common.php(1190): CodeIgniter\View\View->render('konten/adminJurusan/pp/info-ajuan', [], true)
 5 APPPATH/Controllers/AdminJurusanPP.php(73): view('konten/adminJurusan/pp/info-ajuan', [...])
 6 SYSTEMPATH/CodeIgniter.php(942): App\Controllers\AdminJurusanPP->infoAjuan('NTEyNjI1ZDktMTBhMC00MzM3LWI5YTktN2FiYjIzYTBjNWVk')
 7 SYSTEMPATH/CodeIgniter.php(502): CodeIgniter\CodeIgniter->runController(Object(App\Controllers\AdminJurusanPP))
 8 SYSTEMPATH/CodeIgniter.php(361): CodeIgniter\CodeIgniter->handleRequest(null, Object(Config\Cache), false)
 9 FCPATH/index.php(79): CodeIgniter\CodeIgniter->run()
10 SYSTEMPATH/Commands/Server/rewrite.php(47): require_once('/Applications/XAMPP/xamppfiles/htdocs/pembelajaran/public/index.php')
INFO - 2024-02-12 07:34:02 --> Session: Class initialized using 'CodeIgniter\Session\Handlers\FileHandler' driver.
INFO - 2024-02-12 07:34:03 --> Session: Class initialized using 'CodeIgniter\Session\Handlers\FileHandler' driver.
INFO - 2024-02-12 07:34:07 --> Session: Class initialized using 'CodeIgniter\Session\Handlers\FileHandler' driver.
INFO - 2024-02-12 07:34:07 --> Session: Class initialized using 'CodeIgniter\Session\Handlers\FileHandler' driver.
INFO - 2024-02-12 07:34:10 --> Session: Class initialized using 'CodeIgniter\Session\Handlers\FileHandler' driver.
INFO - 2024-02-12 07:34:10 --> Session: Class initialized using 'CodeIgniter\Session\Handlers\FileHandler' driver.
INFO - 2024-02-12 07:34:11 --> Session: Class initialized using 'CodeIgniter\Session\Handlers\FileHandler' driver.
INFO - 2024-02-12 07:34:12 --> Session: Class initialized using 'CodeIgniter\Session\Handlers\FileHandler' driver.
INFO - 2024-02-12 07:34:14 --> Session: Class initialized using 'CodeIgniter\Session\Handlers\FileHandler' driver.
INFO - 2024-02-12 07:34:15 --> Session: Class initialized using 'CodeIgniter\Session\Handlers\FileHandler' driver.
INFO - 2024-02-12 07:34:15 --> Session: Class initialized using 'CodeIgniter\Session\Handlers\FileHandler' driver.
INFO - 2024-02-12 07:34:16 --> Session: Class initialized using 'CodeIgniter\Session\Handlers\FileHandler' driver.
INFO - 2024-02-12 07:34:16 --> Session: Class initialized using 'CodeIgniter\Session\Handlers\FileHandler' driver.
INFO - 2024-02-12 07:34:16 --> Session: Class initialized using 'CodeIgniter\Session\Handlers\FileHandler' driver.
INFO - 2024-02-12 07:34:17 --> Session: Class initialized using 'CodeIgniter\Session\Handlers\FileHandler' driver.
INFO - 2024-02-12 07:34:18 --> Session: Class initialized using 'CodeIgniter\Session\Handlers\FileHandler' driver.
INFO - 2024-02-12 07:34:18 --> Session: Class initialized using 'CodeIgniter\Session\Handlers\FileHandler' driver.
INFO - 2024-02-12 07:34:18 --> Session: Class initialized using 'CodeIgniter\Session\Handlers\FileHandler' driver.
INFO - 2024-02-12 07:34:24 --> Session: Class initialized using 'CodeIgniter\Session\Handlers\FileHandler' driver.
INFO - 2024-02-12 07:34:24 --> Session: Class initialized using 'CodeIgniter\Session\Handlers\FileHandler' driver.
INFO - 2024-02-12 07:34:25 --> Session: Class initialized using 'CodeIgniter\Session\Handlers\FileHandler' driver.
INFO - 2024-02-12 07:34:25 --> Session: Class initialized using 'CodeIgniter\Session\Handlers\FileHandler' driver.
INFO - 2024-02-12 07:34:31 --> Session: Class initialized using 'CodeIgniter\Session\Handlers\FileHandler' driver.
INFO - 2024-02-12 07:34:32 --> Session: Class initialized using 'CodeIgniter\Session\Handlers\FileHandler' driver.
INFO - 2024-02-12 07:34:34 --> Session: Class initialized using 'CodeIgniter\Session\Handlers\FileHandler' driver.
INFO - 2024-02-12 07:34:34 --> Session: Class initialized using 'CodeIgniter\Session\Handlers\FileHandler' driver.
INFO - 2024-02-12 07:34:34 --> Session: Class initialized using 'CodeIgniter\Session\Handlers\FileHandler' driver.
INFO - 2024-02-12 07:34:37 --> Session: Class initialized using 'CodeIgniter\Session\Handlers\FileHandler' driver.
INFO - 2024-02-12 07:34:37 --> Session: Class initialized using 'CodeIgniter\Session\Handlers\FileHandler' driver.
INFO - 2024-02-12 07:34:41 --> Session: Class initialized using 'CodeIgniter\Session\Handlers\FileHandler' driver.
INFO - 2024-02-12 07:34:42 --> Session: Class initialized using 'CodeIgniter\Session\Handlers\FileHandler' driver.
INFO - 2024-02-12 07:34:44 --> Session: Class initialized using 'CodeIgniter\Session\Handlers\FileHandler' driver.
INFO - 2024-02-12 07:34:44 --> Session: Class initialized using 'CodeIgniter\Session\Handlers\FileHandler' driver.
INFO - 2024-02-12 07:34:47 --> Session: Class initialized using 'CodeIgniter\Session\Handlers\FileHandler' driver.
INFO - 2024-02-12 07:34:47 --> Session: Class initialized using 'CodeIgniter\Session\Handlers\FileHandler' driver.
INFO - 2024-02-12 07:35:02 --> Session: Class initialized using 'CodeIgniter\Session\Handlers\FileHandler' driver.
INFO - 2024-02-12 07:35:02 --> Session: Class initialized using 'CodeIgniter\Session\Handlers\FileHandler' driver.
INFO - 2024-02-12 07:35:02 --> Session: Class initialized using 'CodeIgniter\Session\Handlers\FileHandler' driver.
INFO - 2024-02-12 07:35:04 --> Session: Class initialized using 'CodeIgniter\Session\Handlers\FileHandler' driver.
INFO - 2024-02-12 07:35:04 --> Session: Class initialized using 'CodeIgniter\Session\Handlers\FileHandler' driver.
INFO - 2024-02-12 07:35:10 --> Session: Class initialized using 'CodeIgniter\Session\Handlers\FileHandler' driver.
INFO - 2024-02-12 07:35:10 --> Session: Class initialized using 'CodeIgniter\Session\Handlers\FileHandler' driver.
INFO - 2024-02-12 07:39:38 --> Session: Class initialized using 'CodeIgniter\Session\Handlers\FileHandler' driver.
INFO - 2024-02-12 07:39:39 --> Session: Class initialized using 'CodeIgniter\Session\Handlers\FileHandler' driver.
INFO - 2024-02-12 12:17:36 --> Session: Class initialized using 'CodeIgniter\Session\Handlers\FileHandler' driver.
INFO - 2024-02-12 12:17:36 --> Session: Class initialized using 'CodeIgniter\Session\Handlers\FileHandler' driver.
INFO - 2024-02-12 12:17:40 --> Session: Class initialized using 'CodeIgniter\Session\Handlers\FileHandler' driver.
INFO - 2024-02-12 12:17:40 --> Session: Class initialized using 'CodeIgniter\Session\Handlers\FileHandler' driver.
INFO - 2024-02-12 12:17:41 --> Session: Class initialized using 'CodeIgniter\Session\Handlers\FileHandler' driver.
INFO - 2024-02-12 12:17:45 --> Session: Class initialized using 'CodeIgniter\Session\Handlers\FileHandler' driver.
INFO - 2024-02-12 12:17:45 --> Session: Class initialized using 'CodeIgniter\Session\Handlers\FileHandler' driver.
INFO - 2024-02-12 12:22:16 --> Session: Class initialized using 'CodeIgniter\Session\Handlers\FileHandler' driver.
INFO - 2024-02-12 12:22:16 --> Session: Class initialized using 'CodeIgniter\Session\Handlers\FileHandler' driver.
INFO - 2024-02-12 12:22:17 --> Session: Class initialized using 'CodeIgniter\Session\Handlers\FileHandler' driver.
INFO - 2024-02-12 12:22:21 --> Session: Class initialized using 'CodeIgniter\Session\Handlers\FileHandler' driver.
INFO - 2024-02-12 12:22:22 --> Session: Class initialized using 'CodeIgniter\Session\Handlers\FileHandler' driver.
INFO - 2024-02-12 12:22:22 --> Session: Class initialized using 'CodeIgniter\Session\Handlers\FileHandler' driver.
INFO - 2024-02-12 12:22:26 --> Session: Class initialized using 'CodeIgniter\Session\Handlers\FileHandler' driver.
INFO - 2024-02-12 12:22:26 --> Session: Class initialized using 'CodeIgniter\Session\Handlers\FileHandler' driver.
INFO - 2024-02-12 12:22:27 --> Session: Class initialized using 'CodeIgniter\Session\Handlers\FileHandler' driver.
INFO - 2024-02-12 12:22:32 --> Session: Class initialized using 'CodeIgniter\Session\Handlers\FileHandler' driver.
INFO - 2024-02-12 12:22:32 --> Session: Class initialized using 'CodeIgniter\Session\Handlers\FileHandler' driver.
INFO - 2024-02-12 12:22:33 --> Session: Class initialized using 'CodeIgniter\Session\Handlers\FileHandler' driver.
INFO - 2024-02-12 12:28:59 --> Session: Class initialized using 'CodeIgniter\Session\Handlers\FileHandler' driver.
INFO - 2024-02-12 12:29:00 --> Session: Class initialized using 'CodeIgniter\Session\Handlers\FileHandler' driver.
INFO - 2024-02-12 12:29:01 --> Session: Class initialized using 'CodeIgniter\Session\Handlers\FileHandler' driver.
INFO - 2024-02-12 12:29:02 --> Session: Class initialized using 'CodeIgniter\Session\Handlers\FileHandler' driver.
INFO - 2024-02-12 12:29:05 --> Session: Class initialized using 'CodeIgniter\Session\Handlers\FileHandler' driver.
INFO - 2024-02-12 12:29:10 --> Session: Class initialized using 'CodeIgniter\Session\Handlers\FileHandler' driver.
INFO - 2024-02-12 12:29:10 --> Session: Class initialized using 'CodeIgniter\Session\Handlers\FileHandler' driver.
INFO - 2024-02-12 12:29:11 --> Session: Class initialized using 'CodeIgniter\Session\Handlers\FileHandler' driver.
INFO - 2024-02-12 12:30:17 --> Session: Class initialized using 'CodeIgniter\Session\Handlers\FileHandler' driver.
INFO - 2024-02-12 12:30:18 --> Session: Class initialized using 'CodeIgniter\Session\Handlers\FileHandler' driver.
INFO - 2024-02-12 12:32:43 --> Session: Class initialized using 'CodeIgniter\Session\Handlers\FileHandler' driver.
INFO - 2024-02-12 12:32:43 --> Session: Class initialized using 'CodeIgniter\Session\Handlers\FileHandler' driver.
INFO - 2024-02-12 12:32:44 --> Session: Class initialized using 'CodeIgniter\Session\Handlers\FileHandler' driver.
INFO - 2024-02-12 12:32:46 --> Session: Class initialized using 'CodeIgniter\Session\Handlers\FileHandler' driver.
INFO - 2024-02-12 12:32:46 --> Session: Class initialized using 'CodeIgniter\Session\Handlers\FileHandler' driver.
INFO - 2024-02-12 12:32:50 --> Session: Class initialized using 'CodeIgniter\Session\Handlers\FileHandler' driver.
INFO - 2024-02-12 12:32:51 --> Session: Class initialized using 'CodeIgniter\Session\Handlers\FileHandler' driver.
INFO - 2024-02-12 12:32:51 --> Session: Class initialized using 'CodeIgniter\Session\Handlers\FileHandler' driver.
INFO - 2024-02-12 12:32:51 --> Session: Class initialized using 'CodeIgniter\Session\Handlers\FileHandler' driver.
INFO - 2024-02-12 12:32:53 --> Session: Class initialized using 'CodeIgniter\Session\Handlers\FileHandler' driver.
INFO - 2024-02-12 12:32:54 --> Session: Class initialized using 'CodeIgniter\Session\Handlers\FileHandler' driver.
INFO - 2024-02-12 12:32:56 --> Session: Class initialized using 'CodeIgniter\Session\Handlers\FileHandler' driver.
INFO - 2024-02-12 12:32:57 --> Session: Class initialized using 'CodeIgniter\Session\Handlers\FileHandler' driver.
INFO - 2024-02-12 12:32:57 --> Session: Class initialized using 'CodeIgniter\Session\Handlers\FileHandler' driver.
INFO - 2024-02-12 12:32:58 --> Session: Class initialized using 'CodeIgniter\Session\Handlers\FileHandler' driver.
INFO - 2024-02-12 12:32:59 --> Session: Class initialized using 'CodeIgniter\Session\Handlers\FileHandler' driver.
INFO - 2024-02-12 12:32:59 --> Session: Class initialized using 'CodeIgniter\Session\Handlers\FileHandler' driver.
INFO - 2024-02-12 12:33:01 --> Session: Class initialized using 'CodeIgniter\Session\Handlers\FileHandler' driver.
INFO - 2024-02-12 12:33:02 --> Session: Class initialized using 'CodeIgniter\Session\Handlers\FileHandler' driver.
INFO - 2024-02-12 12:33:02 --> Session: Class initialized using 'CodeIgniter\Session\Handlers\FileHandler' driver.
INFO - 2024-02-12 12:33:02 --> Session: Class initialized using 'CodeIgniter\Session\Handlers\FileHandler' driver.
INFO - 2024-02-12 12:33:04 --> Session: Class initialized using 'CodeIgniter\Session\Handlers\FileHandler' driver.
INFO - 2024-02-12 12:33:04 --> Session: Class initialized using 'CodeIgniter\Session\Handlers\FileHandler' driver.
INFO - 2024-02-12 12:33:06 --> Session: Class initialized using 'CodeIgniter\Session\Handlers\FileHandler' driver.
INFO - 2024-02-12 12:33:07 --> Session: Class initialized using 'CodeIgniter\Session\Handlers\FileHandler' driver.
INFO - 2024-02-12 12:33:07 --> Session: Class initialized using 'CodeIgniter\Session\Handlers\FileHandler' driver.
INFO - 2024-02-12 12:33:08 --> Session: Class initialized using 'CodeIgniter\Session\Handlers\FileHandler' driver.
INFO - 2024-02-12 12:33:10 --> Session: Class initialized using 'CodeIgniter\Session\Handlers\FileHandler' driver.
INFO - 2024-02-12 12:33:10 --> Session: Class initialized using 'CodeIgniter\Session\Handlers\FileHandler' driver.
INFO - 2024-02-12 12:33:16 --> Session: Class initialized using 'CodeIgniter\Session\Handlers\FileHandler' driver.
INFO - 2024-02-12 12:33:16 --> Session: Class initialized using 'CodeIgniter\Session\Handlers\FileHandler' driver.
INFO - 2024-02-12 12:33:16 --> Session: Class initialized using 'CodeIgniter\Session\Handlers\FileHandler' driver.
INFO - 2024-02-12 12:33:17 --> Session: Class initialized using 'CodeIgniter\Session\Handlers\FileHandler' driver.
INFO - 2024-02-12 12:33:19 --> Session: Class initialized using 'CodeIgniter\Session\Handlers\FileHandler' driver.
INFO - 2024-02-12 12:33:19 --> Session: Class initialized using 'CodeIgniter\Session\Handlers\FileHandler' driver.
INFO - 2024-02-12 12:33:21 --> Session: Class initialized using 'CodeIgniter\Session\Handlers\FileHandler' driver.
INFO - 2024-02-12 12:33:21 --> Session: Class initialized using 'CodeIgniter\Session\Handlers\FileHandler' driver.
INFO - 2024-02-12 12:33:21 --> Session: Class initialized using 'CodeIgniter\Session\Handlers\FileHandler' driver.
INFO - 2024-02-12 12:33:22 --> Session: Class initialized using 'CodeIgniter\Session\Handlers\FileHandler' driver.
INFO - 2024-02-12 12:33:25 --> Session: Class initialized using 'CodeIgniter\Session\Handlers\FileHandler' driver.
INFO - 2024-02-12 12:33:25 --> Session: Class initialized using 'CodeIgniter\Session\Handlers\FileHandler' driver.
INFO - 2024-02-12 12:33:28 --> Session: Class initialized using 'CodeIgniter\Session\Handlers\FileHandler' driver.
INFO - 2024-02-12 12:33:29 --> Session: Class initialized using 'CodeIgniter\Session\Handlers\FileHandler' driver.
INFO - 2024-02-12 12:33:29 --> Session: Class initialized using 'CodeIgniter\Session\Handlers\FileHandler' driver.
INFO - 2024-02-12 12:33:30 --> Session: Class initialized using 'CodeIgniter\Session\Handlers\FileHandler' driver.
INFO - 2024-02-12 12:33:32 --> Session: Class initialized using 'CodeIgniter\Session\Handlers\FileHandler' driver.
INFO - 2024-02-12 12:33:32 --> Session: Class initialized using 'CodeIgniter\Session\Handlers\FileHandler' driver.
INFO - 2024-02-12 12:33:35 --> Session: Class initialized using 'CodeIgniter\Session\Handlers\FileHandler' driver.
INFO - 2024-02-12 12:33:37 --> Session: Class initialized using 'CodeIgniter\Session\Handlers\FileHandler' driver.
INFO - 2024-02-12 12:33:38 --> Session: Class initialized using 'CodeIgniter\Session\Handlers\FileHandler' driver.
INFO - 2024-02-12 12:33:38 --> Session: Class initialized using 'CodeIgniter\Session\Handlers\FileHandler' driver.
INFO - 2024-02-12 12:33:39 --> Session: Class initialized using 'CodeIgniter\Session\Handlers\FileHandler' driver.
INFO - 2024-02-12 12:33:40 --> Session: Class initialized using 'CodeIgniter\Session\Handlers\FileHandler' driver.
INFO - 2024-02-12 12:33:40 --> Session: Class initialized using 'CodeIgniter\Session\Handlers\FileHandler' driver.
INFO - 2024-02-12 12:33:42 --> Session: Class initialized using 'CodeIgniter\Session\Handlers\FileHandler' driver.
INFO - 2024-02-12 12:33:43 --> Session: Class initialized using 'CodeIgniter\Session\Handlers\FileHandler' driver.
INFO - 2024-02-12 12:33:43 --> Session: Class initialized using 'CodeIgniter\Session\Handlers\FileHandler' driver.
INFO - 2024-02-12 12:33:44 --> Session: Class initialized using 'CodeIgniter\Session\Handlers\FileHandler' driver.
INFO - 2024-02-12 12:33:45 --> Session: Class initialized using 'CodeIgniter\Session\Handlers\FileHandler' driver.
INFO - 2024-02-12 12:33:46 --> Session: Class initialized using 'CodeIgniter\Session\Handlers\FileHandler' driver.
INFO - 2024-02-12 12:33:47 --> Session: Class initialized using 'CodeIgniter\Session\Handlers\FileHandler' driver.
INFO - 2024-02-12 12:33:48 --> Session: Class initialized using 'CodeIgniter\Session\Handlers\FileHandler' driver.
INFO - 2024-02-12 12:33:48 --> Session: Class initialized using 'CodeIgniter\Session\Handlers\FileHandler' driver.
INFO - 2024-02-12 12:33:49 --> Session: Class initialized using 'CodeIgniter\Session\Handlers\FileHandler' driver.
INFO - 2024-02-12 12:33:53 --> Session: Class initialized using 'CodeIgniter\Session\Handlers\FileHandler' driver.
INFO - 2024-02-12 12:33:53 --> Session: Class initialized using 'CodeIgniter\Session\Handlers\FileHandler' driver.
INFO - 2024-02-12 12:33:55 --> Session: Class initialized using 'CodeIgniter\Session\Handlers\FileHandler' driver.
INFO - 2024-02-12 12:33:56 --> Session: Class initialized using 'CodeIgniter\Session\Handlers\FileHandler' driver.
INFO - 2024-02-12 12:33:56 --> Session: Class initialized using 'CodeIgniter\Session\Handlers\FileHandler' driver.
INFO - 2024-02-12 12:33:57 --> Session: Class initialized using 'CodeIgniter\Session\Handlers\FileHandler' driver.
INFO - 2024-02-12 12:34:01 --> Session: Class initialized using 'CodeIgniter\Session\Handlers\FileHandler' driver.
INFO - 2024-02-12 12:34:02 --> Session: Class initialized using 'CodeIgniter\Session\Handlers\FileHandler' driver.
INFO - 2024-02-12 12:34:04 --> Session: Class initialized using 'CodeIgniter\Session\Handlers\FileHandler' driver.
INFO - 2024-02-12 12:34:05 --> Session: Class initialized using 'CodeIgniter\Session\Handlers\FileHandler' driver.
INFO - 2024-02-12 12:34:05 --> Session: Class initialized using 'CodeIgniter\Session\Handlers\FileHandler' driver.
INFO - 2024-02-12 12:34:05 --> Session: Class initialized using 'CodeIgniter\Session\Handlers\FileHandler' driver.
INFO - 2024-02-12 12:34:12 --> Session: Class initialized using 'CodeIgniter\Session\Handlers\FileHandler' driver.
INFO - 2024-02-12 12:34:12 --> Session: Class initialized using 'CodeIgniter\Session\Handlers\FileHandler' driver.
INFO - 2024-02-12 12:34:15 --> Session: Class initialized using 'CodeIgniter\Session\Handlers\FileHandler' driver.
INFO - 2024-02-12 12:34:17 --> Session: Class initialized using 'CodeIgniter\Session\Handlers\FileHandler' driver.
INFO - 2024-02-12 12:34:17 --> Session: Class initialized using 'CodeIgniter\Session\Handlers\FileHandler' driver.
INFO - 2024-02-12 12:34:17 --> Session: Class initialized using 'CodeIgniter\Session\Handlers\FileHandler' driver.
INFO - 2024-02-12 12:34:18 --> Session: Class initialized using 'CodeIgniter\Session\Handlers\FileHandler' driver.
INFO - 2024-02-12 12:34:23 --> Session: Class initialized using 'CodeIgniter\Session\Handlers\FileHandler' driver.
INFO - 2024-02-12 12:34:24 --> Session: Class initialized using 'CodeIgniter\Session\Handlers\FileHandler' driver.
INFO - 2024-02-12 12:34:25 --> Session: Class initialized using 'CodeIgniter\Session\Handlers\FileHandler' driver.
INFO - 2024-02-12 12:34:27 --> Session: Class initialized using 'CodeIgniter\Session\Handlers\FileHandler' driver.
INFO - 2024-02-12 12:34:28 --> Session: Class initialized using 'CodeIgniter\Session\Handlers\FileHandler' driver.
INFO - 2024-02-12 12:34:28 --> Session: Class initialized using 'CodeIgniter\Session\Handlers\FileHandler' driver.
INFO - 2024-02-12 12:34:28 --> Session: Class initialized using 'CodeIgniter\Session\Handlers\FileHandler' driver.
INFO - 2024-02-12 12:34:44 --> Session: Class initialized using 'CodeIgniter\Session\Handlers\FileHandler' driver.
INFO - 2024-02-12 12:34:44 --> Session: Class initialized using 'CodeIgniter\Session\Handlers\FileHandler' driver.
INFO - 2024-02-12 12:34:46 --> Session: Class initialized using 'CodeIgniter\Session\Handlers\FileHandler' driver.
INFO - 2024-02-12 12:34:46 --> Session: Class initialized using 'CodeIgniter\Session\Handlers\FileHandler' driver.
INFO - 2024-02-12 12:34:46 --> Session: Class initialized using 'CodeIgniter\Session\Handlers\FileHandler' driver.
INFO - 2024-02-12 12:34:47 --> Session: Class initialized using 'CodeIgniter\Session\Handlers\FileHandler' driver.
INFO - 2024-02-12 12:34:52 --> Session: Class initialized using 'CodeIgniter\Session\Handlers\FileHandler' driver.
INFO - 2024-02-12 12:34:52 --> Session: Class initialized using 'CodeIgniter\Session\Handlers\FileHandler' driver.
INFO - 2024-02-12 12:34:53 --> Session: Class initialized using 'CodeIgniter\Session\Handlers\FileHandler' driver.
INFO - 2024-02-12 12:34:57 --> Session: Class initialized using 'CodeIgniter\Session\Handlers\FileHandler' driver.
INFO - 2024-02-12 12:34:57 --> Session: Class initialized using 'CodeIgniter\Session\Handlers\FileHandler' driver.
INFO - 2024-02-12 12:34:57 --> Session: Class initialized using 'CodeIgniter\Session\Handlers\FileHandler' driver.
INFO - 2024-02-12 12:35:01 --> Session: Class initialized using 'CodeIgniter\Session\Handlers\FileHandler' driver.
INFO - 2024-02-12 12:35:01 --> Session: Class initialized using 'CodeIgniter\Session\Handlers\FileHandler' driver.
INFO - 2024-02-12 12:35:02 --> Session: Class initialized using 'CodeIgniter\Session\Handlers\FileHandler' driver.
INFO - 2024-02-12 12:35:05 --> Session: Class initialized using 'CodeIgniter\Session\Handlers\FileHandler' driver.
INFO - 2024-02-12 12:35:05 --> Session: Class initialized using 'CodeIgniter\Session\Handlers\FileHandler' driver.
INFO - 2024-02-12 12:35:06 --> Session: Class initialized using 'CodeIgniter\Session\Handlers\FileHandler' driver.
INFO - 2024-02-12 12:35:10 --> Session: Class initialized using 'CodeIgniter\Session\Handlers\FileHandler' driver.
INFO - 2024-02-12 12:35:10 --> Session: Class initialized using 'CodeIgniter\Session\Handlers\FileHandler' driver.
INFO - 2024-02-12 12:35:11 --> Session: Class initialized using 'CodeIgniter\Session\Handlers\FileHandler' driver.
INFO - 2024-02-12 12:35:14 --> Session: Class initialized using 'CodeIgniter\Session\Handlers\FileHandler' driver.
INFO - 2024-02-12 12:35:14 --> Session: Class initialized using 'CodeIgniter\Session\Handlers\FileHandler' driver.
INFO - 2024-02-12 12:35:15 --> Session: Class initialized using 'CodeIgniter\Session\Handlers\FileHandler' driver.
INFO - 2024-02-12 12:35:18 --> Session: Class initialized using 'CodeIgniter\Session\Handlers\FileHandler' driver.
INFO - 2024-02-12 12:35:18 --> Session: Class initialized using 'CodeIgniter\Session\Handlers\FileHandler' driver.
INFO - 2024-02-12 12:35:19 --> Session: Class initialized using 'CodeIgniter\Session\Handlers\FileHandler' driver.
