INFO - 2024-01-24 01:07:11 --> Session: Class initialized using 'CodeIgniter\Session\Handlers\FileHandler' driver.
INFO - 2024-01-24 01:07:11 --> Session: Class initialized using 'CodeIgniter\Session\Handlers\FileHandler' driver.
INFO - 2024-01-24 01:07:45 --> Session: Class initialized using 'CodeIgniter\Session\Handlers\FileHandler' driver.
INFO - 2024-01-24 01:07:45 --> Session: Class initialized using 'CodeIgniter\Session\Handlers\FileHandler' driver.
INFO - 2024-01-24 01:07:46 --> Session: Class initialized using 'CodeIgniter\Session\Handlers\FileHandler' driver.
INFO - 2024-01-24 01:07:49 --> Session: Class initialized using 'CodeIgniter\Session\Handlers\FileHandler' driver.
INFO - 2024-01-24 01:07:49 --> Session: Class initialized using 'CodeIgniter\Session\Handlers\FileHandler' driver.
INFO - 2024-01-24 01:08:04 --> Session: Class initialized using 'CodeIgniter\Session\Handlers\FileHandler' driver.
INFO - 2024-01-24 01:08:05 --> Session: Class initialized using 'CodeIgniter\Session\Handlers\FileHandler' driver.
INFO - 2024-01-24 01:08:07 --> Session: Class initialized using 'CodeIgniter\Session\Handlers\FileHandler' driver.
INFO - 2024-01-24 01:08:07 --> Session: Class initialized using 'CodeIgniter\Session\Handlers\FileHandler' driver.
INFO - 2024-01-24 01:08:17 --> Session: Class initialized using 'CodeIgniter\Session\Handlers\FileHandler' driver.
INFO - 2024-01-24 01:08:17 --> Session: Class initialized using 'CodeIgniter\Session\Handlers\FileHandler' driver.
INFO - 2024-01-24 01:08:19 --> Session: Class initialized using 'CodeIgniter\Session\Handlers\FileHandler' driver.
INFO - 2024-01-24 01:08:19 --> Session: Class initialized using 'CodeIgniter\Session\Handlers\FileHandler' driver.
INFO - 2024-01-24 01:09:20 --> Session: Class initialized using 'CodeIgniter\Session\Handlers\FileHandler' driver.
INFO - 2024-01-24 01:09:20 --> Session: Class initialized using 'CodeIgniter\Session\Handlers\FileHandler' driver.
INFO - 2024-01-24 01:09:25 --> Session: Class initialized using 'CodeIgniter\Session\Handlers\FileHandler' driver.
INFO - 2024-01-24 01:09:25 --> Session: Class initialized using 'CodeIgniter\Session\Handlers\FileHandler' driver.
INFO - 2024-01-24 01:09:26 --> Session: Class initialized using 'CodeIgniter\Session\Handlers\FileHandler' driver.
INFO - 2024-01-24 01:09:38 --> Session: Class initialized using 'CodeIgniter\Session\Handlers\FileHandler' driver.
INFO - 2024-01-24 01:09:38 --> Session: Class initialized using 'CodeIgniter\Session\Handlers\FileHandler' driver.
INFO - 2024-01-24 01:09:39 --> Session: Class initialized using 'CodeIgniter\Session\Handlers\FileHandler' driver.
CRITICAL - 2024-01-24 01:09:39 --> Attempt to read property "nama_apel" on null
in APPPATH/Views/konten/mahasiswa/apel/index.php on line 13.
 1 APPPATH/Views/konten/mahasiswa/apel/index.php(13): CodeIgniter\Debug\Exceptions->errorHandler(2, 'Attempt to read property "nama_apel" on null', '/Applications/XAMPP/xamppfiles/htdocs/pembelajaran/app/Views/konten/mahasiswa/apel/index.php', 13)
 2 SYSTEMPATH/View/View.php(228): include('/Applications/XAMPP/xamppfiles/htdocs/pembelajaran/app/Views/konten/mahasiswa/apel/index.php')
 3 SYSTEMPATH/View/View.php(231): CodeIgniter\View\View->CodeIgniter\View\{closure}()
 4 SYSTEMPATH/Common.php(1190): CodeIgniter\View\View->render('konten/mahasiswa/apel/index', [], true)
 5 APPPATH/Controllers/MahasiswaApel.php(44): view('konten/mahasiswa/apel/index', [...])
 6 SYSTEMPATH/CodeIgniter.php(942): App\Controllers\MahasiswaApel->index()
 7 SYSTEMPATH/CodeIgniter.php(502): CodeIgniter\CodeIgniter->runController(Object(App\Controllers\MahasiswaApel))
 8 SYSTEMPATH/CodeIgniter.php(361): CodeIgniter\CodeIgniter->handleRequest(null, Object(Config\Cache), false)
 9 FCPATH/index.php(79): CodeIgniter\CodeIgniter->run()
10 SYSTEMPATH/Commands/Server/rewrite.php(47): require_once('/Applications/XAMPP/xamppfiles/htdocs/pembelajaran/public/index.php')
INFO - 2024-01-24 01:13:32 --> Session: Class initialized using 'CodeIgniter\Session\Handlers\FileHandler' driver.
CRITICAL - 2024-01-24 01:13:32 --> Attempt to read property "nama_apel" on null
in APPPATH/Views/konten/mahasiswa/apel/index.php on line 13.
 1 APPPATH/Views/konten/mahasiswa/apel/index.php(13): CodeIgniter\Debug\Exceptions->errorHandler(2, 'Attempt to read property "nama_apel" on null', '/Applications/XAMPP/xamppfiles/htdocs/pembelajaran/app/Views/konten/mahasiswa/apel/index.php', 13)
 2 SYSTEMPATH/View/View.php(228): include('/Applications/XAMPP/xamppfiles/htdocs/pembelajaran/app/Views/konten/mahasiswa/apel/index.php')
 3 SYSTEMPATH/View/View.php(231): CodeIgniter\View\View->CodeIgniter\View\{closure}()
 4 SYSTEMPATH/Common.php(1190): CodeIgniter\View\View->render('konten/mahasiswa/apel/index', [], true)
 5 APPPATH/Controllers/MahasiswaApel.php(44): view('konten/mahasiswa/apel/index', [...])
 6 SYSTEMPATH/CodeIgniter.php(942): App\Controllers\MahasiswaApel->index()
 7 SYSTEMPATH/CodeIgniter.php(502): CodeIgniter\CodeIgniter->runController(Object(App\Controllers\MahasiswaApel))
 8 SYSTEMPATH/CodeIgniter.php(361): CodeIgniter\CodeIgniter->handleRequest(null, Object(Config\Cache), false)
 9 FCPATH/index.php(79): CodeIgniter\CodeIgniter->run()
10 SYSTEMPATH/Commands/Server/rewrite.php(47): require_once('/Applications/XAMPP/xamppfiles/htdocs/pembelajaran/public/index.php')
INFO - 2024-01-24 01:14:07 --> Session: Class initialized using 'CodeIgniter\Session\Handlers\FileHandler' driver.
CRITICAL - 2024-01-24 01:14:07 --> Attempt to read property "nama_apel" on null
in APPPATH/Views/konten/mahasiswa/apel/index.php on line 13.
 1 APPPATH/Views/konten/mahasiswa/apel/index.php(13): CodeIgniter\Debug\Exceptions->errorHandler(2, 'Attempt to read property "nama_apel" on null', '/Applications/XAMPP/xamppfiles/htdocs/pembelajaran/app/Views/konten/mahasiswa/apel/index.php', 13)
 2 SYSTEMPATH/View/View.php(228): include('/Applications/XAMPP/xamppfiles/htdocs/pembelajaran/app/Views/konten/mahasiswa/apel/index.php')
 3 SYSTEMPATH/View/View.php(231): CodeIgniter\View\View->CodeIgniter\View\{closure}()
 4 SYSTEMPATH/Common.php(1190): CodeIgniter\View\View->render('konten/mahasiswa/apel/index', [], true)
 5 APPPATH/Controllers/MahasiswaApel.php(44): view('konten/mahasiswa/apel/index', [...])
 6 SYSTEMPATH/CodeIgniter.php(942): App\Controllers\MahasiswaApel->index()
 7 SYSTEMPATH/CodeIgniter.php(502): CodeIgniter\CodeIgniter->runController(Object(App\Controllers\MahasiswaApel))
 8 SYSTEMPATH/CodeIgniter.php(361): CodeIgniter\CodeIgniter->handleRequest(null, Object(Config\Cache), false)
 9 FCPATH/index.php(79): CodeIgniter\CodeIgniter->run()
10 SYSTEMPATH/Commands/Server/rewrite.php(47): require_once('/Applications/XAMPP/xamppfiles/htdocs/pembelajaran/public/index.php')
INFO - 2024-01-24 01:14:08 --> Session: Class initialized using 'CodeIgniter\Session\Handlers\FileHandler' driver.
CRITICAL - 2024-01-24 01:14:08 --> Attempt to read property "nama_apel" on null
in APPPATH/Views/konten/mahasiswa/apel/index.php on line 13.
 1 APPPATH/Views/konten/mahasiswa/apel/index.php(13): CodeIgniter\Debug\Exceptions->errorHandler(2, 'Attempt to read property "nama_apel" on null', '/Applications/XAMPP/xamppfiles/htdocs/pembelajaran/app/Views/konten/mahasiswa/apel/index.php', 13)
 2 SYSTEMPATH/View/View.php(228): include('/Applications/XAMPP/xamppfiles/htdocs/pembelajaran/app/Views/konten/mahasiswa/apel/index.php')
 3 SYSTEMPATH/View/View.php(231): CodeIgniter\View\View->CodeIgniter\View\{closure}()
 4 SYSTEMPATH/Common.php(1190): CodeIgniter\View\View->render('konten/mahasiswa/apel/index', [], true)
 5 APPPATH/Controllers/MahasiswaApel.php(44): view('konten/mahasiswa/apel/index', [...])
 6 SYSTEMPATH/CodeIgniter.php(942): App\Controllers\MahasiswaApel->index()
 7 SYSTEMPATH/CodeIgniter.php(502): CodeIgniter\CodeIgniter->runController(Object(App\Controllers\MahasiswaApel))
 8 SYSTEMPATH/CodeIgniter.php(361): CodeIgniter\CodeIgniter->handleRequest(null, Object(Config\Cache), false)
 9 FCPATH/index.php(79): CodeIgniter\CodeIgniter->run()
10 SYSTEMPATH/Commands/Server/rewrite.php(47): require_once('/Applications/XAMPP/xamppfiles/htdocs/pembelajaran/public/index.php')
INFO - 2024-01-24 01:14:23 --> Session: Class initialized using 'CodeIgniter\Session\Handlers\FileHandler' driver.
INFO - 2024-01-24 01:16:03 --> Session: Class initialized using 'CodeIgniter\Session\Handlers\FileHandler' driver.
INFO - 2024-01-24 01:16:14 --> Session: Class initialized using 'CodeIgniter\Session\Handlers\FileHandler' driver.
INFO - 2024-01-24 01:16:14 --> Session: Class initialized using 'CodeIgniter\Session\Handlers\FileHandler' driver.
INFO - 2024-01-24 01:16:38 --> Session: Class initialized using 'CodeIgniter\Session\Handlers\FileHandler' driver.
INFO - 2024-01-24 01:16:38 --> Session: Class initialized using 'CodeIgniter\Session\Handlers\FileHandler' driver.
INFO - 2024-01-24 01:16:38 --> Session: Class initialized using 'CodeIgniter\Session\Handlers\FileHandler' driver.
INFO - 2024-01-24 01:16:39 --> Session: Class initialized using 'CodeIgniter\Session\Handlers\FileHandler' driver.
INFO - 2024-01-24 01:16:43 --> Session: Class initialized using 'CodeIgniter\Session\Handlers\FileHandler' driver.
INFO - 2024-01-24 01:16:43 --> Session: Class initialized using 'CodeIgniter\Session\Handlers\FileHandler' driver.
INFO - 2024-01-24 01:16:45 --> Session: Class initialized using 'CodeIgniter\Session\Handlers\FileHandler' driver.
INFO - 2024-01-24 01:16:45 --> Session: Class initialized using 'CodeIgniter\Session\Handlers\FileHandler' driver.
INFO - 2024-01-24 01:20:37 --> Session: Class initialized using 'CodeIgniter\Session\Handlers\FileHandler' driver.
INFO - 2024-01-24 01:20:37 --> Session: Class initialized using 'CodeIgniter\Session\Handlers\FileHandler' driver.
INFO - 2024-01-24 01:20:43 --> Session: Class initialized using 'CodeIgniter\Session\Handlers\FileHandler' driver.
ERROR - 2024-01-24 01:20:43 --> mysqli_sql_exception: Unknown column 'apel_rencana.&' in 'field list' in /Applications/XAMPP/xamppfiles/htdocs/pembelajaran/system/Database/MySQLi/Connection.php:306
Stack trace:
#0 /Applications/XAMPP/xamppfiles/htdocs/pembelajaran/system/Database/MySQLi/Connection.php(306): mysqli->query('SELECT `apel_re...', 0)
#1 /Applications/XAMPP/xamppfiles/htdocs/pembelajaran/system/Database/BaseConnection.php(693): CodeIgniter\Database\MySQLi\Connection->execute('SELECT `apel_re...')
#2 /Applications/XAMPP/xamppfiles/htdocs/pembelajaran/system/Database/BaseConnection.php(607): CodeIgniter\Database\BaseConnection->simpleQuery('SELECT `apel_re...')
#3 /Applications/XAMPP/xamppfiles/htdocs/pembelajaran/system/Database/BaseBuilder.php(1615): CodeIgniter\Database\BaseConnection->query('SELECT `apel_re...', Array, false)
#4 /Applications/XAMPP/xamppfiles/htdocs/pembelajaran/app/Models/Mahasiswa/MahasiswaApelModel.php(29): CodeIgniter\Database\BaseBuilder->get()
#5 /Applications/XAMPP/xamppfiles/htdocs/pembelajaran/app/Controllers/MahasiswaApel.php(39): App\Models\Mahasiswa\MahasiswaApelModel->getApelToday()
#6 /Applications/XAMPP/xamppfiles/htdocs/pembelajaran/system/CodeIgniter.php(942): App\Controllers\MahasiswaApel->index()
#7 /Applications/XAMPP/xamppfiles/htdocs/pembelajaran/system/CodeIgniter.php(502): CodeIgniter\CodeIgniter->runController(Object(App\Controllers\MahasiswaApel))
#8 /Applications/XAMPP/xamppfiles/htdocs/pembelajaran/system/CodeIgniter.php(361): CodeIgniter\CodeIgniter->handleRequest(NULL, Object(Config\Cache), false)
#9 /Applications/XAMPP/xamppfiles/htdocs/pembelajaran/public/index.php(79): CodeIgniter\CodeIgniter->run()
#10 /Applications/XAMPP/xamppfiles/htdocs/pembelajaran/system/Commands/Server/rewrite.php(47): require_once('/Applications/X...')
#11 {main}
CRITICAL - 2024-01-24 01:20:43 --> Unknown column 'apel_rencana.&' in 'field list'
in SYSTEMPATH/Database/BaseConnection.php on line 647.
 1 SYSTEMPATH/Database/BaseBuilder.php(1615): CodeIgniter\Database\BaseConnection->query('SELECT `apel_rencana`.`&`
FROM `apel_rencana`
WHERE `apel_rencana`.`tanggal` = :apel_rencana.tanggal:', [...], false)
 2 APPPATH/Models/Mahasiswa/MahasiswaApelModel.php(29): CodeIgniter\Database\BaseBuilder->get()
 3 APPPATH/Controllers/MahasiswaApel.php(39): App\Models\Mahasiswa\MahasiswaApelModel->getApelToday()
 4 SYSTEMPATH/CodeIgniter.php(942): App\Controllers\MahasiswaApel->index()
 5 SYSTEMPATH/CodeIgniter.php(502): CodeIgniter\CodeIgniter->runController(Object(App\Controllers\MahasiswaApel))
 6 SYSTEMPATH/CodeIgniter.php(361): CodeIgniter\CodeIgniter->handleRequest(null, Object(Config\Cache), false)
 7 FCPATH/index.php(79): CodeIgniter\CodeIgniter->run()
 8 SYSTEMPATH/Commands/Server/rewrite.php(47): require_once('/Applications/XAMPP/xamppfiles/htdocs/pembelajaran/public/index.php')
INFO - 2024-01-24 01:20:52 --> Session: Class initialized using 'CodeIgniter\Session\Handlers\FileHandler' driver.
ERROR - 2024-01-24 01:20:52 --> mysqli_sql_exception: Unknown column 'apel_rencana.&' in 'field list' in /Applications/XAMPP/xamppfiles/htdocs/pembelajaran/system/Database/MySQLi/Connection.php:306
Stack trace:
#0 /Applications/XAMPP/xamppfiles/htdocs/pembelajaran/system/Database/MySQLi/Connection.php(306): mysqli->query('SELECT `apel_re...', 0)
#1 /Applications/XAMPP/xamppfiles/htdocs/pembelajaran/system/Database/BaseConnection.php(693): CodeIgniter\Database\MySQLi\Connection->execute('SELECT `apel_re...')
#2 /Applications/XAMPP/xamppfiles/htdocs/pembelajaran/system/Database/BaseConnection.php(607): CodeIgniter\Database\BaseConnection->simpleQuery('SELECT `apel_re...')
#3 /Applications/XAMPP/xamppfiles/htdocs/pembelajaran/system/Database/BaseBuilder.php(1615): CodeIgniter\Database\BaseConnection->query('SELECT `apel_re...', Array, false)
#4 /Applications/XAMPP/xamppfiles/htdocs/pembelajaran/app/Models/Mahasiswa/MahasiswaApelModel.php(29): CodeIgniter\Database\BaseBuilder->get()
#5 /Applications/XAMPP/xamppfiles/htdocs/pembelajaran/app/Controllers/MahasiswaApel.php(39): App\Models\Mahasiswa\MahasiswaApelModel->getApelToday()
#6 /Applications/XAMPP/xamppfiles/htdocs/pembelajaran/system/CodeIgniter.php(942): App\Controllers\MahasiswaApel->index()
#7 /Applications/XAMPP/xamppfiles/htdocs/pembelajaran/system/CodeIgniter.php(502): CodeIgniter\CodeIgniter->runController(Object(App\Controllers\MahasiswaApel))
#8 /Applications/XAMPP/xamppfiles/htdocs/pembelajaran/system/CodeIgniter.php(361): CodeIgniter\CodeIgniter->handleRequest(NULL, Object(Config\Cache), false)
#9 /Applications/XAMPP/xamppfiles/htdocs/pembelajaran/public/index.php(79): CodeIgniter\CodeIgniter->run()
#10 /Applications/XAMPP/xamppfiles/htdocs/pembelajaran/system/Commands/Server/rewrite.php(47): require_once('/Applications/X...')
#11 {main}
CRITICAL - 2024-01-24 01:20:52 --> Unknown column 'apel_rencana.&' in 'field list'
in SYSTEMPATH/Database/BaseConnection.php on line 647.
 1 SYSTEMPATH/Database/BaseBuilder.php(1615): CodeIgniter\Database\BaseConnection->query('SELECT `apel_rencana`.`&`
FROM `apel_rencana`
WHERE `apel_rencana`.`tanggal` = :apel_rencana.tanggal:', [...], false)
 2 APPPATH/Models/Mahasiswa/MahasiswaApelModel.php(29): CodeIgniter\Database\BaseBuilder->get()
 3 APPPATH/Controllers/MahasiswaApel.php(39): App\Models\Mahasiswa\MahasiswaApelModel->getApelToday()
 4 SYSTEMPATH/CodeIgniter.php(942): App\Controllers\MahasiswaApel->index()
 5 SYSTEMPATH/CodeIgniter.php(502): CodeIgniter\CodeIgniter->runController(Object(App\Controllers\MahasiswaApel))
 6 SYSTEMPATH/CodeIgniter.php(361): CodeIgniter\CodeIgniter->handleRequest(null, Object(Config\Cache), false)
 7 FCPATH/index.php(79): CodeIgniter\CodeIgniter->run()
 8 SYSTEMPATH/Commands/Server/rewrite.php(47): require_once('/Applications/XAMPP/xamppfiles/htdocs/pembelajaran/public/index.php')
INFO - 2024-01-24 01:21:15 --> Session: Class initialized using 'CodeIgniter\Session\Handlers\FileHandler' driver.
ERROR - 2024-01-24 01:21:15 --> mysqli_sql_exception: Unknown column 'apel_rencana.&' in 'field list' in /Applications/XAMPP/xamppfiles/htdocs/pembelajaran/system/Database/MySQLi/Connection.php:306
Stack trace:
#0 /Applications/XAMPP/xamppfiles/htdocs/pembelajaran/system/Database/MySQLi/Connection.php(306): mysqli->query('SELECT `apel_re...', 0)
#1 /Applications/XAMPP/xamppfiles/htdocs/pembelajaran/system/Database/BaseConnection.php(693): CodeIgniter\Database\MySQLi\Connection->execute('SELECT `apel_re...')
#2 /Applications/XAMPP/xamppfiles/htdocs/pembelajaran/system/Database/BaseConnection.php(607): CodeIgniter\Database\BaseConnection->simpleQuery('SELECT `apel_re...')
#3 /Applications/XAMPP/xamppfiles/htdocs/pembelajaran/system/Database/BaseBuilder.php(1615): CodeIgniter\Database\BaseConnection->query('SELECT `apel_re...', Array, false)
#4 /Applications/XAMPP/xamppfiles/htdocs/pembelajaran/app/Models/Mahasiswa/MahasiswaApelModel.php(29): CodeIgniter\Database\BaseBuilder->get()
#5 /Applications/XAMPP/xamppfiles/htdocs/pembelajaran/app/Controllers/MahasiswaApel.php(39): App\Models\Mahasiswa\MahasiswaApelModel->getApelToday()
#6 /Applications/XAMPP/xamppfiles/htdocs/pembelajaran/system/CodeIgniter.php(942): App\Controllers\MahasiswaApel->index()
#7 /Applications/XAMPP/xamppfiles/htdocs/pembelajaran/system/CodeIgniter.php(502): CodeIgniter\CodeIgniter->runController(Object(App\Controllers\MahasiswaApel))
#8 /Applications/XAMPP/xamppfiles/htdocs/pembelajaran/system/CodeIgniter.php(361): CodeIgniter\CodeIgniter->handleRequest(NULL, Object(Config\Cache), false)
#9 /Applications/XAMPP/xamppfiles/htdocs/pembelajaran/public/index.php(79): CodeIgniter\CodeIgniter->run()
#10 /Applications/XAMPP/xamppfiles/htdocs/pembelajaran/system/Commands/Server/rewrite.php(47): require_once('/Applications/X...')
#11 {main}
CRITICAL - 2024-01-24 01:21:15 --> Unknown column 'apel_rencana.&' in 'field list'
in SYSTEMPATH/Database/BaseConnection.php on line 647.
 1 SYSTEMPATH/Database/BaseBuilder.php(1615): CodeIgniter\Database\BaseConnection->query('SELECT `apel_rencana`.`&`
FROM `apel_rencana`
WHERE `apel_rencana`.`tanggal` = :apel_rencana.tanggal:', [...], false)
 2 APPPATH/Models/Mahasiswa/MahasiswaApelModel.php(29): CodeIgniter\Database\BaseBuilder->get()
 3 APPPATH/Controllers/MahasiswaApel.php(39): App\Models\Mahasiswa\MahasiswaApelModel->getApelToday()
 4 SYSTEMPATH/CodeIgniter.php(942): App\Controllers\MahasiswaApel->index()
 5 SYSTEMPATH/CodeIgniter.php(502): CodeIgniter\CodeIgniter->runController(Object(App\Controllers\MahasiswaApel))
 6 SYSTEMPATH/CodeIgniter.php(361): CodeIgniter\CodeIgniter->handleRequest(null, Object(Config\Cache), false)
 7 FCPATH/index.php(79): CodeIgniter\CodeIgniter->run()
 8 SYSTEMPATH/Commands/Server/rewrite.php(47): require_once('/Applications/XAMPP/xamppfiles/htdocs/pembelajaran/public/index.php')
INFO - 2024-01-24 01:21:21 --> Session: Class initialized using 'CodeIgniter\Session\Handlers\FileHandler' driver.
CRITICAL - 2024-01-24 01:21:21 --> Undefined property: stdClass::$status
in APPPATH/Views/konten/mahasiswa/apel/index.php on line 15.
 1 APPPATH/Views/konten/mahasiswa/apel/index.php(15): CodeIgniter\Debug\Exceptions->errorHandler(2, 'Undefined property: stdClass::$status', '/Applications/XAMPP/xamppfiles/htdocs/pembelajaran/app/Views/konten/mahasiswa/apel/index.php', 15)
 2 SYSTEMPATH/View/View.php(228): include('/Applications/XAMPP/xamppfiles/htdocs/pembelajaran/app/Views/konten/mahasiswa/apel/index.php')
 3 SYSTEMPATH/View/View.php(231): CodeIgniter\View\View->CodeIgniter\View\{closure}()
 4 SYSTEMPATH/Common.php(1190): CodeIgniter\View\View->render('konten/mahasiswa/apel/index', [], true)
 5 APPPATH/Controllers/MahasiswaApel.php(44): view('konten/mahasiswa/apel/index', [...])
 6 SYSTEMPATH/CodeIgniter.php(942): App\Controllers\MahasiswaApel->index()
 7 SYSTEMPATH/CodeIgniter.php(502): CodeIgniter\CodeIgniter->runController(Object(App\Controllers\MahasiswaApel))
 8 SYSTEMPATH/CodeIgniter.php(361): CodeIgniter\CodeIgniter->handleRequest(null, Object(Config\Cache), false)
 9 FCPATH/index.php(79): CodeIgniter\CodeIgniter->run()
10 SYSTEMPATH/Commands/Server/rewrite.php(47): require_once('/Applications/XAMPP/xamppfiles/htdocs/pembelajaran/public/index.php')
INFO - 2024-01-24 01:21:22 --> Session: Class initialized using 'CodeIgniter\Session\Handlers\FileHandler' driver.
CRITICAL - 2024-01-24 01:21:22 --> Undefined property: stdClass::$status
in APPPATH/Views/konten/mahasiswa/apel/index.php on line 15.
 1 APPPATH/Views/konten/mahasiswa/apel/index.php(15): CodeIgniter\Debug\Exceptions->errorHandler(2, 'Undefined property: stdClass::$status', '/Applications/XAMPP/xamppfiles/htdocs/pembelajaran/app/Views/konten/mahasiswa/apel/index.php', 15)
 2 SYSTEMPATH/View/View.php(228): include('/Applications/XAMPP/xamppfiles/htdocs/pembelajaran/app/Views/konten/mahasiswa/apel/index.php')
 3 SYSTEMPATH/View/View.php(231): CodeIgniter\View\View->CodeIgniter\View\{closure}()
 4 SYSTEMPATH/Common.php(1190): CodeIgniter\View\View->render('konten/mahasiswa/apel/index', [], true)
 5 APPPATH/Controllers/MahasiswaApel.php(44): view('konten/mahasiswa/apel/index', [...])
 6 SYSTEMPATH/CodeIgniter.php(942): App\Controllers\MahasiswaApel->index()
 7 SYSTEMPATH/CodeIgniter.php(502): CodeIgniter\CodeIgniter->runController(Object(App\Controllers\MahasiswaApel))
 8 SYSTEMPATH/CodeIgniter.php(361): CodeIgniter\CodeIgniter->handleRequest(null, Object(Config\Cache), false)
 9 FCPATH/index.php(79): CodeIgniter\CodeIgniter->run()
10 SYSTEMPATH/Commands/Server/rewrite.php(47): require_once('/Applications/XAMPP/xamppfiles/htdocs/pembelajaran/public/index.php')
INFO - 2024-01-24 01:26:42 --> Session: Class initialized using 'CodeIgniter\Session\Handlers\FileHandler' driver.
INFO - 2024-01-24 01:26:42 --> Session: Class initialized using 'CodeIgniter\Session\Handlers\FileHandler' driver.
INFO - 2024-01-24 01:28:17 --> Session: Class initialized using 'CodeIgniter\Session\Handlers\FileHandler' driver.
INFO - 2024-01-24 01:28:18 --> Session: Class initialized using 'CodeIgniter\Session\Handlers\FileHandler' driver.
INFO - 2024-01-24 01:40:33 --> Session: Class initialized using 'CodeIgniter\Session\Handlers\FileHandler' driver.
INFO - 2024-01-24 01:40:33 --> Session: Class initialized using 'CodeIgniter\Session\Handlers\FileHandler' driver.
INFO - 2024-01-24 01:40:34 --> Session: Class initialized using 'CodeIgniter\Session\Handlers\FileHandler' driver.
CRITICAL - 2024-01-24 01:40:34 --> Too few arguments to function App\Controllers\MahasiswaApel::bukaKelas(), 1 passed in /Applications/XAMPP/xamppfiles/htdocs/pembelajaran/system/CodeIgniter.php on line 942 and exactly 2 expected
in APPPATH/Controllers/MahasiswaApel.php on line 132.
 1 SYSTEMPATH/CodeIgniter.php(942): App\Controllers\MahasiswaApel->bukaKelas('NTg3MzQ0ZDctYjgwYS00MWM5LTkxMGYtMGUwNDljM2U3MWY0')
 2 SYSTEMPATH/CodeIgniter.php(502): CodeIgniter\CodeIgniter->runController(Object(App\Controllers\MahasiswaApel))
 3 SYSTEMPATH/CodeIgniter.php(361): CodeIgniter\CodeIgniter->handleRequest(null, Object(Config\Cache), false)
 4 FCPATH/index.php(79): CodeIgniter\CodeIgniter->run()
 5 SYSTEMPATH/Commands/Server/rewrite.php(47): require_once('/Applications/XAMPP/xamppfiles/htdocs/pembelajaran/public/index.php')
INFO - 2024-01-24 01:41:10 --> Session: Class initialized using 'CodeIgniter\Session\Handlers\FileHandler' driver.
INFO - 2024-01-24 01:41:10 --> Session: Class initialized using 'CodeIgniter\Session\Handlers\FileHandler' driver.
INFO - 2024-01-24 01:41:11 --> Session: Class initialized using 'CodeIgniter\Session\Handlers\FileHandler' driver.
ERROR - 2024-01-24 01:41:11 --> mysqli_sql_exception: You have an error in your SQL syntax; check the manual that corresponds to your MariaDB server version for the right syntax to use near '`AND`
WHERE `tahun_akademik`.`id` = '8dbf4515-8795-4fd2-a344-330f92925ff6'
AN...' at line 6 in /Applications/XAMPP/xamppfiles/htdocs/pembelajaran/system/Database/MySQLi/Connection.php:306
Stack trace:
#0 /Applications/XAMPP/xamppfiles/htdocs/pembelajaran/system/Database/MySQLi/Connection.php(306): mysqli->query('SELECT *\nFROM `...', 0)
#1 /Applications/XAMPP/xamppfiles/htdocs/pembelajaran/system/Database/BaseConnection.php(693): CodeIgniter\Database\MySQLi\Connection->execute('SELECT *\nFROM `...')
#2 /Applications/XAMPP/xamppfiles/htdocs/pembelajaran/system/Database/BaseConnection.php(607): CodeIgniter\Database\BaseConnection->simpleQuery('SELECT *\nFROM `...')
#3 /Applications/XAMPP/xamppfiles/htdocs/pembelajaran/system/Database/BaseBuilder.php(1615): CodeIgniter\Database\BaseConnection->query('SELECT *\nFROM `...', Array, false)
#4 /Applications/XAMPP/xamppfiles/htdocs/pembelajaran/app/Models/Mahasiswa/MahasiswaApelModel.php(69): CodeIgniter\Database\BaseBuilder->get()
#5 /Applications/XAMPP/xamppfiles/htdocs/pembelajaran/app/Controllers/MahasiswaApel.php(137): App\Models\Mahasiswa\MahasiswaApelModel->getKelasMahasiswa('8dbf4515-8795-4...')
#6 /Applications/XAMPP/xamppfiles/htdocs/pembelajaran/system/CodeIgniter.php(942): App\Controllers\MahasiswaApel->bukaKelas('587344d7-b80a-4...', '8dbf4515-8795-4...')
#7 /Applications/XAMPP/xamppfiles/htdocs/pembelajaran/system/CodeIgniter.php(502): CodeIgniter\CodeIgniter->runController(Object(App\Controllers\MahasiswaApel))
#8 /Applications/XAMPP/xamppfiles/htdocs/pembelajaran/system/CodeIgniter.php(361): CodeIgniter\CodeIgniter->handleRequest(NULL, Object(Config\Cache), false)
#9 /Applications/XAMPP/xamppfiles/htdocs/pembelajaran/public/index.php(79): CodeIgniter\CodeIgniter->run()
#10 /Applications/XAMPP/xamppfiles/htdocs/pembelajaran/system/Commands/Server/rewrite.php(47): require_once('/Applications/X...')
#11 {main}
CRITICAL - 2024-01-24 01:41:11 --> You have an error in your SQL syntax; check the manual that corresponds to your MariaDB server version for the right syntax to use near '`AND`
WHERE `tahun_akademik`.`id` = '8dbf4515-8795-4fd2-a344-330f92925ff6'
AN...' at line 6
in SYSTEMPATH/Database/BaseConnection.php on line 647.
 1 SYSTEMPATH/Database/BaseBuilder.php(1615): CodeIgniter\Database\BaseConnection->query('SELECT *
FROM `kelas_detail`
JOIN `kelas_master` ON `kelas_detail`.`kelas_master_id` = `kelas_detail`.`id`
JOIN `timdis_detail` ON `kelas_master`.`id` = `timdis_detail`.`kelas_master_id`
JOIN `timdis` ON `timdis_detail`.`timdis_id` = `timdis`.`id`
JOIN `tahun_akademik` ON `timdis`.`tahun_akademik_id` = `tahun_akademik`.`id` `AND`
WHERE `tahun_akademik`.`id` = :tahun_akademik.id:
AND `kelas_detail`.`jabatan` <> :kelas_detail.jabatan:
AND `kelas_detail`.`mahasiswa_id` = :kelas_detail.mahasiswa_id:', [...], false)
 2 APPPATH/Models/Mahasiswa/MahasiswaApelModel.php(69): CodeIgniter\Database\BaseBuilder->get()
 3 APPPATH/Controllers/MahasiswaApel.php(137): App\Models\Mahasiswa\MahasiswaApelModel->getKelasMahasiswa('8dbf4515-8795-4fd2-a344-330f92925ff6')
 4 SYSTEMPATH/CodeIgniter.php(942): App\Controllers\MahasiswaApel->bukaKelas('587344d7-b80a-41c9-910f-0e049c3e71f4', '8dbf4515-8795-4fd2-a344-330f92925ff6')
 5 SYSTEMPATH/CodeIgniter.php(502): CodeIgniter\CodeIgniter->runController(Object(App\Controllers\MahasiswaApel))
 6 SYSTEMPATH/CodeIgniter.php(361): CodeIgniter\CodeIgniter->handleRequest(null, Object(Config\Cache), false)
 7 FCPATH/index.php(79): CodeIgniter\CodeIgniter->run()
 8 SYSTEMPATH/Commands/Server/rewrite.php(47): require_once('/Applications/XAMPP/xamppfiles/htdocs/pembelajaran/public/index.php')
INFO - 2024-01-24 01:41:37 --> Session: Class initialized using 'CodeIgniter\Session\Handlers\FileHandler' driver.
INFO - 2024-01-24 01:41:37 --> Session: Class initialized using 'CodeIgniter\Session\Handlers\FileHandler' driver.
INFO - 2024-01-24 01:41:38 --> Session: Class initialized using 'CodeIgniter\Session\Handlers\FileHandler' driver.
ERROR - 2024-01-24 01:41:38 --> mysqli_sql_exception: You have an error in your SQL syntax; check the manual that corresponds to your MariaDB server version for the right syntax to use near '`AND`
WHERE `tahun_akademik`.`id` = '8dbf4515-8795-4fd2-a344-330f92925ff6'
AN...' at line 6 in /Applications/XAMPP/xamppfiles/htdocs/pembelajaran/system/Database/MySQLi/Connection.php:306
Stack trace:
#0 /Applications/XAMPP/xamppfiles/htdocs/pembelajaran/system/Database/MySQLi/Connection.php(306): mysqli->query('SELECT *\nFROM `...', 0)
#1 /Applications/XAMPP/xamppfiles/htdocs/pembelajaran/system/Database/BaseConnection.php(693): CodeIgniter\Database\MySQLi\Connection->execute('SELECT *\nFROM `...')
#2 /Applications/XAMPP/xamppfiles/htdocs/pembelajaran/system/Database/BaseConnection.php(607): CodeIgniter\Database\BaseConnection->simpleQuery('SELECT *\nFROM `...')
#3 /Applications/XAMPP/xamppfiles/htdocs/pembelajaran/system/Database/BaseBuilder.php(1615): CodeIgniter\Database\BaseConnection->query('SELECT *\nFROM `...', Array, false)
#4 /Applications/XAMPP/xamppfiles/htdocs/pembelajaran/app/Models/Mahasiswa/MahasiswaApelModel.php(69): CodeIgniter\Database\BaseBuilder->get()
#5 /Applications/XAMPP/xamppfiles/htdocs/pembelajaran/app/Controllers/MahasiswaApel.php(137): App\Models\Mahasiswa\MahasiswaApelModel->getKelasMahasiswa('8dbf4515-8795-4...')
#6 /Applications/XAMPP/xamppfiles/htdocs/pembelajaran/system/CodeIgniter.php(942): App\Controllers\MahasiswaApel->bukaKelas('587344d7-b80a-4...', '8dbf4515-8795-4...')
#7 /Applications/XAMPP/xamppfiles/htdocs/pembelajaran/system/CodeIgniter.php(502): CodeIgniter\CodeIgniter->runController(Object(App\Controllers\MahasiswaApel))
#8 /Applications/XAMPP/xamppfiles/htdocs/pembelajaran/system/CodeIgniter.php(361): CodeIgniter\CodeIgniter->handleRequest(NULL, Object(Config\Cache), false)
#9 /Applications/XAMPP/xamppfiles/htdocs/pembelajaran/public/index.php(79): CodeIgniter\CodeIgniter->run()
#10 /Applications/XAMPP/xamppfiles/htdocs/pembelajaran/system/Commands/Server/rewrite.php(47): require_once('/Applications/X...')
#11 {main}
CRITICAL - 2024-01-24 01:41:38 --> You have an error in your SQL syntax; check the manual that corresponds to your MariaDB server version for the right syntax to use near '`AND`
WHERE `tahun_akademik`.`id` = '8dbf4515-8795-4fd2-a344-330f92925ff6'
AN...' at line 6
in SYSTEMPATH/Database/BaseConnection.php on line 647.
 1 SYSTEMPATH/Database/BaseBuilder.php(1615): CodeIgniter\Database\BaseConnection->query('SELECT *
FROM `kelas_detail`
JOIN `kelas_master` ON `kelas_detail`.`kelas_master_id` = `kelas_detail`.`id`
JOIN `timdis_detail` ON `kelas_master`.`id` = `timdis_detail`.`kelas_master_id`
JOIN `timdis` ON `timdis_detail`.`timdis_id` = `timdis`.`id`
JOIN `tahun_akademik` ON `timdis`.`tahun_akademik_id` = `tahun_akademik`.`id` `AND`
WHERE `tahun_akademik`.`id` = :tahun_akademik.id:
AND `kelas_detail`.`jabatan` <> :kelas_detail.jabatan:
AND `kelas_detail`.`mahasiswa_id` = :kelas_detail.mahasiswa_id:', [...], false)
 2 APPPATH/Models/Mahasiswa/MahasiswaApelModel.php(69): CodeIgniter\Database\BaseBuilder->get()
 3 APPPATH/Controllers/MahasiswaApel.php(137): App\Models\Mahasiswa\MahasiswaApelModel->getKelasMahasiswa('8dbf4515-8795-4fd2-a344-330f92925ff6')
 4 SYSTEMPATH/CodeIgniter.php(942): App\Controllers\MahasiswaApel->bukaKelas('587344d7-b80a-41c9-910f-0e049c3e71f4', '8dbf4515-8795-4fd2-a344-330f92925ff6')
 5 SYSTEMPATH/CodeIgniter.php(502): CodeIgniter\CodeIgniter->runController(Object(App\Controllers\MahasiswaApel))
 6 SYSTEMPATH/CodeIgniter.php(361): CodeIgniter\CodeIgniter->handleRequest(null, Object(Config\Cache), false)
 7 FCPATH/index.php(79): CodeIgniter\CodeIgniter->run()
 8 SYSTEMPATH/Commands/Server/rewrite.php(47): require_once('/Applications/XAMPP/xamppfiles/htdocs/pembelajaran/public/index.php')
INFO - 2024-01-24 01:42:08 --> Session: Class initialized using 'CodeIgniter\Session\Handlers\FileHandler' driver.
INFO - 2024-01-24 01:44:01 --> Session: Class initialized using 'CodeIgniter\Session\Handlers\FileHandler' driver.
INFO - 2024-01-24 01:47:25 --> Session: Class initialized using 'CodeIgniter\Session\Handlers\FileHandler' driver.
INFO - 2024-01-24 01:47:27 --> Session: Class initialized using 'CodeIgniter\Session\Handlers\FileHandler' driver.
INFO - 2024-01-24 01:48:14 --> Session: Class initialized using 'CodeIgniter\Session\Handlers\FileHandler' driver.
INFO - 2024-01-24 01:48:48 --> Session: Class initialized using 'CodeIgniter\Session\Handlers\FileHandler' driver.
INFO - 2024-01-24 01:49:11 --> Session: Class initialized using 'CodeIgniter\Session\Handlers\FileHandler' driver.
INFO - 2024-01-24 01:53:33 --> Session: Class initialized using 'CodeIgniter\Session\Handlers\FileHandler' driver.
INFO - 2024-01-24 01:53:34 --> Session: Class initialized using 'CodeIgniter\Session\Handlers\FileHandler' driver.
INFO - 2024-01-24 01:56:12 --> Session: Class initialized using 'CodeIgniter\Session\Handlers\FileHandler' driver.
INFO - 2024-01-24 01:56:13 --> Session: Class initialized using 'CodeIgniter\Session\Handlers\FileHandler' driver.
INFO - 2024-01-24 01:56:14 --> Session: Class initialized using 'CodeIgniter\Session\Handlers\FileHandler' driver.
ERROR - 2024-01-24 01:56:14 --> mysqli_sql_exception: Unknown column 'generete' in 'field list' in /Applications/XAMPP/xamppfiles/htdocs/pembelajaran/system/Database/MySQLi/Connection.php:306
Stack trace:
#0 /Applications/XAMPP/xamppfiles/htdocs/pembelajaran/system/Database/MySQLi/Connection.php(306): mysqli->query('INSERT INTO `ap...', 0)
#1 /Applications/XAMPP/xamppfiles/htdocs/pembelajaran/system/Database/BaseConnection.php(693): CodeIgniter\Database\MySQLi\Connection->execute('INSERT INTO `ap...')
#2 /Applications/XAMPP/xamppfiles/htdocs/pembelajaran/system/Database/BaseConnection.php(607): CodeIgniter\Database\BaseConnection->simpleQuery('INSERT INTO `ap...')
#3 /Applications/XAMPP/xamppfiles/htdocs/pembelajaran/system/Database/BaseBuilder.php(2308): CodeIgniter\Database\BaseConnection->query('INSERT INTO `ap...', Array, false)
#4 /Applications/XAMPP/xamppfiles/htdocs/pembelajaran/app/Controllers/MahasiswaApel.php(155): CodeIgniter\Database\BaseBuilder->insert(Array)
#5 /Applications/XAMPP/xamppfiles/htdocs/pembelajaran/system/CodeIgniter.php(942): App\Controllers\MahasiswaApel->bukaKelas('587344d7-b80a-4...', '8dbf4515-8795-4...')
#6 /Applications/XAMPP/xamppfiles/htdocs/pembelajaran/system/CodeIgniter.php(502): CodeIgniter\CodeIgniter->runController(Object(App\Controllers\MahasiswaApel))
#7 /Applications/XAMPP/xamppfiles/htdocs/pembelajaran/system/CodeIgniter.php(361): CodeIgniter\CodeIgniter->handleRequest(NULL, Object(Config\Cache), false)
#8 /Applications/XAMPP/xamppfiles/htdocs/pembelajaran/public/index.php(79): CodeIgniter\CodeIgniter->run()
#9 /Applications/XAMPP/xamppfiles/htdocs/pembelajaran/system/Commands/Server/rewrite.php(47): require_once('/Applications/X...')
#10 {main}
INFO - 2024-01-24 01:56:14 --> Session: Class initialized using 'CodeIgniter\Session\Handlers\FileHandler' driver.
INFO - 2024-01-24 01:56:15 --> Session: Class initialized using 'CodeIgniter\Session\Handlers\FileHandler' driver.
INFO - 2024-01-24 01:56:46 --> Session: Class initialized using 'CodeIgniter\Session\Handlers\FileHandler' driver.
ERROR - 2024-01-24 01:56:46 --> mysqli_sql_exception: Unknown column 'generete' in 'field list' in /Applications/XAMPP/xamppfiles/htdocs/pembelajaran/system/Database/MySQLi/Connection.php:306
Stack trace:
#0 /Applications/XAMPP/xamppfiles/htdocs/pembelajaran/system/Database/MySQLi/Connection.php(306): mysqli->query('INSERT INTO `ap...', 0)
#1 /Applications/XAMPP/xamppfiles/htdocs/pembelajaran/system/Database/BaseConnection.php(693): CodeIgniter\Database\MySQLi\Connection->execute('INSERT INTO `ap...')
#2 /Applications/XAMPP/xamppfiles/htdocs/pembelajaran/system/Database/BaseConnection.php(607): CodeIgniter\Database\BaseConnection->simpleQuery('INSERT INTO `ap...')
#3 /Applications/XAMPP/xamppfiles/htdocs/pembelajaran/system/Database/BaseBuilder.php(2308): CodeIgniter\Database\BaseConnection->query('INSERT INTO `ap...', Array, false)
#4 /Applications/XAMPP/xamppfiles/htdocs/pembelajaran/app/Controllers/MahasiswaApel.php(155): CodeIgniter\Database\BaseBuilder->insert(Array)
#5 /Applications/XAMPP/xamppfiles/htdocs/pembelajaran/system/CodeIgniter.php(942): App\Controllers\MahasiswaApel->bukaKelas('587344d7-b80a-4...', '8dbf4515-8795-4...')
#6 /Applications/XAMPP/xamppfiles/htdocs/pembelajaran/system/CodeIgniter.php(502): CodeIgniter\CodeIgniter->runController(Object(App\Controllers\MahasiswaApel))
#7 /Applications/XAMPP/xamppfiles/htdocs/pembelajaran/system/CodeIgniter.php(361): CodeIgniter\CodeIgniter->handleRequest(NULL, Object(Config\Cache), false)
#8 /Applications/XAMPP/xamppfiles/htdocs/pembelajaran/public/index.php(79): CodeIgniter\CodeIgniter->run()
#9 /Applications/XAMPP/xamppfiles/htdocs/pembelajaran/system/Commands/Server/rewrite.php(47): require_once('/Applications/X...')
#10 {main}
INFO - 2024-01-24 01:56:46 --> Session: Class initialized using 'CodeIgniter\Session\Handlers\FileHandler' driver.
INFO - 2024-01-24 01:56:46 --> Session: Class initialized using 'CodeIgniter\Session\Handlers\FileHandler' driver.
INFO - 2024-01-24 01:57:59 --> Session: Class initialized using 'CodeIgniter\Session\Handlers\FileHandler' driver.
INFO - 2024-01-24 01:58:11 --> Session: Class initialized using 'CodeIgniter\Session\Handlers\FileHandler' driver.
ERROR - 2024-01-24 01:58:11 --> mysqli_sql_exception: Unknown column 'generete' in 'field list' in /Applications/XAMPP/xamppfiles/htdocs/pembelajaran/system/Database/MySQLi/Connection.php:306
Stack trace:
#0 /Applications/XAMPP/xamppfiles/htdocs/pembelajaran/system/Database/MySQLi/Connection.php(306): mysqli->query('INSERT INTO `ap...', 0)
#1 /Applications/XAMPP/xamppfiles/htdocs/pembelajaran/system/Database/BaseConnection.php(693): CodeIgniter\Database\MySQLi\Connection->execute('INSERT INTO `ap...')
#2 /Applications/XAMPP/xamppfiles/htdocs/pembelajaran/system/Database/BaseConnection.php(607): CodeIgniter\Database\BaseConnection->simpleQuery('INSERT INTO `ap...')
#3 /Applications/XAMPP/xamppfiles/htdocs/pembelajaran/system/Database/BaseBuilder.php(2308): CodeIgniter\Database\BaseConnection->query('INSERT INTO `ap...', Array, false)
#4 /Applications/XAMPP/xamppfiles/htdocs/pembelajaran/app/Controllers/MahasiswaApel.php(157): CodeIgniter\Database\BaseBuilder->insert(Array)
#5 /Applications/XAMPP/xamppfiles/htdocs/pembelajaran/system/CodeIgniter.php(942): App\Controllers\MahasiswaApel->bukaKelas('587344d7-b80a-4...', '8dbf4515-8795-4...')
#6 /Applications/XAMPP/xamppfiles/htdocs/pembelajaran/system/CodeIgniter.php(502): CodeIgniter\CodeIgniter->runController(Object(App\Controllers\MahasiswaApel))
#7 /Applications/XAMPP/xamppfiles/htdocs/pembelajaran/system/CodeIgniter.php(361): CodeIgniter\CodeIgniter->handleRequest(NULL, Object(Config\Cache), false)
#8 /Applications/XAMPP/xamppfiles/htdocs/pembelajaran/public/index.php(79): CodeIgniter\CodeIgniter->run()
#9 /Applications/XAMPP/xamppfiles/htdocs/pembelajaran/system/Commands/Server/rewrite.php(47): require_once('/Applications/X...')
#10 {main}
INFO - 2024-01-24 01:58:11 --> Session: Class initialized using 'CodeIgniter\Session\Handlers\FileHandler' driver.
INFO - 2024-01-24 01:58:11 --> Session: Class initialized using 'CodeIgniter\Session\Handlers\FileHandler' driver.
INFO - 2024-01-24 01:58:11 --> Session: Class initialized using 'CodeIgniter\Session\Handlers\FileHandler' driver.
INFO - 2024-01-24 01:58:12 --> Session: Class initialized using 'CodeIgniter\Session\Handlers\FileHandler' driver.
INFO - 2024-01-24 01:58:13 --> Session: Class initialized using 'CodeIgniter\Session\Handlers\FileHandler' driver.
ERROR - 2024-01-24 01:58:13 --> mysqli_sql_exception: Unknown column 'generete' in 'field list' in /Applications/XAMPP/xamppfiles/htdocs/pembelajaran/system/Database/MySQLi/Connection.php:306
Stack trace:
#0 /Applications/XAMPP/xamppfiles/htdocs/pembelajaran/system/Database/MySQLi/Connection.php(306): mysqli->query('INSERT INTO `ap...', 0)
#1 /Applications/XAMPP/xamppfiles/htdocs/pembelajaran/system/Database/BaseConnection.php(693): CodeIgniter\Database\MySQLi\Connection->execute('INSERT INTO `ap...')
#2 /Applications/XAMPP/xamppfiles/htdocs/pembelajaran/system/Database/BaseConnection.php(607): CodeIgniter\Database\BaseConnection->simpleQuery('INSERT INTO `ap...')
#3 /Applications/XAMPP/xamppfiles/htdocs/pembelajaran/system/Database/BaseBuilder.php(2308): CodeIgniter\Database\BaseConnection->query('INSERT INTO `ap...', Array, false)
#4 /Applications/XAMPP/xamppfiles/htdocs/pembelajaran/app/Controllers/MahasiswaApel.php(157): CodeIgniter\Database\BaseBuilder->insert(Array)
#5 /Applications/XAMPP/xamppfiles/htdocs/pembelajaran/system/CodeIgniter.php(942): App\Controllers\MahasiswaApel->bukaKelas('587344d7-b80a-4...', '8dbf4515-8795-4...')
#6 /Applications/XAMPP/xamppfiles/htdocs/pembelajaran/system/CodeIgniter.php(502): CodeIgniter\CodeIgniter->runController(Object(App\Controllers\MahasiswaApel))
#7 /Applications/XAMPP/xamppfiles/htdocs/pembelajaran/system/CodeIgniter.php(361): CodeIgniter\CodeIgniter->handleRequest(NULL, Object(Config\Cache), false)
#8 /Applications/XAMPP/xamppfiles/htdocs/pembelajaran/public/index.php(79): CodeIgniter\CodeIgniter->run()
#9 /Applications/XAMPP/xamppfiles/htdocs/pembelajaran/system/Commands/Server/rewrite.php(47): require_once('/Applications/X...')
#10 {main}
INFO - 2024-01-24 01:58:13 --> Session: Class initialized using 'CodeIgniter\Session\Handlers\FileHandler' driver.
INFO - 2024-01-24 01:58:13 --> Session: Class initialized using 'CodeIgniter\Session\Handlers\FileHandler' driver.
INFO - 2024-01-24 01:58:54 --> Session: Class initialized using 'CodeIgniter\Session\Handlers\FileHandler' driver.
ERROR - 2024-01-24 01:58:54 --> mysqli_sql_exception: Unknown column 'generete' in 'field list' in /Applications/XAMPP/xamppfiles/htdocs/pembelajaran/system/Database/MySQLi/Connection.php:306
Stack trace:
#0 /Applications/XAMPP/xamppfiles/htdocs/pembelajaran/system/Database/MySQLi/Connection.php(306): mysqli->query('INSERT INTO `ap...', 0)
#1 /Applications/XAMPP/xamppfiles/htdocs/pembelajaran/system/Database/BaseConnection.php(693): CodeIgniter\Database\MySQLi\Connection->execute('INSERT INTO `ap...')
#2 /Applications/XAMPP/xamppfiles/htdocs/pembelajaran/system/Database/BaseConnection.php(607): CodeIgniter\Database\BaseConnection->simpleQuery('INSERT INTO `ap...')
#3 /Applications/XAMPP/xamppfiles/htdocs/pembelajaran/system/Database/BaseBuilder.php(2308): CodeIgniter\Database\BaseConnection->query('INSERT INTO `ap...', Array, false)
#4 /Applications/XAMPP/xamppfiles/htdocs/pembelajaran/app/Controllers/MahasiswaApel.php(157): CodeIgniter\Database\BaseBuilder->insert(Array)
#5 /Applications/XAMPP/xamppfiles/htdocs/pembelajaran/system/CodeIgniter.php(942): App\Controllers\MahasiswaApel->bukaKelas('587344d7-b80a-4...', '8dbf4515-8795-4...')
#6 /Applications/XAMPP/xamppfiles/htdocs/pembelajaran/system/CodeIgniter.php(502): CodeIgniter\CodeIgniter->runController(Object(App\Controllers\MahasiswaApel))
#7 /Applications/XAMPP/xamppfiles/htdocs/pembelajaran/system/CodeIgniter.php(361): CodeIgniter\CodeIgniter->handleRequest(NULL, Object(Config\Cache), false)
#8 /Applications/XAMPP/xamppfiles/htdocs/pembelajaran/public/index.php(79): CodeIgniter\CodeIgniter->run()
#9 /Applications/XAMPP/xamppfiles/htdocs/pembelajaran/system/Commands/Server/rewrite.php(47): require_once('/Applications/X...')
#10 {main}
INFO - 2024-01-24 01:59:38 --> Session: Class initialized using 'CodeIgniter\Session\Handlers\FileHandler' driver.
INFO - 2024-01-24 01:59:39 --> Session: Class initialized using 'CodeIgniter\Session\Handlers\FileHandler' driver.
INFO - 2024-01-24 01:59:40 --> Session: Class initialized using 'CodeIgniter\Session\Handlers\FileHandler' driver.
INFO - 2024-01-24 01:59:46 --> Session: Class initialized using 'CodeIgniter\Session\Handlers\FileHandler' driver.
INFO - 2024-01-24 01:59:46 --> Session: Class initialized using 'CodeIgniter\Session\Handlers\FileHandler' driver.
CRITICAL - 2024-01-24 01:59:46 --> Undefined property: stdClass::$status
in APPPATH/Views/konten/mahasiswa/apel/index.php on line 16.
 1 APPPATH/Views/konten/mahasiswa/apel/index.php(16): CodeIgniter\Debug\Exceptions->errorHandler(2, 'Undefined property: stdClass::$status', '/Applications/XAMPP/xamppfiles/htdocs/pembelajaran/app/Views/konten/mahasiswa/apel/index.php', 16)
 2 SYSTEMPATH/View/View.php(228): include('/Applications/XAMPP/xamppfiles/htdocs/pembelajaran/app/Views/konten/mahasiswa/apel/index.php')
 3 SYSTEMPATH/View/View.php(231): CodeIgniter\View\View->CodeIgniter\View\{closure}()
 4 SYSTEMPATH/Common.php(1190): CodeIgniter\View\View->render('konten/mahasiswa/apel/index', [], true)
 5 APPPATH/Controllers/MahasiswaApel.php(45): view('konten/mahasiswa/apel/index', [...])
 6 SYSTEMPATH/CodeIgniter.php(942): App\Controllers\MahasiswaApel->index()
 7 SYSTEMPATH/CodeIgniter.php(502): CodeIgniter\CodeIgniter->runController(Object(App\Controllers\MahasiswaApel))
 8 SYSTEMPATH/CodeIgniter.php(361): CodeIgniter\CodeIgniter->handleRequest(null, Object(Config\Cache), false)
 9 FCPATH/index.php(79): CodeIgniter\CodeIgniter->run()
10 SYSTEMPATH/Commands/Server/rewrite.php(47): require_once('/Applications/XAMPP/xamppfiles/htdocs/pembelajaran/public/index.php')
INFO - 2024-01-24 02:05:41 --> Session: Class initialized using 'CodeIgniter\Session\Handlers\FileHandler' driver.
INFO - 2024-01-24 02:05:42 --> Session: Class initialized using 'CodeIgniter\Session\Handlers\FileHandler' driver.
INFO - 2024-01-24 02:06:12 --> Session: Class initialized using 'CodeIgniter\Session\Handlers\FileHandler' driver.
INFO - 2024-01-24 02:06:12 --> Session: Class initialized using 'CodeIgniter\Session\Handlers\FileHandler' driver.
INFO - 2024-01-24 02:06:40 --> Session: Class initialized using 'CodeIgniter\Session\Handlers\FileHandler' driver.
INFO - 2024-01-24 02:06:40 --> Session: Class initialized using 'CodeIgniter\Session\Handlers\FileHandler' driver.
INFO - 2024-01-24 02:10:25 --> Session: Class initialized using 'CodeIgniter\Session\Handlers\FileHandler' driver.
INFO - 2024-01-24 02:10:26 --> Session: Class initialized using 'CodeIgniter\Session\Handlers\FileHandler' driver.
INFO - 2024-01-24 02:10:26 --> Session: Class initialized using 'CodeIgniter\Session\Handlers\FileHandler' driver.
INFO - 2024-01-24 02:10:26 --> Session: Class initialized using 'CodeIgniter\Session\Handlers\FileHandler' driver.
INFO - 2024-01-24 02:10:27 --> Session: Class initialized using 'CodeIgniter\Session\Handlers\FileHandler' driver.
INFO - 2024-01-24 02:10:27 --> Session: Class initialized using 'CodeIgniter\Session\Handlers\FileHandler' driver.
INFO - 2024-01-24 02:10:28 --> Session: Class initialized using 'CodeIgniter\Session\Handlers\FileHandler' driver.
INFO - 2024-01-24 02:10:28 --> Session: Class initialized using 'CodeIgniter\Session\Handlers\FileHandler' driver.
INFO - 2024-01-24 02:10:38 --> Session: Class initialized using 'CodeIgniter\Session\Handlers\FileHandler' driver.
INFO - 2024-01-24 02:10:38 --> Session: Class initialized using 'CodeIgniter\Session\Handlers\FileHandler' driver.
INFO - 2024-01-24 02:10:38 --> Session: Class initialized using 'CodeIgniter\Session\Handlers\FileHandler' driver.
INFO - 2024-01-24 02:10:40 --> Session: Class initialized using 'CodeIgniter\Session\Handlers\FileHandler' driver.
INFO - 2024-01-24 02:10:40 --> Session: Class initialized using 'CodeIgniter\Session\Handlers\FileHandler' driver.
INFO - 2024-01-24 02:10:44 --> Session: Class initialized using 'CodeIgniter\Session\Handlers\FileHandler' driver.
INFO - 2024-01-24 02:10:44 --> Session: Class initialized using 'CodeIgniter\Session\Handlers\FileHandler' driver.
INFO - 2024-01-24 02:11:21 --> Session: Class initialized using 'CodeIgniter\Session\Handlers\FileHandler' driver.
INFO - 2024-01-24 02:11:21 --> Session: Class initialized using 'CodeIgniter\Session\Handlers\FileHandler' driver.
INFO - 2024-01-24 02:11:26 --> Session: Class initialized using 'CodeIgniter\Session\Handlers\FileHandler' driver.
INFO - 2024-01-24 02:11:26 --> Session: Class initialized using 'CodeIgniter\Session\Handlers\FileHandler' driver.
INFO - 2024-01-24 02:11:36 --> Session: Class initialized using 'CodeIgniter\Session\Handlers\FileHandler' driver.
INFO - 2024-01-24 02:11:36 --> Session: Class initialized using 'CodeIgniter\Session\Handlers\FileHandler' driver.
INFO - 2024-01-24 02:11:36 --> Session: Class initialized using 'CodeIgniter\Session\Handlers\FileHandler' driver.
INFO - 2024-01-24 02:11:39 --> Session: Class initialized using 'CodeIgniter\Session\Handlers\FileHandler' driver.
INFO - 2024-01-24 02:11:39 --> Session: Class initialized using 'CodeIgniter\Session\Handlers\FileHandler' driver.
INFO - 2024-01-24 02:11:40 --> Session: Class initialized using 'CodeIgniter\Session\Handlers\FileHandler' driver.
INFO - 2024-01-24 02:11:40 --> Session: Class initialized using 'CodeIgniter\Session\Handlers\FileHandler' driver.
INFO - 2024-01-24 02:11:40 --> Session: Class initialized using 'CodeIgniter\Session\Handlers\FileHandler' driver.
INFO - 2024-01-24 02:11:54 --> Session: Class initialized using 'CodeIgniter\Session\Handlers\FileHandler' driver.
INFO - 2024-01-24 02:11:55 --> Session: Class initialized using 'CodeIgniter\Session\Handlers\FileHandler' driver.
INFO - 2024-01-24 02:12:05 --> Session: Class initialized using 'CodeIgniter\Session\Handlers\FileHandler' driver.
INFO - 2024-01-24 02:12:05 --> Session: Class initialized using 'CodeIgniter\Session\Handlers\FileHandler' driver.
INFO - 2024-01-24 02:12:08 --> Session: Class initialized using 'CodeIgniter\Session\Handlers\FileHandler' driver.
INFO - 2024-01-24 02:12:08 --> Session: Class initialized using 'CodeIgniter\Session\Handlers\FileHandler' driver.
INFO - 2024-01-24 02:12:12 --> Session: Class initialized using 'CodeIgniter\Session\Handlers\FileHandler' driver.
INFO - 2024-01-24 02:12:12 --> Session: Class initialized using 'CodeIgniter\Session\Handlers\FileHandler' driver.
INFO - 2024-01-24 02:12:13 --> Session: Class initialized using 'CodeIgniter\Session\Handlers\FileHandler' driver.
INFO - 2024-01-24 02:12:15 --> Session: Class initialized using 'CodeIgniter\Session\Handlers\FileHandler' driver.
INFO - 2024-01-24 02:12:15 --> Session: Class initialized using 'CodeIgniter\Session\Handlers\FileHandler' driver.
INFO - 2024-01-24 02:13:07 --> Session: Class initialized using 'CodeIgniter\Session\Handlers\FileHandler' driver.
CRITICAL - 2024-01-24 02:13:07 --> syntax error, unexpected end of file, expecting "elseif" or "else" or "endif"
in APPPATH/Views/konten/mahasiswa/apel/index.php on line 70.
 1 SYSTEMPATH/View/View.php(231): CodeIgniter\View\View->CodeIgniter\View\{closure}()
 2 SYSTEMPATH/Common.php(1190): CodeIgniter\View\View->render('konten/mahasiswa/apel/index', [], true)
 3 APPPATH/Controllers/MahasiswaApel.php(46): view('konten/mahasiswa/apel/index', [...])
 4 SYSTEMPATH/CodeIgniter.php(942): App\Controllers\MahasiswaApel->index()
 5 SYSTEMPATH/CodeIgniter.php(502): CodeIgniter\CodeIgniter->runController(Object(App\Controllers\MahasiswaApel))
 6 SYSTEMPATH/CodeIgniter.php(361): CodeIgniter\CodeIgniter->handleRequest(null, Object(Config\Cache), false)
 7 FCPATH/index.php(79): CodeIgniter\CodeIgniter->run()
 8 SYSTEMPATH/Commands/Server/rewrite.php(47): require_once('/Applications/XAMPP/xamppfiles/htdocs/pembelajaran/public/index.php')
INFO - 2024-01-24 02:13:07 --> Session: Class initialized using 'CodeIgniter\Session\Handlers\FileHandler' driver.
CRITICAL - 2024-01-24 02:13:07 --> syntax error, unexpected end of file, expecting "elseif" or "else" or "endif"
in APPPATH/Views/konten/mahasiswa/apel/index.php on line 70.
 1 SYSTEMPATH/View/View.php(231): CodeIgniter\View\View->CodeIgniter\View\{closure}()
 2 SYSTEMPATH/Common.php(1190): CodeIgniter\View\View->render('konten/mahasiswa/apel/index', [], true)
 3 APPPATH/Controllers/MahasiswaApel.php(46): view('konten/mahasiswa/apel/index', [...])
 4 SYSTEMPATH/CodeIgniter.php(942): App\Controllers\MahasiswaApel->index()
 5 SYSTEMPATH/CodeIgniter.php(502): CodeIgniter\CodeIgniter->runController(Object(App\Controllers\MahasiswaApel))
 6 SYSTEMPATH/CodeIgniter.php(361): CodeIgniter\CodeIgniter->handleRequest(null, Object(Config\Cache), false)
 7 FCPATH/index.php(79): CodeIgniter\CodeIgniter->run()
 8 SYSTEMPATH/Commands/Server/rewrite.php(47): require_once('/Applications/XAMPP/xamppfiles/htdocs/pembelajaran/public/index.php')
INFO - 2024-01-24 02:13:27 --> Session: Class initialized using 'CodeIgniter\Session\Handlers\FileHandler' driver.
CRITICAL - 2024-01-24 02:13:27 --> syntax error, unexpected end of file, expecting "elseif" or "else" or "endif"
in APPPATH/Views/konten/mahasiswa/apel/index.php on line 70.
 1 SYSTEMPATH/View/View.php(231): CodeIgniter\View\View->CodeIgniter\View\{closure}()
 2 SYSTEMPATH/Common.php(1190): CodeIgniter\View\View->render('konten/mahasiswa/apel/index', [], true)
 3 APPPATH/Controllers/MahasiswaApel.php(46): view('konten/mahasiswa/apel/index', [...])
 4 SYSTEMPATH/CodeIgniter.php(942): App\Controllers\MahasiswaApel->index()
 5 SYSTEMPATH/CodeIgniter.php(502): CodeIgniter\CodeIgniter->runController(Object(App\Controllers\MahasiswaApel))
 6 SYSTEMPATH/CodeIgniter.php(361): CodeIgniter\CodeIgniter->handleRequest(null, Object(Config\Cache), false)
 7 FCPATH/index.php(79): CodeIgniter\CodeIgniter->run()
 8 SYSTEMPATH/Commands/Server/rewrite.php(47): require_once('/Applications/XAMPP/xamppfiles/htdocs/pembelajaran/public/index.php')
INFO - 2024-01-24 02:13:38 --> Session: Class initialized using 'CodeIgniter\Session\Handlers\FileHandler' driver.
INFO - 2024-01-24 02:13:38 --> Session: Class initialized using 'CodeIgniter\Session\Handlers\FileHandler' driver.
INFO - 2024-01-24 02:13:41 --> Session: Class initialized using 'CodeIgniter\Session\Handlers\FileHandler' driver.
INFO - 2024-01-24 02:13:41 --> Session: Class initialized using 'CodeIgniter\Session\Handlers\FileHandler' driver.
INFO - 2024-01-24 02:13:46 --> Session: Class initialized using 'CodeIgniter\Session\Handlers\FileHandler' driver.
INFO - 2024-01-24 02:13:46 --> Session: Class initialized using 'CodeIgniter\Session\Handlers\FileHandler' driver.
INFO - 2024-01-24 02:13:46 --> Session: Class initialized using 'CodeIgniter\Session\Handlers\FileHandler' driver.
INFO - 2024-01-24 02:13:48 --> Session: Class initialized using 'CodeIgniter\Session\Handlers\FileHandler' driver.
INFO - 2024-01-24 02:13:49 --> Session: Class initialized using 'CodeIgniter\Session\Handlers\FileHandler' driver.
INFO - 2024-01-24 02:13:49 --> Session: Class initialized using 'CodeIgniter\Session\Handlers\FileHandler' driver.
INFO - 2024-01-24 02:13:49 --> Session: Class initialized using 'CodeIgniter\Session\Handlers\FileHandler' driver.
INFO - 2024-01-24 02:14:03 --> Session: Class initialized using 'CodeIgniter\Session\Handlers\FileHandler' driver.
INFO - 2024-01-24 02:14:03 --> Session: Class initialized using 'CodeIgniter\Session\Handlers\FileHandler' driver.
INFO - 2024-01-24 02:14:04 --> Session: Class initialized using 'CodeIgniter\Session\Handlers\FileHandler' driver.
INFO - 2024-01-24 02:14:04 --> Session: Class initialized using 'CodeIgniter\Session\Handlers\FileHandler' driver.
INFO - 2024-01-24 02:14:04 --> Session: Class initialized using 'CodeIgniter\Session\Handlers\FileHandler' driver.
INFO - 2024-01-24 02:14:15 --> Session: Class initialized using 'CodeIgniter\Session\Handlers\FileHandler' driver.
INFO - 2024-01-24 02:14:15 --> Session: Class initialized using 'CodeIgniter\Session\Handlers\FileHandler' driver.
INFO - 2024-01-24 02:14:20 --> Session: Class initialized using 'CodeIgniter\Session\Handlers\FileHandler' driver.
INFO - 2024-01-24 02:14:20 --> Session: Class initialized using 'CodeIgniter\Session\Handlers\FileHandler' driver.
INFO - 2024-01-24 02:14:20 --> Session: Class initialized using 'CodeIgniter\Session\Handlers\FileHandler' driver.
INFO - 2024-01-24 02:14:22 --> Session: Class initialized using 'CodeIgniter\Session\Handlers\FileHandler' driver.
INFO - 2024-01-24 02:14:22 --> Session: Class initialized using 'CodeIgniter\Session\Handlers\FileHandler' driver.
INFO - 2024-01-24 02:14:22 --> Session: Class initialized using 'CodeIgniter\Session\Handlers\FileHandler' driver.
INFO - 2024-01-24 02:14:23 --> Session: Class initialized using 'CodeIgniter\Session\Handlers\FileHandler' driver.
INFO - 2024-01-24 02:14:27 --> Session: Class initialized using 'CodeIgniter\Session\Handlers\FileHandler' driver.
INFO - 2024-01-24 02:14:27 --> Session: Class initialized using 'CodeIgniter\Session\Handlers\FileHandler' driver.
INFO - 2024-01-24 02:15:03 --> Session: Class initialized using 'CodeIgniter\Session\Handlers\FileHandler' driver.
INFO - 2024-01-24 02:15:03 --> Session: Class initialized using 'CodeIgniter\Session\Handlers\FileHandler' driver.
INFO - 2024-01-24 02:15:05 --> Session: Class initialized using 'CodeIgniter\Session\Handlers\FileHandler' driver.
INFO - 2024-01-24 02:15:05 --> Session: Class initialized using 'CodeIgniter\Session\Handlers\FileHandler' driver.
INFO - 2024-01-24 02:15:07 --> Session: Class initialized using 'CodeIgniter\Session\Handlers\FileHandler' driver.
INFO - 2024-01-24 02:15:07 --> Session: Class initialized using 'CodeIgniter\Session\Handlers\FileHandler' driver.
INFO - 2024-01-24 02:15:09 --> Session: Class initialized using 'CodeIgniter\Session\Handlers\FileHandler' driver.
INFO - 2024-01-24 02:15:09 --> Session: Class initialized using 'CodeIgniter\Session\Handlers\FileHandler' driver.
INFO - 2024-01-24 02:15:54 --> Session: Class initialized using 'CodeIgniter\Session\Handlers\FileHandler' driver.
INFO - 2024-01-24 02:15:54 --> Session: Class initialized using 'CodeIgniter\Session\Handlers\FileHandler' driver.
INFO - 2024-01-24 02:16:16 --> Session: Class initialized using 'CodeIgniter\Session\Handlers\FileHandler' driver.
INFO - 2024-01-24 02:16:16 --> Session: Class initialized using 'CodeIgniter\Session\Handlers\FileHandler' driver.
INFO - 2024-01-24 02:16:22 --> Session: Class initialized using 'CodeIgniter\Session\Handlers\FileHandler' driver.
INFO - 2024-01-24 02:16:22 --> Session: Class initialized using 'CodeIgniter\Session\Handlers\FileHandler' driver.
INFO - 2024-01-24 02:16:28 --> Session: Class initialized using 'CodeIgniter\Session\Handlers\FileHandler' driver.
INFO - 2024-01-24 02:16:28 --> Session: Class initialized using 'CodeIgniter\Session\Handlers\FileHandler' driver.
INFO - 2024-01-24 02:16:28 --> Session: Class initialized using 'CodeIgniter\Session\Handlers\FileHandler' driver.
INFO - 2024-01-24 02:16:31 --> Session: Class initialized using 'CodeIgniter\Session\Handlers\FileHandler' driver.
INFO - 2024-01-24 02:16:31 --> Session: Class initialized using 'CodeIgniter\Session\Handlers\FileHandler' driver.
INFO - 2024-01-24 02:18:56 --> Session: Class initialized using 'CodeIgniter\Session\Handlers\FileHandler' driver.
INFO - 2024-01-24 02:18:56 --> Session: Class initialized using 'CodeIgniter\Session\Handlers\FileHandler' driver.
INFO - 2024-01-24 02:19:23 --> Session: Class initialized using 'CodeIgniter\Session\Handlers\FileHandler' driver.
INFO - 2024-01-24 02:19:23 --> Session: Class initialized using 'CodeIgniter\Session\Handlers\FileHandler' driver.
INFO - 2024-01-24 02:20:45 --> Session: Class initialized using 'CodeIgniter\Session\Handlers\FileHandler' driver.
INFO - 2024-01-24 02:20:45 --> Session: Class initialized using 'CodeIgniter\Session\Handlers\FileHandler' driver.
INFO - 2024-01-24 02:20:51 --> Session: Class initialized using 'CodeIgniter\Session\Handlers\FileHandler' driver.
INFO - 2024-01-24 02:20:52 --> Session: Class initialized using 'CodeIgniter\Session\Handlers\FileHandler' driver.
INFO - 2024-01-24 02:21:07 --> Session: Class initialized using 'CodeIgniter\Session\Handlers\FileHandler' driver.
INFO - 2024-01-24 02:21:07 --> Session: Class initialized using 'CodeIgniter\Session\Handlers\FileHandler' driver.
INFO - 2024-01-24 02:23:58 --> Session: Class initialized using 'CodeIgniter\Session\Handlers\FileHandler' driver.
INFO - 2024-01-24 02:23:59 --> Session: Class initialized using 'CodeIgniter\Session\Handlers\FileHandler' driver.
INFO - 2024-01-24 02:25:10 --> Session: Class initialized using 'CodeIgniter\Session\Handlers\FileHandler' driver.
INFO - 2024-01-24 02:25:10 --> Session: Class initialized using 'CodeIgniter\Session\Handlers\FileHandler' driver.
INFO - 2024-01-24 02:25:12 --> Session: Class initialized using 'CodeIgniter\Session\Handlers\FileHandler' driver.
INFO - 2024-01-24 02:25:12 --> Session: Class initialized using 'CodeIgniter\Session\Handlers\FileHandler' driver.
INFO - 2024-01-24 02:25:12 --> Session: Class initialized using 'CodeIgniter\Session\Handlers\FileHandler' driver.
INFO - 2024-01-24 02:25:19 --> Session: Class initialized using 'CodeIgniter\Session\Handlers\FileHandler' driver.
ERROR - 2024-01-24 02:25:19 --> mysqli_sql_exception: Duplicate entry '587344d7-b80a-41c9-910f-0e049c3e71f4-1b48e747-8a98-4421-93f3-...' for key 'apel_rencana_id' in /Applications/XAMPP/xamppfiles/htdocs/pembelajaran/system/Database/MySQLi/Connection.php:306
Stack trace:
#0 /Applications/XAMPP/xamppfiles/htdocs/pembelajaran/system/Database/MySQLi/Connection.php(306): mysqli->query('INSERT INTO `ap...', 0)
#1 /Applications/XAMPP/xamppfiles/htdocs/pembelajaran/system/Database/BaseConnection.php(693): CodeIgniter\Database\MySQLi\Connection->execute('INSERT INTO `ap...')
#2 /Applications/XAMPP/xamppfiles/htdocs/pembelajaran/system/Database/BaseConnection.php(607): CodeIgniter\Database\BaseConnection->simpleQuery('INSERT INTO `ap...')
#3 /Applications/XAMPP/xamppfiles/htdocs/pembelajaran/system/Database/BaseBuilder.php(2308): CodeIgniter\Database\BaseConnection->query('INSERT INTO `ap...', Array, false)
#4 /Applications/XAMPP/xamppfiles/htdocs/pembelajaran/app/Controllers/DosenApel.php(292): CodeIgniter\Database\BaseBuilder->insert(Array)
#5 /Applications/XAMPP/xamppfiles/htdocs/pembelajaran/system/CodeIgniter.php(942): App\Controllers\DosenApel->apelSeninBarcode('NTg3MzQ0ZDctYjg...', 'MWI0OGU3NDctOGE...')
#6 /Applications/XAMPP/xamppfiles/htdocs/pembelajaran/system/CodeIgniter.php(502): CodeIgniter\CodeIgniter->runController(Object(App\Controllers\DosenApel))
#7 /Applications/XAMPP/xamppfiles/htdocs/pembelajaran/system/CodeIgniter.php(361): CodeIgniter\CodeIgniter->handleRequest(NULL, Object(Config\Cache), false)
#8 /Applications/XAMPP/xamppfiles/htdocs/pembelajaran/public/index.php(79): CodeIgniter\CodeIgniter->run()
#9 /Applications/XAMPP/xamppfiles/htdocs/pembelajaran/system/Commands/Server/rewrite.php(47): require_once('/Applications/X...')
#10 {main}
INFO - 2024-01-24 02:25:19 --> Session: Class initialized using 'CodeIgniter\Session\Handlers\FileHandler' driver.
INFO - 2024-01-24 02:25:19 --> Session: Class initialized using 'CodeIgniter\Session\Handlers\FileHandler' driver.
INFO - 2024-01-24 02:25:40 --> Session: Class initialized using 'CodeIgniter\Session\Handlers\FileHandler' driver.
INFO - 2024-01-24 02:25:40 --> Session: Class initialized using 'CodeIgniter\Session\Handlers\FileHandler' driver.
INFO - 2024-01-24 02:26:26 --> Session: Class initialized using 'CodeIgniter\Session\Handlers\FileHandler' driver.
INFO - 2024-01-24 02:26:26 --> Session: Class initialized using 'CodeIgniter\Session\Handlers\FileHandler' driver.
INFO - 2024-01-24 02:26:28 --> Session: Class initialized using 'CodeIgniter\Session\Handlers\FileHandler' driver.
INFO - 2024-01-24 02:26:28 --> Session: Class initialized using 'CodeIgniter\Session\Handlers\FileHandler' driver.
INFO - 2024-01-24 02:32:07 --> Session: Class initialized using 'CodeIgniter\Session\Handlers\FileHandler' driver.
INFO - 2024-01-24 02:32:08 --> Session: Class initialized using 'CodeIgniter\Session\Handlers\FileHandler' driver.
INFO - 2024-01-24 02:34:22 --> Session: Class initialized using 'CodeIgniter\Session\Handlers\FileHandler' driver.
INFO - 2024-01-24 02:34:23 --> Session: Class initialized using 'CodeIgniter\Session\Handlers\FileHandler' driver.
INFO - 2024-01-24 02:43:48 --> Session: Class initialized using 'CodeIgniter\Session\Handlers\FileHandler' driver.
INFO - 2024-01-24 02:43:49 --> Session: Class initialized using 'CodeIgniter\Session\Handlers\FileHandler' driver.
INFO - 2024-01-24 02:43:51 --> Session: Class initialized using 'CodeIgniter\Session\Handlers\FileHandler' driver.
CRITICAL - 2024-01-24 02:43:51 --> Attempt to read property "timdis_id" on null
in APPPATH/Controllers/DosenApel.php on line 253.
 1 APPPATH/Controllers/DosenApel.php(253): CodeIgniter\Debug\Exceptions->errorHandler(2, 'Attempt to read property "timdis_id" on null', '/Applications/XAMPP/xamppfiles/htdocs/pembelajaran/app/Controllers/DosenApel.php', 253)
 2 SYSTEMPATH/CodeIgniter.php(942): App\Controllers\DosenApel->apelSeninBarcode('NTg3MzQ0ZDctYjgwYS00MWM5LTkxMGYtMGUwNDljM2U3MWY0', 'MWI0OGU3NDctOGE5OC00NDIxLTkzZjMtNTc3MDZkYWVkZGIw')
 3 SYSTEMPATH/CodeIgniter.php(502): CodeIgniter\CodeIgniter->runController(Object(App\Controllers\DosenApel))
 4 SYSTEMPATH/CodeIgniter.php(361): CodeIgniter\CodeIgniter->handleRequest(null, Object(Config\Cache), false)
 5 FCPATH/index.php(79): CodeIgniter\CodeIgniter->run()
 6 SYSTEMPATH/Commands/Server/rewrite.php(47): require_once('/Applications/XAMPP/xamppfiles/htdocs/pembelajaran/public/index.php')
INFO - 2024-01-24 02:44:03 --> Session: Class initialized using 'CodeIgniter\Session\Handlers\FileHandler' driver.
INFO - 2024-01-24 02:47:03 --> Session: Class initialized using 'CodeIgniter\Session\Handlers\FileHandler' driver.
INFO - 2024-01-24 02:47:24 --> Session: Class initialized using 'CodeIgniter\Session\Handlers\FileHandler' driver.
INFO - 2024-01-24 02:48:35 --> Session: Class initialized using 'CodeIgniter\Session\Handlers\FileHandler' driver.
INFO - 2024-01-24 02:49:36 --> Session: Class initialized using 'CodeIgniter\Session\Handlers\FileHandler' driver.
INFO - 2024-01-24 02:49:36 --> Session: Class initialized using 'CodeIgniter\Session\Handlers\FileHandler' driver.
INFO - 2024-01-24 02:50:56 --> Session: Class initialized using 'CodeIgniter\Session\Handlers\FileHandler' driver.
INFO - 2024-01-24 02:50:56 --> Session: Class initialized using 'CodeIgniter\Session\Handlers\FileHandler' driver.
INFO - 2024-01-24 02:50:57 --> Session: Class initialized using 'CodeIgniter\Session\Handlers\FileHandler' driver.
INFO - 2024-01-24 02:51:04 --> Session: Class initialized using 'CodeIgniter\Session\Handlers\FileHandler' driver.
INFO - 2024-01-24 02:51:07 --> Session: Class initialized using 'CodeIgniter\Session\Handlers\FileHandler' driver.
INFO - 2024-01-24 02:51:08 --> Session: Class initialized using 'CodeIgniter\Session\Handlers\FileHandler' driver.
INFO - 2024-01-24 02:51:09 --> Session: Class initialized using 'CodeIgniter\Session\Handlers\FileHandler' driver.
INFO - 2024-01-24 02:51:10 --> Session: Class initialized using 'CodeIgniter\Session\Handlers\FileHandler' driver.
INFO - 2024-01-24 02:51:45 --> Session: Class initialized using 'CodeIgniter\Session\Handlers\FileHandler' driver.
INFO - 2024-01-24 02:52:25 --> Session: Class initialized using 'CodeIgniter\Session\Handlers\FileHandler' driver.
INFO - 2024-01-24 02:52:26 --> Session: Class initialized using 'CodeIgniter\Session\Handlers\FileHandler' driver.
INFO - 2024-01-24 02:53:03 --> Session: Class initialized using 'CodeIgniter\Session\Handlers\FileHandler' driver.
INFO - 2024-01-24 02:53:04 --> Session: Class initialized using 'CodeIgniter\Session\Handlers\FileHandler' driver.
INFO - 2024-01-24 02:54:11 --> Session: Class initialized using 'CodeIgniter\Session\Handlers\FileHandler' driver.
INFO - 2024-01-24 02:54:11 --> Session: Class initialized using 'CodeIgniter\Session\Handlers\FileHandler' driver.
INFO - 2024-01-24 02:54:13 --> Session: Class initialized using 'CodeIgniter\Session\Handlers\FileHandler' driver.
INFO - 2024-01-24 02:54:13 --> Session: Class initialized using 'CodeIgniter\Session\Handlers\FileHandler' driver.
INFO - 2024-01-24 02:54:13 --> Session: Class initialized using 'CodeIgniter\Session\Handlers\FileHandler' driver.
INFO - 2024-01-24 02:54:59 --> Session: Class initialized using 'CodeIgniter\Session\Handlers\FileHandler' driver.
CRITICAL - 2024-01-24 02:54:59 --> Undefined property: stdClass::$status
in APPPATH/Views/konten/mahasiswa/apel/index.php on line 34.
 1 APPPATH/Views/konten/mahasiswa/apel/index.php(34): CodeIgniter\Debug\Exceptions->errorHandler(2, 'Undefined property: stdClass::$status', '/Applications/XAMPP/xamppfiles/htdocs/pembelajaran/app/Views/konten/mahasiswa/apel/index.php', 34)
 2 SYSTEMPATH/View/View.php(228): include('/Applications/XAMPP/xamppfiles/htdocs/pembelajaran/app/Views/konten/mahasiswa/apel/index.php')
 3 SYSTEMPATH/View/View.php(231): CodeIgniter\View\View->CodeIgniter\View\{closure}()
 4 SYSTEMPATH/Common.php(1190): CodeIgniter\View\View->render('konten/mahasiswa/apel/index', [], true)
 5 APPPATH/Controllers/MahasiswaApel.php(46): view('konten/mahasiswa/apel/index', [...])
 6 SYSTEMPATH/CodeIgniter.php(942): App\Controllers\MahasiswaApel->index()
 7 SYSTEMPATH/CodeIgniter.php(502): CodeIgniter\CodeIgniter->runController(Object(App\Controllers\MahasiswaApel))
 8 SYSTEMPATH/CodeIgniter.php(361): CodeIgniter\CodeIgniter->handleRequest(null, Object(Config\Cache), false)
 9 FCPATH/index.php(79): CodeIgniter\CodeIgniter->run()
10 SYSTEMPATH/Commands/Server/rewrite.php(47): require_once('/Applications/XAMPP/xamppfiles/htdocs/pembelajaran/public/index.php')
INFO - 2024-01-24 02:57:05 --> Session: Class initialized using 'CodeIgniter\Session\Handlers\FileHandler' driver.
INFO - 2024-01-24 02:57:05 --> Session: Class initialized using 'CodeIgniter\Session\Handlers\FileHandler' driver.
INFO - 2024-01-24 02:57:06 --> Session: Class initialized using 'CodeIgniter\Session\Handlers\FileHandler' driver.
INFO - 2024-01-24 02:57:07 --> Session: Class initialized using 'CodeIgniter\Session\Handlers\FileHandler' driver.
INFO - 2024-01-24 02:57:19 --> Session: Class initialized using 'CodeIgniter\Session\Handlers\FileHandler' driver.
INFO - 2024-01-24 02:57:23 --> Session: Class initialized using 'CodeIgniter\Session\Handlers\FileHandler' driver.
INFO - 2024-01-24 02:57:23 --> Session: Class initialized using 'CodeIgniter\Session\Handlers\FileHandler' driver.
INFO - 2024-01-24 02:57:40 --> Session: Class initialized using 'CodeIgniter\Session\Handlers\FileHandler' driver.
INFO - 2024-01-24 02:57:40 --> Session: Class initialized using 'CodeIgniter\Session\Handlers\FileHandler' driver.
INFO - 2024-01-24 02:57:42 --> Session: Class initialized using 'CodeIgniter\Session\Handlers\FileHandler' driver.
INFO - 2024-01-24 02:57:42 --> Session: Class initialized using 'CodeIgniter\Session\Handlers\FileHandler' driver.
INFO - 2024-01-24 02:57:56 --> Session: Class initialized using 'CodeIgniter\Session\Handlers\FileHandler' driver.
INFO - 2024-01-24 02:57:56 --> Session: Class initialized using 'CodeIgniter\Session\Handlers\FileHandler' driver.
INFO - 2024-01-24 02:57:57 --> Session: Class initialized using 'CodeIgniter\Session\Handlers\FileHandler' driver.
INFO - 2024-01-24 02:57:58 --> Session: Class initialized using 'CodeIgniter\Session\Handlers\FileHandler' driver.
INFO - 2024-01-24 03:00:15 --> Session: Class initialized using 'CodeIgniter\Session\Handlers\FileHandler' driver.
INFO - 2024-01-24 03:00:15 --> Session: Class initialized using 'CodeIgniter\Session\Handlers\FileHandler' driver.
INFO - 2024-01-24 03:02:12 --> Session: Class initialized using 'CodeIgniter\Session\Handlers\FileHandler' driver.
INFO - 2024-01-24 03:02:12 --> Session: Class initialized using 'CodeIgniter\Session\Handlers\FileHandler' driver.
INFO - 2024-01-24 03:03:09 --> Session: Class initialized using 'CodeIgniter\Session\Handlers\FileHandler' driver.
INFO - 2024-01-24 03:03:10 --> Session: Class initialized using 'CodeIgniter\Session\Handlers\FileHandler' driver.
INFO - 2024-01-24 03:06:13 --> Session: Class initialized using 'CodeIgniter\Session\Handlers\FileHandler' driver.
INFO - 2024-01-24 03:06:13 --> Session: Class initialized using 'CodeIgniter\Session\Handlers\FileHandler' driver.
INFO - 2024-01-24 03:08:47 --> Session: Class initialized using 'CodeIgniter\Session\Handlers\FileHandler' driver.
INFO - 2024-01-24 03:08:48 --> Session: Class initialized using 'CodeIgniter\Session\Handlers\FileHandler' driver.
INFO - 2024-01-24 03:08:50 --> Session: Class initialized using 'CodeIgniter\Session\Handlers\FileHandler' driver.
ERROR - 2024-01-24 03:08:50 --> mysqli_sql_exception: Unknown column 'apel_pelaksanaan.terlambat' in 'field list' in /Applications/XAMPP/xamppfiles/htdocs/pembelajaran/system/Database/MySQLi/Connection.php:306
Stack trace:
#0 /Applications/XAMPP/xamppfiles/htdocs/pembelajaran/system/Database/MySQLi/Connection.php(306): mysqli->query('SELECT `apel`.*...', 0)
#1 /Applications/XAMPP/xamppfiles/htdocs/pembelajaran/system/Database/BaseConnection.php(693): CodeIgniter\Database\MySQLi\Connection->execute('SELECT `apel`.*...')
#2 /Applications/XAMPP/xamppfiles/htdocs/pembelajaran/system/Database/BaseConnection.php(607): CodeIgniter\Database\BaseConnection->simpleQuery('SELECT `apel`.*...')
#3 /Applications/XAMPP/xamppfiles/htdocs/pembelajaran/system/Database/BaseBuilder.php(1615): CodeIgniter\Database\BaseConnection->query('SELECT `apel`.*...', Array, false)
#4 /Applications/XAMPP/xamppfiles/htdocs/pembelajaran/app/Helpers/url_helper.php(977): CodeIgniter\Database\BaseBuilder->get()
#5 /Applications/XAMPP/xamppfiles/htdocs/pembelajaran/app/Views/konten/mahasiswa/apel/index.php(32): sudahAbsenApelBelum('895700d3-9883-4...')
#6 /Applications/XAMPP/xamppfiles/htdocs/pembelajaran/system/View/View.php(228): include('/Applications/X...')
#7 /Applications/XAMPP/xamppfiles/htdocs/pembelajaran/system/View/View.php(231): CodeIgniter\View\View->CodeIgniter\View\{closure}()
#8 /Applications/XAMPP/xamppfiles/htdocs/pembelajaran/system/Common.php(1190): CodeIgniter\View\View->render('konten/mahasisw...', Array, true)
#9 /Applications/XAMPP/xamppfiles/htdocs/pembelajaran/app/Controllers/MahasiswaApel.php(46): view('konten/mahasisw...', Array)
#10 /Applications/XAMPP/xamppfiles/htdocs/pembelajaran/system/CodeIgniter.php(942): App\Controllers\MahasiswaApel->index()
#11 /Applications/XAMPP/xamppfiles/htdocs/pembelajaran/system/CodeIgniter.php(502): CodeIgniter\CodeIgniter->runController(Object(App\Controllers\MahasiswaApel))
#12 /Applications/XAMPP/xamppfiles/htdocs/pembelajaran/system/CodeIgniter.php(361): CodeIgniter\CodeIgniter->handleRequest(NULL, Object(Config\Cache), false)
#13 /Applications/XAMPP/xamppfiles/htdocs/pembelajaran/public/index.php(79): CodeIgniter\CodeIgniter->run()
#14 /Applications/XAMPP/xamppfiles/htdocs/pembelajaran/system/Commands/Server/rewrite.php(47): require_once('/Applications/X...')
#15 {main}
CRITICAL - 2024-01-24 03:08:50 --> Unknown column 'apel_pelaksanaan.terlambat' in 'field list'
in SYSTEMPATH/Database/BaseConnection.php on line 647.
 1 SYSTEMPATH/Database/BaseBuilder.php(1615): CodeIgniter\Database\BaseConnection->query('SELECT `apel`.*, `apel_rencana`.`minggu`, `apel_rencana`.`tanggal`, `apel_rencana`.`nama_apel`, `apel_pelaksanaan`.`status`, `apel_pelaksanaan`.`kehadiran`, `apel_pelaksanaan`.`terlambat`, `apel_pelaksanaan`.`berseragam`
FROM `apel_pelaksanaan`
JOIN `apel` ON `apel_pelaksanaan`.`apel_id` = `apel`.`id`
JOIN `apel_rencana` ON `apel`.`apel_rencana_id` = `apel_rencana`.`id`
WHERE `apel_pelaksanaan`.`mahasiswa_id` = :apel_pelaksanaan.mahasiswa_id:
AND `apel`.`id` = :apel.id:', [...], false)
 2 APPPATH/Helpers/url_helper.php(977): CodeIgniter\Database\BaseBuilder->get()
 3 APPPATH/Views/konten/mahasiswa/apel/index.php(32): sudahAbsenApelBelum('895700d3-9883-4886-8681-26ecb6380183')
 4 SYSTEMPATH/View/View.php(228): include('/Applications/XAMPP/xamppfiles/htdocs/pembelajaran/app/Views/konten/mahasiswa/apel/index.php')
 5 SYSTEMPATH/View/View.php(231): CodeIgniter\View\View->CodeIgniter\View\{closure}()
 6 SYSTEMPATH/Common.php(1190): CodeIgniter\View\View->render('konten/mahasiswa/apel/index', [], true)
 7 APPPATH/Controllers/MahasiswaApel.php(46): view('konten/mahasiswa/apel/index', [...])
 8 SYSTEMPATH/CodeIgniter.php(942): App\Controllers\MahasiswaApel->index()
 9 SYSTEMPATH/CodeIgniter.php(502): CodeIgniter\CodeIgniter->runController(Object(App\Controllers\MahasiswaApel))
10 SYSTEMPATH/CodeIgniter.php(361): CodeIgniter\CodeIgniter->handleRequest(null, Object(Config\Cache), false)
11 FCPATH/index.php(79): CodeIgniter\CodeIgniter->run()
12 SYSTEMPATH/Commands/Server/rewrite.php(47): require_once('/Applications/XAMPP/xamppfiles/htdocs/pembelajaran/public/index.php')
INFO - 2024-01-24 03:10:05 --> Session: Class initialized using 'CodeIgniter\Session\Handlers\FileHandler' driver.
INFO - 2024-01-24 03:10:05 --> Session: Class initialized using 'CodeIgniter\Session\Handlers\FileHandler' driver.
INFO - 2024-01-24 03:10:51 --> Session: Class initialized using 'CodeIgniter\Session\Handlers\FileHandler' driver.
INFO - 2024-01-24 03:10:51 --> Session: Class initialized using 'CodeIgniter\Session\Handlers\FileHandler' driver.
INFO - 2024-01-24 03:10:51 --> Session: Class initialized using 'CodeIgniter\Session\Handlers\FileHandler' driver.
INFO - 2024-01-24 03:10:55 --> Session: Class initialized using 'CodeIgniter\Session\Handlers\FileHandler' driver.
CRITICAL - 2024-01-24 03:10:55 --> Undefined property: stdClass::$terlambat
in APPPATH/Views/konten/dosen/apel/senin/absen.php on line 74.
 1 APPPATH/Views/konten/dosen/apel/senin/absen.php(74): CodeIgniter\Debug\Exceptions->errorHandler(2, 'Undefined property: stdClass::$terlambat', '/Applications/XAMPP/xamppfiles/htdocs/pembelajaran/app/Views/konten/dosen/apel/senin/absen.php', 74)
 2 SYSTEMPATH/View/View.php(228): include('/Applications/XAMPP/xamppfiles/htdocs/pembelajaran/app/Views/konten/dosen/apel/senin/absen.php')
 3 SYSTEMPATH/View/View.php(231): CodeIgniter\View\View->CodeIgniter\View\{closure}()
 4 SYSTEMPATH/Common.php(1190): CodeIgniter\View\View->render('konten/dosen/apel/senin/absen', [], true)
 5 APPPATH/Controllers/DosenApel.php(67): view('konten/dosen/apel/senin/absen', [...])
 6 SYSTEMPATH/CodeIgniter.php(942): App\Controllers\DosenApel->apelSeninLihat('NTg3MzQ0ZDctYjgwYS00MWM5LTkxMGYtMGUwNDljM2U3MWY0', 'MWJhMjBkMjktZDVmZC00NDFmLTk3NWYtOWYwMjY4YmJkODgz')
 7 SYSTEMPATH/CodeIgniter.php(502): CodeIgniter\CodeIgniter->runController(Object(App\Controllers\DosenApel))
 8 SYSTEMPATH/CodeIgniter.php(361): CodeIgniter\CodeIgniter->handleRequest(null, Object(Config\Cache), false)
 9 FCPATH/index.php(79): CodeIgniter\CodeIgniter->run()
10 SYSTEMPATH/Commands/Server/rewrite.php(47): require_once('/Applications/XAMPP/xamppfiles/htdocs/pembelajaran/public/index.php')
INFO - 2024-01-24 03:10:57 --> Session: Class initialized using 'CodeIgniter\Session\Handlers\FileHandler' driver.
INFO - 2024-01-24 03:10:57 --> Session: Class initialized using 'CodeIgniter\Session\Handlers\FileHandler' driver.
INFO - 2024-01-24 03:10:58 --> Session: Class initialized using 'CodeIgniter\Session\Handlers\FileHandler' driver.
INFO - 2024-01-24 03:10:59 --> Session: Class initialized using 'CodeIgniter\Session\Handlers\FileHandler' driver.
INFO - 2024-01-24 03:12:23 --> Session: Class initialized using 'CodeIgniter\Session\Handlers\FileHandler' driver.
INFO - 2024-01-24 03:12:23 --> Session: Class initialized using 'CodeIgniter\Session\Handlers\FileHandler' driver.
INFO - 2024-01-24 03:12:25 --> Session: Class initialized using 'CodeIgniter\Session\Handlers\FileHandler' driver.
INFO - 2024-01-24 03:12:25 --> Session: Class initialized using 'CodeIgniter\Session\Handlers\FileHandler' driver.
INFO - 2024-01-24 03:12:25 --> Session: Class initialized using 'CodeIgniter\Session\Handlers\FileHandler' driver.
INFO - 2024-01-24 03:24:23 --> Session: Class initialized using 'CodeIgniter\Session\Handlers\FileHandler' driver.
INFO - 2024-01-24 03:24:23 --> Session: Class initialized using 'CodeIgniter\Session\Handlers\FileHandler' driver.
INFO - 2024-01-24 03:24:24 --> Session: Class initialized using 'CodeIgniter\Session\Handlers\FileHandler' driver.
CRITICAL - 2024-01-24 03:24:24 --> Too few arguments to function App\Controllers\DosenApel::kelas(), 1 passed in /Applications/XAMPP/xamppfiles/htdocs/pembelajaran/system/CodeIgniter.php on line 942 and exactly 2 expected
in APPPATH/Controllers/DosenApel.php on line 69.
 1 SYSTEMPATH/CodeIgniter.php(942): App\Controllers\DosenApel->kelas('ODk1NzAwZDMtOTg4My00ODg2LTg2ODEtMjZlY2I2MzgwMTgz')
 2 SYSTEMPATH/CodeIgniter.php(502): CodeIgniter\CodeIgniter->runController(Object(App\Controllers\DosenApel))
 3 SYSTEMPATH/CodeIgniter.php(361): CodeIgniter\CodeIgniter->handleRequest(null, Object(Config\Cache), false)
 4 FCPATH/index.php(79): CodeIgniter\CodeIgniter->run()
 5 SYSTEMPATH/Commands/Server/rewrite.php(47): require_once('/Applications/XAMPP/xamppfiles/htdocs/pembelajaran/public/index.php')
INFO - 2024-01-24 03:27:44 --> Session: Class initialized using 'CodeIgniter\Session\Handlers\FileHandler' driver.
INFO - 2024-01-24 03:27:44 --> Session: Class initialized using 'CodeIgniter\Session\Handlers\FileHandler' driver.
INFO - 2024-01-24 03:27:47 --> Session: Class initialized using 'CodeIgniter\Session\Handlers\FileHandler' driver.
INFO - 2024-01-24 03:27:47 --> Session: Class initialized using 'CodeIgniter\Session\Handlers\FileHandler' driver.
INFO - 2024-01-24 03:27:49 --> Session: Class initialized using 'CodeIgniter\Session\Handlers\FileHandler' driver.
INFO - 2024-01-24 03:27:49 --> Session: Class initialized using 'CodeIgniter\Session\Handlers\FileHandler' driver.
INFO - 2024-01-24 03:27:50 --> Session: Class initialized using 'CodeIgniter\Session\Handlers\FileHandler' driver.
INFO - 2024-01-24 03:27:50 --> Session: Class initialized using 'CodeIgniter\Session\Handlers\FileHandler' driver.
INFO - 2024-01-24 03:27:51 --> Session: Class initialized using 'CodeIgniter\Session\Handlers\FileHandler' driver.
INFO - 2024-01-24 03:27:51 --> Session: Class initialized using 'CodeIgniter\Session\Handlers\FileHandler' driver.
INFO - 2024-01-24 03:27:52 --> Session: Class initialized using 'CodeIgniter\Session\Handlers\FileHandler' driver.
CRITICAL - 2024-01-24 03:27:52 --> Undefined property: stdClass::$terlambat
in APPPATH/Views/konten/dosen/apel/senin/absen.php on line 74.
 1 APPPATH/Views/konten/dosen/apel/senin/absen.php(74): CodeIgniter\Debug\Exceptions->errorHandler(2, 'Undefined property: stdClass::$terlambat', '/Applications/XAMPP/xamppfiles/htdocs/pembelajaran/app/Views/konten/dosen/apel/senin/absen.php', 74)
 2 SYSTEMPATH/View/View.php(228): include('/Applications/XAMPP/xamppfiles/htdocs/pembelajaran/app/Views/konten/dosen/apel/senin/absen.php')
 3 SYSTEMPATH/View/View.php(231): CodeIgniter\View\View->CodeIgniter\View\{closure}()
 4 SYSTEMPATH/Common.php(1190): CodeIgniter\View\View->render('konten/dosen/apel/senin/absen', [], true)
 5 APPPATH/Controllers/DosenApel.php(67): view('konten/dosen/apel/senin/absen', [...])
 6 SYSTEMPATH/CodeIgniter.php(942): App\Controllers\DosenApel->apelSeninLihat('NTg3MzQ0ZDctYjgwYS00MWM5LTkxMGYtMGUwNDljM2U3MWY0', 'MWJhMjBkMjktZDVmZC00NDFmLTk3NWYtOWYwMjY4YmJkODgz')
 7 SYSTEMPATH/CodeIgniter.php(502): CodeIgniter\CodeIgniter->runController(Object(App\Controllers\DosenApel))
 8 SYSTEMPATH/CodeIgniter.php(361): CodeIgniter\CodeIgniter->handleRequest(null, Object(Config\Cache), false)
 9 FCPATH/index.php(79): CodeIgniter\CodeIgniter->run()
10 SYSTEMPATH/Commands/Server/rewrite.php(47): require_once('/Applications/XAMPP/xamppfiles/htdocs/pembelajaran/public/index.php')
INFO - 2024-01-24 03:29:04 --> Session: Class initialized using 'CodeIgniter\Session\Handlers\FileHandler' driver.
CRITICAL - 2024-01-24 03:29:04 --> Undefined property: stdClass::$terlambat
in APPPATH/Views/konten/dosen/apel/senin/absen.php on line 81.
 1 APPPATH/Views/konten/dosen/apel/senin/absen.php(81): CodeIgniter\Debug\Exceptions->errorHandler(2, 'Undefined property: stdClass::$terlambat', '/Applications/XAMPP/xamppfiles/htdocs/pembelajaran/app/Views/konten/dosen/apel/senin/absen.php', 81)
 2 SYSTEMPATH/View/View.php(228): include('/Applications/XAMPP/xamppfiles/htdocs/pembelajaran/app/Views/konten/dosen/apel/senin/absen.php')
 3 SYSTEMPATH/View/View.php(231): CodeIgniter\View\View->CodeIgniter\View\{closure}()
 4 SYSTEMPATH/Common.php(1190): CodeIgniter\View\View->render('konten/dosen/apel/senin/absen', [], true)
 5 APPPATH/Controllers/DosenApel.php(67): view('konten/dosen/apel/senin/absen', [...])
 6 SYSTEMPATH/CodeIgniter.php(942): App\Controllers\DosenApel->apelSeninLihat('NTg3MzQ0ZDctYjgwYS00MWM5LTkxMGYtMGUwNDljM2U3MWY0', 'MWJhMjBkMjktZDVmZC00NDFmLTk3NWYtOWYwMjY4YmJkODgz')
 7 SYSTEMPATH/CodeIgniter.php(502): CodeIgniter\CodeIgniter->runController(Object(App\Controllers\DosenApel))
 8 SYSTEMPATH/CodeIgniter.php(361): CodeIgniter\CodeIgniter->handleRequest(null, Object(Config\Cache), false)
 9 FCPATH/index.php(79): CodeIgniter\CodeIgniter->run()
10 SYSTEMPATH/Commands/Server/rewrite.php(47): require_once('/Applications/XAMPP/xamppfiles/htdocs/pembelajaran/public/index.php')
INFO - 2024-01-24 03:29:14 --> Session: Class initialized using 'CodeIgniter\Session\Handlers\FileHandler' driver.
INFO - 2024-01-24 03:29:14 --> Session: Class initialized using 'CodeIgniter\Session\Handlers\FileHandler' driver.
INFO - 2024-01-24 03:29:18 --> Session: Class initialized using 'CodeIgniter\Session\Handlers\FileHandler' driver.
CRITICAL - 2024-01-24 03:29:18 --> Attempt to read property "timdis_id" on null
in APPPATH/Controllers/DosenApel.php on line 81.
 1 APPPATH/Controllers/DosenApel.php(81): CodeIgniter\Debug\Exceptions->errorHandler(2, 'Attempt to read property "timdis_id" on null', '/Applications/XAMPP/xamppfiles/htdocs/pembelajaran/app/Controllers/DosenApel.php', 81)
 2 SYSTEMPATH/CodeIgniter.php(942): App\Controllers\DosenApel->kelas('NTg3MzQ0ZDctYjgwYS00MWM5LTkxMGYtMGUwNDljM2U3MWY0', 'MWI0OGU3NDctOGE5OC00NDIxLTkzZjMtNTc3MDZkYWVkZGIw')
 3 SYSTEMPATH/CodeIgniter.php(502): CodeIgniter\CodeIgniter->runController(Object(App\Controllers\DosenApel))
 4 SYSTEMPATH/CodeIgniter.php(361): CodeIgniter\CodeIgniter->handleRequest(null, Object(Config\Cache), false)
 5 FCPATH/index.php(79): CodeIgniter\CodeIgniter->run()
 6 SYSTEMPATH/Commands/Server/rewrite.php(47): require_once('/Applications/XAMPP/xamppfiles/htdocs/pembelajaran/public/index.php')
INFO - 2024-01-24 03:29:38 --> Session: Class initialized using 'CodeIgniter\Session\Handlers\FileHandler' driver.
CRITICAL - 2024-01-24 03:29:38 --> Attempt to read property "timdis_id" on null
in APPPATH/Controllers/DosenApel.php on line 81.
 1 APPPATH/Controllers/DosenApel.php(81): CodeIgniter\Debug\Exceptions->errorHandler(2, 'Attempt to read property "timdis_id" on null', '/Applications/XAMPP/xamppfiles/htdocs/pembelajaran/app/Controllers/DosenApel.php', 81)
 2 SYSTEMPATH/CodeIgniter.php(942): App\Controllers\DosenApel->kelas('NTg3MzQ0ZDctYjgwYS00MWM5LTkxMGYtMGUwNDljM2U3MWY0', 'MWI0OGU3NDctOGE5OC00NDIxLTkzZjMtNTc3MDZkYWVkZGIw')
 3 SYSTEMPATH/CodeIgniter.php(502): CodeIgniter\CodeIgniter->runController(Object(App\Controllers\DosenApel))
 4 SYSTEMPATH/CodeIgniter.php(361): CodeIgniter\CodeIgniter->handleRequest(null, Object(Config\Cache), false)
 5 FCPATH/index.php(79): CodeIgniter\CodeIgniter->run()
 6 SYSTEMPATH/Commands/Server/rewrite.php(47): require_once('/Applications/XAMPP/xamppfiles/htdocs/pembelajaran/public/index.php')
INFO - 2024-01-24 03:29:39 --> Session: Class initialized using 'CodeIgniter\Session\Handlers\FileHandler' driver.
CRITICAL - 2024-01-24 03:29:39 --> Attempt to read property "timdis_id" on null
in APPPATH/Controllers/DosenApel.php on line 81.
 1 APPPATH/Controllers/DosenApel.php(81): CodeIgniter\Debug\Exceptions->errorHandler(2, 'Attempt to read property "timdis_id" on null', '/Applications/XAMPP/xamppfiles/htdocs/pembelajaran/app/Controllers/DosenApel.php', 81)
 2 SYSTEMPATH/CodeIgniter.php(942): App\Controllers\DosenApel->kelas('NTg3MzQ0ZDctYjgwYS00MWM5LTkxMGYtMGUwNDljM2U3MWY0', 'MWI0OGU3NDctOGE5OC00NDIxLTkzZjMtNTc3MDZkYWVkZGIw')
 3 SYSTEMPATH/CodeIgniter.php(502): CodeIgniter\CodeIgniter->runController(Object(App\Controllers\DosenApel))
 4 SYSTEMPATH/CodeIgniter.php(361): CodeIgniter\CodeIgniter->handleRequest(null, Object(Config\Cache), false)
 5 FCPATH/index.php(79): CodeIgniter\CodeIgniter->run()
 6 SYSTEMPATH/Commands/Server/rewrite.php(47): require_once('/Applications/XAMPP/xamppfiles/htdocs/pembelajaran/public/index.php')
INFO - 2024-01-24 03:29:57 --> Session: Class initialized using 'CodeIgniter\Session\Handlers\FileHandler' driver.
CRITICAL - 2024-01-24 03:29:57 --> Attempt to read property "timdis_id" on null
in APPPATH/Controllers/DosenApel.php on line 81.
 1 APPPATH/Controllers/DosenApel.php(81): CodeIgniter\Debug\Exceptions->errorHandler(2, 'Attempt to read property "timdis_id" on null', '/Applications/XAMPP/xamppfiles/htdocs/pembelajaran/app/Controllers/DosenApel.php', 81)
 2 SYSTEMPATH/CodeIgniter.php(942): App\Controllers\DosenApel->kelas('NTg3MzQ0ZDctYjgwYS00MWM5LTkxMGYtMGUwNDljM2U3MWY0', 'MWI0OGU3NDctOGE5OC00NDIxLTkzZjMtNTc3MDZkYWVkZGIw')
 3 SYSTEMPATH/CodeIgniter.php(502): CodeIgniter\CodeIgniter->runController(Object(App\Controllers\DosenApel))
 4 SYSTEMPATH/CodeIgniter.php(361): CodeIgniter\CodeIgniter->handleRequest(null, Object(Config\Cache), false)
 5 FCPATH/index.php(79): CodeIgniter\CodeIgniter->run()
 6 SYSTEMPATH/Commands/Server/rewrite.php(47): require_once('/Applications/XAMPP/xamppfiles/htdocs/pembelajaran/public/index.php')
INFO - 2024-01-24 03:29:59 --> Session: Class initialized using 'CodeIgniter\Session\Handlers\FileHandler' driver.
INFO - 2024-01-24 03:29:59 --> Session: Class initialized using 'CodeIgniter\Session\Handlers\FileHandler' driver.
INFO - 2024-01-24 03:30:01 --> Session: Class initialized using 'CodeIgniter\Session\Handlers\FileHandler' driver.
CRITICAL - 2024-01-24 03:30:01 --> Attempt to read property "timdis_id" on null
in APPPATH/Controllers/DosenApel.php on line 81.
 1 APPPATH/Controllers/DosenApel.php(81): CodeIgniter\Debug\Exceptions->errorHandler(2, 'Attempt to read property "timdis_id" on null', '/Applications/XAMPP/xamppfiles/htdocs/pembelajaran/app/Controllers/DosenApel.php', 81)
 2 SYSTEMPATH/CodeIgniter.php(942): App\Controllers\DosenApel->kelas('NTg3MzQ0ZDctYjgwYS00MWM5LTkxMGYtMGUwNDljM2U3MWY0', 'MWI0OGU3NDctOGE5OC00NDIxLTkzZjMtNTc3MDZkYWVkZGIw')
 3 SYSTEMPATH/CodeIgniter.php(502): CodeIgniter\CodeIgniter->runController(Object(App\Controllers\DosenApel))
 4 SYSTEMPATH/CodeIgniter.php(361): CodeIgniter\CodeIgniter->handleRequest(null, Object(Config\Cache), false)
 5 FCPATH/index.php(79): CodeIgniter\CodeIgniter->run()
 6 SYSTEMPATH/Commands/Server/rewrite.php(47): require_once('/Applications/XAMPP/xamppfiles/htdocs/pembelajaran/public/index.php')
INFO - 2024-01-24 03:30:03 --> Session: Class initialized using 'CodeIgniter\Session\Handlers\FileHandler' driver.
INFO - 2024-01-24 03:30:03 --> Session: Class initialized using 'CodeIgniter\Session\Handlers\FileHandler' driver.
INFO - 2024-01-24 03:30:05 --> Session: Class initialized using 'CodeIgniter\Session\Handlers\FileHandler' driver.
INFO - 2024-01-24 03:30:05 --> Session: Class initialized using 'CodeIgniter\Session\Handlers\FileHandler' driver.
INFO - 2024-01-24 03:30:08 --> Session: Class initialized using 'CodeIgniter\Session\Handlers\FileHandler' driver.
INFO - 2024-01-24 03:30:08 --> Session: Class initialized using 'CodeIgniter\Session\Handlers\FileHandler' driver.
INFO - 2024-01-24 03:32:10 --> Session: Class initialized using 'CodeIgniter\Session\Handlers\FileHandler' driver.
CRITICAL - 2024-01-24 03:32:10 --> Attempt to read property "timdis_id" on null
in APPPATH/Controllers/DosenApel.php on line 81.
 1 APPPATH/Controllers/DosenApel.php(81): CodeIgniter\Debug\Exceptions->errorHandler(2, 'Attempt to read property "timdis_id" on null', '/Applications/XAMPP/xamppfiles/htdocs/pembelajaran/app/Controllers/DosenApel.php', 81)
 2 SYSTEMPATH/CodeIgniter.php(942): App\Controllers\DosenApel->kelas('NTg3MzQ0ZDctYjgwYS00MWM5LTkxMGYtMGUwNDljM2U3MWY0', 'MWI0OGU3NDctOGE5OC00NDIxLTkzZjMtNTc3MDZkYWVkZGIw')
 3 SYSTEMPATH/CodeIgniter.php(502): CodeIgniter\CodeIgniter->runController(Object(App\Controllers\DosenApel))
 4 SYSTEMPATH/CodeIgniter.php(361): CodeIgniter\CodeIgniter->handleRequest(null, Object(Config\Cache), false)
 5 FCPATH/index.php(79): CodeIgniter\CodeIgniter->run()
 6 SYSTEMPATH/Commands/Server/rewrite.php(47): require_once('/Applications/XAMPP/xamppfiles/htdocs/pembelajaran/public/index.php')
INFO - 2024-01-24 03:32:12 --> Session: Class initialized using 'CodeIgniter\Session\Handlers\FileHandler' driver.
INFO - 2024-01-24 03:32:13 --> Session: Class initialized using 'CodeIgniter\Session\Handlers\FileHandler' driver.
INFO - 2024-01-24 03:32:14 --> Session: Class initialized using 'CodeIgniter\Session\Handlers\FileHandler' driver.
INFO - 2024-01-24 03:32:15 --> Session: Class initialized using 'CodeIgniter\Session\Handlers\FileHandler' driver.
INFO - 2024-01-24 03:32:28 --> Session: Class initialized using 'CodeIgniter\Session\Handlers\FileHandler' driver.
INFO - 2024-01-24 03:32:29 --> Session: Class initialized using 'CodeIgniter\Session\Handlers\FileHandler' driver.
INFO - 2024-01-24 03:43:41 --> Session: Class initialized using 'CodeIgniter\Session\Handlers\FileHandler' driver.
CRITICAL - 2024-01-24 03:43:41 --> Attempt to read property "apel_rencana_id" on null
in APPPATH/Controllers/DosenApel.php on line 63.
 1 APPPATH/Controllers/DosenApel.php(63): CodeIgniter\Debug\Exceptions->errorHandler(2, 'Attempt to read property "apel_rencana_id" on null', '/Applications/XAMPP/xamppfiles/htdocs/pembelajaran/app/Controllers/DosenApel.php', 63)
 2 SYSTEMPATH/CodeIgniter.php(942): App\Controllers\DosenApel->apelSeninLihat('NTg3MzQ0ZDctYjgwYS00MWM5LTkxMGYtMGUwNDljM2U3MWY0', 'MWJhMjBkMjktZDVmZC00NDFmLTk3NWYtOWYwMjY4YmJkODgz')
 3 SYSTEMPATH/CodeIgniter.php(502): CodeIgniter\CodeIgniter->runController(Object(App\Controllers\DosenApel))
 4 SYSTEMPATH/CodeIgniter.php(361): CodeIgniter\CodeIgniter->handleRequest(null, Object(Config\Cache), false)
 5 FCPATH/index.php(79): CodeIgniter\CodeIgniter->run()
 6 SYSTEMPATH/Commands/Server/rewrite.php(47): require_once('/Applications/XAMPP/xamppfiles/htdocs/pembelajaran/public/index.php')
INFO - 2024-01-24 03:44:26 --> Session: Class initialized using 'CodeIgniter\Session\Handlers\FileHandler' driver.
CRITICAL - 2024-01-24 03:44:26 --> Attempt to read property "apel_rencana_id" on null
in APPPATH/Controllers/DosenApel.php on line 63.
 1 APPPATH/Controllers/DosenApel.php(63): CodeIgniter\Debug\Exceptions->errorHandler(2, 'Attempt to read property "apel_rencana_id" on null', '/Applications/XAMPP/xamppfiles/htdocs/pembelajaran/app/Controllers/DosenApel.php', 63)
 2 SYSTEMPATH/CodeIgniter.php(942): App\Controllers\DosenApel->apelSeninLihat('NTg3MzQ0ZDctYjgwYS00MWM5LTkxMGYtMGUwNDljM2U3MWY0', 'MWJhMjBkMjktZDVmZC00NDFmLTk3NWYtOWYwMjY4YmJkODgz')
 3 SYSTEMPATH/CodeIgniter.php(502): CodeIgniter\CodeIgniter->runController(Object(App\Controllers\DosenApel))
 4 SYSTEMPATH/CodeIgniter.php(361): CodeIgniter\CodeIgniter->handleRequest(null, Object(Config\Cache), false)
 5 FCPATH/index.php(79): CodeIgniter\CodeIgniter->run()
 6 SYSTEMPATH/Commands/Server/rewrite.php(47): require_once('/Applications/XAMPP/xamppfiles/htdocs/pembelajaran/public/index.php')
INFO - 2024-01-24 03:44:34 --> Session: Class initialized using 'CodeIgniter\Session\Handlers\FileHandler' driver.
INFO - 2024-01-24 03:45:06 --> Session: Class initialized using 'CodeIgniter\Session\Handlers\FileHandler' driver.
INFO - 2024-01-24 03:45:07 --> Session: Class initialized using 'CodeIgniter\Session\Handlers\FileHandler' driver.
INFO - 2024-01-24 03:45:07 --> Session: Class initialized using 'CodeIgniter\Session\Handlers\FileHandler' driver.
INFO - 2024-01-24 03:45:08 --> Session: Class initialized using 'CodeIgniter\Session\Handlers\FileHandler' driver.
INFO - 2024-01-24 03:45:13 --> Session: Class initialized using 'CodeIgniter\Session\Handlers\FileHandler' driver.
INFO - 2024-01-24 03:45:14 --> Session: Class initialized using 'CodeIgniter\Session\Handlers\FileHandler' driver.
INFO - 2024-01-24 03:45:16 --> Session: Class initialized using 'CodeIgniter\Session\Handlers\FileHandler' driver.
INFO - 2024-01-24 03:45:16 --> Session: Class initialized using 'CodeIgniter\Session\Handlers\FileHandler' driver.
INFO - 2024-01-24 03:45:18 --> Session: Class initialized using 'CodeIgniter\Session\Handlers\FileHandler' driver.
INFO - 2024-01-24 03:45:18 --> Session: Class initialized using 'CodeIgniter\Session\Handlers\FileHandler' driver.
INFO - 2024-01-24 03:45:19 --> Session: Class initialized using 'CodeIgniter\Session\Handlers\FileHandler' driver.
INFO - 2024-01-24 03:45:20 --> Session: Class initialized using 'CodeIgniter\Session\Handlers\FileHandler' driver.
INFO - 2024-01-24 03:45:20 --> Session: Class initialized using 'CodeIgniter\Session\Handlers\FileHandler' driver.
INFO - 2024-01-24 03:45:21 --> Session: Class initialized using 'CodeIgniter\Session\Handlers\FileHandler' driver.
INFO - 2024-01-24 03:45:23 --> Session: Class initialized using 'CodeIgniter\Session\Handlers\FileHandler' driver.
INFO - 2024-01-24 03:45:23 --> Session: Class initialized using 'CodeIgniter\Session\Handlers\FileHandler' driver.
INFO - 2024-01-24 03:45:24 --> Session: Class initialized using 'CodeIgniter\Session\Handlers\FileHandler' driver.
INFO - 2024-01-24 03:45:24 --> Session: Class initialized using 'CodeIgniter\Session\Handlers\FileHandler' driver.
INFO - 2024-01-24 03:45:52 --> Session: Class initialized using 'CodeIgniter\Session\Handlers\FileHandler' driver.
INFO - 2024-01-24 03:45:52 --> Session: Class initialized using 'CodeIgniter\Session\Handlers\FileHandler' driver.
INFO - 2024-01-24 03:46:09 --> Session: Class initialized using 'CodeIgniter\Session\Handlers\FileHandler' driver.
INFO - 2024-01-24 03:46:09 --> Session: Class initialized using 'CodeIgniter\Session\Handlers\FileHandler' driver.
INFO - 2024-01-24 03:46:50 --> Session: Class initialized using 'CodeIgniter\Session\Handlers\FileHandler' driver.
INFO - 2024-01-24 03:46:50 --> Session: Class initialized using 'CodeIgniter\Session\Handlers\FileHandler' driver.
INFO - 2024-01-24 03:46:52 --> Session: Class initialized using 'CodeIgniter\Session\Handlers\FileHandler' driver.
INFO - 2024-01-24 03:46:53 --> Session: Class initialized using 'CodeIgniter\Session\Handlers\FileHandler' driver.
INFO - 2024-01-24 03:47:39 --> Session: Class initialized using 'CodeIgniter\Session\Handlers\FileHandler' driver.
INFO - 2024-01-24 03:47:39 --> Session: Class initialized using 'CodeIgniter\Session\Handlers\FileHandler' driver.
INFO - 2024-01-24 03:47:41 --> Session: Class initialized using 'CodeIgniter\Session\Handlers\FileHandler' driver.
INFO - 2024-01-24 03:47:41 --> Session: Class initialized using 'CodeIgniter\Session\Handlers\FileHandler' driver.
INFO - 2024-01-24 03:48:50 --> Session: Class initialized using 'CodeIgniter\Session\Handlers\FileHandler' driver.
INFO - 2024-01-24 03:48:51 --> Session: Class initialized using 'CodeIgniter\Session\Handlers\FileHandler' driver.
INFO - 2024-01-24 03:50:02 --> Session: Class initialized using 'CodeIgniter\Session\Handlers\FileHandler' driver.
INFO - 2024-01-24 03:50:02 --> Session: Class initialized using 'CodeIgniter\Session\Handlers\FileHandler' driver.
INFO - 2024-01-24 03:50:23 --> Session: Class initialized using 'CodeIgniter\Session\Handlers\FileHandler' driver.
INFO - 2024-01-24 03:50:24 --> Session: Class initialized using 'CodeIgniter\Session\Handlers\FileHandler' driver.
INFO - 2024-01-24 03:50:57 --> Session: Class initialized using 'CodeIgniter\Session\Handlers\FileHandler' driver.
CRITICAL - 2024-01-24 03:50:57 --> Undefined variable $sudahApelSenin
in APPPATH/Views/konten/dosen/apel/senin/kelas.php on line 68.
 1 APPPATH/Views/konten/dosen/apel/senin/kelas.php(68): CodeIgniter\Debug\Exceptions->errorHandler(2, 'Undefined variable $sudahApelSenin', '/Applications/XAMPP/xamppfiles/htdocs/pembelajaran/app/Views/konten/dosen/apel/senin/kelas.php', 68)
 2 SYSTEMPATH/View/View.php(228): include('/Applications/XAMPP/xamppfiles/htdocs/pembelajaran/app/Views/konten/dosen/apel/senin/kelas.php')
 3 SYSTEMPATH/View/View.php(231): CodeIgniter\View\View->CodeIgniter\View\{closure}()
 4 SYSTEMPATH/Common.php(1190): CodeIgniter\View\View->render('konten/dosen/apel/senin/kelas', [], true)
 5 APPPATH/Controllers/DosenApel.php(94): view('konten/dosen/apel/senin/kelas', [...])
 6 SYSTEMPATH/CodeIgniter.php(942): App\Controllers\DosenApel->kelas('YTJhZDk0YmUtMGQ5My00NTI1LTlhZjgtM2MxZGUyNGFmZmI4')
 7 SYSTEMPATH/CodeIgniter.php(502): CodeIgniter\CodeIgniter->runController(Object(App\Controllers\DosenApel))
 8 SYSTEMPATH/CodeIgniter.php(361): CodeIgniter\CodeIgniter->handleRequest(null, Object(Config\Cache), false)
 9 FCPATH/index.php(79): CodeIgniter\CodeIgniter->run()
10 SYSTEMPATH/Commands/Server/rewrite.php(47): require_once('/Applications/XAMPP/xamppfiles/htdocs/pembelajaran/public/index.php')
INFO - 2024-01-24 03:51:38 --> Session: Class initialized using 'CodeIgniter\Session\Handlers\FileHandler' driver.
INFO - 2024-01-24 03:51:38 --> Session: Class initialized using 'CodeIgniter\Session\Handlers\FileHandler' driver.
INFO - 2024-01-24 03:51:59 --> Session: Class initialized using 'CodeIgniter\Session\Handlers\FileHandler' driver.
INFO - 2024-01-24 03:51:59 --> Session: Class initialized using 'CodeIgniter\Session\Handlers\FileHandler' driver.
INFO - 2024-01-24 03:55:48 --> Session: Class initialized using 'CodeIgniter\Session\Handlers\FileHandler' driver.
INFO - 2024-01-24 03:55:49 --> Session: Class initialized using 'CodeIgniter\Session\Handlers\FileHandler' driver.
INFO - 2024-01-24 03:55:50 --> Session: Class initialized using 'CodeIgniter\Session\Handlers\FileHandler' driver.
INFO - 2024-01-24 03:55:50 --> Session: Class initialized using 'CodeIgniter\Session\Handlers\FileHandler' driver.
INFO - 2024-01-24 03:55:58 --> Session: Class initialized using 'CodeIgniter\Session\Handlers\FileHandler' driver.
CRITICAL - 2024-01-24 03:55:58 --> Attempt to read property "timdis_id" on null
in APPPATH/Controllers/DosenApel.php on line 98.
 1 APPPATH/Controllers/DosenApel.php(98): CodeIgniter\Debug\Exceptions->errorHandler(2, 'Attempt to read property "timdis_id" on null', '/Applications/XAMPP/xamppfiles/htdocs/pembelajaran/app/Controllers/DosenApel.php', 98)
 2 SYSTEMPATH/CodeIgniter.php(942): App\Controllers\DosenApel->kelas('MGQyYjAxMTgtZjMxYy00ZGY5LWFlNTYtZDIxMDI0ODc1MTY0', 'MWI0OGU3NDctOGE5OC00NDIxLTkzZjMtNTc3MDZkYWVkZGIw')
 3 SYSTEMPATH/CodeIgniter.php(502): CodeIgniter\CodeIgniter->runController(Object(App\Controllers\DosenApel))
 4 SYSTEMPATH/CodeIgniter.php(361): CodeIgniter\CodeIgniter->handleRequest(null, Object(Config\Cache), false)
 5 FCPATH/index.php(79): CodeIgniter\CodeIgniter->run()
 6 SYSTEMPATH/Commands/Server/rewrite.php(47): require_once('/Applications/XAMPP/xamppfiles/htdocs/pembelajaran/public/index.php')
INFO - 2024-01-24 03:58:45 --> Session: Class initialized using 'CodeIgniter\Session\Handlers\FileHandler' driver.
INFO - 2024-01-24 03:58:45 --> Session: Class initialized using 'CodeIgniter\Session\Handlers\FileHandler' driver.
INFO - 2024-01-24 03:58:47 --> Session: Class initialized using 'CodeIgniter\Session\Handlers\FileHandler' driver.
INFO - 2024-01-24 03:58:47 --> Session: Class initialized using 'CodeIgniter\Session\Handlers\FileHandler' driver.
INFO - 2024-01-24 03:58:48 --> Session: Class initialized using 'CodeIgniter\Session\Handlers\FileHandler' driver.
CRITICAL - 2024-01-24 03:58:48 --> Attempt to read property "timdis_id" on null
in APPPATH/Controllers/DosenApel.php on line 100.
 1 APPPATH/Controllers/DosenApel.php(100): CodeIgniter\Debug\Exceptions->errorHandler(2, 'Attempt to read property "timdis_id" on null', '/Applications/XAMPP/xamppfiles/htdocs/pembelajaran/app/Controllers/DosenApel.php', 100)
 2 SYSTEMPATH/CodeIgniter.php(942): App\Controllers\DosenApel->kelas('MGQyYjAxMTgtZjMxYy00ZGY5LWFlNTYtZDIxMDI0ODc1MTY0')
 3 SYSTEMPATH/CodeIgniter.php(502): CodeIgniter\CodeIgniter->runController(Object(App\Controllers\DosenApel))
 4 SYSTEMPATH/CodeIgniter.php(361): CodeIgniter\CodeIgniter->handleRequest(null, Object(Config\Cache), false)
 5 FCPATH/index.php(79): CodeIgniter\CodeIgniter->run()
 6 SYSTEMPATH/Commands/Server/rewrite.php(47): require_once('/Applications/XAMPP/xamppfiles/htdocs/pembelajaran/public/index.php')
INFO - 2024-01-24 03:59:12 --> Session: Class initialized using 'CodeIgniter\Session\Handlers\FileHandler' driver.
INFO - 2024-01-24 03:59:12 --> Session: Class initialized using 'CodeIgniter\Session\Handlers\FileHandler' driver.
INFO - 2024-01-24 03:59:13 --> Session: Class initialized using 'CodeIgniter\Session\Handlers\FileHandler' driver.
INFO - 2024-01-24 03:59:13 --> Session: Class initialized using 'CodeIgniter\Session\Handlers\FileHandler' driver.
INFO - 2024-01-24 03:59:14 --> Session: Class initialized using 'CodeIgniter\Session\Handlers\FileHandler' driver.
INFO - 2024-01-24 03:59:14 --> Session: Class initialized using 'CodeIgniter\Session\Handlers\FileHandler' driver.
INFO - 2024-01-24 03:59:16 --> Session: Class initialized using 'CodeIgniter\Session\Handlers\FileHandler' driver.
INFO - 2024-01-24 03:59:16 --> Session: Class initialized using 'CodeIgniter\Session\Handlers\FileHandler' driver.
INFO - 2024-01-24 03:59:17 --> Session: Class initialized using 'CodeIgniter\Session\Handlers\FileHandler' driver.
INFO - 2024-01-24 03:59:18 --> Session: Class initialized using 'CodeIgniter\Session\Handlers\FileHandler' driver.
INFO - 2024-01-24 03:59:18 --> Session: Class initialized using 'CodeIgniter\Session\Handlers\FileHandler' driver.
INFO - 2024-01-24 03:59:19 --> Session: Class initialized using 'CodeIgniter\Session\Handlers\FileHandler' driver.
INFO - 2024-01-24 03:59:19 --> Session: Class initialized using 'CodeIgniter\Session\Handlers\FileHandler' driver.
INFO - 2024-01-24 03:59:20 --> Session: Class initialized using 'CodeIgniter\Session\Handlers\FileHandler' driver.
INFO - 2024-01-24 03:59:21 --> Session: Class initialized using 'CodeIgniter\Session\Handlers\FileHandler' driver.
INFO - 2024-01-24 03:59:21 --> Session: Class initialized using 'CodeIgniter\Session\Handlers\FileHandler' driver.
INFO - 2024-01-24 03:59:22 --> Session: Class initialized using 'CodeIgniter\Session\Handlers\FileHandler' driver.
INFO - 2024-01-24 03:59:23 --> Session: Class initialized using 'CodeIgniter\Session\Handlers\FileHandler' driver.
INFO - 2024-01-24 03:59:24 --> Session: Class initialized using 'CodeIgniter\Session\Handlers\FileHandler' driver.
CRITICAL - 2024-01-24 03:59:24 --> Undefined variable $apel_id
in APPPATH/Views/konten/dosen/apel/senin/manual.php on line 102.
 1 APPPATH/Views/konten/dosen/apel/senin/manual.php(102): CodeIgniter\Debug\Exceptions->errorHandler(2, 'Undefined variable $apel_id', '/Applications/XAMPP/xamppfiles/htdocs/pembelajaran/app/Views/konten/dosen/apel/senin/manual.php', 102)
 2 SYSTEMPATH/View/View.php(228): include('/Applications/XAMPP/xamppfiles/htdocs/pembelajaran/app/Views/konten/dosen/apel/senin/manual.php')
 3 SYSTEMPATH/View/View.php(231): CodeIgniter\View\View->CodeIgniter\View\{closure}()
 4 SYSTEMPATH/Common.php(1190): CodeIgniter\View\View->render('konten/dosen/apel/senin/manual', [], true)
 5 APPPATH/Controllers/DosenApel.php(55): view('konten/dosen/apel/senin/manual', [...])
 6 SYSTEMPATH/CodeIgniter.php(942): App\Controllers\DosenApel->apelSeninManual('NTg3MzQ0ZDctYjgwYS00MWM5LTkxMGYtMGUwNDljM2U3MWY0', 'MWJhMjBkMjktZDVmZC00NDFmLTk3NWYtOWYwMjY4YmJkODgz')
 7 SYSTEMPATH/CodeIgniter.php(502): CodeIgniter\CodeIgniter->runController(Object(App\Controllers\DosenApel))
 8 SYSTEMPATH/CodeIgniter.php(361): CodeIgniter\CodeIgniter->handleRequest(null, Object(Config\Cache), false)
 9 FCPATH/index.php(79): CodeIgniter\CodeIgniter->run()
10 SYSTEMPATH/Commands/Server/rewrite.php(47): require_once('/Applications/XAMPP/xamppfiles/htdocs/pembelajaran/public/index.php')
INFO - 2024-01-24 03:59:27 --> Session: Class initialized using 'CodeIgniter\Session\Handlers\FileHandler' driver.
INFO - 2024-01-24 03:59:28 --> Session: Class initialized using 'CodeIgniter\Session\Handlers\FileHandler' driver.
INFO - 2024-01-24 03:59:35 --> Session: Class initialized using 'CodeIgniter\Session\Handlers\FileHandler' driver.
CRITICAL - 2024-01-24 03:59:35 --> Undefined variable $apel_id
in APPPATH/Views/konten/dosen/apel/senin/manual.php on line 102.
 1 APPPATH/Views/konten/dosen/apel/senin/manual.php(102): CodeIgniter\Debug\Exceptions->errorHandler(2, 'Undefined variable $apel_id', '/Applications/XAMPP/xamppfiles/htdocs/pembelajaran/app/Views/konten/dosen/apel/senin/manual.php', 102)
 2 SYSTEMPATH/View/View.php(228): include('/Applications/XAMPP/xamppfiles/htdocs/pembelajaran/app/Views/konten/dosen/apel/senin/manual.php')
 3 SYSTEMPATH/View/View.php(231): CodeIgniter\View\View->CodeIgniter\View\{closure}()
 4 SYSTEMPATH/Common.php(1190): CodeIgniter\View\View->render('konten/dosen/apel/senin/manual', [], true)
 5 APPPATH/Controllers/DosenApel.php(55): view('konten/dosen/apel/senin/manual', [...])
 6 SYSTEMPATH/CodeIgniter.php(942): App\Controllers\DosenApel->apelSeninManual('NTg3MzQ0ZDctYjgwYS00MWM5LTkxMGYtMGUwNDljM2U3MWY0', 'MWJhMjBkMjktZDVmZC00NDFmLTk3NWYtOWYwMjY4YmJkODgz')
 7 SYSTEMPATH/CodeIgniter.php(502): CodeIgniter\CodeIgniter->runController(Object(App\Controllers\DosenApel))
 8 SYSTEMPATH/CodeIgniter.php(361): CodeIgniter\CodeIgniter->handleRequest(null, Object(Config\Cache), false)
 9 FCPATH/index.php(79): CodeIgniter\CodeIgniter->run()
10 SYSTEMPATH/Commands/Server/rewrite.php(47): require_once('/Applications/XAMPP/xamppfiles/htdocs/pembelajaran/public/index.php')
INFO - 2024-01-24 04:05:44 --> Session: Class initialized using 'CodeIgniter\Session\Handlers\FileHandler' driver.
CRITICAL - 2024-01-24 04:05:44 --> Undefined variable $apel_id
in APPPATH/Views/konten/dosen/apel/senin/manual.php on line 102.
 1 APPPATH/Views/konten/dosen/apel/senin/manual.php(102): CodeIgniter\Debug\Exceptions->errorHandler(2, 'Undefined variable $apel_id', '/Applications/XAMPP/xamppfiles/htdocs/pembelajaran/app/Views/konten/dosen/apel/senin/manual.php', 102)
 2 SYSTEMPATH/View/View.php(228): include('/Applications/XAMPP/xamppfiles/htdocs/pembelajaran/app/Views/konten/dosen/apel/senin/manual.php')
 3 SYSTEMPATH/View/View.php(231): CodeIgniter\View\View->CodeIgniter\View\{closure}()
 4 SYSTEMPATH/Common.php(1190): CodeIgniter\View\View->render('konten/dosen/apel/senin/manual', [], true)
 5 APPPATH/Controllers/DosenApel.php(55): view('konten/dosen/apel/senin/manual', [...])
 6 SYSTEMPATH/CodeIgniter.php(942): App\Controllers\DosenApel->apelSeninManual('NTg3MzQ0ZDctYjgwYS00MWM5LTkxMGYtMGUwNDljM2U3MWY0', 'MWJhMjBkMjktZDVmZC00NDFmLTk3NWYtOWYwMjY4YmJkODgz')
 7 SYSTEMPATH/CodeIgniter.php(502): CodeIgniter\CodeIgniter->runController(Object(App\Controllers\DosenApel))
 8 SYSTEMPATH/CodeIgniter.php(361): CodeIgniter\CodeIgniter->handleRequest(null, Object(Config\Cache), false)
 9 FCPATH/index.php(79): CodeIgniter\CodeIgniter->run()
10 SYSTEMPATH/Commands/Server/rewrite.php(47): require_once('/Applications/XAMPP/xamppfiles/htdocs/pembelajaran/public/index.php')
INFO - 2024-01-24 04:05:44 --> Session: Class initialized using 'CodeIgniter\Session\Handlers\FileHandler' driver.
CRITICAL - 2024-01-24 04:05:44 --> Undefined variable $apel_id
in APPPATH/Views/konten/dosen/apel/senin/manual.php on line 102.
 1 APPPATH/Views/konten/dosen/apel/senin/manual.php(102): CodeIgniter\Debug\Exceptions->errorHandler(2, 'Undefined variable $apel_id', '/Applications/XAMPP/xamppfiles/htdocs/pembelajaran/app/Views/konten/dosen/apel/senin/manual.php', 102)
 2 SYSTEMPATH/View/View.php(228): include('/Applications/XAMPP/xamppfiles/htdocs/pembelajaran/app/Views/konten/dosen/apel/senin/manual.php')
 3 SYSTEMPATH/View/View.php(231): CodeIgniter\View\View->CodeIgniter\View\{closure}()
 4 SYSTEMPATH/Common.php(1190): CodeIgniter\View\View->render('konten/dosen/apel/senin/manual', [], true)
 5 APPPATH/Controllers/DosenApel.php(55): view('konten/dosen/apel/senin/manual', [...])
 6 SYSTEMPATH/CodeIgniter.php(942): App\Controllers\DosenApel->apelSeninManual('NTg3MzQ0ZDctYjgwYS00MWM5LTkxMGYtMGUwNDljM2U3MWY0', 'MWJhMjBkMjktZDVmZC00NDFmLTk3NWYtOWYwMjY4YmJkODgz')
 7 SYSTEMPATH/CodeIgniter.php(502): CodeIgniter\CodeIgniter->runController(Object(App\Controllers\DosenApel))
 8 SYSTEMPATH/CodeIgniter.php(361): CodeIgniter\CodeIgniter->handleRequest(null, Object(Config\Cache), false)
 9 FCPATH/index.php(79): CodeIgniter\CodeIgniter->run()
10 SYSTEMPATH/Commands/Server/rewrite.php(47): require_once('/Applications/XAMPP/xamppfiles/htdocs/pembelajaran/public/index.php')
INFO - 2024-01-24 04:05:46 --> Session: Class initialized using 'CodeIgniter\Session\Handlers\FileHandler' driver.
INFO - 2024-01-24 04:05:47 --> Session: Class initialized using 'CodeIgniter\Session\Handlers\FileHandler' driver.
INFO - 2024-01-24 04:05:53 --> Session: Class initialized using 'CodeIgniter\Session\Handlers\FileHandler' driver.
INFO - 2024-01-24 04:05:53 --> Session: Class initialized using 'CodeIgniter\Session\Handlers\FileHandler' driver.
INFO - 2024-01-24 04:05:54 --> Session: Class initialized using 'CodeIgniter\Session\Handlers\FileHandler' driver.
INFO - 2024-01-24 04:05:54 --> Session: Class initialized using 'CodeIgniter\Session\Handlers\FileHandler' driver.
INFO - 2024-01-24 04:05:56 --> Session: Class initialized using 'CodeIgniter\Session\Handlers\FileHandler' driver.
INFO - 2024-01-24 04:05:56 --> Session: Class initialized using 'CodeIgniter\Session\Handlers\FileHandler' driver.
INFO - 2024-01-24 04:05:57 --> Session: Class initialized using 'CodeIgniter\Session\Handlers\FileHandler' driver.
INFO - 2024-01-24 04:05:57 --> Session: Class initialized using 'CodeIgniter\Session\Handlers\FileHandler' driver.
INFO - 2024-01-24 04:05:59 --> Session: Class initialized using 'CodeIgniter\Session\Handlers\FileHandler' driver.
INFO - 2024-01-24 04:05:59 --> Session: Class initialized using 'CodeIgniter\Session\Handlers\FileHandler' driver.
INFO - 2024-01-24 04:06:00 --> Session: Class initialized using 'CodeIgniter\Session\Handlers\FileHandler' driver.
INFO - 2024-01-24 04:06:00 --> Session: Class initialized using 'CodeIgniter\Session\Handlers\FileHandler' driver.
INFO - 2024-01-24 04:06:24 --> Session: Class initialized using 'CodeIgniter\Session\Handlers\FileHandler' driver.
INFO - 2024-01-24 04:06:24 --> Session: Class initialized using 'CodeIgniter\Session\Handlers\FileHandler' driver.
INFO - 2024-01-24 04:06:26 --> Session: Class initialized using 'CodeIgniter\Session\Handlers\FileHandler' driver.
INFO - 2024-01-24 04:06:26 --> Session: Class initialized using 'CodeIgniter\Session\Handlers\FileHandler' driver.
INFO - 2024-01-24 04:06:33 --> Session: Class initialized using 'CodeIgniter\Session\Handlers\FileHandler' driver.
INFO - 2024-01-24 04:06:34 --> Session: Class initialized using 'CodeIgniter\Session\Handlers\FileHandler' driver.
INFO - 2024-01-24 04:06:34 --> Session: Class initialized using 'CodeIgniter\Session\Handlers\FileHandler' driver.
INFO - 2024-01-24 04:06:34 --> Session: Class initialized using 'CodeIgniter\Session\Handlers\FileHandler' driver.
INFO - 2024-01-24 04:06:35 --> Session: Class initialized using 'CodeIgniter\Session\Handlers\FileHandler' driver.
INFO - 2024-01-24 04:06:35 --> Session: Class initialized using 'CodeIgniter\Session\Handlers\FileHandler' driver.
INFO - 2024-01-24 04:06:37 --> Session: Class initialized using 'CodeIgniter\Session\Handlers\FileHandler' driver.
INFO - 2024-01-24 04:06:37 --> Session: Class initialized using 'CodeIgniter\Session\Handlers\FileHandler' driver.
INFO - 2024-01-24 04:06:43 --> Session: Class initialized using 'CodeIgniter\Session\Handlers\FileHandler' driver.
INFO - 2024-01-24 04:06:44 --> Session: Class initialized using 'CodeIgniter\Session\Handlers\FileHandler' driver.
INFO - 2024-01-24 04:06:45 --> Session: Class initialized using 'CodeIgniter\Session\Handlers\FileHandler' driver.
INFO - 2024-01-24 04:06:45 --> Session: Class initialized using 'CodeIgniter\Session\Handlers\FileHandler' driver.
INFO - 2024-01-24 04:06:57 --> Session: Class initialized using 'CodeIgniter\Session\Handlers\FileHandler' driver.
INFO - 2024-01-24 04:06:58 --> Session: Class initialized using 'CodeIgniter\Session\Handlers\FileHandler' driver.
INFO - 2024-01-24 04:06:59 --> Session: Class initialized using 'CodeIgniter\Session\Handlers\FileHandler' driver.
INFO - 2024-01-24 04:07:00 --> Session: Class initialized using 'CodeIgniter\Session\Handlers\FileHandler' driver.
INFO - 2024-01-24 04:07:01 --> Session: Class initialized using 'CodeIgniter\Session\Handlers\FileHandler' driver.
INFO - 2024-01-24 04:07:01 --> Session: Class initialized using 'CodeIgniter\Session\Handlers\FileHandler' driver.
INFO - 2024-01-24 04:07:07 --> Session: Class initialized using 'CodeIgniter\Session\Handlers\FileHandler' driver.
INFO - 2024-01-24 04:07:07 --> Session: Class initialized using 'CodeIgniter\Session\Handlers\FileHandler' driver.
CRITICAL - 2024-01-24 04:07:07 --> Attempt to read property "timdis_id" on null
in APPPATH/Controllers/DosenApel.php on line 100.
 1 APPPATH/Controllers/DosenApel.php(100): CodeIgniter\Debug\Exceptions->errorHandler(2, 'Attempt to read property "timdis_id" on null', '/Applications/XAMPP/xamppfiles/htdocs/pembelajaran/app/Controllers/DosenApel.php', 100)
 2 SYSTEMPATH/CodeIgniter.php(942): App\Controllers\DosenApel->kelas('NTg3MzQ0ZDctYjgwYS00MWM5LTkxMGYtMGUwNDljM2U3MWY0', 'MWI0OGU3NDctOGE5OC00NDIxLTkzZjMtNTc3MDZkYWVkZGIw')
 3 SYSTEMPATH/CodeIgniter.php(502): CodeIgniter\CodeIgniter->runController(Object(App\Controllers\DosenApel))
 4 SYSTEMPATH/CodeIgniter.php(361): CodeIgniter\CodeIgniter->handleRequest(null, Object(Config\Cache), false)
 5 FCPATH/index.php(79): CodeIgniter\CodeIgniter->run()
 6 SYSTEMPATH/Commands/Server/rewrite.php(47): require_once('/Applications/XAMPP/xamppfiles/htdocs/pembelajaran/public/index.php')
INFO - 2024-01-24 04:07:53 --> Session: Class initialized using 'CodeIgniter\Session\Handlers\FileHandler' driver.
INFO - 2024-01-24 04:07:54 --> Session: Class initialized using 'CodeIgniter\Session\Handlers\FileHandler' driver.
INFO - 2024-01-24 04:07:55 --> Session: Class initialized using 'CodeIgniter\Session\Handlers\FileHandler' driver.
INFO - 2024-01-24 04:07:55 --> Session: Class initialized using 'CodeIgniter\Session\Handlers\FileHandler' driver.
INFO - 2024-01-24 04:08:01 --> Session: Class initialized using 'CodeIgniter\Session\Handlers\FileHandler' driver.
INFO - 2024-01-24 04:08:01 --> Session: Class initialized using 'CodeIgniter\Session\Handlers\FileHandler' driver.
INFO - 2024-01-24 04:08:01 --> Session: Class initialized using 'CodeIgniter\Session\Handlers\FileHandler' driver.
INFO - 2024-01-24 04:08:05 --> Session: Class initialized using 'CodeIgniter\Session\Handlers\FileHandler' driver.
INFO - 2024-01-24 04:08:05 --> Session: Class initialized using 'CodeIgniter\Session\Handlers\FileHandler' driver.
INFO - 2024-01-24 04:08:05 --> Session: Class initialized using 'CodeIgniter\Session\Handlers\FileHandler' driver.
INFO - 2024-01-24 04:08:22 --> Session: Class initialized using 'CodeIgniter\Session\Handlers\FileHandler' driver.
INFO - 2024-01-24 04:08:22 --> Session: Class initialized using 'CodeIgniter\Session\Handlers\FileHandler' driver.
INFO - 2024-01-24 04:08:23 --> Session: Class initialized using 'CodeIgniter\Session\Handlers\FileHandler' driver.
INFO - 2024-01-24 04:08:48 --> Session: Class initialized using 'CodeIgniter\Session\Handlers\FileHandler' driver.
INFO - 2024-01-24 04:08:48 --> Session: Class initialized using 'CodeIgniter\Session\Handlers\FileHandler' driver.
INFO - 2024-01-24 04:08:49 --> Session: Class initialized using 'CodeIgniter\Session\Handlers\FileHandler' driver.
INFO - 2024-01-24 04:08:49 --> Session: Class initialized using 'CodeIgniter\Session\Handlers\FileHandler' driver.
INFO - 2024-01-24 04:08:49 --> Session: Class initialized using 'CodeIgniter\Session\Handlers\FileHandler' driver.
INFO - 2024-01-24 04:08:52 --> Session: Class initialized using 'CodeIgniter\Session\Handlers\FileHandler' driver.
CRITICAL - 2024-01-24 04:08:52 --> Attempt to read property "nama_apel" on null
in APPPATH/Views/konten/dosen/apel/senin/manual.php on line 9.
 1 APPPATH/Views/konten/dosen/apel/senin/manual.php(9): CodeIgniter\Debug\Exceptions->errorHandler(2, 'Attempt to read property "nama_apel" on null', '/Applications/XAMPP/xamppfiles/htdocs/pembelajaran/app/Views/konten/dosen/apel/senin/manual.php', 9)
 2 SYSTEMPATH/View/View.php(228): include('/Applications/XAMPP/xamppfiles/htdocs/pembelajaran/app/Views/konten/dosen/apel/senin/manual.php')
 3 SYSTEMPATH/View/View.php(231): CodeIgniter\View\View->CodeIgniter\View\{closure}()
 4 SYSTEMPATH/Common.php(1190): CodeIgniter\View\View->render('konten/dosen/apel/senin/manual', [], true)
 5 APPPATH/Controllers/DosenApel.php(55): view('konten/dosen/apel/senin/manual', [...])
 6 SYSTEMPATH/CodeIgniter.php(942): App\Controllers\DosenApel->apelSeninManual('T0RrMU56QXdaRE10T1RnNE15MDBPRGcyTFRnMk9ERXRNalpsWTJJMk16Z3dNVGd6', 'MWJhMjBkMjktZDVmZC00NDFmLTk3NWYtOWYwMjY4YmJkODgz')
 7 SYSTEMPATH/CodeIgniter.php(502): CodeIgniter\CodeIgniter->runController(Object(App\Controllers\DosenApel))
 8 SYSTEMPATH/CodeIgniter.php(361): CodeIgniter\CodeIgniter->handleRequest(null, Object(Config\Cache), false)
 9 FCPATH/index.php(79): CodeIgniter\CodeIgniter->run()
10 SYSTEMPATH/Commands/Server/rewrite.php(47): require_once('/Applications/XAMPP/xamppfiles/htdocs/pembelajaran/public/index.php')
INFO - 2024-01-24 04:08:54 --> Session: Class initialized using 'CodeIgniter\Session\Handlers\FileHandler' driver.
INFO - 2024-01-24 04:08:55 --> Session: Class initialized using 'CodeIgniter\Session\Handlers\FileHandler' driver.
INFO - 2024-01-24 04:08:56 --> Session: Class initialized using 'CodeIgniter\Session\Handlers\FileHandler' driver.
CRITICAL - 2024-01-24 04:08:56 --> Attempt to read property "nama_apel" on null
in APPPATH/Views/konten/dosen/apel/senin/manual.php on line 9.
 1 APPPATH/Views/konten/dosen/apel/senin/manual.php(9): CodeIgniter\Debug\Exceptions->errorHandler(2, 'Attempt to read property "nama_apel" on null', '/Applications/XAMPP/xamppfiles/htdocs/pembelajaran/app/Views/konten/dosen/apel/senin/manual.php', 9)
 2 SYSTEMPATH/View/View.php(228): include('/Applications/XAMPP/xamppfiles/htdocs/pembelajaran/app/Views/konten/dosen/apel/senin/manual.php')
 3 SYSTEMPATH/View/View.php(231): CodeIgniter\View\View->CodeIgniter\View\{closure}()
 4 SYSTEMPATH/Common.php(1190): CodeIgniter\View\View->render('konten/dosen/apel/senin/manual', [], true)
 5 APPPATH/Controllers/DosenApel.php(55): view('konten/dosen/apel/senin/manual', [...])
 6 SYSTEMPATH/CodeIgniter.php(942): App\Controllers\DosenApel->apelSeninManual('T0RrMU56QXdaRE10T1RnNE15MDBPRGcyTFRnMk9ERXRNalpsWTJJMk16Z3dNVGd6', 'MWJhMjBkMjktZDVmZC00NDFmLTk3NWYtOWYwMjY4YmJkODgz')
 7 SYSTEMPATH/CodeIgniter.php(502): CodeIgniter\CodeIgniter->runController(Object(App\Controllers\DosenApel))
 8 SYSTEMPATH/CodeIgniter.php(361): CodeIgniter\CodeIgniter->handleRequest(null, Object(Config\Cache), false)
 9 FCPATH/index.php(79): CodeIgniter\CodeIgniter->run()
10 SYSTEMPATH/Commands/Server/rewrite.php(47): require_once('/Applications/XAMPP/xamppfiles/htdocs/pembelajaran/public/index.php')
INFO - 2024-01-24 04:09:24 --> Session: Class initialized using 'CodeIgniter\Session\Handlers\FileHandler' driver.
CRITICAL - 2024-01-24 04:09:24 --> Attempt to read property "nama_apel" on null
in APPPATH/Views/konten/dosen/apel/senin/manual.php on line 9.
 1 APPPATH/Views/konten/dosen/apel/senin/manual.php(9): CodeIgniter\Debug\Exceptions->errorHandler(2, 'Attempt to read property "nama_apel" on null', '/Applications/XAMPP/xamppfiles/htdocs/pembelajaran/app/Views/konten/dosen/apel/senin/manual.php', 9)
 2 SYSTEMPATH/View/View.php(228): include('/Applications/XAMPP/xamppfiles/htdocs/pembelajaran/app/Views/konten/dosen/apel/senin/manual.php')
 3 SYSTEMPATH/View/View.php(231): CodeIgniter\View\View->CodeIgniter\View\{closure}()
 4 SYSTEMPATH/Common.php(1190): CodeIgniter\View\View->render('konten/dosen/apel/senin/manual', [], true)
 5 APPPATH/Controllers/DosenApel.php(55): view('konten/dosen/apel/senin/manual', [...])
 6 SYSTEMPATH/CodeIgniter.php(942): App\Controllers\DosenApel->apelSeninManual('T0RrMU56QXdaRE10T1RnNE15MDBPRGcyTFRnMk9ERXRNalpsWTJJMk16Z3dNVGd6', 'MWJhMjBkMjktZDVmZC00NDFmLTk3NWYtOWYwMjY4YmJkODgz')
 7 SYSTEMPATH/CodeIgniter.php(502): CodeIgniter\CodeIgniter->runController(Object(App\Controllers\DosenApel))
 8 SYSTEMPATH/CodeIgniter.php(361): CodeIgniter\CodeIgniter->handleRequest(null, Object(Config\Cache), false)
 9 FCPATH/index.php(79): CodeIgniter\CodeIgniter->run()
10 SYSTEMPATH/Commands/Server/rewrite.php(47): require_once('/Applications/XAMPP/xamppfiles/htdocs/pembelajaran/public/index.php')
INFO - 2024-01-24 04:09:25 --> Session: Class initialized using 'CodeIgniter\Session\Handlers\FileHandler' driver.
CRITICAL - 2024-01-24 04:09:25 --> Attempt to read property "nama_apel" on null
in APPPATH/Views/konten/dosen/apel/senin/manual.php on line 9.
 1 APPPATH/Views/konten/dosen/apel/senin/manual.php(9): CodeIgniter\Debug\Exceptions->errorHandler(2, 'Attempt to read property "nama_apel" on null', '/Applications/XAMPP/xamppfiles/htdocs/pembelajaran/app/Views/konten/dosen/apel/senin/manual.php', 9)
 2 SYSTEMPATH/View/View.php(228): include('/Applications/XAMPP/xamppfiles/htdocs/pembelajaran/app/Views/konten/dosen/apel/senin/manual.php')
 3 SYSTEMPATH/View/View.php(231): CodeIgniter\View\View->CodeIgniter\View\{closure}()
 4 SYSTEMPATH/Common.php(1190): CodeIgniter\View\View->render('konten/dosen/apel/senin/manual', [], true)
 5 APPPATH/Controllers/DosenApel.php(55): view('konten/dosen/apel/senin/manual', [...])
 6 SYSTEMPATH/CodeIgniter.php(942): App\Controllers\DosenApel->apelSeninManual('T0RrMU56QXdaRE10T1RnNE15MDBPRGcyTFRnMk9ERXRNalpsWTJJMk16Z3dNVGd6', 'MWJhMjBkMjktZDVmZC00NDFmLTk3NWYtOWYwMjY4YmJkODgz')
 7 SYSTEMPATH/CodeIgniter.php(502): CodeIgniter\CodeIgniter->runController(Object(App\Controllers\DosenApel))
 8 SYSTEMPATH/CodeIgniter.php(361): CodeIgniter\CodeIgniter->handleRequest(null, Object(Config\Cache), false)
 9 FCPATH/index.php(79): CodeIgniter\CodeIgniter->run()
10 SYSTEMPATH/Commands/Server/rewrite.php(47): require_once('/Applications/XAMPP/xamppfiles/htdocs/pembelajaran/public/index.php')
INFO - 2024-01-24 04:09:42 --> Session: Class initialized using 'CodeIgniter\Session\Handlers\FileHandler' driver.
CRITICAL - 2024-01-24 04:09:42 --> Undefined variable $apel
in APPPATH/Controllers/DosenApel.php on line 45.
 1 APPPATH/Controllers/DosenApel.php(45): CodeIgniter\Debug\Exceptions->errorHandler(2, 'Undefined variable $apel', '/Applications/XAMPP/xamppfiles/htdocs/pembelajaran/app/Controllers/DosenApel.php', 45)
 2 SYSTEMPATH/CodeIgniter.php(942): App\Controllers\DosenApel->apelSeninManual('T0RrMU56QXdaRE10T1RnNE15MDBPRGcyTFRnMk9ERXRNalpsWTJJMk16Z3dNVGd6', 'MWJhMjBkMjktZDVmZC00NDFmLTk3NWYtOWYwMjY4YmJkODgz')
 3 SYSTEMPATH/CodeIgniter.php(502): CodeIgniter\CodeIgniter->runController(Object(App\Controllers\DosenApel))
 4 SYSTEMPATH/CodeIgniter.php(361): CodeIgniter\CodeIgniter->handleRequest(null, Object(Config\Cache), false)
 5 FCPATH/index.php(79): CodeIgniter\CodeIgniter->run()
 6 SYSTEMPATH/Commands/Server/rewrite.php(47): require_once('/Applications/XAMPP/xamppfiles/htdocs/pembelajaran/public/index.php')
INFO - 2024-01-24 04:10:19 --> Session: Class initialized using 'CodeIgniter\Session\Handlers\FileHandler' driver.
CRITICAL - 2024-01-24 04:10:19 --> Attempt to read property "apel_rencana_id" on null
in APPPATH/Controllers/DosenApel.php on line 49.
 1 APPPATH/Controllers/DosenApel.php(49): CodeIgniter\Debug\Exceptions->errorHandler(2, 'Attempt to read property "apel_rencana_id" on null', '/Applications/XAMPP/xamppfiles/htdocs/pembelajaran/app/Controllers/DosenApel.php', 49)
 2 SYSTEMPATH/CodeIgniter.php(942): App\Controllers\DosenApel->apelSeninManual('T0RrMU56QXdaRE10T1RnNE15MDBPRGcyTFRnMk9ERXRNalpsWTJJMk16Z3dNVGd6', 'MWJhMjBkMjktZDVmZC00NDFmLTk3NWYtOWYwMjY4YmJkODgz')
 3 SYSTEMPATH/CodeIgniter.php(502): CodeIgniter\CodeIgniter->runController(Object(App\Controllers\DosenApel))
 4 SYSTEMPATH/CodeIgniter.php(361): CodeIgniter\CodeIgniter->handleRequest(null, Object(Config\Cache), false)
 5 FCPATH/index.php(79): CodeIgniter\CodeIgniter->run()
 6 SYSTEMPATH/Commands/Server/rewrite.php(47): require_once('/Applications/XAMPP/xamppfiles/htdocs/pembelajaran/public/index.php')
INFO - 2024-01-24 04:10:36 --> Session: Class initialized using 'CodeIgniter\Session\Handlers\FileHandler' driver.
INFO - 2024-01-24 04:10:52 --> Session: Class initialized using 'CodeIgniter\Session\Handlers\FileHandler' driver.
INFO - 2024-01-24 04:10:53 --> Session: Class initialized using 'CodeIgniter\Session\Handlers\FileHandler' driver.
INFO - 2024-01-24 04:10:53 --> Session: Class initialized using 'CodeIgniter\Session\Handlers\FileHandler' driver.
INFO - 2024-01-24 04:10:54 --> Session: Class initialized using 'CodeIgniter\Session\Handlers\FileHandler' driver.
INFO - 2024-01-24 04:11:13 --> Session: Class initialized using 'CodeIgniter\Session\Handlers\FileHandler' driver.
INFO - 2024-01-24 04:11:13 --> Session: Class initialized using 'CodeIgniter\Session\Handlers\FileHandler' driver.
INFO - 2024-01-24 04:11:15 --> Session: Class initialized using 'CodeIgniter\Session\Handlers\FileHandler' driver.
INFO - 2024-01-24 04:11:15 --> Session: Class initialized using 'CodeIgniter\Session\Handlers\FileHandler' driver.
INFO - 2024-01-24 04:11:16 --> Session: Class initialized using 'CodeIgniter\Session\Handlers\FileHandler' driver.
INFO - 2024-01-24 04:11:17 --> Session: Class initialized using 'CodeIgniter\Session\Handlers\FileHandler' driver.
INFO - 2024-01-24 04:11:18 --> Session: Class initialized using 'CodeIgniter\Session\Handlers\FileHandler' driver.
INFO - 2024-01-24 04:11:18 --> Session: Class initialized using 'CodeIgniter\Session\Handlers\FileHandler' driver.
INFO - 2024-01-24 04:11:23 --> Session: Class initialized using 'CodeIgniter\Session\Handlers\FileHandler' driver.
INFO - 2024-01-24 04:11:23 --> Session: Class initialized using 'CodeIgniter\Session\Handlers\FileHandler' driver.
INFO - 2024-01-24 04:11:30 --> Session: Class initialized using 'CodeIgniter\Session\Handlers\FileHandler' driver.
INFO - 2024-01-24 04:11:30 --> Session: Class initialized using 'CodeIgniter\Session\Handlers\FileHandler' driver.
INFO - 2024-01-24 04:11:30 --> Session: Class initialized using 'CodeIgniter\Session\Handlers\FileHandler' driver.
INFO - 2024-01-24 04:11:31 --> Session: Class initialized using 'CodeIgniter\Session\Handlers\FileHandler' driver.
INFO - 2024-01-24 04:11:32 --> Session: Class initialized using 'CodeIgniter\Session\Handlers\FileHandler' driver.
INFO - 2024-01-24 04:11:33 --> Session: Class initialized using 'CodeIgniter\Session\Handlers\FileHandler' driver.
INFO - 2024-01-24 04:11:33 --> Session: Class initialized using 'CodeIgniter\Session\Handlers\FileHandler' driver.
INFO - 2024-01-24 04:11:34 --> Session: Class initialized using 'CodeIgniter\Session\Handlers\FileHandler' driver.
INFO - 2024-01-24 04:11:34 --> Session: Class initialized using 'CodeIgniter\Session\Handlers\FileHandler' driver.
INFO - 2024-01-24 04:11:36 --> Session: Class initialized using 'CodeIgniter\Session\Handlers\FileHandler' driver.
INFO - 2024-01-24 04:11:36 --> Session: Class initialized using 'CodeIgniter\Session\Handlers\FileHandler' driver.
INFO - 2024-01-24 04:11:37 --> Session: Class initialized using 'CodeIgniter\Session\Handlers\FileHandler' driver.
INFO - 2024-01-24 04:11:37 --> Session: Class initialized using 'CodeIgniter\Session\Handlers\FileHandler' driver.
INFO - 2024-01-24 04:12:12 --> Session: Class initialized using 'CodeIgniter\Session\Handlers\FileHandler' driver.
INFO - 2024-01-24 04:12:13 --> Session: Class initialized using 'CodeIgniter\Session\Handlers\FileHandler' driver.
INFO - 2024-01-24 04:12:17 --> Session: Class initialized using 'CodeIgniter\Session\Handlers\FileHandler' driver.
INFO - 2024-01-24 04:12:17 --> Session: Class initialized using 'CodeIgniter\Session\Handlers\FileHandler' driver.
INFO - 2024-01-24 04:12:20 --> Session: Class initialized using 'CodeIgniter\Session\Handlers\FileHandler' driver.
INFO - 2024-01-24 04:12:20 --> Session: Class initialized using 'CodeIgniter\Session\Handlers\FileHandler' driver.
INFO - 2024-01-24 04:12:21 --> Session: Class initialized using 'CodeIgniter\Session\Handlers\FileHandler' driver.
INFO - 2024-01-24 04:12:21 --> Session: Class initialized using 'CodeIgniter\Session\Handlers\FileHandler' driver.
INFO - 2024-01-24 04:12:23 --> Session: Class initialized using 'CodeIgniter\Session\Handlers\FileHandler' driver.
INFO - 2024-01-24 04:12:23 --> Session: Class initialized using 'CodeIgniter\Session\Handlers\FileHandler' driver.
INFO - 2024-01-24 04:12:23 --> Session: Class initialized using 'CodeIgniter\Session\Handlers\FileHandler' driver.
INFO - 2024-01-24 04:12:24 --> Session: Class initialized using 'CodeIgniter\Session\Handlers\FileHandler' driver.
INFO - 2024-01-24 04:12:25 --> Session: Class initialized using 'CodeIgniter\Session\Handlers\FileHandler' driver.
INFO - 2024-01-24 04:12:37 --> Session: Class initialized using 'CodeIgniter\Session\Handlers\FileHandler' driver.
INFO - 2024-01-24 04:12:38 --> Session: Class initialized using 'CodeIgniter\Session\Handlers\FileHandler' driver.
INFO - 2024-01-24 04:12:39 --> Session: Class initialized using 'CodeIgniter\Session\Handlers\FileHandler' driver.
INFO - 2024-01-24 04:12:39 --> Session: Class initialized using 'CodeIgniter\Session\Handlers\FileHandler' driver.
INFO - 2024-01-24 04:12:40 --> Session: Class initialized using 'CodeIgniter\Session\Handlers\FileHandler' driver.
INFO - 2024-01-24 04:12:41 --> Session: Class initialized using 'CodeIgniter\Session\Handlers\FileHandler' driver.
INFO - 2024-01-24 04:12:42 --> Session: Class initialized using 'CodeIgniter\Session\Handlers\FileHandler' driver.
CRITICAL - 2024-01-24 04:12:42 --> Attempt to read property "timdis_id" on null
in APPPATH/Controllers/DosenApel.php on line 102.
 1 APPPATH/Controllers/DosenApel.php(102): CodeIgniter\Debug\Exceptions->errorHandler(2, 'Attempt to read property "timdis_id" on null', '/Applications/XAMPP/xamppfiles/htdocs/pembelajaran/app/Controllers/DosenApel.php', 102)
 2 SYSTEMPATH/CodeIgniter.php(942): App\Controllers\DosenApel->kelas('NTg3MzQ0ZDctYjgwYS00MWM5LTkxMGYtMGUwNDljM2U3MWY0', 'MWI0OGU3NDctOGE5OC00NDIxLTkzZjMtNTc3MDZkYWVkZGIw')
 3 SYSTEMPATH/CodeIgniter.php(502): CodeIgniter\CodeIgniter->runController(Object(App\Controllers\DosenApel))
 4 SYSTEMPATH/CodeIgniter.php(361): CodeIgniter\CodeIgniter->handleRequest(null, Object(Config\Cache), false)
 5 FCPATH/index.php(79): CodeIgniter\CodeIgniter->run()
 6 SYSTEMPATH/Commands/Server/rewrite.php(47): require_once('/Applications/XAMPP/xamppfiles/htdocs/pembelajaran/public/index.php')
INFO - 2024-01-24 04:13:54 --> Session: Class initialized using 'CodeIgniter\Session\Handlers\FileHandler' driver.
INFO - 2024-01-24 04:13:54 --> Session: Class initialized using 'CodeIgniter\Session\Handlers\FileHandler' driver.
INFO - 2024-01-24 04:13:55 --> Session: Class initialized using 'CodeIgniter\Session\Handlers\FileHandler' driver.
INFO - 2024-01-24 04:13:55 --> Session: Class initialized using 'CodeIgniter\Session\Handlers\FileHandler' driver.
INFO - 2024-01-24 04:13:56 --> Session: Class initialized using 'CodeIgniter\Session\Handlers\FileHandler' driver.
INFO - 2024-01-24 04:13:57 --> Session: Class initialized using 'CodeIgniter\Session\Handlers\FileHandler' driver.
INFO - 2024-01-24 04:14:00 --> Session: Class initialized using 'CodeIgniter\Session\Handlers\FileHandler' driver.
INFO - 2024-01-24 04:14:01 --> Session: Class initialized using 'CodeIgniter\Session\Handlers\FileHandler' driver.
INFO - 2024-01-24 04:14:02 --> Session: Class initialized using 'CodeIgniter\Session\Handlers\FileHandler' driver.
INFO - 2024-01-24 04:14:02 --> Session: Class initialized using 'CodeIgniter\Session\Handlers\FileHandler' driver.
INFO - 2024-01-24 04:14:03 --> Session: Class initialized using 'CodeIgniter\Session\Handlers\FileHandler' driver.
INFO - 2024-01-24 04:14:04 --> Session: Class initialized using 'CodeIgniter\Session\Handlers\FileHandler' driver.
INFO - 2024-01-24 04:14:05 --> Session: Class initialized using 'CodeIgniter\Session\Handlers\FileHandler' driver.
INFO - 2024-01-24 04:14:05 --> Session: Class initialized using 'CodeIgniter\Session\Handlers\FileHandler' driver.
INFO - 2024-01-24 04:14:07 --> Session: Class initialized using 'CodeIgniter\Session\Handlers\FileHandler' driver.
INFO - 2024-01-24 04:14:07 --> Session: Class initialized using 'CodeIgniter\Session\Handlers\FileHandler' driver.
INFO - 2024-01-24 04:14:08 --> Session: Class initialized using 'CodeIgniter\Session\Handlers\FileHandler' driver.
INFO - 2024-01-24 04:14:08 --> Session: Class initialized using 'CodeIgniter\Session\Handlers\FileHandler' driver.
INFO - 2024-01-24 04:14:10 --> Session: Class initialized using 'CodeIgniter\Session\Handlers\FileHandler' driver.
INFO - 2024-01-24 04:14:10 --> Session: Class initialized using 'CodeIgniter\Session\Handlers\FileHandler' driver.
INFO - 2024-01-24 04:14:11 --> Session: Class initialized using 'CodeIgniter\Session\Handlers\FileHandler' driver.
INFO - 2024-01-24 04:14:11 --> Session: Class initialized using 'CodeIgniter\Session\Handlers\FileHandler' driver.
INFO - 2024-01-24 04:14:12 --> Session: Class initialized using 'CodeIgniter\Session\Handlers\FileHandler' driver.
INFO - 2024-01-24 04:14:13 --> Session: Class initialized using 'CodeIgniter\Session\Handlers\FileHandler' driver.
INFO - 2024-01-24 04:14:14 --> Session: Class initialized using 'CodeIgniter\Session\Handlers\FileHandler' driver.
INFO - 2024-01-24 04:14:14 --> Session: Class initialized using 'CodeIgniter\Session\Handlers\FileHandler' driver.
INFO - 2024-01-24 04:14:20 --> Session: Class initialized using 'CodeIgniter\Session\Handlers\FileHandler' driver.
INFO - 2024-01-24 04:14:21 --> Session: Class initialized using 'CodeIgniter\Session\Handlers\FileHandler' driver.
INFO - 2024-01-24 04:14:22 --> Session: Class initialized using 'CodeIgniter\Session\Handlers\FileHandler' driver.
INFO - 2024-01-24 04:14:22 --> Session: Class initialized using 'CodeIgniter\Session\Handlers\FileHandler' driver.
INFO - 2024-01-24 04:14:23 --> Session: Class initialized using 'CodeIgniter\Session\Handlers\FileHandler' driver.
INFO - 2024-01-24 04:14:23 --> Session: Class initialized using 'CodeIgniter\Session\Handlers\FileHandler' driver.
INFO - 2024-01-24 04:14:29 --> Session: Class initialized using 'CodeIgniter\Session\Handlers\FileHandler' driver.
INFO - 2024-01-24 04:14:29 --> Session: Class initialized using 'CodeIgniter\Session\Handlers\FileHandler' driver.
INFO - 2024-01-24 04:14:29 --> Session: Class initialized using 'CodeIgniter\Session\Handlers\FileHandler' driver.
INFO - 2024-01-24 04:14:31 --> Session: Class initialized using 'CodeIgniter\Session\Handlers\FileHandler' driver.
INFO - 2024-01-24 04:14:31 --> Session: Class initialized using 'CodeIgniter\Session\Handlers\FileHandler' driver.
INFO - 2024-01-24 04:14:33 --> Session: Class initialized using 'CodeIgniter\Session\Handlers\FileHandler' driver.
INFO - 2024-01-24 04:14:33 --> Session: Class initialized using 'CodeIgniter\Session\Handlers\FileHandler' driver.
INFO - 2024-01-24 04:14:34 --> Session: Class initialized using 'CodeIgniter\Session\Handlers\FileHandler' driver.
INFO - 2024-01-24 04:14:34 --> Session: Class initialized using 'CodeIgniter\Session\Handlers\FileHandler' driver.
INFO - 2024-01-24 04:14:36 --> Session: Class initialized using 'CodeIgniter\Session\Handlers\FileHandler' driver.
INFO - 2024-01-24 04:14:36 --> Session: Class initialized using 'CodeIgniter\Session\Handlers\FileHandler' driver.
INFO - 2024-01-24 04:14:38 --> Session: Class initialized using 'CodeIgniter\Session\Handlers\FileHandler' driver.
INFO - 2024-01-24 04:14:38 --> Session: Class initialized using 'CodeIgniter\Session\Handlers\FileHandler' driver.
INFO - 2024-01-24 04:19:45 --> Session: Class initialized using 'CodeIgniter\Session\Handlers\FileHandler' driver.
INFO - 2024-01-24 04:19:45 --> Session: Class initialized using 'CodeIgniter\Session\Handlers\FileHandler' driver.
INFO - 2024-01-24 04:21:51 --> Session: Class initialized using 'CodeIgniter\Session\Handlers\FileHandler' driver.
INFO - 2024-01-24 04:21:52 --> Session: Class initialized using 'CodeIgniter\Session\Handlers\FileHandler' driver.
INFO - 2024-01-24 04:22:03 --> Session: Class initialized using 'CodeIgniter\Session\Handlers\FileHandler' driver.
INFO - 2024-01-24 04:22:03 --> Session: Class initialized using 'CodeIgniter\Session\Handlers\FileHandler' driver.
INFO - 2024-01-24 04:22:14 --> Session: Class initialized using 'CodeIgniter\Session\Handlers\FileHandler' driver.
INFO - 2024-01-24 04:22:14 --> Session: Class initialized using 'CodeIgniter\Session\Handlers\FileHandler' driver.
INFO - 2024-01-24 04:22:30 --> Session: Class initialized using 'CodeIgniter\Session\Handlers\FileHandler' driver.
INFO - 2024-01-24 04:22:30 --> Session: Class initialized using 'CodeIgniter\Session\Handlers\FileHandler' driver.
INFO - 2024-01-24 04:23:08 --> Session: Class initialized using 'CodeIgniter\Session\Handlers\FileHandler' driver.
INFO - 2024-01-24 04:23:08 --> Session: Class initialized using 'CodeIgniter\Session\Handlers\FileHandler' driver.
INFO - 2024-01-24 04:23:29 --> Session: Class initialized using 'CodeIgniter\Session\Handlers\FileHandler' driver.
INFO - 2024-01-24 04:23:29 --> Session: Class initialized using 'CodeIgniter\Session\Handlers\FileHandler' driver.
INFO - 2024-01-24 04:24:53 --> Session: Class initialized using 'CodeIgniter\Session\Handlers\FileHandler' driver.
INFO - 2024-01-24 04:24:54 --> Session: Class initialized using 'CodeIgniter\Session\Handlers\FileHandler' driver.
INFO - 2024-01-24 04:25:20 --> Session: Class initialized using 'CodeIgniter\Session\Handlers\FileHandler' driver.
INFO - 2024-01-24 04:25:20 --> Session: Class initialized using 'CodeIgniter\Session\Handlers\FileHandler' driver.
INFO - 2024-01-24 04:25:50 --> Session: Class initialized using 'CodeIgniter\Session\Handlers\FileHandler' driver.
INFO - 2024-01-24 04:25:50 --> Session: Class initialized using 'CodeIgniter\Session\Handlers\FileHandler' driver.
INFO - 2024-01-24 04:27:05 --> Session: Class initialized using 'CodeIgniter\Session\Handlers\FileHandler' driver.
INFO - 2024-01-24 04:27:06 --> Session: Class initialized using 'CodeIgniter\Session\Handlers\FileHandler' driver.
INFO - 2024-01-24 04:27:14 --> Session: Class initialized using 'CodeIgniter\Session\Handlers\FileHandler' driver.
INFO - 2024-01-24 04:27:15 --> Session: Class initialized using 'CodeIgniter\Session\Handlers\FileHandler' driver.
INFO - 2024-01-24 04:27:23 --> Session: Class initialized using 'CodeIgniter\Session\Handlers\FileHandler' driver.
INFO - 2024-01-24 04:27:24 --> Session: Class initialized using 'CodeIgniter\Session\Handlers\FileHandler' driver.
INFO - 2024-01-24 04:47:39 --> Session: Class initialized using 'CodeIgniter\Session\Handlers\FileHandler' driver.
INFO - 2024-01-24 04:47:39 --> Session: Class initialized using 'CodeIgniter\Session\Handlers\FileHandler' driver.
INFO - 2024-01-24 04:47:40 --> Session: Class initialized using 'CodeIgniter\Session\Handlers\FileHandler' driver.
INFO - 2024-01-24 04:47:40 --> Session: Class initialized using 'CodeIgniter\Session\Handlers\FileHandler' driver.
INFO - 2024-01-24 04:48:20 --> Session: Class initialized using 'CodeIgniter\Session\Handlers\FileHandler' driver.
INFO - 2024-01-24 04:48:21 --> Session: Class initialized using 'CodeIgniter\Session\Handlers\FileHandler' driver.
INFO - 2024-01-24 04:53:53 --> Session: Class initialized using 'CodeIgniter\Session\Handlers\FileHandler' driver.
INFO - 2024-01-24 04:53:53 --> Session: Class initialized using 'CodeIgniter\Session\Handlers\FileHandler' driver.
INFO - 2024-01-24 05:51:56 --> Session: Class initialized using 'CodeIgniter\Session\Handlers\FileHandler' driver.
INFO - 2024-01-24 05:51:56 --> Session: Class initialized using 'CodeIgniter\Session\Handlers\FileHandler' driver.
INFO - 2024-01-24 05:52:24 --> Session: Class initialized using 'CodeIgniter\Session\Handlers\FileHandler' driver.
INFO - 2024-01-24 05:52:24 --> Session: Class initialized using 'CodeIgniter\Session\Handlers\FileHandler' driver.
INFO - 2024-01-24 05:52:28 --> Session: Class initialized using 'CodeIgniter\Session\Handlers\FileHandler' driver.
INFO - 2024-01-24 05:52:29 --> Session: Class initialized using 'CodeIgniter\Session\Handlers\FileHandler' driver.
INFO - 2024-01-24 05:52:29 --> Session: Class initialized using 'CodeIgniter\Session\Handlers\FileHandler' driver.
INFO - 2024-01-24 05:56:11 --> Session: Class initialized using 'CodeIgniter\Session\Handlers\FileHandler' driver.
INFO - 2024-01-24 05:56:11 --> Session: Class initialized using 'CodeIgniter\Session\Handlers\FileHandler' driver.
INFO - 2024-01-24 05:56:35 --> Session: Class initialized using 'CodeIgniter\Session\Handlers\FileHandler' driver.
INFO - 2024-01-24 05:56:35 --> Session: Class initialized using 'CodeIgniter\Session\Handlers\FileHandler' driver.
INFO - 2024-01-24 05:57:28 --> Session: Class initialized using 'CodeIgniter\Session\Handlers\FileHandler' driver.
INFO - 2024-01-24 05:57:28 --> Session: Class initialized using 'CodeIgniter\Session\Handlers\FileHandler' driver.
INFO - 2024-01-24 05:57:45 --> Session: Class initialized using 'CodeIgniter\Session\Handlers\FileHandler' driver.
INFO - 2024-01-24 05:57:45 --> Session: Class initialized using 'CodeIgniter\Session\Handlers\FileHandler' driver.
INFO - 2024-01-24 05:57:55 --> Session: Class initialized using 'CodeIgniter\Session\Handlers\FileHandler' driver.
INFO - 2024-01-24 05:57:55 --> Session: Class initialized using 'CodeIgniter\Session\Handlers\FileHandler' driver.
INFO - 2024-01-24 05:57:56 --> Session: Class initialized using 'CodeIgniter\Session\Handlers\FileHandler' driver.
INFO - 2024-01-24 06:01:58 --> Session: Class initialized using 'CodeIgniter\Session\Handlers\FileHandler' driver.
INFO - 2024-01-24 06:01:58 --> Session: Class initialized using 'CodeIgniter\Session\Handlers\FileHandler' driver.
INFO - 2024-01-24 06:04:05 --> Session: Class initialized using 'CodeIgniter\Session\Handlers\FileHandler' driver.
CRITICAL - 2024-01-24 06:04:05 --> Invalid file: "konten/kajur/apel/verifikasi.php"
in SYSTEMPATH/Exceptions/FrameworkException.php on line 39.
 1 SYSTEMPATH/View/View.php(216): CodeIgniter\Exceptions\FrameworkException::forInvalidFile('konten/kajur/apel/verifikasi.php')
 2 SYSTEMPATH/Common.php(1190): CodeIgniter\View\View->render('konten/kajur/apel/verifikasi', [], true)
 3 APPPATH/Controllers/KajurApel.php(14): view('konten/kajur/apel/verifikasi', [...])
 4 SYSTEMPATH/CodeIgniter.php(942): App\Controllers\KajurApel->verifikasi()
 5 SYSTEMPATH/CodeIgniter.php(502): CodeIgniter\CodeIgniter->runController(Object(App\Controllers\KajurApel))
 6 SYSTEMPATH/CodeIgniter.php(361): CodeIgniter\CodeIgniter->handleRequest(null, Object(Config\Cache), false)
 7 FCPATH/index.php(79): CodeIgniter\CodeIgniter->run()
 8 SYSTEMPATH/Commands/Server/rewrite.php(47): require_once('/Applications/XAMPP/xamppfiles/htdocs/pembelajaran/public/index.php')
INFO - 2024-01-24 06:12:26 --> Session: Class initialized using 'CodeIgniter\Session\Handlers\FileHandler' driver.
CRITICAL - 2024-01-24 06:12:26 --> Undefined property: stdClass::$edit
in APPPATH/Views/konten/kajur/apel/verif.php on line 48.
 1 APPPATH/Views/konten/kajur/apel/verif.php(48): CodeIgniter\Debug\Exceptions->errorHandler(2, 'Undefined property: stdClass::$edit', '/Applications/XAMPP/xamppfiles/htdocs/pembelajaran/app/Views/konten/kajur/apel/verif.php', 48)
 2 SYSTEMPATH/View/View.php(228): include('/Applications/XAMPP/xamppfiles/htdocs/pembelajaran/app/Views/konten/kajur/apel/verif.php')
 3 SYSTEMPATH/View/View.php(231): CodeIgniter\View\View->CodeIgniter\View\{closure}()
 4 SYSTEMPATH/Common.php(1190): CodeIgniter\View\View->render('konten/kajur/apel/verif', [], true)
 5 APPPATH/Controllers/KajurApel.php(25): view('konten/kajur/apel/verif', [...])
 6 SYSTEMPATH/CodeIgniter.php(942): App\Controllers\KajurApel->verifikasi()
 7 SYSTEMPATH/CodeIgniter.php(502): CodeIgniter\CodeIgniter->runController(Object(App\Controllers\KajurApel))
 8 SYSTEMPATH/CodeIgniter.php(361): CodeIgniter\CodeIgniter->handleRequest(null, Object(Config\Cache), false)
 9 FCPATH/index.php(79): CodeIgniter\CodeIgniter->run()
10 SYSTEMPATH/Commands/Server/rewrite.php(47): require_once('/Applications/XAMPP/xamppfiles/htdocs/pembelajaran/public/index.php')
INFO - 2024-01-24 06:12:42 --> Session: Class initialized using 'CodeIgniter\Session\Handlers\FileHandler' driver.
CRITICAL - 2024-01-24 06:12:42 --> Undefined property: stdClass::$id
in APPPATH/Views/konten/kajur/apel/verif.php on line 49.
 1 APPPATH/Views/konten/kajur/apel/verif.php(49): CodeIgniter\Debug\Exceptions->errorHandler(2, 'Undefined property: stdClass::$id', '/Applications/XAMPP/xamppfiles/htdocs/pembelajaran/app/Views/konten/kajur/apel/verif.php', 49)
 2 SYSTEMPATH/View/View.php(228): include('/Applications/XAMPP/xamppfiles/htdocs/pembelajaran/app/Views/konten/kajur/apel/verif.php')
 3 SYSTEMPATH/View/View.php(231): CodeIgniter\View\View->CodeIgniter\View\{closure}()
 4 SYSTEMPATH/Common.php(1190): CodeIgniter\View\View->render('konten/kajur/apel/verif', [], true)
 5 APPPATH/Controllers/KajurApel.php(25): view('konten/kajur/apel/verif', [...])
 6 SYSTEMPATH/CodeIgniter.php(942): App\Controllers\KajurApel->verifikasi()
 7 SYSTEMPATH/CodeIgniter.php(502): CodeIgniter\CodeIgniter->runController(Object(App\Controllers\KajurApel))
 8 SYSTEMPATH/CodeIgniter.php(361): CodeIgniter\CodeIgniter->handleRequest(null, Object(Config\Cache), false)
 9 FCPATH/index.php(79): CodeIgniter\CodeIgniter->run()
10 SYSTEMPATH/Commands/Server/rewrite.php(47): require_once('/Applications/XAMPP/xamppfiles/htdocs/pembelajaran/public/index.php')
INFO - 2024-01-24 06:12:54 --> Session: Class initialized using 'CodeIgniter\Session\Handlers\FileHandler' driver.
INFO - 2024-01-24 06:12:54 --> Session: Class initialized using 'CodeIgniter\Session\Handlers\FileHandler' driver.
INFO - 2024-01-24 06:13:53 --> Session: Class initialized using 'CodeIgniter\Session\Handlers\FileHandler' driver.
INFO - 2024-01-24 06:13:54 --> Session: Class initialized using 'CodeIgniter\Session\Handlers\FileHandler' driver.
INFO - 2024-01-24 06:14:56 --> Session: Class initialized using 'CodeIgniter\Session\Handlers\FileHandler' driver.
INFO - 2024-01-24 06:14:57 --> Session: Class initialized using 'CodeIgniter\Session\Handlers\FileHandler' driver.
INFO - 2024-01-24 06:21:18 --> Session: Class initialized using 'CodeIgniter\Session\Handlers\FileHandler' driver.
INFO - 2024-01-24 06:21:18 --> Session: Class initialized using 'CodeIgniter\Session\Handlers\FileHandler' driver.
INFO - 2024-01-24 06:21:21 --> Session: Class initialized using 'CodeIgniter\Session\Handlers\FileHandler' driver.
INFO - 2024-01-24 06:21:21 --> Session: Class initialized using 'CodeIgniter\Session\Handlers\FileHandler' driver.
INFO - 2024-01-24 06:21:21 --> Session: Class initialized using 'CodeIgniter\Session\Handlers\FileHandler' driver.
INFO - 2024-01-24 06:21:24 --> Session: Class initialized using 'CodeIgniter\Session\Handlers\FileHandler' driver.
INFO - 2024-01-24 06:21:25 --> Session: Class initialized using 'CodeIgniter\Session\Handlers\FileHandler' driver.
INFO - 2024-01-24 06:21:25 --> Session: Class initialized using 'CodeIgniter\Session\Handlers\FileHandler' driver.
INFO - 2024-01-24 06:21:26 --> Session: Class initialized using 'CodeIgniter\Session\Handlers\FileHandler' driver.
INFO - 2024-01-24 06:22:29 --> Session: Class initialized using 'CodeIgniter\Session\Handlers\FileHandler' driver.
INFO - 2024-01-24 06:22:29 --> Session: Class initialized using 'CodeIgniter\Session\Handlers\FileHandler' driver.
INFO - 2024-01-24 06:22:57 --> Session: Class initialized using 'CodeIgniter\Session\Handlers\FileHandler' driver.
INFO - 2024-01-24 06:22:57 --> Session: Class initialized using 'CodeIgniter\Session\Handlers\FileHandler' driver.
INFO - 2024-01-24 06:22:59 --> Session: Class initialized using 'CodeIgniter\Session\Handlers\FileHandler' driver.
INFO - 2024-01-24 06:22:59 --> Session: Class initialized using 'CodeIgniter\Session\Handlers\FileHandler' driver.
INFO - 2024-01-24 06:22:59 --> Session: Class initialized using 'CodeIgniter\Session\Handlers\FileHandler' driver.
INFO - 2024-01-24 06:23:10 --> Session: Class initialized using 'CodeIgniter\Session\Handlers\FileHandler' driver.
INFO - 2024-01-24 06:23:10 --> Session: Class initialized using 'CodeIgniter\Session\Handlers\FileHandler' driver.
INFO - 2024-01-24 06:23:12 --> Session: Class initialized using 'CodeIgniter\Session\Handlers\FileHandler' driver.
INFO - 2024-01-24 06:23:12 --> Session: Class initialized using 'CodeIgniter\Session\Handlers\FileHandler' driver.
INFO - 2024-01-24 06:24:23 --> Session: Class initialized using 'CodeIgniter\Session\Handlers\FileHandler' driver.
INFO - 2024-01-24 06:24:24 --> Session: Class initialized using 'CodeIgniter\Session\Handlers\FileHandler' driver.
INFO - 2024-01-24 06:25:05 --> Session: Class initialized using 'CodeIgniter\Session\Handlers\FileHandler' driver.
INFO - 2024-01-24 06:25:06 --> Session: Class initialized using 'CodeIgniter\Session\Handlers\FileHandler' driver.
INFO - 2024-01-24 06:25:26 --> Session: Class initialized using 'CodeIgniter\Session\Handlers\FileHandler' driver.
INFO - 2024-01-24 06:25:26 --> Session: Class initialized using 'CodeIgniter\Session\Handlers\FileHandler' driver.
INFO - 2024-01-24 06:25:29 --> Session: Class initialized using 'CodeIgniter\Session\Handlers\FileHandler' driver.
INFO - 2024-01-24 06:25:29 --> Session: Class initialized using 'CodeIgniter\Session\Handlers\FileHandler' driver.
INFO - 2024-01-24 06:25:47 --> Session: Class initialized using 'CodeIgniter\Session\Handlers\FileHandler' driver.
INFO - 2024-01-24 06:25:47 --> Session: Class initialized using 'CodeIgniter\Session\Handlers\FileHandler' driver.
INFO - 2024-01-24 06:25:48 --> Session: Class initialized using 'CodeIgniter\Session\Handlers\FileHandler' driver.
INFO - 2024-01-24 06:25:48 --> Session: Class initialized using 'CodeIgniter\Session\Handlers\FileHandler' driver.
INFO - 2024-01-24 06:25:58 --> Session: Class initialized using 'CodeIgniter\Session\Handlers\FileHandler' driver.
INFO - 2024-01-24 06:25:58 --> Session: Class initialized using 'CodeIgniter\Session\Handlers\FileHandler' driver.
INFO - 2024-01-24 06:25:58 --> Session: Class initialized using 'CodeIgniter\Session\Handlers\FileHandler' driver.
INFO - 2024-01-24 06:25:59 --> Session: Class initialized using 'CodeIgniter\Session\Handlers\FileHandler' driver.
INFO - 2024-01-24 06:26:10 --> Session: Class initialized using 'CodeIgniter\Session\Handlers\FileHandler' driver.
INFO - 2024-01-24 06:26:11 --> Session: Class initialized using 'CodeIgniter\Session\Handlers\FileHandler' driver.
INFO - 2024-01-24 06:26:32 --> Session: Class initialized using 'CodeIgniter\Session\Handlers\FileHandler' driver.
INFO - 2024-01-24 06:26:32 --> Session: Class initialized using 'CodeIgniter\Session\Handlers\FileHandler' driver.
INFO - 2024-01-24 06:28:01 --> Session: Class initialized using 'CodeIgniter\Session\Handlers\FileHandler' driver.
INFO - 2024-01-24 06:28:01 --> Session: Class initialized using 'CodeIgniter\Session\Handlers\FileHandler' driver.
INFO - 2024-01-24 06:28:01 --> Session: Class initialized using 'CodeIgniter\Session\Handlers\FileHandler' driver.
INFO - 2024-01-24 06:28:15 --> Session: Class initialized using 'CodeIgniter\Session\Handlers\FileHandler' driver.
INFO - 2024-01-24 06:28:15 --> Session: Class initialized using 'CodeIgniter\Session\Handlers\FileHandler' driver.
INFO - 2024-01-24 06:28:16 --> Session: Class initialized using 'CodeIgniter\Session\Handlers\FileHandler' driver.
INFO - 2024-01-24 06:28:17 --> Session: Class initialized using 'CodeIgniter\Session\Handlers\FileHandler' driver.
INFO - 2024-01-24 06:28:18 --> Session: Class initialized using 'CodeIgniter\Session\Handlers\FileHandler' driver.
INFO - 2024-01-24 06:28:19 --> Session: Class initialized using 'CodeIgniter\Session\Handlers\FileHandler' driver.
INFO - 2024-01-24 06:28:19 --> Session: Class initialized using 'CodeIgniter\Session\Handlers\FileHandler' driver.
INFO - 2024-01-24 06:28:20 --> Session: Class initialized using 'CodeIgniter\Session\Handlers\FileHandler' driver.
INFO - 2024-01-24 06:29:41 --> Session: Class initialized using 'CodeIgniter\Session\Handlers\FileHandler' driver.
INFO - 2024-01-24 06:29:41 --> Session: Class initialized using 'CodeIgniter\Session\Handlers\FileHandler' driver.
INFO - 2024-01-24 06:29:42 --> Session: Class initialized using 'CodeIgniter\Session\Handlers\FileHandler' driver.
INFO - 2024-01-24 06:29:43 --> Session: Class initialized using 'CodeIgniter\Session\Handlers\FileHandler' driver.
INFO - 2024-01-24 06:29:44 --> Session: Class initialized using 'CodeIgniter\Session\Handlers\FileHandler' driver.
INFO - 2024-01-24 06:29:44 --> Session: Class initialized using 'CodeIgniter\Session\Handlers\FileHandler' driver.
INFO - 2024-01-24 06:29:46 --> Session: Class initialized using 'CodeIgniter\Session\Handlers\FileHandler' driver.
INFO - 2024-01-24 06:29:46 --> Session: Class initialized using 'CodeIgniter\Session\Handlers\FileHandler' driver.
INFO - 2024-01-24 06:29:47 --> Session: Class initialized using 'CodeIgniter\Session\Handlers\FileHandler' driver.
INFO - 2024-01-24 06:29:47 --> Session: Class initialized using 'CodeIgniter\Session\Handlers\FileHandler' driver.
INFO - 2024-01-24 06:29:49 --> Session: Class initialized using 'CodeIgniter\Session\Handlers\FileHandler' driver.
INFO - 2024-01-24 06:29:49 --> Session: Class initialized using 'CodeIgniter\Session\Handlers\FileHandler' driver.
INFO - 2024-01-24 06:29:50 --> Session: Class initialized using 'CodeIgniter\Session\Handlers\FileHandler' driver.
INFO - 2024-01-24 06:29:50 --> Session: Class initialized using 'CodeIgniter\Session\Handlers\FileHandler' driver.
INFO - 2024-01-24 06:29:51 --> Session: Class initialized using 'CodeIgniter\Session\Handlers\FileHandler' driver.
INFO - 2024-01-24 06:29:52 --> Session: Class initialized using 'CodeIgniter\Session\Handlers\FileHandler' driver.
INFO - 2024-01-24 06:29:53 --> Session: Class initialized using 'CodeIgniter\Session\Handlers\FileHandler' driver.
INFO - 2024-01-24 06:29:53 --> Session: Class initialized using 'CodeIgniter\Session\Handlers\FileHandler' driver.
INFO - 2024-01-24 06:29:54 --> Session: Class initialized using 'CodeIgniter\Session\Handlers\FileHandler' driver.
INFO - 2024-01-24 06:29:55 --> Session: Class initialized using 'CodeIgniter\Session\Handlers\FileHandler' driver.
INFO - 2024-01-24 06:29:56 --> Session: Class initialized using 'CodeIgniter\Session\Handlers\FileHandler' driver.
INFO - 2024-01-24 06:29:56 --> Session: Class initialized using 'CodeIgniter\Session\Handlers\FileHandler' driver.
INFO - 2024-01-24 06:30:38 --> Session: Class initialized using 'CodeIgniter\Session\Handlers\FileHandler' driver.
INFO - 2024-01-24 06:30:39 --> Session: Class initialized using 'CodeIgniter\Session\Handlers\FileHandler' driver.
INFO - 2024-01-24 06:30:39 --> Session: Class initialized using 'CodeIgniter\Session\Handlers\FileHandler' driver.
INFO - 2024-01-24 06:30:40 --> Session: Class initialized using 'CodeIgniter\Session\Handlers\FileHandler' driver.
INFO - 2024-01-24 06:30:41 --> Session: Class initialized using 'CodeIgniter\Session\Handlers\FileHandler' driver.
INFO - 2024-01-24 06:30:41 --> Session: Class initialized using 'CodeIgniter\Session\Handlers\FileHandler' driver.
INFO - 2024-01-24 06:30:42 --> Session: Class initialized using 'CodeIgniter\Session\Handlers\FileHandler' driver.
INFO - 2024-01-24 06:30:42 --> Session: Class initialized using 'CodeIgniter\Session\Handlers\FileHandler' driver.
INFO - 2024-01-24 06:30:43 --> Session: Class initialized using 'CodeIgniter\Session\Handlers\FileHandler' driver.
INFO - 2024-01-24 06:30:44 --> Session: Class initialized using 'CodeIgniter\Session\Handlers\FileHandler' driver.
INFO - 2024-01-24 06:30:44 --> Session: Class initialized using 'CodeIgniter\Session\Handlers\FileHandler' driver.
INFO - 2024-01-24 06:30:45 --> Session: Class initialized using 'CodeIgniter\Session\Handlers\FileHandler' driver.
INFO - 2024-01-24 06:30:45 --> Session: Class initialized using 'CodeIgniter\Session\Handlers\FileHandler' driver.
INFO - 2024-01-24 06:30:46 --> Session: Class initialized using 'CodeIgniter\Session\Handlers\FileHandler' driver.
INFO - 2024-01-24 06:30:47 --> Session: Class initialized using 'CodeIgniter\Session\Handlers\FileHandler' driver.
INFO - 2024-01-24 06:30:47 --> Session: Class initialized using 'CodeIgniter\Session\Handlers\FileHandler' driver.
INFO - 2024-01-24 06:30:48 --> Session: Class initialized using 'CodeIgniter\Session\Handlers\FileHandler' driver.
INFO - 2024-01-24 06:30:48 --> Session: Class initialized using 'CodeIgniter\Session\Handlers\FileHandler' driver.
INFO - 2024-01-24 06:30:49 --> Session: Class initialized using 'CodeIgniter\Session\Handlers\FileHandler' driver.
INFO - 2024-01-24 06:30:50 --> Session: Class initialized using 'CodeIgniter\Session\Handlers\FileHandler' driver.
INFO - 2024-01-24 06:30:51 --> Session: Class initialized using 'CodeIgniter\Session\Handlers\FileHandler' driver.
INFO - 2024-01-24 06:30:52 --> Session: Class initialized using 'CodeIgniter\Session\Handlers\FileHandler' driver.
INFO - 2024-01-24 06:30:54 --> Session: Class initialized using 'CodeIgniter\Session\Handlers\FileHandler' driver.
INFO - 2024-01-24 06:30:55 --> Session: Class initialized using 'CodeIgniter\Session\Handlers\FileHandler' driver.
INFO - 2024-01-24 06:30:56 --> Session: Class initialized using 'CodeIgniter\Session\Handlers\FileHandler' driver.
INFO - 2024-01-24 06:30:56 --> Session: Class initialized using 'CodeIgniter\Session\Handlers\FileHandler' driver.
INFO - 2024-01-24 06:32:28 --> Session: Class initialized using 'CodeIgniter\Session\Handlers\FileHandler' driver.
INFO - 2024-01-24 06:32:28 --> Session: Class initialized using 'CodeIgniter\Session\Handlers\FileHandler' driver.
INFO - 2024-01-24 06:32:43 --> Session: Class initialized using 'CodeIgniter\Session\Handlers\FileHandler' driver.
INFO - 2024-01-24 06:32:43 --> Session: Class initialized using 'CodeIgniter\Session\Handlers\FileHandler' driver.
INFO - 2024-01-24 06:32:58 --> Session: Class initialized using 'CodeIgniter\Session\Handlers\FileHandler' driver.
INFO - 2024-01-24 06:32:58 --> Session: Class initialized using 'CodeIgniter\Session\Handlers\FileHandler' driver.
INFO - 2024-01-24 06:33:27 --> Session: Class initialized using 'CodeIgniter\Session\Handlers\FileHandler' driver.
INFO - 2024-01-24 06:33:28 --> Session: Class initialized using 'CodeIgniter\Session\Handlers\FileHandler' driver.
INFO - 2024-01-24 06:33:38 --> Session: Class initialized using 'CodeIgniter\Session\Handlers\FileHandler' driver.
INFO - 2024-01-24 06:33:39 --> Session: Class initialized using 'CodeIgniter\Session\Handlers\FileHandler' driver.
INFO - 2024-01-24 06:44:16 --> Session: Class initialized using 'CodeIgniter\Session\Handlers\FileHandler' driver.
INFO - 2024-01-24 06:44:16 --> Session: Class initialized using 'CodeIgniter\Session\Handlers\FileHandler' driver.
INFO - 2024-01-24 06:45:26 --> Session: Class initialized using 'CodeIgniter\Session\Handlers\FileHandler' driver.
INFO - 2024-01-24 06:45:26 --> Session: Class initialized using 'CodeIgniter\Session\Handlers\FileHandler' driver.
INFO - 2024-01-24 06:46:11 --> Session: Class initialized using 'CodeIgniter\Session\Handlers\FileHandler' driver.
INFO - 2024-01-24 06:46:11 --> Session: Class initialized using 'CodeIgniter\Session\Handlers\FileHandler' driver.
INFO - 2024-01-24 06:46:12 --> Session: Class initialized using 'CodeIgniter\Session\Handlers\FileHandler' driver.
INFO - 2024-01-24 06:46:13 --> Session: Class initialized using 'CodeIgniter\Session\Handlers\FileHandler' driver.
INFO - 2024-01-24 06:46:58 --> Session: Class initialized using 'CodeIgniter\Session\Handlers\FileHandler' driver.
INFO - 2024-01-24 06:46:58 --> Session: Class initialized using 'CodeIgniter\Session\Handlers\FileHandler' driver.
INFO - 2024-01-24 06:47:07 --> Session: Class initialized using 'CodeIgniter\Session\Handlers\FileHandler' driver.
INFO - 2024-01-24 06:47:07 --> Session: Class initialized using 'CodeIgniter\Session\Handlers\FileHandler' driver.
INFO - 2024-01-24 06:47:16 --> Session: Class initialized using 'CodeIgniter\Session\Handlers\FileHandler' driver.
INFO - 2024-01-24 06:47:16 --> Session: Class initialized using 'CodeIgniter\Session\Handlers\FileHandler' driver.
INFO - 2024-01-24 06:47:16 --> Session: Class initialized using 'CodeIgniter\Session\Handlers\FileHandler' driver.
INFO - 2024-01-24 06:47:20 --> Session: Class initialized using 'CodeIgniter\Session\Handlers\FileHandler' driver.
INFO - 2024-01-24 06:47:20 --> Session: Class initialized using 'CodeIgniter\Session\Handlers\FileHandler' driver.
INFO - 2024-01-24 06:47:42 --> Session: Class initialized using 'CodeIgniter\Session\Handlers\FileHandler' driver.
INFO - 2024-01-24 06:47:42 --> Session: Class initialized using 'CodeIgniter\Session\Handlers\FileHandler' driver.
INFO - 2024-01-24 06:47:44 --> Session: Class initialized using 'CodeIgniter\Session\Handlers\FileHandler' driver.
INFO - 2024-01-24 06:47:45 --> Session: Class initialized using 'CodeIgniter\Session\Handlers\FileHandler' driver.
INFO - 2024-01-24 06:48:28 --> Session: Class initialized using 'CodeIgniter\Session\Handlers\FileHandler' driver.
INFO - 2024-01-24 06:48:28 --> Session: Class initialized using 'CodeIgniter\Session\Handlers\FileHandler' driver.
INFO - 2024-01-24 06:49:24 --> Session: Class initialized using 'CodeIgniter\Session\Handlers\FileHandler' driver.
INFO - 2024-01-24 06:49:24 --> Session: Class initialized using 'CodeIgniter\Session\Handlers\FileHandler' driver.
INFO - 2024-01-24 06:49:24 --> Session: Class initialized using 'CodeIgniter\Session\Handlers\FileHandler' driver.
INFO - 2024-01-24 06:49:29 --> Session: Class initialized using 'CodeIgniter\Session\Handlers\FileHandler' driver.
INFO - 2024-01-24 06:49:29 --> Session: Class initialized using 'CodeIgniter\Session\Handlers\FileHandler' driver.
INFO - 2024-01-24 06:49:37 --> Session: Class initialized using 'CodeIgniter\Session\Handlers\FileHandler' driver.
INFO - 2024-01-24 06:49:37 --> Session: Class initialized using 'CodeIgniter\Session\Handlers\FileHandler' driver.
INFO - 2024-01-24 06:50:04 --> Session: Class initialized using 'CodeIgniter\Session\Handlers\FileHandler' driver.
INFO - 2024-01-24 06:50:05 --> Session: Class initialized using 'CodeIgniter\Session\Handlers\FileHandler' driver.
INFO - 2024-01-24 06:50:06 --> Session: Class initialized using 'CodeIgniter\Session\Handlers\FileHandler' driver.
INFO - 2024-01-24 06:51:27 --> Session: Class initialized using 'CodeIgniter\Session\Handlers\FileHandler' driver.
INFO - 2024-01-24 06:51:28 --> Session: Class initialized using 'CodeIgniter\Session\Handlers\FileHandler' driver.
INFO - 2024-01-24 06:51:29 --> Session: Class initialized using 'CodeIgniter\Session\Handlers\FileHandler' driver.
INFO - 2024-01-24 06:51:29 --> Session: Class initialized using 'CodeIgniter\Session\Handlers\FileHandler' driver.
INFO - 2024-01-24 06:51:29 --> Session: Class initialized using 'CodeIgniter\Session\Handlers\FileHandler' driver.
INFO - 2024-01-24 06:52:53 --> Session: Class initialized using 'CodeIgniter\Session\Handlers\FileHandler' driver.
INFO - 2024-01-24 06:52:54 --> Session: Class initialized using 'CodeIgniter\Session\Handlers\FileHandler' driver.
INFO - 2024-01-24 06:53:24 --> Session: Class initialized using 'CodeIgniter\Session\Handlers\FileHandler' driver.
INFO - 2024-01-24 06:53:24 --> Session: Class initialized using 'CodeIgniter\Session\Handlers\FileHandler' driver.
INFO - 2024-01-24 06:53:27 --> Session: Class initialized using 'CodeIgniter\Session\Handlers\FileHandler' driver.
INFO - 2024-01-24 06:53:27 --> Session: Class initialized using 'CodeIgniter\Session\Handlers\FileHandler' driver.
INFO - 2024-01-24 06:53:28 --> Session: Class initialized using 'CodeIgniter\Session\Handlers\FileHandler' driver.
INFO - 2024-01-24 06:55:48 --> Session: Class initialized using 'CodeIgniter\Session\Handlers\FileHandler' driver.
INFO - 2024-01-24 06:55:48 --> Session: Class initialized using 'CodeIgniter\Session\Handlers\FileHandler' driver.
INFO - 2024-01-24 07:00:51 --> Session: Class initialized using 'CodeIgniter\Session\Handlers\FileHandler' driver.
INFO - 2024-01-24 07:00:51 --> Session: Class initialized using 'CodeIgniter\Session\Handlers\FileHandler' driver.
INFO - 2024-01-24 07:00:52 --> Session: Class initialized using 'CodeIgniter\Session\Handlers\FileHandler' driver.
INFO - 2024-01-24 07:01:45 --> Session: Class initialized using 'CodeIgniter\Session\Handlers\FileHandler' driver.
INFO - 2024-01-24 07:01:45 --> Session: Class initialized using 'CodeIgniter\Session\Handlers\FileHandler' driver.
INFO - 2024-01-24 07:01:47 --> Session: Class initialized using 'CodeIgniter\Session\Handlers\FileHandler' driver.
INFO - 2024-01-24 07:01:55 --> Session: Class initialized using 'CodeIgniter\Session\Handlers\FileHandler' driver.
INFO - 2024-01-24 07:01:55 --> Session: Class initialized using 'CodeIgniter\Session\Handlers\FileHandler' driver.
INFO - 2024-01-24 07:01:56 --> Session: Class initialized using 'CodeIgniter\Session\Handlers\FileHandler' driver.
INFO - 2024-01-24 07:01:56 --> Session: Class initialized using 'CodeIgniter\Session\Handlers\FileHandler' driver.
INFO - 2024-01-24 07:01:56 --> Session: Class initialized using 'CodeIgniter\Session\Handlers\FileHandler' driver.
INFO - 2024-01-24 07:03:26 --> Session: Class initialized using 'CodeIgniter\Session\Handlers\FileHandler' driver.
INFO - 2024-01-24 07:03:26 --> Session: Class initialized using 'CodeIgniter\Session\Handlers\FileHandler' driver.
INFO - 2024-01-24 07:03:27 --> Session: Class initialized using 'CodeIgniter\Session\Handlers\FileHandler' driver.
INFO - 2024-01-24 07:03:28 --> Session: Class initialized using 'CodeIgniter\Session\Handlers\FileHandler' driver.
INFO - 2024-01-24 07:03:29 --> Session: Class initialized using 'CodeIgniter\Session\Handlers\FileHandler' driver.
INFO - 2024-01-24 07:03:47 --> Session: Class initialized using 'CodeIgniter\Session\Handlers\FileHandler' driver.
INFO - 2024-01-24 07:03:47 --> Session: Class initialized using 'CodeIgniter\Session\Handlers\FileHandler' driver.
INFO - 2024-01-24 07:03:49 --> Session: Class initialized using 'CodeIgniter\Session\Handlers\FileHandler' driver.
INFO - 2024-01-24 07:04:08 --> Session: Class initialized using 'CodeIgniter\Session\Handlers\FileHandler' driver.
INFO - 2024-01-24 07:04:08 --> Session: Class initialized using 'CodeIgniter\Session\Handlers\FileHandler' driver.
INFO - 2024-01-24 07:04:10 --> Session: Class initialized using 'CodeIgniter\Session\Handlers\FileHandler' driver.
INFO - 2024-01-24 07:04:10 --> Session: Class initialized using 'CodeIgniter\Session\Handlers\FileHandler' driver.
INFO - 2024-01-24 07:04:10 --> Session: Class initialized using 'CodeIgniter\Session\Handlers\FileHandler' driver.
INFO - 2024-01-24 07:05:30 --> Session: Class initialized using 'CodeIgniter\Session\Handlers\FileHandler' driver.
INFO - 2024-01-24 07:05:30 --> Session: Class initialized using 'CodeIgniter\Session\Handlers\FileHandler' driver.
INFO - 2024-01-24 07:05:31 --> Session: Class initialized using 'CodeIgniter\Session\Handlers\FileHandler' driver.
INFO - 2024-01-24 07:05:31 --> Session: Class initialized using 'CodeIgniter\Session\Handlers\FileHandler' driver.
INFO - 2024-01-24 07:05:32 --> Session: Class initialized using 'CodeIgniter\Session\Handlers\FileHandler' driver.
INFO - 2024-01-24 07:05:42 --> Session: Class initialized using 'CodeIgniter\Session\Handlers\FileHandler' driver.
INFO - 2024-01-24 07:05:42 --> Session: Class initialized using 'CodeIgniter\Session\Handlers\FileHandler' driver.
INFO - 2024-01-24 07:05:44 --> Session: Class initialized using 'CodeIgniter\Session\Handlers\FileHandler' driver.
INFO - 2024-01-24 07:05:45 --> Session: Class initialized using 'CodeIgniter\Session\Handlers\FileHandler' driver.
INFO - 2024-01-24 07:07:28 --> Session: Class initialized using 'CodeIgniter\Session\Handlers\FileHandler' driver.
INFO - 2024-01-24 07:07:30 --> Session: Class initialized using 'CodeIgniter\Session\Handlers\FileHandler' driver.
INFO - 2024-01-24 07:07:31 --> Session: Class initialized using 'CodeIgniter\Session\Handlers\FileHandler' driver.
INFO - 2024-01-24 07:07:33 --> Session: Class initialized using 'CodeIgniter\Session\Handlers\FileHandler' driver.
INFO - 2024-01-24 07:07:33 --> Session: Class initialized using 'CodeIgniter\Session\Handlers\FileHandler' driver.
INFO - 2024-01-24 07:07:36 --> Session: Class initialized using 'CodeIgniter\Session\Handlers\FileHandler' driver.
INFO - 2024-01-24 07:07:36 --> Session: Class initialized using 'CodeIgniter\Session\Handlers\FileHandler' driver.
INFO - 2024-01-24 07:07:39 --> Session: Class initialized using 'CodeIgniter\Session\Handlers\FileHandler' driver.
INFO - 2024-01-24 07:07:40 --> Session: Class initialized using 'CodeIgniter\Session\Handlers\FileHandler' driver.
INFO - 2024-01-24 07:07:41 --> Session: Class initialized using 'CodeIgniter\Session\Handlers\FileHandler' driver.
INFO - 2024-01-24 07:07:42 --> Session: Class initialized using 'CodeIgniter\Session\Handlers\FileHandler' driver.
INFO - 2024-01-24 07:07:42 --> Session: Class initialized using 'CodeIgniter\Session\Handlers\FileHandler' driver.
INFO - 2024-01-24 07:07:43 --> Session: Class initialized using 'CodeIgniter\Session\Handlers\FileHandler' driver.
INFO - 2024-01-24 07:07:52 --> Session: Class initialized using 'CodeIgniter\Session\Handlers\FileHandler' driver.
INFO - 2024-01-24 07:07:52 --> Session: Class initialized using 'CodeIgniter\Session\Handlers\FileHandler' driver.
INFO - 2024-01-24 07:07:53 --> Session: Class initialized using 'CodeIgniter\Session\Handlers\FileHandler' driver.
INFO - 2024-01-24 07:07:55 --> Session: Class initialized using 'CodeIgniter\Session\Handlers\FileHandler' driver.
INFO - 2024-01-24 07:07:56 --> Session: Class initialized using 'CodeIgniter\Session\Handlers\FileHandler' driver.
INFO - 2024-01-24 07:07:57 --> Session: Class initialized using 'CodeIgniter\Session\Handlers\FileHandler' driver.
INFO - 2024-01-24 07:07:57 --> Session: Class initialized using 'CodeIgniter\Session\Handlers\FileHandler' driver.
INFO - 2024-01-24 07:07:58 --> Session: Class initialized using 'CodeIgniter\Session\Handlers\FileHandler' driver.
INFO - 2024-01-24 07:07:59 --> Session: Class initialized using 'CodeIgniter\Session\Handlers\FileHandler' driver.
INFO - 2024-01-24 07:08:00 --> Session: Class initialized using 'CodeIgniter\Session\Handlers\FileHandler' driver.
INFO - 2024-01-24 07:08:01 --> Session: Class initialized using 'CodeIgniter\Session\Handlers\FileHandler' driver.
INFO - 2024-01-24 07:08:01 --> Session: Class initialized using 'CodeIgniter\Session\Handlers\FileHandler' driver.
INFO - 2024-01-24 07:08:02 --> Session: Class initialized using 'CodeIgniter\Session\Handlers\FileHandler' driver.
INFO - 2024-01-24 07:08:08 --> Session: Class initialized using 'CodeIgniter\Session\Handlers\FileHandler' driver.
INFO - 2024-01-24 07:08:08 --> Session: Class initialized using 'CodeIgniter\Session\Handlers\FileHandler' driver.
INFO - 2024-01-24 07:08:08 --> Session: Class initialized using 'CodeIgniter\Session\Handlers\FileHandler' driver.
INFO - 2024-01-24 07:08:14 --> Session: Class initialized using 'CodeIgniter\Session\Handlers\FileHandler' driver.
INFO - 2024-01-24 07:08:14 --> Session: Class initialized using 'CodeIgniter\Session\Handlers\FileHandler' driver.
INFO - 2024-01-24 07:08:17 --> Session: Class initialized using 'CodeIgniter\Session\Handlers\FileHandler' driver.
INFO - 2024-01-24 07:08:17 --> Session: Class initialized using 'CodeIgniter\Session\Handlers\FileHandler' driver.
INFO - 2024-01-24 07:08:18 --> Session: Class initialized using 'CodeIgniter\Session\Handlers\FileHandler' driver.
INFO - 2024-01-24 07:08:19 --> Session: Class initialized using 'CodeIgniter\Session\Handlers\FileHandler' driver.
INFO - 2024-01-24 07:08:23 --> Session: Class initialized using 'CodeIgniter\Session\Handlers\FileHandler' driver.
INFO - 2024-01-24 07:08:23 --> Session: Class initialized using 'CodeIgniter\Session\Handlers\FileHandler' driver.
INFO - 2024-01-24 07:08:29 --> Session: Class initialized using 'CodeIgniter\Session\Handlers\FileHandler' driver.
INFO - 2024-01-24 07:08:29 --> Session: Class initialized using 'CodeIgniter\Session\Handlers\FileHandler' driver.
INFO - 2024-01-24 07:08:31 --> Session: Class initialized using 'CodeIgniter\Session\Handlers\FileHandler' driver.
INFO - 2024-01-24 07:08:31 --> Session: Class initialized using 'CodeIgniter\Session\Handlers\FileHandler' driver.
INFO - 2024-01-24 07:08:35 --> Session: Class initialized using 'CodeIgniter\Session\Handlers\FileHandler' driver.
INFO - 2024-01-24 07:08:35 --> Session: Class initialized using 'CodeIgniter\Session\Handlers\FileHandler' driver.
INFO - 2024-01-24 07:08:35 --> Session: Class initialized using 'CodeIgniter\Session\Handlers\FileHandler' driver.
INFO - 2024-01-24 07:08:38 --> Session: Class initialized using 'CodeIgniter\Session\Handlers\FileHandler' driver.
INFO - 2024-01-24 07:08:39 --> Session: Class initialized using 'CodeIgniter\Session\Handlers\FileHandler' driver.
INFO - 2024-01-24 07:08:42 --> Session: Class initialized using 'CodeIgniter\Session\Handlers\FileHandler' driver.
INFO - 2024-01-24 07:08:42 --> Session: Class initialized using 'CodeIgniter\Session\Handlers\FileHandler' driver.
INFO - 2024-01-24 07:08:43 --> Session: Class initialized using 'CodeIgniter\Session\Handlers\FileHandler' driver.
INFO - 2024-01-24 07:08:44 --> Session: Class initialized using 'CodeIgniter\Session\Handlers\FileHandler' driver.
INFO - 2024-01-24 07:08:45 --> Session: Class initialized using 'CodeIgniter\Session\Handlers\FileHandler' driver.
INFO - 2024-01-24 07:08:46 --> Session: Class initialized using 'CodeIgniter\Session\Handlers\FileHandler' driver.
INFO - 2024-01-24 07:08:46 --> Session: Class initialized using 'CodeIgniter\Session\Handlers\FileHandler' driver.
INFO - 2024-01-24 07:08:47 --> Session: Class initialized using 'CodeIgniter\Session\Handlers\FileHandler' driver.
INFO - 2024-01-24 07:08:47 --> Session: Class initialized using 'CodeIgniter\Session\Handlers\FileHandler' driver.
INFO - 2024-01-24 07:08:48 --> Session: Class initialized using 'CodeIgniter\Session\Handlers\FileHandler' driver.
INFO - 2024-01-24 07:08:49 --> Session: Class initialized using 'CodeIgniter\Session\Handlers\FileHandler' driver.
INFO - 2024-01-24 07:09:18 --> Session: Class initialized using 'CodeIgniter\Session\Handlers\FileHandler' driver.
INFO - 2024-01-24 07:09:18 --> Session: Class initialized using 'CodeIgniter\Session\Handlers\FileHandler' driver.
INFO - 2024-01-24 07:09:29 --> Session: Class initialized using 'CodeIgniter\Session\Handlers\FileHandler' driver.
INFO - 2024-01-24 07:09:29 --> Session: Class initialized using 'CodeIgniter\Session\Handlers\FileHandler' driver.
INFO - 2024-01-24 07:09:30 --> Session: Class initialized using 'CodeIgniter\Session\Handlers\FileHandler' driver.
INFO - 2024-01-24 07:09:31 --> Session: Class initialized using 'CodeIgniter\Session\Handlers\FileHandler' driver.
INFO - 2024-01-24 07:09:33 --> Session: Class initialized using 'CodeIgniter\Session\Handlers\FileHandler' driver.
INFO - 2024-01-24 07:09:33 --> Session: Class initialized using 'CodeIgniter\Session\Handlers\FileHandler' driver.
INFO - 2024-01-24 07:09:33 --> Session: Class initialized using 'CodeIgniter\Session\Handlers\FileHandler' driver.
INFO - 2024-01-24 07:09:36 --> Session: Class initialized using 'CodeIgniter\Session\Handlers\FileHandler' driver.
INFO - 2024-01-24 07:09:36 --> Session: Class initialized using 'CodeIgniter\Session\Handlers\FileHandler' driver.
INFO - 2024-01-24 07:11:42 --> Session: Class initialized using 'CodeIgniter\Session\Handlers\FileHandler' driver.
INFO - 2024-01-24 07:11:42 --> Session: Class initialized using 'CodeIgniter\Session\Handlers\FileHandler' driver.
INFO - 2024-01-24 07:11:45 --> Session: Class initialized using 'CodeIgniter\Session\Handlers\FileHandler' driver.
INFO - 2024-01-24 07:11:45 --> Session: Class initialized using 'CodeIgniter\Session\Handlers\FileHandler' driver.
INFO - 2024-01-24 07:11:45 --> Session: Class initialized using 'CodeIgniter\Session\Handlers\FileHandler' driver.
INFO - 2024-01-24 07:11:50 --> Session: Class initialized using 'CodeIgniter\Session\Handlers\FileHandler' driver.
INFO - 2024-01-24 07:11:50 --> Session: Class initialized using 'CodeIgniter\Session\Handlers\FileHandler' driver.
INFO - 2024-01-24 07:12:03 --> Session: Class initialized using 'CodeIgniter\Session\Handlers\FileHandler' driver.
INFO - 2024-01-24 07:12:03 --> Session: Class initialized using 'CodeIgniter\Session\Handlers\FileHandler' driver.
INFO - 2024-01-24 07:12:04 --> Session: Class initialized using 'CodeIgniter\Session\Handlers\FileHandler' driver.
INFO - 2024-01-24 07:12:20 --> Session: Class initialized using 'CodeIgniter\Session\Handlers\FileHandler' driver.
INFO - 2024-01-24 07:12:20 --> Session: Class initialized using 'CodeIgniter\Session\Handlers\FileHandler' driver.
INFO - 2024-01-24 07:12:39 --> Session: Class initialized using 'CodeIgniter\Session\Handlers\FileHandler' driver.
INFO - 2024-01-24 07:12:39 --> Session: Class initialized using 'CodeIgniter\Session\Handlers\FileHandler' driver.
INFO - 2024-01-24 07:12:39 --> Session: Class initialized using 'CodeIgniter\Session\Handlers\FileHandler' driver.
INFO - 2024-01-24 07:12:43 --> Session: Class initialized using 'CodeIgniter\Session\Handlers\FileHandler' driver.
INFO - 2024-01-24 07:12:43 --> Session: Class initialized using 'CodeIgniter\Session\Handlers\FileHandler' driver.
INFO - 2024-01-24 07:12:44 --> Session: Class initialized using 'CodeIgniter\Session\Handlers\FileHandler' driver.
INFO - 2024-01-24 07:12:44 --> Session: Class initialized using 'CodeIgniter\Session\Handlers\FileHandler' driver.
INFO - 2024-01-24 07:12:46 --> Session: Class initialized using 'CodeIgniter\Session\Handlers\FileHandler' driver.
INFO - 2024-01-24 07:12:46 --> Session: Class initialized using 'CodeIgniter\Session\Handlers\FileHandler' driver.
INFO - 2024-01-24 07:12:48 --> Session: Class initialized using 'CodeIgniter\Session\Handlers\FileHandler' driver.
INFO - 2024-01-24 07:12:48 --> Session: Class initialized using 'CodeIgniter\Session\Handlers\FileHandler' driver.
INFO - 2024-01-24 07:12:48 --> Session: Class initialized using 'CodeIgniter\Session\Handlers\FileHandler' driver.
INFO - 2024-01-24 07:12:52 --> Session: Class initialized using 'CodeIgniter\Session\Handlers\FileHandler' driver.
INFO - 2024-01-24 07:12:52 --> Session: Class initialized using 'CodeIgniter\Session\Handlers\FileHandler' driver.
INFO - 2024-01-24 07:12:54 --> Session: Class initialized using 'CodeIgniter\Session\Handlers\FileHandler' driver.
INFO - 2024-01-24 07:12:54 --> Session: Class initialized using 'CodeIgniter\Session\Handlers\FileHandler' driver.
INFO - 2024-01-24 07:12:54 --> Session: Class initialized using 'CodeIgniter\Session\Handlers\FileHandler' driver.
INFO - 2024-01-24 07:12:55 --> Session: Class initialized using 'CodeIgniter\Session\Handlers\FileHandler' driver.
INFO - 2024-01-24 07:12:56 --> Session: Class initialized using 'CodeIgniter\Session\Handlers\FileHandler' driver.
INFO - 2024-01-24 07:12:57 --> Session: Class initialized using 'CodeIgniter\Session\Handlers\FileHandler' driver.
INFO - 2024-01-24 07:12:57 --> Session: Class initialized using 'CodeIgniter\Session\Handlers\FileHandler' driver.
INFO - 2024-01-24 07:12:58 --> Session: Class initialized using 'CodeIgniter\Session\Handlers\FileHandler' driver.
INFO - 2024-01-24 07:12:59 --> Session: Class initialized using 'CodeIgniter\Session\Handlers\FileHandler' driver.
INFO - 2024-01-24 07:17:24 --> Session: Class initialized using 'CodeIgniter\Session\Handlers\FileHandler' driver.
INFO - 2024-01-24 07:17:24 --> Session: Class initialized using 'CodeIgniter\Session\Handlers\FileHandler' driver.
INFO - 2024-01-24 07:18:08 --> Session: Class initialized using 'CodeIgniter\Session\Handlers\FileHandler' driver.
INFO - 2024-01-24 07:18:08 --> Session: Class initialized using 'CodeIgniter\Session\Handlers\FileHandler' driver.
INFO - 2024-01-24 07:18:09 --> Session: Class initialized using 'CodeIgniter\Session\Handlers\FileHandler' driver.
INFO - 2024-01-24 07:18:09 --> Session: Class initialized using 'CodeIgniter\Session\Handlers\FileHandler' driver.
INFO - 2024-01-24 07:18:33 --> Session: Class initialized using 'CodeIgniter\Session\Handlers\FileHandler' driver.
INFO - 2024-01-24 07:18:33 --> Session: Class initialized using 'CodeIgniter\Session\Handlers\FileHandler' driver.
INFO - 2024-01-24 07:19:02 --> Session: Class initialized using 'CodeIgniter\Session\Handlers\FileHandler' driver.
INFO - 2024-01-24 07:19:02 --> Session: Class initialized using 'CodeIgniter\Session\Handlers\FileHandler' driver.
INFO - 2024-01-24 07:19:08 --> Session: Class initialized using 'CodeIgniter\Session\Handlers\FileHandler' driver.
INFO - 2024-01-24 07:19:08 --> Session: Class initialized using 'CodeIgniter\Session\Handlers\FileHandler' driver.
INFO - 2024-01-24 07:19:08 --> Session: Class initialized using 'CodeIgniter\Session\Handlers\FileHandler' driver.
INFO - 2024-01-24 07:19:11 --> Session: Class initialized using 'CodeIgniter\Session\Handlers\FileHandler' driver.
INFO - 2024-01-24 07:19:11 --> Session: Class initialized using 'CodeIgniter\Session\Handlers\FileHandler' driver.
INFO - 2024-01-24 07:19:12 --> Session: Class initialized using 'CodeIgniter\Session\Handlers\FileHandler' driver.
INFO - 2024-01-24 07:19:12 --> Session: Class initialized using 'CodeIgniter\Session\Handlers\FileHandler' driver.
INFO - 2024-01-24 07:19:12 --> Session: Class initialized using 'CodeIgniter\Session\Handlers\FileHandler' driver.
INFO - 2024-01-24 07:19:22 --> Session: Class initialized using 'CodeIgniter\Session\Handlers\FileHandler' driver.
INFO - 2024-01-24 07:19:22 --> Session: Class initialized using 'CodeIgniter\Session\Handlers\FileHandler' driver.
INFO - 2024-01-24 07:19:27 --> Session: Class initialized using 'CodeIgniter\Session\Handlers\FileHandler' driver.
INFO - 2024-01-24 07:19:27 --> Session: Class initialized using 'CodeIgniter\Session\Handlers\FileHandler' driver.
INFO - 2024-01-24 07:19:31 --> Session: Class initialized using 'CodeIgniter\Session\Handlers\FileHandler' driver.
INFO - 2024-01-24 07:19:32 --> Session: Class initialized using 'CodeIgniter\Session\Handlers\FileHandler' driver.
INFO - 2024-01-24 07:19:35 --> Session: Class initialized using 'CodeIgniter\Session\Handlers\FileHandler' driver.
INFO - 2024-01-24 07:19:35 --> Session: Class initialized using 'CodeIgniter\Session\Handlers\FileHandler' driver.
INFO - 2024-01-24 07:19:35 --> Session: Class initialized using 'CodeIgniter\Session\Handlers\FileHandler' driver.
INFO - 2024-01-24 07:20:03 --> Session: Class initialized using 'CodeIgniter\Session\Handlers\FileHandler' driver.
INFO - 2024-01-24 07:20:03 --> Session: Class initialized using 'CodeIgniter\Session\Handlers\FileHandler' driver.
INFO - 2024-01-24 07:20:04 --> Session: Class initialized using 'CodeIgniter\Session\Handlers\FileHandler' driver.
INFO - 2024-01-24 07:20:04 --> Session: Class initialized using 'CodeIgniter\Session\Handlers\FileHandler' driver.
INFO - 2024-01-24 07:20:04 --> Session: Class initialized using 'CodeIgniter\Session\Handlers\FileHandler' driver.
INFO - 2024-01-24 07:20:35 --> Session: Class initialized using 'CodeIgniter\Session\Handlers\FileHandler' driver.
INFO - 2024-01-24 07:20:35 --> Session: Class initialized using 'CodeIgniter\Session\Handlers\FileHandler' driver.
INFO - 2024-01-24 07:21:07 --> Session: Class initialized using 'CodeIgniter\Session\Handlers\FileHandler' driver.
INFO - 2024-01-24 07:21:08 --> Session: Class initialized using 'CodeIgniter\Session\Handlers\FileHandler' driver.
INFO - 2024-01-24 07:21:08 --> Session: Class initialized using 'CodeIgniter\Session\Handlers\FileHandler' driver.
INFO - 2024-01-24 07:21:08 --> Session: Class initialized using 'CodeIgniter\Session\Handlers\FileHandler' driver.
INFO - 2024-01-24 07:21:14 --> Session: Class initialized using 'CodeIgniter\Session\Handlers\FileHandler' driver.
INFO - 2024-01-24 07:21:17 --> Session: Class initialized using 'CodeIgniter\Session\Handlers\FileHandler' driver.
INFO - 2024-01-24 07:21:18 --> Session: Class initialized using 'CodeIgniter\Session\Handlers\FileHandler' driver.
INFO - 2024-01-24 07:21:22 --> Session: Class initialized using 'CodeIgniter\Session\Handlers\FileHandler' driver.
INFO - 2024-01-24 07:21:23 --> Session: Class initialized using 'CodeIgniter\Session\Handlers\FileHandler' driver.
INFO - 2024-01-24 07:21:31 --> Session: Class initialized using 'CodeIgniter\Session\Handlers\FileHandler' driver.
INFO - 2024-01-24 07:21:31 --> Session: Class initialized using 'CodeIgniter\Session\Handlers\FileHandler' driver.
INFO - 2024-01-24 07:21:33 --> Session: Class initialized using 'CodeIgniter\Session\Handlers\FileHandler' driver.
INFO - 2024-01-24 07:21:33 --> Session: Class initialized using 'CodeIgniter\Session\Handlers\FileHandler' driver.
INFO - 2024-01-24 07:21:34 --> Session: Class initialized using 'CodeIgniter\Session\Handlers\FileHandler' driver.
INFO - 2024-01-24 07:21:34 --> Session: Class initialized using 'CodeIgniter\Session\Handlers\FileHandler' driver.
INFO - 2024-01-24 07:21:49 --> Session: Class initialized using 'CodeIgniter\Session\Handlers\FileHandler' driver.
INFO - 2024-01-24 07:21:49 --> Session: Class initialized using 'CodeIgniter\Session\Handlers\FileHandler' driver.
INFO - 2024-01-24 07:21:49 --> Session: Class initialized using 'CodeIgniter\Session\Handlers\FileHandler' driver.
INFO - 2024-01-24 07:21:51 --> Session: Class initialized using 'CodeIgniter\Session\Handlers\FileHandler' driver.
INFO - 2024-01-24 07:21:51 --> Session: Class initialized using 'CodeIgniter\Session\Handlers\FileHandler' driver.
INFO - 2024-01-24 07:21:53 --> Session: Class initialized using 'CodeIgniter\Session\Handlers\FileHandler' driver.
INFO - 2024-01-24 07:21:53 --> Session: Class initialized using 'CodeIgniter\Session\Handlers\FileHandler' driver.
INFO - 2024-01-24 07:21:54 --> Session: Class initialized using 'CodeIgniter\Session\Handlers\FileHandler' driver.
INFO - 2024-01-24 07:21:55 --> Session: Class initialized using 'CodeIgniter\Session\Handlers\FileHandler' driver.
INFO - 2024-01-24 07:37:51 --> Session: Class initialized using 'CodeIgniter\Session\Handlers\FileHandler' driver.
INFO - 2024-01-24 07:37:51 --> Session: Class initialized using 'CodeIgniter\Session\Handlers\FileHandler' driver.
INFO - 2024-01-24 07:37:52 --> Session: Class initialized using 'CodeIgniter\Session\Handlers\FileHandler' driver.
INFO - 2024-01-24 07:37:52 --> Session: Class initialized using 'CodeIgniter\Session\Handlers\FileHandler' driver.
INFO - 2024-01-24 07:37:53 --> Session: Class initialized using 'CodeIgniter\Session\Handlers\FileHandler' driver.
INFO - 2024-01-24 07:37:53 --> Session: Class initialized using 'CodeIgniter\Session\Handlers\FileHandler' driver.
INFO - 2024-01-24 07:37:53 --> Session: Class initialized using 'CodeIgniter\Session\Handlers\FileHandler' driver.
INFO - 2024-01-24 07:37:54 --> Session: Class initialized using 'CodeIgniter\Session\Handlers\FileHandler' driver.
INFO - 2024-01-24 07:37:55 --> Session: Class initialized using 'CodeIgniter\Session\Handlers\FileHandler' driver.
INFO - 2024-01-24 07:37:55 --> Session: Class initialized using 'CodeIgniter\Session\Handlers\FileHandler' driver.
INFO - 2024-01-24 07:37:55 --> Session: Class initialized using 'CodeIgniter\Session\Handlers\FileHandler' driver.
INFO - 2024-01-24 07:37:56 --> Session: Class initialized using 'CodeIgniter\Session\Handlers\FileHandler' driver.
INFO - 2024-01-24 07:38:01 --> Session: Class initialized using 'CodeIgniter\Session\Handlers\FileHandler' driver.
INFO - 2024-01-24 07:38:02 --> Session: Class initialized using 'CodeIgniter\Session\Handlers\FileHandler' driver.
INFO - 2024-01-24 07:38:02 --> Session: Class initialized using 'CodeIgniter\Session\Handlers\FileHandler' driver.
INFO - 2024-01-24 07:38:03 --> Session: Class initialized using 'CodeIgniter\Session\Handlers\FileHandler' driver.
INFO - 2024-01-24 07:38:36 --> Session: Class initialized using 'CodeIgniter\Session\Handlers\FileHandler' driver.
INFO - 2024-01-24 07:38:36 --> Session: Class initialized using 'CodeIgniter\Session\Handlers\FileHandler' driver.
INFO - 2024-01-24 07:38:45 --> Session: Class initialized using 'CodeIgniter\Session\Handlers\FileHandler' driver.
INFO - 2024-01-24 07:38:45 --> Session: Class initialized using 'CodeIgniter\Session\Handlers\FileHandler' driver.
INFO - 2024-01-24 07:38:46 --> Session: Class initialized using 'CodeIgniter\Session\Handlers\FileHandler' driver.
INFO - 2024-01-24 07:38:57 --> Session: Class initialized using 'CodeIgniter\Session\Handlers\FileHandler' driver.
CRITICAL - 2024-01-24 07:38:57 --> Attempt to read property "id" on null
in APPPATH/Views/konten/dosen/apel/senin/index.php on line 123.
 1 APPPATH/Views/konten/dosen/apel/senin/index.php(123): CodeIgniter\Debug\Exceptions->errorHandler(2, 'Attempt to read property "id" on null', '/Applications/XAMPP/xamppfiles/htdocs/pembelajaran/app/Views/konten/dosen/apel/senin/index.php', 123)
 2 SYSTEMPATH/View/View.php(228): include('/Applications/XAMPP/xamppfiles/htdocs/pembelajaran/app/Views/konten/dosen/apel/senin/index.php')
 3 SYSTEMPATH/View/View.php(231): CodeIgniter\View\View->CodeIgniter\View\{closure}()
 4 SYSTEMPATH/Common.php(1190): CodeIgniter\View\View->render('konten/dosen/apel/senin/index', [], true)
 5 APPPATH/Controllers/DosenApel.php(41): view('konten/dosen/apel/senin/index', [...])
 6 SYSTEMPATH/CodeIgniter.php(942): App\Controllers\DosenApel->apelSenin()
 7 SYSTEMPATH/CodeIgniter.php(502): CodeIgniter\CodeIgniter->runController(Object(App\Controllers\DosenApel))
 8 SYSTEMPATH/CodeIgniter.php(361): CodeIgniter\CodeIgniter->handleRequest(null, Object(Config\Cache), false)
 9 FCPATH/index.php(79): CodeIgniter\CodeIgniter->run()
10 SYSTEMPATH/Commands/Server/rewrite.php(47): require_once('/Applications/XAMPP/xamppfiles/htdocs/pembelajaran/public/index.php')
INFO - 2024-01-24 07:38:59 --> Session: Class initialized using 'CodeIgniter\Session\Handlers\FileHandler' driver.
INFO - 2024-01-24 07:38:59 --> Session: Class initialized using 'CodeIgniter\Session\Handlers\FileHandler' driver.
INFO - 2024-01-24 07:40:53 --> Session: Class initialized using 'CodeIgniter\Session\Handlers\FileHandler' driver.
CRITICAL - 2024-01-24 07:40:53 --> Attempt to read property "id" on null
in APPPATH/Views/konten/dosen/apel/senin/index.php on line 123.
 1 APPPATH/Views/konten/dosen/apel/senin/index.php(123): CodeIgniter\Debug\Exceptions->errorHandler(2, 'Attempt to read property "id" on null', '/Applications/XAMPP/xamppfiles/htdocs/pembelajaran/app/Views/konten/dosen/apel/senin/index.php', 123)
 2 SYSTEMPATH/View/View.php(228): include('/Applications/XAMPP/xamppfiles/htdocs/pembelajaran/app/Views/konten/dosen/apel/senin/index.php')
 3 SYSTEMPATH/View/View.php(231): CodeIgniter\View\View->CodeIgniter\View\{closure}()
 4 SYSTEMPATH/Common.php(1190): CodeIgniter\View\View->render('konten/dosen/apel/senin/index', [], true)
 5 APPPATH/Controllers/DosenApel.php(41): view('konten/dosen/apel/senin/index', [...])
 6 SYSTEMPATH/CodeIgniter.php(942): App\Controllers\DosenApel->apelSenin()
 7 SYSTEMPATH/CodeIgniter.php(502): CodeIgniter\CodeIgniter->runController(Object(App\Controllers\DosenApel))
 8 SYSTEMPATH/CodeIgniter.php(361): CodeIgniter\CodeIgniter->handleRequest(null, Object(Config\Cache), false)
 9 FCPATH/index.php(79): CodeIgniter\CodeIgniter->run()
10 SYSTEMPATH/Commands/Server/rewrite.php(47): require_once('/Applications/XAMPP/xamppfiles/htdocs/pembelajaran/public/index.php')
INFO - 2024-01-24 07:46:55 --> Session: Class initialized using 'CodeIgniter\Session\Handlers\FileHandler' driver.
CRITICAL - 2024-01-24 07:46:55 --> Attempt to read property "id" on null
in APPPATH/Views/konten/dosen/apel/senin/index.php on line 123.
 1 APPPATH/Views/konten/dosen/apel/senin/index.php(123): CodeIgniter\Debug\Exceptions->errorHandler(2, 'Attempt to read property "id" on null', '/Applications/XAMPP/xamppfiles/htdocs/pembelajaran/app/Views/konten/dosen/apel/senin/index.php', 123)
 2 SYSTEMPATH/View/View.php(228): include('/Applications/XAMPP/xamppfiles/htdocs/pembelajaran/app/Views/konten/dosen/apel/senin/index.php')
 3 SYSTEMPATH/View/View.php(231): CodeIgniter\View\View->CodeIgniter\View\{closure}()
 4 SYSTEMPATH/Common.php(1190): CodeIgniter\View\View->render('konten/dosen/apel/senin/index', [], true)
 5 APPPATH/Controllers/DosenApel.php(41): view('konten/dosen/apel/senin/index', [...])
 6 SYSTEMPATH/CodeIgniter.php(942): App\Controllers\DosenApel->apelSenin()
 7 SYSTEMPATH/CodeIgniter.php(502): CodeIgniter\CodeIgniter->runController(Object(App\Controllers\DosenApel))
 8 SYSTEMPATH/CodeIgniter.php(361): CodeIgniter\CodeIgniter->handleRequest(null, Object(Config\Cache), false)
 9 FCPATH/index.php(79): CodeIgniter\CodeIgniter->run()
10 SYSTEMPATH/Commands/Server/rewrite.php(47): require_once('/Applications/XAMPP/xamppfiles/htdocs/pembelajaran/public/index.php')
INFO - 2024-01-24 07:47:14 --> Session: Class initialized using 'CodeIgniter\Session\Handlers\FileHandler' driver.
CRITICAL - 2024-01-24 07:47:14 --> Attempt to read property "id" on null
in APPPATH/Views/konten/dosen/apel/senin/index.php on line 123.
 1 APPPATH/Views/konten/dosen/apel/senin/index.php(123): CodeIgniter\Debug\Exceptions->errorHandler(2, 'Attempt to read property "id" on null', '/Applications/XAMPP/xamppfiles/htdocs/pembelajaran/app/Views/konten/dosen/apel/senin/index.php', 123)
 2 SYSTEMPATH/View/View.php(228): include('/Applications/XAMPP/xamppfiles/htdocs/pembelajaran/app/Views/konten/dosen/apel/senin/index.php')
 3 SYSTEMPATH/View/View.php(231): CodeIgniter\View\View->CodeIgniter\View\{closure}()
 4 SYSTEMPATH/Common.php(1190): CodeIgniter\View\View->render('konten/dosen/apel/senin/index', [], true)
 5 APPPATH/Controllers/DosenApel.php(41): view('konten/dosen/apel/senin/index', [...])
 6 SYSTEMPATH/CodeIgniter.php(942): App\Controllers\DosenApel->apelSenin()
 7 SYSTEMPATH/CodeIgniter.php(502): CodeIgniter\CodeIgniter->runController(Object(App\Controllers\DosenApel))
 8 SYSTEMPATH/CodeIgniter.php(361): CodeIgniter\CodeIgniter->handleRequest(null, Object(Config\Cache), false)
 9 FCPATH/index.php(79): CodeIgniter\CodeIgniter->run()
10 SYSTEMPATH/Commands/Server/rewrite.php(47): require_once('/Applications/XAMPP/xamppfiles/htdocs/pembelajaran/public/index.php')
INFO - 2024-01-24 07:47:34 --> Session: Class initialized using 'CodeIgniter\Session\Handlers\FileHandler' driver.
INFO - 2024-01-24 07:48:27 --> Session: Class initialized using 'CodeIgniter\Session\Handlers\FileHandler' driver.
INFO - 2024-01-24 07:48:35 --> Session: Class initialized using 'CodeIgniter\Session\Handlers\FileHandler' driver.
INFO - 2024-01-24 07:48:35 --> Session: Class initialized using 'CodeIgniter\Session\Handlers\FileHandler' driver.
INFO - 2024-01-24 07:48:36 --> Session: Class initialized using 'CodeIgniter\Session\Handlers\FileHandler' driver.
INFO - 2024-01-24 07:48:37 --> Session: Class initialized using 'CodeIgniter\Session\Handlers\FileHandler' driver.
INFO - 2024-01-24 07:48:37 --> Session: Class initialized using 'CodeIgniter\Session\Handlers\FileHandler' driver.
INFO - 2024-01-24 07:48:37 --> Session: Class initialized using 'CodeIgniter\Session\Handlers\FileHandler' driver.
INFO - 2024-01-24 07:48:38 --> Session: Class initialized using 'CodeIgniter\Session\Handlers\FileHandler' driver.
INFO - 2024-01-24 07:48:38 --> Session: Class initialized using 'CodeIgniter\Session\Handlers\FileHandler' driver.
INFO - 2024-01-24 07:50:15 --> Session: Class initialized using 'CodeIgniter\Session\Handlers\FileHandler' driver.
INFO - 2024-01-24 07:50:16 --> Session: Class initialized using 'CodeIgniter\Session\Handlers\FileHandler' driver.
INFO - 2024-01-24 07:50:16 --> Session: Class initialized using 'CodeIgniter\Session\Handlers\FileHandler' driver.
INFO - 2024-01-24 07:50:16 --> Session: Class initialized using 'CodeIgniter\Session\Handlers\FileHandler' driver.
INFO - 2024-01-24 07:50:16 --> Session: Class initialized using 'CodeIgniter\Session\Handlers\FileHandler' driver.
INFO - 2024-01-24 07:50:17 --> Session: Class initialized using 'CodeIgniter\Session\Handlers\FileHandler' driver.
INFO - 2024-01-24 07:50:17 --> Session: Class initialized using 'CodeIgniter\Session\Handlers\FileHandler' driver.
INFO - 2024-01-24 07:50:18 --> Session: Class initialized using 'CodeIgniter\Session\Handlers\FileHandler' driver.
INFO - 2024-01-24 07:50:18 --> Session: Class initialized using 'CodeIgniter\Session\Handlers\FileHandler' driver.
INFO - 2024-01-24 07:50:18 --> Session: Class initialized using 'CodeIgniter\Session\Handlers\FileHandler' driver.
INFO - 2024-01-24 07:50:21 --> Session: Class initialized using 'CodeIgniter\Session\Handlers\FileHandler' driver.
INFO - 2024-01-24 07:50:21 --> Session: Class initialized using 'CodeIgniter\Session\Handlers\FileHandler' driver.
INFO - 2024-01-24 07:50:33 --> Session: Class initialized using 'CodeIgniter\Session\Handlers\FileHandler' driver.
INFO - 2024-01-24 07:50:33 --> Session: Class initialized using 'CodeIgniter\Session\Handlers\FileHandler' driver.
INFO - 2024-01-24 07:50:33 --> Session: Class initialized using 'CodeIgniter\Session\Handlers\FileHandler' driver.
INFO - 2024-01-24 07:50:34 --> Session: Class initialized using 'CodeIgniter\Session\Handlers\FileHandler' driver.
INFO - 2024-01-24 07:50:34 --> Session: Class initialized using 'CodeIgniter\Session\Handlers\FileHandler' driver.
INFO - 2024-01-24 07:50:34 --> Session: Class initialized using 'CodeIgniter\Session\Handlers\FileHandler' driver.
INFO - 2024-01-24 07:50:35 --> Session: Class initialized using 'CodeIgniter\Session\Handlers\FileHandler' driver.
INFO - 2024-01-24 07:50:35 --> Session: Class initialized using 'CodeIgniter\Session\Handlers\FileHandler' driver.
INFO - 2024-01-24 07:50:35 --> Session: Class initialized using 'CodeIgniter\Session\Handlers\FileHandler' driver.
INFO - 2024-01-24 07:50:36 --> Session: Class initialized using 'CodeIgniter\Session\Handlers\FileHandler' driver.
INFO - 2024-01-24 07:52:17 --> Session: Class initialized using 'CodeIgniter\Session\Handlers\FileHandler' driver.
INFO - 2024-01-24 07:52:17 --> Session: Class initialized using 'CodeIgniter\Session\Handlers\FileHandler' driver.
INFO - 2024-01-24 07:52:22 --> Session: Class initialized using 'CodeIgniter\Session\Handlers\FileHandler' driver.
INFO - 2024-01-24 07:52:22 --> Session: Class initialized using 'CodeIgniter\Session\Handlers\FileHandler' driver.
INFO - 2024-01-24 07:52:22 --> Session: Class initialized using 'CodeIgniter\Session\Handlers\FileHandler' driver.
INFO - 2024-01-24 07:52:23 --> Session: Class initialized using 'CodeIgniter\Session\Handlers\FileHandler' driver.
INFO - 2024-01-24 07:52:32 --> Session: Class initialized using 'CodeIgniter\Session\Handlers\FileHandler' driver.
INFO - 2024-01-24 07:52:32 --> Session: Class initialized using 'CodeIgniter\Session\Handlers\FileHandler' driver.
INFO - 2024-01-24 07:52:32 --> Session: Class initialized using 'CodeIgniter\Session\Handlers\FileHandler' driver.
INFO - 2024-01-24 07:52:34 --> Session: Class initialized using 'CodeIgniter\Session\Handlers\FileHandler' driver.
INFO - 2024-01-24 07:52:34 --> Session: Class initialized using 'CodeIgniter\Session\Handlers\FileHandler' driver.
INFO - 2024-01-24 07:52:34 --> Session: Class initialized using 'CodeIgniter\Session\Handlers\FileHandler' driver.
INFO - 2024-01-24 07:52:35 --> Session: Class initialized using 'CodeIgniter\Session\Handlers\FileHandler' driver.
INFO - 2024-01-24 07:52:35 --> Session: Class initialized using 'CodeIgniter\Session\Handlers\FileHandler' driver.
INFO - 2024-01-24 07:52:35 --> Session: Class initialized using 'CodeIgniter\Session\Handlers\FileHandler' driver.
INFO - 2024-01-24 07:52:39 --> Session: Class initialized using 'CodeIgniter\Session\Handlers\FileHandler' driver.
INFO - 2024-01-24 07:52:39 --> Session: Class initialized using 'CodeIgniter\Session\Handlers\FileHandler' driver.
INFO - 2024-01-24 07:52:55 --> Session: Class initialized using 'CodeIgniter\Session\Handlers\FileHandler' driver.
INFO - 2024-01-24 07:52:55 --> Session: Class initialized using 'CodeIgniter\Session\Handlers\FileHandler' driver.
INFO - 2024-01-24 07:52:57 --> Session: Class initialized using 'CodeIgniter\Session\Handlers\FileHandler' driver.
INFO - 2024-01-24 07:52:57 --> Session: Class initialized using 'CodeIgniter\Session\Handlers\FileHandler' driver.
INFO - 2024-01-24 07:54:56 --> Session: Class initialized using 'CodeIgniter\Session\Handlers\FileHandler' driver.
INFO - 2024-01-24 07:54:56 --> Session: Class initialized using 'CodeIgniter\Session\Handlers\FileHandler' driver.
INFO - 2024-01-24 07:54:57 --> Session: Class initialized using 'CodeIgniter\Session\Handlers\FileHandler' driver.
INFO - 2024-01-24 07:54:57 --> Session: Class initialized using 'CodeIgniter\Session\Handlers\FileHandler' driver.
INFO - 2024-01-24 07:55:00 --> Session: Class initialized using 'CodeIgniter\Session\Handlers\FileHandler' driver.
INFO - 2024-01-24 07:55:00 --> Session: Class initialized using 'CodeIgniter\Session\Handlers\FileHandler' driver.
INFO - 2024-01-24 07:55:00 --> Session: Class initialized using 'CodeIgniter\Session\Handlers\FileHandler' driver.
INFO - 2024-01-24 07:55:01 --> Session: Class initialized using 'CodeIgniter\Session\Handlers\FileHandler' driver.
INFO - 2024-01-24 07:55:01 --> Session: Class initialized using 'CodeIgniter\Session\Handlers\FileHandler' driver.
INFO - 2024-01-24 07:55:01 --> Session: Class initialized using 'CodeIgniter\Session\Handlers\FileHandler' driver.
INFO - 2024-01-24 07:55:01 --> Session: Class initialized using 'CodeIgniter\Session\Handlers\FileHandler' driver.
INFO - 2024-01-24 07:55:02 --> Session: Class initialized using 'CodeIgniter\Session\Handlers\FileHandler' driver.
INFO - 2024-01-24 07:55:02 --> Session: Class initialized using 'CodeIgniter\Session\Handlers\FileHandler' driver.
INFO - 2024-01-24 07:55:02 --> Session: Class initialized using 'CodeIgniter\Session\Handlers\FileHandler' driver.
INFO - 2024-01-24 07:55:03 --> Session: Class initialized using 'CodeIgniter\Session\Handlers\FileHandler' driver.
INFO - 2024-01-24 07:55:03 --> Session: Class initialized using 'CodeIgniter\Session\Handlers\FileHandler' driver.
INFO - 2024-01-24 07:55:04 --> Session: Class initialized using 'CodeIgniter\Session\Handlers\FileHandler' driver.
INFO - 2024-01-24 07:55:04 --> Session: Class initialized using 'CodeIgniter\Session\Handlers\FileHandler' driver.
INFO - 2024-01-24 07:55:04 --> Session: Class initialized using 'CodeIgniter\Session\Handlers\FileHandler' driver.
INFO - 2024-01-24 07:55:04 --> Session: Class initialized using 'CodeIgniter\Session\Handlers\FileHandler' driver.
INFO - 2024-01-24 07:55:07 --> Session: Class initialized using 'CodeIgniter\Session\Handlers\FileHandler' driver.
INFO - 2024-01-24 07:55:07 --> Session: Class initialized using 'CodeIgniter\Session\Handlers\FileHandler' driver.
INFO - 2024-01-24 07:55:07 --> Session: Class initialized using 'CodeIgniter\Session\Handlers\FileHandler' driver.
INFO - 2024-01-24 07:55:08 --> Session: Class initialized using 'CodeIgniter\Session\Handlers\FileHandler' driver.
INFO - 2024-01-24 07:55:08 --> Session: Class initialized using 'CodeIgniter\Session\Handlers\FileHandler' driver.
INFO - 2024-01-24 07:55:08 --> Session: Class initialized using 'CodeIgniter\Session\Handlers\FileHandler' driver.
INFO - 2024-01-24 07:55:10 --> Session: Class initialized using 'CodeIgniter\Session\Handlers\FileHandler' driver.
INFO - 2024-01-24 07:55:10 --> Session: Class initialized using 'CodeIgniter\Session\Handlers\FileHandler' driver.
INFO - 2024-01-24 07:55:12 --> Session: Class initialized using 'CodeIgniter\Session\Handlers\FileHandler' driver.
INFO - 2024-01-24 07:55:12 --> Session: Class initialized using 'CodeIgniter\Session\Handlers\FileHandler' driver.
INFO - 2024-01-24 07:55:13 --> Session: Class initialized using 'CodeIgniter\Session\Handlers\FileHandler' driver.
INFO - 2024-01-24 07:55:13 --> Session: Class initialized using 'CodeIgniter\Session\Handlers\FileHandler' driver.
INFO - 2024-01-24 07:55:14 --> Session: Class initialized using 'CodeIgniter\Session\Handlers\FileHandler' driver.
INFO - 2024-01-24 07:55:15 --> Session: Class initialized using 'CodeIgniter\Session\Handlers\FileHandler' driver.
INFO - 2024-01-24 07:55:27 --> Session: Class initialized using 'CodeIgniter\Session\Handlers\FileHandler' driver.
INFO - 2024-01-24 07:55:27 --> Session: Class initialized using 'CodeIgniter\Session\Handlers\FileHandler' driver.
INFO - 2024-01-24 07:55:28 --> Session: Class initialized using 'CodeIgniter\Session\Handlers\FileHandler' driver.
INFO - 2024-01-24 07:55:28 --> Session: Class initialized using 'CodeIgniter\Session\Handlers\FileHandler' driver.
INFO - 2024-01-24 07:55:30 --> Session: Class initialized using 'CodeIgniter\Session\Handlers\FileHandler' driver.
INFO - 2024-01-24 07:55:30 --> Session: Class initialized using 'CodeIgniter\Session\Handlers\FileHandler' driver.
INFO - 2024-01-24 07:55:37 --> Session: Class initialized using 'CodeIgniter\Session\Handlers\FileHandler' driver.
INFO - 2024-01-24 07:55:38 --> Session: Class initialized using 'CodeIgniter\Session\Handlers\FileHandler' driver.
INFO - 2024-01-24 07:55:41 --> Session: Class initialized using 'CodeIgniter\Session\Handlers\FileHandler' driver.
INFO - 2024-01-24 07:55:41 --> Session: Class initialized using 'CodeIgniter\Session\Handlers\FileHandler' driver.
INFO - 2024-01-24 07:55:44 --> Session: Class initialized using 'CodeIgniter\Session\Handlers\FileHandler' driver.
INFO - 2024-01-24 07:55:44 --> Session: Class initialized using 'CodeIgniter\Session\Handlers\FileHandler' driver.
INFO - 2024-01-24 07:55:54 --> Session: Class initialized using 'CodeIgniter\Session\Handlers\FileHandler' driver.
INFO - 2024-01-24 07:55:54 --> Session: Class initialized using 'CodeIgniter\Session\Handlers\FileHandler' driver.
INFO - 2024-01-24 07:55:54 --> Session: Class initialized using 'CodeIgniter\Session\Handlers\FileHandler' driver.
INFO - 2024-01-24 07:55:55 --> Session: Class initialized using 'CodeIgniter\Session\Handlers\FileHandler' driver.
INFO - 2024-01-24 07:55:55 --> Session: Class initialized using 'CodeIgniter\Session\Handlers\FileHandler' driver.
INFO - 2024-01-24 07:55:55 --> Session: Class initialized using 'CodeIgniter\Session\Handlers\FileHandler' driver.
INFO - 2024-01-24 07:56:03 --> Session: Class initialized using 'CodeIgniter\Session\Handlers\FileHandler' driver.
INFO - 2024-01-24 07:56:03 --> Session: Class initialized using 'CodeIgniter\Session\Handlers\FileHandler' driver.
INFO - 2024-01-24 07:56:05 --> Session: Class initialized using 'CodeIgniter\Session\Handlers\FileHandler' driver.
INFO - 2024-01-24 07:56:06 --> Session: Class initialized using 'CodeIgniter\Session\Handlers\FileHandler' driver.
INFO - 2024-01-24 07:56:06 --> Session: Class initialized using 'CodeIgniter\Session\Handlers\FileHandler' driver.
INFO - 2024-01-24 07:56:06 --> Session: Class initialized using 'CodeIgniter\Session\Handlers\FileHandler' driver.
INFO - 2024-01-24 07:56:08 --> Session: Class initialized using 'CodeIgniter\Session\Handlers\FileHandler' driver.
INFO - 2024-01-24 07:56:09 --> Session: Class initialized using 'CodeIgniter\Session\Handlers\FileHandler' driver.
INFO - 2024-01-24 07:56:09 --> Session: Class initialized using 'CodeIgniter\Session\Handlers\FileHandler' driver.
INFO - 2024-01-24 07:56:10 --> Session: Class initialized using 'CodeIgniter\Session\Handlers\FileHandler' driver.
INFO - 2024-01-24 07:56:14 --> Session: Class initialized using 'CodeIgniter\Session\Handlers\FileHandler' driver.
INFO - 2024-01-24 07:56:14 --> Session: Class initialized using 'CodeIgniter\Session\Handlers\FileHandler' driver.
INFO - 2024-01-24 08:24:54 --> Session: Class initialized using 'CodeIgniter\Session\Handlers\FileHandler' driver.
INFO - 2024-01-24 08:24:54 --> Session: Class initialized using 'CodeIgniter\Session\Handlers\FileHandler' driver.
INFO - 2024-01-24 08:24:55 --> Session: Class initialized using 'CodeIgniter\Session\Handlers\FileHandler' driver.
INFO - 2024-01-24 08:24:57 --> Session: Class initialized using 'CodeIgniter\Session\Handlers\FileHandler' driver.
INFO - 2024-01-24 08:24:57 --> Session: Class initialized using 'CodeIgniter\Session\Handlers\FileHandler' driver.
INFO - 2024-01-24 08:24:59 --> Session: Class initialized using 'CodeIgniter\Session\Handlers\FileHandler' driver.
INFO - 2024-01-24 08:24:59 --> Session: Class initialized using 'CodeIgniter\Session\Handlers\FileHandler' driver.
INFO - 2024-01-24 08:25:00 --> Session: Class initialized using 'CodeIgniter\Session\Handlers\FileHandler' driver.
INFO - 2024-01-24 08:25:01 --> Session: Class initialized using 'CodeIgniter\Session\Handlers\FileHandler' driver.
INFO - 2024-01-24 08:25:17 --> Session: Class initialized using 'CodeIgniter\Session\Handlers\FileHandler' driver.
INFO - 2024-01-24 08:25:17 --> Session: Class initialized using 'CodeIgniter\Session\Handlers\FileHandler' driver.
INFO - 2024-01-24 08:25:28 --> Session: Class initialized using 'CodeIgniter\Session\Handlers\FileHandler' driver.
INFO - 2024-01-24 08:25:28 --> Session: Class initialized using 'CodeIgniter\Session\Handlers\FileHandler' driver.
INFO - 2024-01-24 08:26:27 --> Session: Class initialized using 'CodeIgniter\Session\Handlers\FileHandler' driver.
INFO - 2024-01-24 08:26:27 --> Session: Class initialized using 'CodeIgniter\Session\Handlers\FileHandler' driver.
INFO - 2024-01-24 08:26:28 --> Session: Class initialized using 'CodeIgniter\Session\Handlers\FileHandler' driver.
INFO - 2024-01-24 08:26:32 --> Session: Class initialized using 'CodeIgniter\Session\Handlers\FileHandler' driver.
INFO - 2024-01-24 08:26:33 --> Session: Class initialized using 'CodeIgniter\Session\Handlers\FileHandler' driver.
INFO - 2024-01-24 08:26:34 --> Session: Class initialized using 'CodeIgniter\Session\Handlers\FileHandler' driver.
INFO - 2024-01-24 08:26:34 --> Session: Class initialized using 'CodeIgniter\Session\Handlers\FileHandler' driver.
INFO - 2024-01-24 08:26:40 --> Session: Class initialized using 'CodeIgniter\Session\Handlers\FileHandler' driver.
INFO - 2024-01-24 08:26:41 --> Session: Class initialized using 'CodeIgniter\Session\Handlers\FileHandler' driver.
INFO - 2024-01-24 08:26:42 --> Session: Class initialized using 'CodeIgniter\Session\Handlers\FileHandler' driver.
INFO - 2024-01-24 08:26:42 --> Session: Class initialized using 'CodeIgniter\Session\Handlers\FileHandler' driver.
INFO - 2024-01-24 08:27:43 --> Session: Class initialized using 'CodeIgniter\Session\Handlers\FileHandler' driver.
INFO - 2024-01-24 08:27:44 --> Session: Class initialized using 'CodeIgniter\Session\Handlers\FileHandler' driver.
INFO - 2024-01-24 08:27:44 --> Session: Class initialized using 'CodeIgniter\Session\Handlers\FileHandler' driver.
INFO - 2024-01-24 08:27:45 --> Session: Class initialized using 'CodeIgniter\Session\Handlers\FileHandler' driver.
INFO - 2024-01-24 08:28:08 --> Session: Class initialized using 'CodeIgniter\Session\Handlers\FileHandler' driver.
INFO - 2024-01-24 08:28:08 --> Session: Class initialized using 'CodeIgniter\Session\Handlers\FileHandler' driver.
INFO - 2024-01-24 08:28:11 --> Session: Class initialized using 'CodeIgniter\Session\Handlers\FileHandler' driver.
INFO - 2024-01-24 08:28:11 --> Session: Class initialized using 'CodeIgniter\Session\Handlers\FileHandler' driver.
INFO - 2024-01-24 08:28:12 --> Session: Class initialized using 'CodeIgniter\Session\Handlers\FileHandler' driver.
INFO - 2024-01-24 08:29:13 --> Session: Class initialized using 'CodeIgniter\Session\Handlers\FileHandler' driver.
INFO - 2024-01-24 08:29:14 --> Session: Class initialized using 'CodeIgniter\Session\Handlers\FileHandler' driver.
INFO - 2024-01-24 08:29:22 --> Session: Class initialized using 'CodeIgniter\Session\Handlers\FileHandler' driver.
INFO - 2024-01-24 08:29:23 --> Session: Class initialized using 'CodeIgniter\Session\Handlers\FileHandler' driver.
INFO - 2024-01-24 08:29:46 --> Session: Class initialized using 'CodeIgniter\Session\Handlers\FileHandler' driver.
INFO - 2024-01-24 08:29:46 --> Session: Class initialized using 'CodeIgniter\Session\Handlers\FileHandler' driver.
INFO - 2024-01-24 08:29:47 --> Session: Class initialized using 'CodeIgniter\Session\Handlers\FileHandler' driver.
INFO - 2024-01-24 08:29:49 --> Session: Class initialized using 'CodeIgniter\Session\Handlers\FileHandler' driver.
INFO - 2024-01-24 08:29:49 --> Session: Class initialized using 'CodeIgniter\Session\Handlers\FileHandler' driver.
INFO - 2024-01-24 08:29:50 --> Session: Class initialized using 'CodeIgniter\Session\Handlers\FileHandler' driver.
INFO - 2024-01-24 08:29:50 --> Session: Class initialized using 'CodeIgniter\Session\Handlers\FileHandler' driver.
INFO - 2024-01-24 08:29:55 --> Session: Class initialized using 'CodeIgniter\Session\Handlers\FileHandler' driver.
INFO - 2024-01-24 08:29:55 --> Session: Class initialized using 'CodeIgniter\Session\Handlers\FileHandler' driver.
INFO - 2024-01-24 08:30:08 --> Session: Class initialized using 'CodeIgniter\Session\Handlers\FileHandler' driver.
INFO - 2024-01-24 08:30:08 --> Session: Class initialized using 'CodeIgniter\Session\Handlers\FileHandler' driver.
INFO - 2024-01-24 08:30:22 --> Session: Class initialized using 'CodeIgniter\Session\Handlers\FileHandler' driver.
INFO - 2024-01-24 08:30:31 --> Session: Class initialized using 'CodeIgniter\Session\Handlers\FileHandler' driver.
INFO - 2024-01-24 08:30:31 --> Session: Class initialized using 'CodeIgniter\Session\Handlers\FileHandler' driver.
INFO - 2024-01-24 08:30:32 --> Session: Class initialized using 'CodeIgniter\Session\Handlers\FileHandler' driver.
INFO - 2024-01-24 08:30:35 --> Session: Class initialized using 'CodeIgniter\Session\Handlers\FileHandler' driver.
INFO - 2024-01-24 08:30:35 --> Session: Class initialized using 'CodeIgniter\Session\Handlers\FileHandler' driver.
INFO - 2024-01-24 08:30:45 --> Session: Class initialized using 'CodeIgniter\Session\Handlers\FileHandler' driver.
INFO - 2024-01-24 08:30:46 --> Session: Class initialized using 'CodeIgniter\Session\Handlers\FileHandler' driver.
INFO - 2024-01-24 08:31:17 --> Session: Class initialized using 'CodeIgniter\Session\Handlers\FileHandler' driver.
INFO - 2024-01-24 08:31:17 --> Session: Class initialized using 'CodeIgniter\Session\Handlers\FileHandler' driver.
INFO - 2024-01-24 08:31:31 --> Session: Class initialized using 'CodeIgniter\Session\Handlers\FileHandler' driver.
INFO - 2024-01-24 08:31:31 --> Session: Class initialized using 'CodeIgniter\Session\Handlers\FileHandler' driver.
INFO - 2024-01-24 08:31:31 --> Session: Class initialized using 'CodeIgniter\Session\Handlers\FileHandler' driver.
INFO - 2024-01-24 08:31:35 --> Session: Class initialized using 'CodeIgniter\Session\Handlers\FileHandler' driver.
INFO - 2024-01-24 08:31:35 --> Session: Class initialized using 'CodeIgniter\Session\Handlers\FileHandler' driver.
INFO - 2024-01-24 08:31:47 --> Session: Class initialized using 'CodeIgniter\Session\Handlers\FileHandler' driver.
INFO - 2024-01-24 08:31:48 --> Session: Class initialized using 'CodeIgniter\Session\Handlers\FileHandler' driver.
INFO - 2024-01-24 08:31:54 --> Session: Class initialized using 'CodeIgniter\Session\Handlers\FileHandler' driver.
INFO - 2024-01-24 08:31:54 --> Session: Class initialized using 'CodeIgniter\Session\Handlers\FileHandler' driver.
INFO - 2024-01-24 08:32:02 --> Session: Class initialized using 'CodeIgniter\Session\Handlers\FileHandler' driver.
INFO - 2024-01-24 08:32:03 --> Session: Class initialized using 'CodeIgniter\Session\Handlers\FileHandler' driver.
INFO - 2024-01-24 08:32:47 --> Session: Class initialized using 'CodeIgniter\Session\Handlers\FileHandler' driver.
INFO - 2024-01-24 08:32:47 --> Session: Class initialized using 'CodeIgniter\Session\Handlers\FileHandler' driver.
INFO - 2024-01-24 08:32:48 --> Session: Class initialized using 'CodeIgniter\Session\Handlers\FileHandler' driver.
INFO - 2024-01-24 08:32:52 --> Session: Class initialized using 'CodeIgniter\Session\Handlers\FileHandler' driver.
INFO - 2024-01-24 08:32:59 --> Session: Class initialized using 'CodeIgniter\Session\Handlers\FileHandler' driver.
INFO - 2024-01-24 08:33:00 --> Session: Class initialized using 'CodeIgniter\Session\Handlers\FileHandler' driver.
INFO - 2024-01-24 08:34:19 --> Session: Class initialized using 'CodeIgniter\Session\Handlers\FileHandler' driver.
INFO - 2024-01-24 08:34:20 --> Session: Class initialized using 'CodeIgniter\Session\Handlers\FileHandler' driver.
INFO - 2024-01-24 08:34:25 --> Session: Class initialized using 'CodeIgniter\Session\Handlers\FileHandler' driver.
INFO - 2024-01-24 08:35:02 --> Session: Class initialized using 'CodeIgniter\Session\Handlers\FileHandler' driver.
INFO - 2024-01-24 08:35:02 --> Session: Class initialized using 'CodeIgniter\Session\Handlers\FileHandler' driver.
INFO - 2024-01-24 08:35:07 --> Session: Class initialized using 'CodeIgniter\Session\Handlers\FileHandler' driver.
INFO - 2024-01-24 08:35:07 --> Session: Class initialized using 'CodeIgniter\Session\Handlers\FileHandler' driver.
INFO - 2024-01-24 08:35:34 --> Session: Class initialized using 'CodeIgniter\Session\Handlers\FileHandler' driver.
INFO - 2024-01-24 08:35:35 --> Session: Class initialized using 'CodeIgniter\Session\Handlers\FileHandler' driver.
INFO - 2024-01-24 08:35:47 --> Session: Class initialized using 'CodeIgniter\Session\Handlers\FileHandler' driver.
INFO - 2024-01-24 08:35:47 --> Session: Class initialized using 'CodeIgniter\Session\Handlers\FileHandler' driver.
INFO - 2024-01-24 08:35:52 --> Session: Class initialized using 'CodeIgniter\Session\Handlers\FileHandler' driver.
INFO - 2024-01-24 08:35:52 --> Session: Class initialized using 'CodeIgniter\Session\Handlers\FileHandler' driver.
INFO - 2024-01-24 08:35:53 --> Session: Class initialized using 'CodeIgniter\Session\Handlers\FileHandler' driver.
INFO - 2024-01-24 08:35:54 --> Session: Class initialized using 'CodeIgniter\Session\Handlers\FileHandler' driver.
INFO - 2024-01-24 08:35:57 --> Session: Class initialized using 'CodeIgniter\Session\Handlers\FileHandler' driver.
INFO - 2024-01-24 08:35:57 --> Session: Class initialized using 'CodeIgniter\Session\Handlers\FileHandler' driver.
INFO - 2024-01-24 08:36:05 --> Session: Class initialized using 'CodeIgniter\Session\Handlers\FileHandler' driver.
INFO - 2024-01-24 08:36:05 --> Session: Class initialized using 'CodeIgniter\Session\Handlers\FileHandler' driver.
INFO - 2024-01-24 08:36:37 --> Session: Class initialized using 'CodeIgniter\Session\Handlers\FileHandler' driver.
INFO - 2024-01-24 08:36:38 --> Session: Class initialized using 'CodeIgniter\Session\Handlers\FileHandler' driver.
INFO - 2024-01-24 08:36:45 --> Session: Class initialized using 'CodeIgniter\Session\Handlers\FileHandler' driver.
INFO - 2024-01-24 08:36:46 --> Session: Class initialized using 'CodeIgniter\Session\Handlers\FileHandler' driver.
INFO - 2024-01-24 08:36:49 --> Session: Class initialized using 'CodeIgniter\Session\Handlers\FileHandler' driver.
INFO - 2024-01-24 08:36:49 --> Session: Class initialized using 'CodeIgniter\Session\Handlers\FileHandler' driver.
INFO - 2024-01-24 08:36:50 --> Session: Class initialized using 'CodeIgniter\Session\Handlers\FileHandler' driver.
INFO - 2024-01-24 08:36:51 --> Session: Class initialized using 'CodeIgniter\Session\Handlers\FileHandler' driver.
INFO - 2024-01-24 08:36:55 --> Session: Class initialized using 'CodeIgniter\Session\Handlers\FileHandler' driver.
INFO - 2024-01-24 08:36:56 --> Session: Class initialized using 'CodeIgniter\Session\Handlers\FileHandler' driver.
INFO - 2024-01-24 08:37:02 --> Session: Class initialized using 'CodeIgniter\Session\Handlers\FileHandler' driver.
INFO - 2024-01-24 08:37:03 --> Session: Class initialized using 'CodeIgniter\Session\Handlers\FileHandler' driver.
INFO - 2024-01-24 08:37:04 --> Session: Class initialized using 'CodeIgniter\Session\Handlers\FileHandler' driver.
INFO - 2024-01-24 08:37:04 --> Session: Class initialized using 'CodeIgniter\Session\Handlers\FileHandler' driver.
INFO - 2024-01-24 08:37:12 --> Session: Class initialized using 'CodeIgniter\Session\Handlers\FileHandler' driver.
INFO - 2024-01-24 08:37:12 --> Session: Class initialized using 'CodeIgniter\Session\Handlers\FileHandler' driver.
INFO - 2024-01-24 08:37:15 --> Session: Class initialized using 'CodeIgniter\Session\Handlers\FileHandler' driver.
INFO - 2024-01-24 08:37:15 --> Session: Class initialized using 'CodeIgniter\Session\Handlers\FileHandler' driver.
INFO - 2024-01-24 08:37:17 --> Session: Class initialized using 'CodeIgniter\Session\Handlers\FileHandler' driver.
INFO - 2024-01-24 08:37:17 --> Session: Class initialized using 'CodeIgniter\Session\Handlers\FileHandler' driver.
INFO - 2024-01-24 08:37:20 --> Session: Class initialized using 'CodeIgniter\Session\Handlers\FileHandler' driver.
INFO - 2024-01-24 08:37:21 --> Session: Class initialized using 'CodeIgniter\Session\Handlers\FileHandler' driver.
INFO - 2024-01-24 08:38:08 --> Session: Class initialized using 'CodeIgniter\Session\Handlers\FileHandler' driver.
INFO - 2024-01-24 08:38:35 --> Session: Class initialized using 'CodeIgniter\Session\Handlers\FileHandler' driver.
INFO - 2024-01-24 08:38:36 --> Session: Class initialized using 'CodeIgniter\Session\Handlers\FileHandler' driver.
INFO - 2024-01-24 08:38:49 --> Session: Class initialized using 'CodeIgniter\Session\Handlers\FileHandler' driver.
INFO - 2024-01-24 08:38:50 --> Session: Class initialized using 'CodeIgniter\Session\Handlers\FileHandler' driver.
INFO - 2024-01-24 08:38:50 --> Session: Class initialized using 'CodeIgniter\Session\Handlers\FileHandler' driver.
INFO - 2024-01-24 08:38:51 --> Session: Class initialized using 'CodeIgniter\Session\Handlers\FileHandler' driver.
INFO - 2024-01-24 08:38:51 --> Session: Class initialized using 'CodeIgniter\Session\Handlers\FileHandler' driver.
INFO - 2024-01-24 08:38:52 --> Session: Class initialized using 'CodeIgniter\Session\Handlers\FileHandler' driver.
INFO - 2024-01-24 08:38:52 --> Session: Class initialized using 'CodeIgniter\Session\Handlers\FileHandler' driver.
INFO - 2024-01-24 08:38:53 --> Session: Class initialized using 'CodeIgniter\Session\Handlers\FileHandler' driver.
INFO - 2024-01-24 08:39:16 --> Session: Class initialized using 'CodeIgniter\Session\Handlers\FileHandler' driver.
INFO - 2024-01-24 08:39:16 --> Session: Class initialized using 'CodeIgniter\Session\Handlers\FileHandler' driver.
INFO - 2024-01-24 08:39:20 --> Session: Class initialized using 'CodeIgniter\Session\Handlers\FileHandler' driver.
INFO - 2024-01-24 08:39:20 --> Session: Class initialized using 'CodeIgniter\Session\Handlers\FileHandler' driver.
INFO - 2024-01-24 08:40:27 --> Session: Class initialized using 'CodeIgniter\Session\Handlers\FileHandler' driver.
INFO - 2024-01-24 08:40:28 --> Session: Class initialized using 'CodeIgniter\Session\Handlers\FileHandler' driver.
INFO - 2024-01-24 08:45:56 --> Session: Class initialized using 'CodeIgniter\Session\Handlers\FileHandler' driver.
INFO - 2024-01-24 08:45:57 --> Session: Class initialized using 'CodeIgniter\Session\Handlers\FileHandler' driver.
INFO - 2024-01-24 08:47:07 --> Session: Class initialized using 'CodeIgniter\Session\Handlers\FileHandler' driver.
INFO - 2024-01-24 08:47:07 --> Session: Class initialized using 'CodeIgniter\Session\Handlers\FileHandler' driver.
INFO - 2024-01-24 08:47:08 --> Session: Class initialized using 'CodeIgniter\Session\Handlers\FileHandler' driver.
INFO - 2024-01-24 08:47:08 --> Session: Class initialized using 'CodeIgniter\Session\Handlers\FileHandler' driver.
INFO - 2024-01-24 08:47:36 --> Session: Class initialized using 'CodeIgniter\Session\Handlers\FileHandler' driver.
INFO - 2024-01-24 08:47:39 --> Session: Class initialized using 'CodeIgniter\Session\Handlers\FileHandler' driver.
INFO - 2024-01-24 08:47:40 --> Session: Class initialized using 'CodeIgniter\Session\Handlers\FileHandler' driver.
INFO - 2024-01-24 08:48:36 --> Session: Class initialized using 'CodeIgniter\Session\Handlers\FileHandler' driver.
INFO - 2024-01-24 08:48:37 --> Session: Class initialized using 'CodeIgniter\Session\Handlers\FileHandler' driver.
INFO - 2024-01-24 08:50:05 --> Session: Class initialized using 'CodeIgniter\Session\Handlers\FileHandler' driver.
INFO - 2024-01-24 08:50:05 --> Session: Class initialized using 'CodeIgniter\Session\Handlers\FileHandler' driver.
INFO - 2024-01-24 08:50:21 --> Session: Class initialized using 'CodeIgniter\Session\Handlers\FileHandler' driver.
INFO - 2024-01-24 08:50:22 --> Session: Class initialized using 'CodeIgniter\Session\Handlers\FileHandler' driver.
INFO - 2024-01-24 08:50:22 --> Session: Class initialized using 'CodeIgniter\Session\Handlers\FileHandler' driver.
INFO - 2024-01-24 08:50:32 --> Session: Class initialized using 'CodeIgniter\Session\Handlers\FileHandler' driver.
INFO - 2024-01-24 08:50:33 --> Session: Class initialized using 'CodeIgniter\Session\Handlers\FileHandler' driver.
INFO - 2024-01-24 08:50:35 --> Session: Class initialized using 'CodeIgniter\Session\Handlers\FileHandler' driver.
INFO - 2024-01-24 08:50:35 --> Session: Class initialized using 'CodeIgniter\Session\Handlers\FileHandler' driver.
INFO - 2024-01-24 09:00:20 --> Session: Class initialized using 'CodeIgniter\Session\Handlers\FileHandler' driver.
INFO - 2024-01-24 09:00:21 --> Session: Class initialized using 'CodeIgniter\Session\Handlers\FileHandler' driver.
INFO - 2024-01-24 09:00:39 --> Session: Class initialized using 'CodeIgniter\Session\Handlers\FileHandler' driver.
INFO - 2024-01-24 09:00:39 --> Session: Class initialized using 'CodeIgniter\Session\Handlers\FileHandler' driver.
INFO - 2024-01-24 09:01:48 --> Session: Class initialized using 'CodeIgniter\Session\Handlers\FileHandler' driver.
INFO - 2024-01-24 09:01:49 --> Session: Class initialized using 'CodeIgniter\Session\Handlers\FileHandler' driver.
INFO - 2024-01-24 09:02:16 --> Session: Class initialized using 'CodeIgniter\Session\Handlers\FileHandler' driver.
INFO - 2024-01-24 09:02:17 --> Session: Class initialized using 'CodeIgniter\Session\Handlers\FileHandler' driver.
INFO - 2024-01-24 09:02:27 --> Session: Class initialized using 'CodeIgniter\Session\Handlers\FileHandler' driver.
INFO - 2024-01-24 09:02:51 --> Session: Class initialized using 'CodeIgniter\Session\Handlers\FileHandler' driver.
INFO - 2024-01-24 09:02:51 --> Session: Class initialized using 'CodeIgniter\Session\Handlers\FileHandler' driver.
INFO - 2024-01-24 09:02:52 --> Session: Class initialized using 'CodeIgniter\Session\Handlers\FileHandler' driver.
INFO - 2024-01-24 09:02:52 --> Session: Class initialized using 'CodeIgniter\Session\Handlers\FileHandler' driver.
INFO - 2024-01-24 09:02:58 --> Session: Class initialized using 'CodeIgniter\Session\Handlers\FileHandler' driver.
INFO - 2024-01-24 09:03:48 --> Session: Class initialized using 'CodeIgniter\Session\Handlers\FileHandler' driver.
INFO - 2024-01-24 09:03:48 --> Session: Class initialized using 'CodeIgniter\Session\Handlers\FileHandler' driver.
INFO - 2024-01-24 09:03:50 --> Session: Class initialized using 'CodeIgniter\Session\Handlers\FileHandler' driver.
INFO - 2024-01-24 09:03:50 --> Session: Class initialized using 'CodeIgniter\Session\Handlers\FileHandler' driver.
INFO - 2024-01-24 09:03:51 --> Session: Class initialized using 'CodeIgniter\Session\Handlers\FileHandler' driver.
INFO - 2024-01-24 09:04:13 --> Session: Class initialized using 'CodeIgniter\Session\Handlers\FileHandler' driver.
INFO - 2024-01-24 09:04:14 --> Session: Class initialized using 'CodeIgniter\Session\Handlers\FileHandler' driver.
INFO - 2024-01-24 09:04:15 --> Session: Class initialized using 'CodeIgniter\Session\Handlers\FileHandler' driver.
INFO - 2024-01-24 09:04:16 --> Session: Class initialized using 'CodeIgniter\Session\Handlers\FileHandler' driver.
INFO - 2024-01-24 09:04:22 --> Session: Class initialized using 'CodeIgniter\Session\Handlers\FileHandler' driver.
INFO - 2024-01-24 09:04:22 --> Session: Class initialized using 'CodeIgniter\Session\Handlers\FileHandler' driver.
INFO - 2024-01-24 09:04:24 --> Session: Class initialized using 'CodeIgniter\Session\Handlers\FileHandler' driver.
INFO - 2024-01-24 09:04:25 --> Session: Class initialized using 'CodeIgniter\Session\Handlers\FileHandler' driver.
INFO - 2024-01-24 09:04:26 --> Session: Class initialized using 'CodeIgniter\Session\Handlers\FileHandler' driver.
INFO - 2024-01-24 09:04:27 --> Session: Class initialized using 'CodeIgniter\Session\Handlers\FileHandler' driver.
INFO - 2024-01-24 09:04:47 --> Session: Class initialized using 'CodeIgniter\Session\Handlers\FileHandler' driver.
INFO - 2024-01-24 09:04:47 --> Session: Class initialized using 'CodeIgniter\Session\Handlers\FileHandler' driver.
INFO - 2024-01-24 09:04:47 --> Session: Class initialized using 'CodeIgniter\Session\Handlers\FileHandler' driver.
INFO - 2024-01-24 09:04:49 --> Session: Class initialized using 'CodeIgniter\Session\Handlers\FileHandler' driver.
INFO - 2024-01-24 09:04:49 --> Session: Class initialized using 'CodeIgniter\Session\Handlers\FileHandler' driver.
INFO - 2024-01-24 09:04:52 --> Session: Class initialized using 'CodeIgniter\Session\Handlers\FileHandler' driver.
INFO - 2024-01-24 09:04:52 --> Session: Class initialized using 'CodeIgniter\Session\Handlers\FileHandler' driver.
INFO - 2024-01-24 09:04:52 --> Session: Class initialized using 'CodeIgniter\Session\Handlers\FileHandler' driver.
INFO - 2024-01-24 09:05:01 --> Session: Class initialized using 'CodeIgniter\Session\Handlers\FileHandler' driver.
INFO - 2024-01-24 09:05:47 --> Session: Class initialized using 'CodeIgniter\Session\Handlers\FileHandler' driver.
INFO - 2024-01-24 09:05:47 --> Session: Class initialized using 'CodeIgniter\Session\Handlers\FileHandler' driver.
INFO - 2024-01-24 09:05:50 --> Session: Class initialized using 'CodeIgniter\Session\Handlers\FileHandler' driver.
INFO - 2024-01-24 09:06:40 --> Session: Class initialized using 'CodeIgniter\Session\Handlers\FileHandler' driver.
INFO - 2024-01-24 09:06:51 --> Session: Class initialized using 'CodeIgniter\Session\Handlers\FileHandler' driver.
INFO - 2024-01-24 09:11:59 --> Session: Class initialized using 'CodeIgniter\Session\Handlers\FileHandler' driver.
INFO - 2024-01-24 09:12:00 --> Session: Class initialized using 'CodeIgniter\Session\Handlers\FileHandler' driver.
INFO - 2024-01-24 09:12:00 --> Session: Class initialized using 'CodeIgniter\Session\Handlers\FileHandler' driver.
INFO - 2024-01-24 09:12:01 --> Session: Class initialized using 'CodeIgniter\Session\Handlers\FileHandler' driver.
INFO - 2024-01-24 09:12:01 --> Session: Class initialized using 'CodeIgniter\Session\Handlers\FileHandler' driver.
INFO - 2024-01-24 09:12:02 --> Session: Class initialized using 'CodeIgniter\Session\Handlers\FileHandler' driver.
INFO - 2024-01-24 09:12:08 --> Session: Class initialized using 'CodeIgniter\Session\Handlers\FileHandler' driver.
INFO - 2024-01-24 09:12:08 --> Session: Class initialized using 'CodeIgniter\Session\Handlers\FileHandler' driver.
INFO - 2024-01-24 09:12:09 --> Session: Class initialized using 'CodeIgniter\Session\Handlers\FileHandler' driver.
INFO - 2024-01-24 09:12:43 --> Session: Class initialized using 'CodeIgniter\Session\Handlers\FileHandler' driver.
INFO - 2024-01-24 09:12:44 --> Session: Class initialized using 'CodeIgniter\Session\Handlers\FileHandler' driver.
INFO - 2024-01-24 09:12:45 --> Session: Class initialized using 'CodeIgniter\Session\Handlers\FileHandler' driver.
INFO - 2024-01-24 09:12:45 --> Session: Class initialized using 'CodeIgniter\Session\Handlers\FileHandler' driver.
INFO - 2024-01-24 09:12:45 --> Session: Class initialized using 'CodeIgniter\Session\Handlers\FileHandler' driver.
INFO - 2024-01-24 09:12:45 --> Session: Class initialized using 'CodeIgniter\Session\Handlers\FileHandler' driver.
INFO - 2024-01-24 09:12:47 --> Session: Class initialized using 'CodeIgniter\Session\Handlers\FileHandler' driver.
INFO - 2024-01-24 09:12:47 --> Session: Class initialized using 'CodeIgniter\Session\Handlers\FileHandler' driver.
INFO - 2024-01-24 09:12:48 --> Session: Class initialized using 'CodeIgniter\Session\Handlers\FileHandler' driver.
INFO - 2024-01-24 09:12:48 --> Session: Class initialized using 'CodeIgniter\Session\Handlers\FileHandler' driver.
INFO - 2024-01-24 09:12:49 --> Session: Class initialized using 'CodeIgniter\Session\Handlers\FileHandler' driver.
INFO - 2024-01-24 09:12:49 --> Session: Class initialized using 'CodeIgniter\Session\Handlers\FileHandler' driver.
INFO - 2024-01-24 09:12:49 --> Session: Class initialized using 'CodeIgniter\Session\Handlers\FileHandler' driver.
INFO - 2024-01-24 09:12:51 --> Session: Class initialized using 'CodeIgniter\Session\Handlers\FileHandler' driver.
INFO - 2024-01-24 09:12:51 --> Session: Class initialized using 'CodeIgniter\Session\Handlers\FileHandler' driver.
INFO - 2024-01-24 09:12:52 --> Session: Class initialized using 'CodeIgniter\Session\Handlers\FileHandler' driver.
INFO - 2024-01-24 09:12:55 --> Session: Class initialized using 'CodeIgniter\Session\Handlers\FileHandler' driver.
INFO - 2024-01-24 09:12:55 --> Session: Class initialized using 'CodeIgniter\Session\Handlers\FileHandler' driver.
INFO - 2024-01-24 09:12:58 --> Session: Class initialized using 'CodeIgniter\Session\Handlers\FileHandler' driver.
INFO - 2024-01-24 09:13:35 --> Session: Class initialized using 'CodeIgniter\Session\Handlers\FileHandler' driver.
INFO - 2024-01-24 09:17:34 --> Session: Class initialized using 'CodeIgniter\Session\Handlers\FileHandler' driver.
INFO - 2024-01-24 09:17:47 --> Session: Class initialized using 'CodeIgniter\Session\Handlers\FileHandler' driver.
INFO - 2024-01-24 09:18:16 --> Session: Class initialized using 'CodeIgniter\Session\Handlers\FileHandler' driver.
INFO - 2024-01-24 09:18:45 --> Session: Class initialized using 'CodeIgniter\Session\Handlers\FileHandler' driver.
INFO - 2024-01-24 09:19:31 --> Session: Class initialized using 'CodeIgniter\Session\Handlers\FileHandler' driver.
INFO - 2024-01-24 09:19:55 --> Session: Class initialized using 'CodeIgniter\Session\Handlers\FileHandler' driver.
INFO - 2024-01-24 09:20:11 --> Session: Class initialized using 'CodeIgniter\Session\Handlers\FileHandler' driver.
INFO - 2024-01-24 09:20:27 --> Session: Class initialized using 'CodeIgniter\Session\Handlers\FileHandler' driver.
INFO - 2024-01-24 09:20:36 --> Session: Class initialized using 'CodeIgniter\Session\Handlers\FileHandler' driver.
INFO - 2024-01-24 09:20:45 --> Session: Class initialized using 'CodeIgniter\Session\Handlers\FileHandler' driver.
INFO - 2024-01-24 09:21:00 --> Session: Class initialized using 'CodeIgniter\Session\Handlers\FileHandler' driver.
INFO - 2024-01-24 09:21:07 --> Session: Class initialized using 'CodeIgniter\Session\Handlers\FileHandler' driver.
INFO - 2024-01-24 09:21:07 --> Session: Class initialized using 'CodeIgniter\Session\Handlers\FileHandler' driver.
INFO - 2024-01-24 09:21:11 --> Session: Class initialized using 'CodeIgniter\Session\Handlers\FileHandler' driver.
INFO - 2024-01-24 09:21:11 --> Session: Class initialized using 'CodeIgniter\Session\Handlers\FileHandler' driver.
INFO - 2024-01-24 09:22:06 --> Session: Class initialized using 'CodeIgniter\Session\Handlers\FileHandler' driver.
INFO - 2024-01-24 09:22:06 --> Session: Class initialized using 'CodeIgniter\Session\Handlers\FileHandler' driver.
INFO - 2024-01-24 09:22:07 --> Session: Class initialized using 'CodeIgniter\Session\Handlers\FileHandler' driver.
INFO - 2024-01-24 09:22:19 --> Session: Class initialized using 'CodeIgniter\Session\Handlers\FileHandler' driver.
INFO - 2024-01-24 09:22:45 --> Session: Class initialized using 'CodeIgniter\Session\Handlers\FileHandler' driver.
INFO - 2024-01-24 09:22:52 --> Session: Class initialized using 'CodeIgniter\Session\Handlers\FileHandler' driver.
INFO - 2024-01-24 09:23:12 --> Session: Class initialized using 'CodeIgniter\Session\Handlers\FileHandler' driver.
CRITICAL - 2024-01-24 09:23:12 --> Undefined array key "s"
in VENDORPATH/mpdf/mpdf/src/Tag/Br.php on line 60.
 1 VENDORPATH/mpdf/mpdf/src/Tag/Br.php(60): CodeIgniter\Debug\Exceptions->errorHandler(2, 'Undefined array key "s"', '/Applications/XAMPP/xamppfiles/htdocs/pembelajaran/vendor/mpdf/mpdf/src/Tag/Br.php', 60)
 2 VENDORPATH/mpdf/mpdf/src/Tag.php(240): Mpdf\Tag\Br->open([], [...], 245)
 3 VENDORPATH/mpdf/mpdf/src/Mpdf.php(13921): Mpdf\Tag->OpenTag('BR', [], [...], 245)
 4 APPPATH/Controllers/Laporan.php(93): Mpdf\Mpdf->WriteHTML(' <h3 style="text-align: center;">BUKTI PEMBAYARAN PRAKTIK PENGGANTI</h3> <br /><table> <tr> <td>NAMA</td> <td>:</td> <td>Rohim</td> </tr> <tr> <td>NPM</td> <td>:</td> <td>1111</td> </tr> <tr> <td>PROGRAM STUDI</td> <td>:</td> <td>TEKNOLOGI PRODUKSI TERNAK</td> </tr> <tr> <tr> <td>TAHUN AKADEMIK</td> <td>:</td> <td>GANJIL 2023/2024</td> </tr> <tr> <td>TANGGAL PEMBAYARAN</td> <td>:</td> <td>Rabu, 24 Januari 2024</td> </tr> <tr> <td>NO TRANSAKSI</td> <td>:</td> <td>001</td> </tr> </table> <br /><br /><table border="1" cellpadding="5" cellspacing="0" style="width:100%"> <tr> <td style="text-align: center;">NO.</td> <td style="text-align: center;">NAMA MATAKULIAH</td> <td style="text-align: center;">DOSEN</td> <td style="text-align: center;">TEKNISI</td> <td style="text-align: center;">TEMPAT</td> <td style="text-align: center;">BIAYA</td> <td style="text-align: center;">KETERANGAN</td> </tr> <tr> <td style="text-align: center;">1</td> <td style="text-align: center;">Dasar Produksi Ternak</td> <td style="text-align: center;">Rahmadi Aziz, S.Pi., M.Si.</td> <td style="text-align: center;">Muhammad Irfan Lutfi</td> <td style="text-align: center;">Seroja 1.1</td> <td style="text-align: center;">10000</td> <td style="text-align: center;">-</td> </tr> <tr> <td style="text-align: center;">2</td> <td style="text-align: center;">Dasar Produksi Ternak</td> <td style="text-align: center;">Rahmadi Aziz, S.Pi., M.Si.</td> <td style="text-align: center;">Muhammad Irfan Lutfi</td> <td style="text-align: center;">Seroja 1.1</td> <td style="text-align: center;">10000</td> <td style="text-align: center;">-</td> </tr> <tr> <td colspan="5" style="text-align: center;">Total Bayar</td> <td style="text-align: center;">20000</td> <td></td> </tr> </table> <br /><br /><table style="width:100%;" border=""> <tr> <td style="text-align: right;">PENERIMA</td> </tr> <tr> <br /><br /><br /><br /><br /><td style="text-align: right;"> Admin Jurusan Peternakan</td> </tr> </table> ')
 5 SYSTEMPATH/CodeIgniter.php(942): App\Controllers\Laporan->buktiBayar('YTZjMjE1ODgtOGY3YS00OTZkLWFiODItYjY1NjcyOTU1OTRi')
 6 SYSTEMPATH/CodeIgniter.php(502): CodeIgniter\CodeIgniter->runController(Object(App\Controllers\Laporan))
 7 SYSTEMPATH/CodeIgniter.php(361): CodeIgniter\CodeIgniter->handleRequest(null, Object(Config\Cache), false)
 8 FCPATH/index.php(79): CodeIgniter\CodeIgniter->run()
 9 SYSTEMPATH/Commands/Server/rewrite.php(47): require_once('/Applications/XAMPP/xamppfiles/htdocs/pembelajaran/public/index.php')
INFO - 2024-01-24 09:23:24 --> Session: Class initialized using 'CodeIgniter\Session\Handlers\FileHandler' driver.
CRITICAL - 2024-01-24 09:23:24 --> Undefined array key "s"
in VENDORPATH/mpdf/mpdf/src/Tag/Br.php on line 60.
 1 VENDORPATH/mpdf/mpdf/src/Tag/Br.php(60): CodeIgniter\Debug\Exceptions->errorHandler(2, 'Undefined array key "s"', '/Applications/XAMPP/xamppfiles/htdocs/pembelajaran/vendor/mpdf/mpdf/src/Tag/Br.php', 60)
 2 VENDORPATH/mpdf/mpdf/src/Tag.php(240): Mpdf\Tag\Br->open([], [...], 245)
 3 VENDORPATH/mpdf/mpdf/src/Mpdf.php(13921): Mpdf\Tag->OpenTag('BR', [], [...], 245)
 4 APPPATH/Controllers/Laporan.php(93): Mpdf\Mpdf->WriteHTML(' <h3 style="text-align: center;">BUKTI PEMBAYARAN PRAKTIK PENGGANTI</h3> <br /><table> <tr> <td>NAMA</td> <td>:</td> <td>Rohim</td> </tr> <tr> <td>NPM</td> <td>:</td> <td>1111</td> </tr> <tr> <td>PROGRAM STUDI</td> <td>:</td> <td>TEKNOLOGI PRODUKSI TERNAK</td> </tr> <tr> <tr> <td>TAHUN AKADEMIK</td> <td>:</td> <td>GANJIL 2023/2024</td> </tr> <tr> <td>TANGGAL PEMBAYARAN</td> <td>:</td> <td>Rabu, 24 Januari 2024</td> </tr> <tr> <td>NO TRANSAKSI</td> <td>:</td> <td>001</td> </tr> </table> <br /><br /><table border="1" cellpadding="5" cellspacing="0" style="width:100%"> <tr> <td style="text-align: center;">NO.</td> <td style="text-align: center;">NAMA MATAKULIAH</td> <td style="text-align: center;">DOSEN</td> <td style="text-align: center;">TEKNISI</td> <td style="text-align: center;">TEMPAT</td> <td style="text-align: center;">BIAYA</td> <td style="text-align: center;">KETERANGAN</td> </tr> <tr> <td style="text-align: center;">1</td> <td style="text-align: center;">Dasar Produksi Ternak</td> <td style="text-align: center;">Rahmadi Aziz, S.Pi., M.Si.</td> <td style="text-align: center;">Muhammad Irfan Lutfi</td> <td style="text-align: center;">Seroja 1.1</td> <td style="text-align: center;">10000</td> <td style="text-align: center;">-</td> </tr> <tr> <td style="text-align: center;">2</td> <td style="text-align: center;">Dasar Produksi Ternak</td> <td style="text-align: center;">Rahmadi Aziz, S.Pi., M.Si.</td> <td style="text-align: center;">Muhammad Irfan Lutfi</td> <td style="text-align: center;">Seroja 1.1</td> <td style="text-align: center;">10000</td> <td style="text-align: center;">-</td> </tr> <tr> <td colspan="5" style="text-align: center;">Total Bayar</td> <td style="text-align: center;">20000</td> <td></td> </tr> </table> <br /><br /><table style="width:100%;" border=""> <tr> <td style="text-align: right;">PENERIMA</td> </tr> <tr> <br /><br /><br /><td style="text-align: right;"> Admin Jurusan Peternakan</td> </tr> </table> ')
 5 SYSTEMPATH/CodeIgniter.php(942): App\Controllers\Laporan->buktiBayar('YTZjMjE1ODgtOGY3YS00OTZkLWFiODItYjY1NjcyOTU1OTRi')
 6 SYSTEMPATH/CodeIgniter.php(502): CodeIgniter\CodeIgniter->runController(Object(App\Controllers\Laporan))
 7 SYSTEMPATH/CodeIgniter.php(361): CodeIgniter\CodeIgniter->handleRequest(null, Object(Config\Cache), false)
 8 FCPATH/index.php(79): CodeIgniter\CodeIgniter->run()
 9 SYSTEMPATH/Commands/Server/rewrite.php(47): require_once('/Applications/XAMPP/xamppfiles/htdocs/pembelajaran/public/index.php')
INFO - 2024-01-24 09:23:29 --> Session: Class initialized using 'CodeIgniter\Session\Handlers\FileHandler' driver.
INFO - 2024-01-24 09:23:45 --> Session: Class initialized using 'CodeIgniter\Session\Handlers\FileHandler' driver.
INFO - 2024-01-24 09:24:19 --> Session: Class initialized using 'CodeIgniter\Session\Handlers\FileHandler' driver.
INFO - 2024-01-24 09:24:42 --> Session: Class initialized using 'CodeIgniter\Session\Handlers\FileHandler' driver.
INFO - 2024-01-24 09:25:15 --> Session: Class initialized using 'CodeIgniter\Session\Handlers\FileHandler' driver.
INFO - 2024-01-24 09:25:43 --> Session: Class initialized using 'CodeIgniter\Session\Handlers\FileHandler' driver.
INFO - 2024-01-24 09:25:53 --> Session: Class initialized using 'CodeIgniter\Session\Handlers\FileHandler' driver.
INFO - 2024-01-24 09:25:53 --> Session: Class initialized using 'CodeIgniter\Session\Handlers\FileHandler' driver.
INFO - 2024-01-24 09:29:49 --> Session: Class initialized using 'CodeIgniter\Session\Handlers\FileHandler' driver.
INFO - 2024-01-24 09:29:50 --> Session: Class initialized using 'CodeIgniter\Session\Handlers\FileHandler' driver.
INFO - 2024-01-24 09:30:14 --> Session: Class initialized using 'CodeIgniter\Session\Handlers\FileHandler' driver.
INFO - 2024-01-24 09:30:14 --> Session: Class initialized using 'CodeIgniter\Session\Handlers\FileHandler' driver.
INFO - 2024-01-24 09:30:33 --> Session: Class initialized using 'CodeIgniter\Session\Handlers\FileHandler' driver.
INFO - 2024-01-24 09:30:33 --> Session: Class initialized using 'CodeIgniter\Session\Handlers\FileHandler' driver.
INFO - 2024-01-24 09:31:17 --> Session: Class initialized using 'CodeIgniter\Session\Handlers\FileHandler' driver.
INFO - 2024-01-24 09:31:17 --> Session: Class initialized using 'CodeIgniter\Session\Handlers\FileHandler' driver.
INFO - 2024-01-24 09:31:34 --> Session: Class initialized using 'CodeIgniter\Session\Handlers\FileHandler' driver.
INFO - 2024-01-24 09:31:35 --> Session: Class initialized using 'CodeIgniter\Session\Handlers\FileHandler' driver.
INFO - 2024-01-24 09:31:45 --> Session: Class initialized using 'CodeIgniter\Session\Handlers\FileHandler' driver.
INFO - 2024-01-24 09:31:45 --> Session: Class initialized using 'CodeIgniter\Session\Handlers\FileHandler' driver.
INFO - 2024-01-24 09:31:56 --> Session: Class initialized using 'CodeIgniter\Session\Handlers\FileHandler' driver.
INFO - 2024-01-24 09:31:56 --> Session: Class initialized using 'CodeIgniter\Session\Handlers\FileHandler' driver.
INFO - 2024-01-24 09:32:01 --> Session: Class initialized using 'CodeIgniter\Session\Handlers\FileHandler' driver.
INFO - 2024-01-24 09:32:01 --> Session: Class initialized using 'CodeIgniter\Session\Handlers\FileHandler' driver.
INFO - 2024-01-24 09:32:09 --> Session: Class initialized using 'CodeIgniter\Session\Handlers\FileHandler' driver.
INFO - 2024-01-24 09:32:15 --> Session: Class initialized using 'CodeIgniter\Session\Handlers\FileHandler' driver.
INFO - 2024-01-24 09:32:16 --> Session: Class initialized using 'CodeIgniter\Session\Handlers\FileHandler' driver.
INFO - 2024-01-24 09:32:18 --> Session: Class initialized using 'CodeIgniter\Session\Handlers\FileHandler' driver.
INFO - 2024-01-24 09:32:18 --> Session: Class initialized using 'CodeIgniter\Session\Handlers\FileHandler' driver.
INFO - 2024-01-24 09:32:18 --> Session: Class initialized using 'CodeIgniter\Session\Handlers\FileHandler' driver.
INFO - 2024-01-24 09:32:54 --> Session: Class initialized using 'CodeIgniter\Session\Handlers\FileHandler' driver.
INFO - 2024-01-24 09:32:54 --> Session: Class initialized using 'CodeIgniter\Session\Handlers\FileHandler' driver.
INFO - 2024-01-24 09:33:03 --> Session: Class initialized using 'CodeIgniter\Session\Handlers\FileHandler' driver.
INFO - 2024-01-24 09:33:03 --> Session: Class initialized using 'CodeIgniter\Session\Handlers\FileHandler' driver.
INFO - 2024-01-24 09:33:03 --> Session: Class initialized using 'CodeIgniter\Session\Handlers\FileHandler' driver.
INFO - 2024-01-24 09:33:07 --> Session: Class initialized using 'CodeIgniter\Session\Handlers\FileHandler' driver.
INFO - 2024-01-24 09:33:07 --> Session: Class initialized using 'CodeIgniter\Session\Handlers\FileHandler' driver.
INFO - 2024-01-24 09:33:08 --> Session: Class initialized using 'CodeIgniter\Session\Handlers\FileHandler' driver.
INFO - 2024-01-24 09:33:43 --> Session: Class initialized using 'CodeIgniter\Session\Handlers\FileHandler' driver.
INFO - 2024-01-24 09:33:43 --> Session: Class initialized using 'CodeIgniter\Session\Handlers\FileHandler' driver.
INFO - 2024-01-24 09:33:46 --> Session: Class initialized using 'CodeIgniter\Session\Handlers\FileHandler' driver.
INFO - 2024-01-24 09:33:46 --> Session: Class initialized using 'CodeIgniter\Session\Handlers\FileHandler' driver.
INFO - 2024-01-24 09:33:49 --> Session: Class initialized using 'CodeIgniter\Session\Handlers\FileHandler' driver.
INFO - 2024-01-24 09:33:49 --> Session: Class initialized using 'CodeIgniter\Session\Handlers\FileHandler' driver.
INFO - 2024-01-24 09:41:58 --> Session: Class initialized using 'CodeIgniter\Session\Handlers\FileHandler' driver.
INFO - 2024-01-24 09:41:59 --> Session: Class initialized using 'CodeIgniter\Session\Handlers\FileHandler' driver.
INFO - 2024-01-24 09:42:29 --> Session: Class initialized using 'CodeIgniter\Session\Handlers\FileHandler' driver.
INFO - 2024-01-24 09:42:30 --> Session: Class initialized using 'CodeIgniter\Session\Handlers\FileHandler' driver.
INFO - 2024-01-24 09:42:31 --> Session: Class initialized using 'CodeIgniter\Session\Handlers\FileHandler' driver.
INFO - 2024-01-24 09:42:41 --> Session: Class initialized using 'CodeIgniter\Session\Handlers\FileHandler' driver.
INFO - 2024-01-24 09:42:41 --> Session: Class initialized using 'CodeIgniter\Session\Handlers\FileHandler' driver.
INFO - 2024-01-24 09:42:47 --> Session: Class initialized using 'CodeIgniter\Session\Handlers\FileHandler' driver.
INFO - 2024-01-24 09:42:48 --> Session: Class initialized using 'CodeIgniter\Session\Handlers\FileHandler' driver.
INFO - 2024-01-24 09:43:03 --> Session: Class initialized using 'CodeIgniter\Session\Handlers\FileHandler' driver.
INFO - 2024-01-24 09:43:04 --> Session: Class initialized using 'CodeIgniter\Session\Handlers\FileHandler' driver.
INFO - 2024-01-24 09:43:04 --> Session: Class initialized using 'CodeIgniter\Session\Handlers\FileHandler' driver.
INFO - 2024-01-24 09:43:05 --> Session: Class initialized using 'CodeIgniter\Session\Handlers\FileHandler' driver.
INFO - 2024-01-24 09:43:10 --> Session: Class initialized using 'CodeIgniter\Session\Handlers\FileHandler' driver.
INFO - 2024-01-24 09:43:10 --> Session: Class initialized using 'CodeIgniter\Session\Handlers\FileHandler' driver.
INFO - 2024-01-24 09:43:57 --> Session: Class initialized using 'CodeIgniter\Session\Handlers\FileHandler' driver.
INFO - 2024-01-24 09:43:58 --> Session: Class initialized using 'CodeIgniter\Session\Handlers\FileHandler' driver.
INFO - 2024-01-24 09:44:22 --> Session: Class initialized using 'CodeIgniter\Session\Handlers\FileHandler' driver.
INFO - 2024-01-24 09:44:22 --> Session: Class initialized using 'CodeIgniter\Session\Handlers\FileHandler' driver.
INFO - 2024-01-24 09:44:50 --> Session: Class initialized using 'CodeIgniter\Session\Handlers\FileHandler' driver.
INFO - 2024-01-24 09:44:50 --> Session: Class initialized using 'CodeIgniter\Session\Handlers\FileHandler' driver.
INFO - 2024-01-24 09:44:58 --> Session: Class initialized using 'CodeIgniter\Session\Handlers\FileHandler' driver.
INFO - 2024-01-24 09:44:58 --> Session: Class initialized using 'CodeIgniter\Session\Handlers\FileHandler' driver.
INFO - 2024-01-24 09:45:23 --> Session: Class initialized using 'CodeIgniter\Session\Handlers\FileHandler' driver.
INFO - 2024-01-24 09:45:23 --> Session: Class initialized using 'CodeIgniter\Session\Handlers\FileHandler' driver.
INFO - 2024-01-24 09:45:44 --> Session: Class initialized using 'CodeIgniter\Session\Handlers\FileHandler' driver.
INFO - 2024-01-24 09:45:44 --> Session: Class initialized using 'CodeIgniter\Session\Handlers\FileHandler' driver.
INFO - 2024-01-24 09:47:20 --> Session: Class initialized using 'CodeIgniter\Session\Handlers\FileHandler' driver.
INFO - 2024-01-24 09:47:21 --> Session: Class initialized using 'CodeIgniter\Session\Handlers\FileHandler' driver.
INFO - 2024-01-24 09:47:23 --> Session: Class initialized using 'CodeIgniter\Session\Handlers\FileHandler' driver.
INFO - 2024-01-24 09:47:23 --> Session: Class initialized using 'CodeIgniter\Session\Handlers\FileHandler' driver.
INFO - 2024-01-24 09:47:36 --> Session: Class initialized using 'CodeIgniter\Session\Handlers\FileHandler' driver.
INFO - 2024-01-24 09:47:37 --> Session: Class initialized using 'CodeIgniter\Session\Handlers\FileHandler' driver.
INFO - 2024-01-24 09:47:46 --> Session: Class initialized using 'CodeIgniter\Session\Handlers\FileHandler' driver.
INFO - 2024-01-24 09:47:47 --> Session: Class initialized using 'CodeIgniter\Session\Handlers\FileHandler' driver.
INFO - 2024-01-24 09:48:02 --> Session: Class initialized using 'CodeIgniter\Session\Handlers\FileHandler' driver.
INFO - 2024-01-24 09:48:03 --> Session: Class initialized using 'CodeIgniter\Session\Handlers\FileHandler' driver.
INFO - 2024-01-24 09:48:26 --> Session: Class initialized using 'CodeIgniter\Session\Handlers\FileHandler' driver.
INFO - 2024-01-24 09:48:26 --> Session: Class initialized using 'CodeIgniter\Session\Handlers\FileHandler' driver.
INFO - 2024-01-24 09:48:27 --> Session: Class initialized using 'CodeIgniter\Session\Handlers\FileHandler' driver.
INFO - 2024-01-24 09:48:36 --> Session: Class initialized using 'CodeIgniter\Session\Handlers\FileHandler' driver.
INFO - 2024-01-24 09:48:36 --> Session: Class initialized using 'CodeIgniter\Session\Handlers\FileHandler' driver.
INFO - 2024-01-24 09:48:50 --> Session: Class initialized using 'CodeIgniter\Session\Handlers\FileHandler' driver.
INFO - 2024-01-24 09:48:51 --> Session: Class initialized using 'CodeIgniter\Session\Handlers\FileHandler' driver.
INFO - 2024-01-24 09:48:51 --> Session: Class initialized using 'CodeIgniter\Session\Handlers\FileHandler' driver.
INFO - 2024-01-24 09:48:53 --> Session: Class initialized using 'CodeIgniter\Session\Handlers\FileHandler' driver.
INFO - 2024-01-24 09:48:53 --> Session: Class initialized using 'CodeIgniter\Session\Handlers\FileHandler' driver.
INFO - 2024-01-24 09:48:54 --> Session: Class initialized using 'CodeIgniter\Session\Handlers\FileHandler' driver.
INFO - 2024-01-24 09:48:55 --> Session: Class initialized using 'CodeIgniter\Session\Handlers\FileHandler' driver.
INFO - 2024-01-24 09:49:04 --> Session: Class initialized using 'CodeIgniter\Session\Handlers\FileHandler' driver.
INFO - 2024-01-24 09:49:04 --> Session: Class initialized using 'CodeIgniter\Session\Handlers\FileHandler' driver.
INFO - 2024-01-24 09:49:04 --> Session: Class initialized using 'CodeIgniter\Session\Handlers\FileHandler' driver.
INFO - 2024-01-24 09:49:08 --> Session: Class initialized using 'CodeIgniter\Session\Handlers\FileHandler' driver.
INFO - 2024-01-24 09:49:08 --> Session: Class initialized using 'CodeIgniter\Session\Handlers\FileHandler' driver.
INFO - 2024-01-24 09:49:14 --> Session: Class initialized using 'CodeIgniter\Session\Handlers\FileHandler' driver.
INFO - 2024-01-24 09:49:14 --> Session: Class initialized using 'CodeIgniter\Session\Handlers\FileHandler' driver.
INFO - 2024-01-24 09:49:29 --> Session: Class initialized using 'CodeIgniter\Session\Handlers\FileHandler' driver.
INFO - 2024-01-24 09:49:29 --> Session: Class initialized using 'CodeIgniter\Session\Handlers\FileHandler' driver.
INFO - 2024-01-24 09:49:30 --> Session: Class initialized using 'CodeIgniter\Session\Handlers\FileHandler' driver.
INFO - 2024-01-24 09:49:39 --> Session: Class initialized using 'CodeIgniter\Session\Handlers\FileHandler' driver.
INFO - 2024-01-24 09:49:39 --> Session: Class initialized using 'CodeIgniter\Session\Handlers\FileHandler' driver.
INFO - 2024-01-24 09:49:42 --> Session: Class initialized using 'CodeIgniter\Session\Handlers\FileHandler' driver.
INFO - 2024-01-24 09:49:42 --> Session: Class initialized using 'CodeIgniter\Session\Handlers\FileHandler' driver.
INFO - 2024-01-24 09:50:02 --> Session: Class initialized using 'CodeIgniter\Session\Handlers\FileHandler' driver.
INFO - 2024-01-24 09:50:02 --> Session: Class initialized using 'CodeIgniter\Session\Handlers\FileHandler' driver.
INFO - 2024-01-24 09:50:15 --> Session: Class initialized using 'CodeIgniter\Session\Handlers\FileHandler' driver.
INFO - 2024-01-24 09:50:15 --> Session: Class initialized using 'CodeIgniter\Session\Handlers\FileHandler' driver.
INFO - 2024-01-24 09:50:16 --> Session: Class initialized using 'CodeIgniter\Session\Handlers\FileHandler' driver.
INFO - 2024-01-24 09:50:16 --> Session: Class initialized using 'CodeIgniter\Session\Handlers\FileHandler' driver.
INFO - 2024-01-24 09:50:26 --> Session: Class initialized using 'CodeIgniter\Session\Handlers\FileHandler' driver.
INFO - 2024-01-24 09:50:26 --> Session: Class initialized using 'CodeIgniter\Session\Handlers\FileHandler' driver.
INFO - 2024-01-24 09:50:48 --> Session: Class initialized using 'CodeIgniter\Session\Handlers\FileHandler' driver.
INFO - 2024-01-24 09:50:49 --> Session: Class initialized using 'CodeIgniter\Session\Handlers\FileHandler' driver.
INFO - 2024-01-24 09:50:55 --> Session: Class initialized using 'CodeIgniter\Session\Handlers\FileHandler' driver.
INFO - 2024-01-24 09:50:55 --> Session: Class initialized using 'CodeIgniter\Session\Handlers\FileHandler' driver.
INFO - 2024-01-24 09:51:07 --> Session: Class initialized using 'CodeIgniter\Session\Handlers\FileHandler' driver.
INFO - 2024-01-24 09:51:07 --> Session: Class initialized using 'CodeIgniter\Session\Handlers\FileHandler' driver.
INFO - 2024-01-24 09:52:36 --> Session: Class initialized using 'CodeIgniter\Session\Handlers\FileHandler' driver.
INFO - 2024-01-24 09:52:36 --> Session: Class initialized using 'CodeIgniter\Session\Handlers\FileHandler' driver.
INFO - 2024-01-24 09:52:37 --> Session: Class initialized using 'CodeIgniter\Session\Handlers\FileHandler' driver.
INFO - 2024-01-24 09:52:40 --> Session: Class initialized using 'CodeIgniter\Session\Handlers\FileHandler' driver.
INFO - 2024-01-24 09:52:40 --> Session: Class initialized using 'CodeIgniter\Session\Handlers\FileHandler' driver.
INFO - 2024-01-24 09:53:43 --> Session: Class initialized using 'CodeIgniter\Session\Handlers\FileHandler' driver.
INFO - 2024-01-24 09:53:44 --> Session: Class initialized using 'CodeIgniter\Session\Handlers\FileHandler' driver.
INFO - 2024-01-24 09:53:48 --> Session: Class initialized using 'CodeIgniter\Session\Handlers\FileHandler' driver.
INFO - 2024-01-24 09:53:49 --> Session: Class initialized using 'CodeIgniter\Session\Handlers\FileHandler' driver.
INFO - 2024-01-24 09:53:56 --> Session: Class initialized using 'CodeIgniter\Session\Handlers\FileHandler' driver.
INFO - 2024-01-24 09:53:57 --> Session: Class initialized using 'CodeIgniter\Session\Handlers\FileHandler' driver.
INFO - 2024-01-24 09:54:26 --> Session: Class initialized using 'CodeIgniter\Session\Handlers\FileHandler' driver.
INFO - 2024-01-24 09:54:27 --> Session: Class initialized using 'CodeIgniter\Session\Handlers\FileHandler' driver.
INFO - 2024-01-24 09:54:33 --> Session: Class initialized using 'CodeIgniter\Session\Handlers\FileHandler' driver.
INFO - 2024-01-24 09:54:33 --> Session: Class initialized using 'CodeIgniter\Session\Handlers\FileHandler' driver.
INFO - 2024-01-24 09:54:56 --> Session: Class initialized using 'CodeIgniter\Session\Handlers\FileHandler' driver.
INFO - 2024-01-24 09:54:56 --> Session: Class initialized using 'CodeIgniter\Session\Handlers\FileHandler' driver.
INFO - 2024-01-24 09:54:57 --> Session: Class initialized using 'CodeIgniter\Session\Handlers\FileHandler' driver.
INFO - 2024-01-24 09:55:19 --> Session: Class initialized using 'CodeIgniter\Session\Handlers\FileHandler' driver.
INFO - 2024-01-24 09:55:19 --> Session: Class initialized using 'CodeIgniter\Session\Handlers\FileHandler' driver.
INFO - 2024-01-24 09:57:08 --> Session: Class initialized using 'CodeIgniter\Session\Handlers\FileHandler' driver.
INFO - 2024-01-24 09:57:09 --> Session: Class initialized using 'CodeIgniter\Session\Handlers\FileHandler' driver.
INFO - 2024-01-24 09:57:20 --> Session: Class initialized using 'CodeIgniter\Session\Handlers\FileHandler' driver.
INFO - 2024-01-24 09:57:20 --> Session: Class initialized using 'CodeIgniter\Session\Handlers\FileHandler' driver.
INFO - 2024-01-24 09:57:59 --> Session: Class initialized using 'CodeIgniter\Session\Handlers\FileHandler' driver.
INFO - 2024-01-24 09:58:00 --> Session: Class initialized using 'CodeIgniter\Session\Handlers\FileHandler' driver.
INFO - 2024-01-24 09:58:03 --> Session: Class initialized using 'CodeIgniter\Session\Handlers\FileHandler' driver.
INFO - 2024-01-24 09:58:03 --> Session: Class initialized using 'CodeIgniter\Session\Handlers\FileHandler' driver.
INFO - 2024-01-24 09:58:32 --> Session: Class initialized using 'CodeIgniter\Session\Handlers\FileHandler' driver.
INFO - 2024-01-24 09:58:32 --> Session: Class initialized using 'CodeIgniter\Session\Handlers\FileHandler' driver.
INFO - 2024-01-24 09:58:34 --> Session: Class initialized using 'CodeIgniter\Session\Handlers\FileHandler' driver.
INFO - 2024-01-24 09:58:34 --> Session: Class initialized using 'CodeIgniter\Session\Handlers\FileHandler' driver.
INFO - 2024-01-24 09:58:41 --> Session: Class initialized using 'CodeIgniter\Session\Handlers\FileHandler' driver.
INFO - 2024-01-24 09:58:41 --> Session: Class initialized using 'CodeIgniter\Session\Handlers\FileHandler' driver.
INFO - 2024-01-24 09:58:42 --> Session: Class initialized using 'CodeIgniter\Session\Handlers\FileHandler' driver.
INFO - 2024-01-24 09:58:43 --> Session: Class initialized using 'CodeIgniter\Session\Handlers\FileHandler' driver.
INFO - 2024-01-24 09:59:28 --> Session: Class initialized using 'CodeIgniter\Session\Handlers\FileHandler' driver.
INFO - 2024-01-24 09:59:29 --> Session: Class initialized using 'CodeIgniter\Session\Handlers\FileHandler' driver.
INFO - 2024-01-24 09:59:30 --> Session: Class initialized using 'CodeIgniter\Session\Handlers\FileHandler' driver.
INFO - 2024-01-24 09:59:30 --> Session: Class initialized using 'CodeIgniter\Session\Handlers\FileHandler' driver.
INFO - 2024-01-24 10:01:05 --> Session: Class initialized using 'CodeIgniter\Session\Handlers\FileHandler' driver.
INFO - 2024-01-24 10:01:05 --> Session: Class initialized using 'CodeIgniter\Session\Handlers\FileHandler' driver.
INFO - 2024-01-24 10:01:07 --> Session: Class initialized using 'CodeIgniter\Session\Handlers\FileHandler' driver.
INFO - 2024-01-24 10:01:08 --> Session: Class initialized using 'CodeIgniter\Session\Handlers\FileHandler' driver.
INFO - 2024-01-24 10:02:44 --> Session: Class initialized using 'CodeIgniter\Session\Handlers\FileHandler' driver.
INFO - 2024-01-24 10:02:44 --> Session: Class initialized using 'CodeIgniter\Session\Handlers\FileHandler' driver.
INFO - 2024-01-24 10:02:45 --> Session: Class initialized using 'CodeIgniter\Session\Handlers\FileHandler' driver.
INFO - 2024-01-24 10:03:06 --> Session: Class initialized using 'CodeIgniter\Session\Handlers\FileHandler' driver.
INFO - 2024-01-24 10:03:07 --> Session: Class initialized using 'CodeIgniter\Session\Handlers\FileHandler' driver.
INFO - 2024-01-24 10:04:06 --> Session: Class initialized using 'CodeIgniter\Session\Handlers\FileHandler' driver.
INFO - 2024-01-24 10:04:08 --> Session: Class initialized using 'CodeIgniter\Session\Handlers\FileHandler' driver.
INFO - 2024-01-24 10:04:14 --> Session: Class initialized using 'CodeIgniter\Session\Handlers\FileHandler' driver.
INFO - 2024-01-24 10:04:19 --> Session: Class initialized using 'CodeIgniter\Session\Handlers\FileHandler' driver.
INFO - 2024-01-24 10:04:20 --> Session: Class initialized using 'CodeIgniter\Session\Handlers\FileHandler' driver.
INFO - 2024-01-24 10:04:32 --> Session: Class initialized using 'CodeIgniter\Session\Handlers\FileHandler' driver.
INFO - 2024-01-24 10:04:32 --> Session: Class initialized using 'CodeIgniter\Session\Handlers\FileHandler' driver.
INFO - 2024-01-24 10:04:38 --> Session: Class initialized using 'CodeIgniter\Session\Handlers\FileHandler' driver.
INFO - 2024-01-24 10:04:38 --> Session: Class initialized using 'CodeIgniter\Session\Handlers\FileHandler' driver.
INFO - 2024-01-24 10:05:02 --> Session: Class initialized using 'CodeIgniter\Session\Handlers\FileHandler' driver.
INFO - 2024-01-24 10:05:03 --> Session: Class initialized using 'CodeIgniter\Session\Handlers\FileHandler' driver.
INFO - 2024-01-24 10:05:04 --> Session: Class initialized using 'CodeIgniter\Session\Handlers\FileHandler' driver.
INFO - 2024-01-24 10:05:05 --> Session: Class initialized using 'CodeIgniter\Session\Handlers\FileHandler' driver.
INFO - 2024-01-24 10:06:36 --> Session: Class initialized using 'CodeIgniter\Session\Handlers\FileHandler' driver.
INFO - 2024-01-24 10:06:36 --> Session: Class initialized using 'CodeIgniter\Session\Handlers\FileHandler' driver.
INFO - 2024-01-24 10:06:37 --> Session: Class initialized using 'CodeIgniter\Session\Handlers\FileHandler' driver.
INFO - 2024-01-24 10:06:37 --> Session: Class initialized using 'CodeIgniter\Session\Handlers\FileHandler' driver.
INFO - 2024-01-24 10:06:38 --> Session: Class initialized using 'CodeIgniter\Session\Handlers\FileHandler' driver.
INFO - 2024-01-24 10:06:38 --> Session: Class initialized using 'CodeIgniter\Session\Handlers\FileHandler' driver.
INFO - 2024-01-24 10:07:18 --> Session: Class initialized using 'CodeIgniter\Session\Handlers\FileHandler' driver.
INFO - 2024-01-24 10:07:18 --> Session: Class initialized using 'CodeIgniter\Session\Handlers\FileHandler' driver.
INFO - 2024-01-24 10:07:19 --> Session: Class initialized using 'CodeIgniter\Session\Handlers\FileHandler' driver.
INFO - 2024-01-24 10:07:19 --> Session: Class initialized using 'CodeIgniter\Session\Handlers\FileHandler' driver.
INFO - 2024-01-24 10:07:20 --> Session: Class initialized using 'CodeIgniter\Session\Handlers\FileHandler' driver.
INFO - 2024-01-24 10:07:21 --> Session: Class initialized using 'CodeIgniter\Session\Handlers\FileHandler' driver.
INFO - 2024-01-24 10:07:21 --> Session: Class initialized using 'CodeIgniter\Session\Handlers\FileHandler' driver.
INFO - 2024-01-24 10:07:24 --> Session: Class initialized using 'CodeIgniter\Session\Handlers\FileHandler' driver.
INFO - 2024-01-24 10:07:25 --> Session: Class initialized using 'CodeIgniter\Session\Handlers\FileHandler' driver.
INFO - 2024-01-24 10:07:29 --> Session: Class initialized using 'CodeIgniter\Session\Handlers\FileHandler' driver.
INFO - 2024-01-24 10:07:30 --> Session: Class initialized using 'CodeIgniter\Session\Handlers\FileHandler' driver.
INFO - 2024-01-24 10:07:31 --> Session: Class initialized using 'CodeIgniter\Session\Handlers\FileHandler' driver.
INFO - 2024-01-24 10:07:32 --> Session: Class initialized using 'CodeIgniter\Session\Handlers\FileHandler' driver.
INFO - 2024-01-24 10:07:35 --> Session: Class initialized using 'CodeIgniter\Session\Handlers\FileHandler' driver.
INFO - 2024-01-24 10:07:35 --> Session: Class initialized using 'CodeIgniter\Session\Handlers\FileHandler' driver.
INFO - 2024-01-24 10:07:36 --> Session: Class initialized using 'CodeIgniter\Session\Handlers\FileHandler' driver.
INFO - 2024-01-24 10:07:36 --> Session: Class initialized using 'CodeIgniter\Session\Handlers\FileHandler' driver.
INFO - 2024-01-24 10:07:37 --> Session: Class initialized using 'CodeIgniter\Session\Handlers\FileHandler' driver.
INFO - 2024-01-24 10:07:38 --> Session: Class initialized using 'CodeIgniter\Session\Handlers\FileHandler' driver.
INFO - 2024-01-24 10:07:39 --> Session: Class initialized using 'CodeIgniter\Session\Handlers\FileHandler' driver.
INFO - 2024-01-24 10:07:39 --> Session: Class initialized using 'CodeIgniter\Session\Handlers\FileHandler' driver.
INFO - 2024-01-24 10:09:02 --> Session: Class initialized using 'CodeIgniter\Session\Handlers\FileHandler' driver.
INFO - 2024-01-24 10:09:02 --> Session: Class initialized using 'CodeIgniter\Session\Handlers\FileHandler' driver.
INFO - 2024-01-24 10:10:21 --> Session: Class initialized using 'CodeIgniter\Session\Handlers\FileHandler' driver.
INFO - 2024-01-24 10:10:22 --> Session: Class initialized using 'CodeIgniter\Session\Handlers\FileHandler' driver.
INFO - 2024-01-24 10:10:22 --> Session: Class initialized using 'CodeIgniter\Session\Handlers\FileHandler' driver.
INFO - 2024-01-24 10:10:25 --> Session: Class initialized using 'CodeIgniter\Session\Handlers\FileHandler' driver.
INFO - 2024-01-24 10:10:25 --> Session: Class initialized using 'CodeIgniter\Session\Handlers\FileHandler' driver.
INFO - 2024-01-24 10:10:27 --> Session: Class initialized using 'CodeIgniter\Session\Handlers\FileHandler' driver.
INFO - 2024-01-24 10:10:27 --> Session: Class initialized using 'CodeIgniter\Session\Handlers\FileHandler' driver.
INFO - 2024-01-24 12:19:15 --> Session: Class initialized using 'CodeIgniter\Session\Handlers\FileHandler' driver.
INFO - 2024-01-24 12:19:15 --> Session: Class initialized using 'CodeIgniter\Session\Handlers\FileHandler' driver.
INFO - 2024-01-24 12:19:22 --> Session: Class initialized using 'CodeIgniter\Session\Handlers\FileHandler' driver.
INFO - 2024-01-24 12:19:22 --> Session: Class initialized using 'CodeIgniter\Session\Handlers\FileHandler' driver.
INFO - 2024-01-24 12:19:22 --> Session: Class initialized using 'CodeIgniter\Session\Handlers\FileHandler' driver.
INFO - 2024-01-24 12:19:28 --> Session: Class initialized using 'CodeIgniter\Session\Handlers\FileHandler' driver.
INFO - 2024-01-24 12:19:28 --> Session: Class initialized using 'CodeIgniter\Session\Handlers\FileHandler' driver.
INFO - 2024-01-24 12:32:22 --> Session: Class initialized using 'CodeIgniter\Session\Handlers\FileHandler' driver.
CRITICAL - 2024-01-24 12:32:22 --> Invalid file: "konten/download/pp/rekap-in-admin-jurusan.php"
in SYSTEMPATH/Exceptions/FrameworkException.php on line 39.
 1 SYSTEMPATH/View/View.php(216): CodeIgniter\Exceptions\FrameworkException::forInvalidFile('konten/download/pp/rekap-in-admin-jurusan.php')
 2 SYSTEMPATH/Common.php(1190): CodeIgniter\View\View->render('konten/download/pp/rekap-in-admin-jurusan', [], true)
 3 APPPATH/Controllers/Laporan.php(149): view('konten/download/pp/rekap-in-admin-jurusan', [...])
 4 SYSTEMPATH/CodeIgniter.php(942): App\Controllers\Laporan->rekapInAdminJurusan()
 5 SYSTEMPATH/CodeIgniter.php(502): CodeIgniter\CodeIgniter->runController(Object(App\Controllers\Laporan))
 6 SYSTEMPATH/CodeIgniter.php(361): CodeIgniter\CodeIgniter->handleRequest(null, Object(Config\Cache), false)
 7 FCPATH/index.php(79): CodeIgniter\CodeIgniter->run()
 8 SYSTEMPATH/Commands/Server/rewrite.php(47): require_once('/Applications/XAMPP/xamppfiles/htdocs/pembelajaran/public/index.php')
INFO - 2024-01-24 12:33:20 --> Session: Class initialized using 'CodeIgniter\Session\Handlers\FileHandler' driver.
CRITICAL - 2024-01-24 12:33:20 --> Undefined variable $detail
in APPPATH/Views/konten/download/pp/rekap-in-admin-jurusan.php on line 17.
 1 APPPATH/Views/konten/download/pp/rekap-in-admin-jurusan.php(17): CodeIgniter\Debug\Exceptions->errorHandler(2, 'Undefined variable $detail', '/Applications/XAMPP/xamppfiles/htdocs/pembelajaran/app/Views/konten/download/pp/rekap-in-admin-jurusan.php', 17)
 2 SYSTEMPATH/View/View.php(228): include('/Applications/XAMPP/xamppfiles/htdocs/pembelajaran/app/Views/konten/download/pp/rekap-in-admin-jurusan.php')
 3 SYSTEMPATH/View/View.php(231): CodeIgniter\View\View->CodeIgniter\View\{closure}()
 4 SYSTEMPATH/Common.php(1190): CodeIgniter\View\View->render('konten/download/pp/rekap-in-admin-jurusan', [], true)
 5 APPPATH/Controllers/Laporan.php(149): view('konten/download/pp/rekap-in-admin-jurusan', [...])
 6 SYSTEMPATH/CodeIgniter.php(942): App\Controllers\Laporan->rekapInAdminJurusan()
 7 SYSTEMPATH/CodeIgniter.php(502): CodeIgniter\CodeIgniter->runController(Object(App\Controllers\Laporan))
 8 SYSTEMPATH/CodeIgniter.php(361): CodeIgniter\CodeIgniter->handleRequest(null, Object(Config\Cache), false)
 9 FCPATH/index.php(79): CodeIgniter\CodeIgniter->run()
10 SYSTEMPATH/Commands/Server/rewrite.php(47): require_once('/Applications/XAMPP/xamppfiles/htdocs/pembelajaran/public/index.php')
INFO - 2024-01-24 12:43:51 --> Session: Class initialized using 'CodeIgniter\Session\Handlers\FileHandler' driver.
ERROR - 2024-01-24 12:43:51 --> mysqli_sql_exception: Unknown column 'p_pengganti_detail.p_master_id' in 'on clause' in /Applications/XAMPP/xamppfiles/htdocs/pembelajaran/system/Database/MySQLi/Connection.php:306
Stack trace:
#0 /Applications/XAMPP/xamppfiles/htdocs/pembelajaran/system/Database/MySQLi/Connection.php(306): mysqli->query('SELECT `mahasis...', 0)
#1 /Applications/XAMPP/xamppfiles/htdocs/pembelajaran/system/Database/BaseConnection.php(693): CodeIgniter\Database\MySQLi\Connection->execute('SELECT `mahasis...')
#2 /Applications/XAMPP/xamppfiles/htdocs/pembelajaran/system/Database/BaseConnection.php(607): CodeIgniter\Database\BaseConnection->simpleQuery('SELECT `mahasis...')
#3 /Applications/XAMPP/xamppfiles/htdocs/pembelajaran/system/Database/BaseBuilder.php(1615): CodeIgniter\Database\BaseConnection->query('SELECT `mahasis...', Array, false)
#4 /Applications/XAMPP/xamppfiles/htdocs/pembelajaran/app/Models/AdminJurusan/PraktikPenggantiModel.php(52): CodeIgniter\Database\BaseBuilder->get()
#5 /Applications/XAMPP/xamppfiles/htdocs/pembelajaran/app/Controllers/Laporan.php(147): App\Models\AdminJurusan\PraktikPenggantiModel->getPPLaporan()
#6 /Applications/XAMPP/xamppfiles/htdocs/pembelajaran/system/CodeIgniter.php(942): App\Controllers\Laporan->rekapInAdminJurusan()
#7 /Applications/XAMPP/xamppfiles/htdocs/pembelajaran/system/CodeIgniter.php(502): CodeIgniter\CodeIgniter->runController(Object(App\Controllers\Laporan))
#8 /Applications/XAMPP/xamppfiles/htdocs/pembelajaran/system/CodeIgniter.php(361): CodeIgniter\CodeIgniter->handleRequest(NULL, Object(Config\Cache), false)
#9 /Applications/XAMPP/xamppfiles/htdocs/pembelajaran/public/index.php(79): CodeIgniter\CodeIgniter->run()
#10 /Applications/XAMPP/xamppfiles/htdocs/pembelajaran/system/Commands/Server/rewrite.php(47): require_once('/Applications/X...')
#11 {main}
CRITICAL - 2024-01-24 12:43:51 --> Unknown column 'p_pengganti_detail.p_master_id' in 'on clause'
in SYSTEMPATH/Database/BaseConnection.php on line 647.
 1 SYSTEMPATH/Database/BaseBuilder.php(1615): CodeIgniter\Database\BaseConnection->query('SELECT `mahasiswa`.`nama`, `mahasiswa`.`npm`, `p_pengganti_detail`.*, `prodi`.`nama_prodi`
FROM `p_pengganti_detail`
JOIN `p_pengganti_master` ON `p_pengganti_detail`.`p_master_id` = `p_pengganti_master`.`id`
JOIN `mahasiswa` ON `p_pengganti_master`.`mahasiswa_id` = `mahasiswa`.`id`
JOIN `prodi` ON `p_pengganti_master`.`prodi_id` = `prodi`.`id`
WHERE `prodi`.`jurusan_id` = :prodi.jurusan_id:', [...], false)
 2 APPPATH/Models/AdminJurusan/PraktikPenggantiModel.php(52): CodeIgniter\Database\BaseBuilder->get()
 3 APPPATH/Controllers/Laporan.php(147): App\Models\AdminJurusan\PraktikPenggantiModel->getPPLaporan()
 4 SYSTEMPATH/CodeIgniter.php(942): App\Controllers\Laporan->rekapInAdminJurusan()
 5 SYSTEMPATH/CodeIgniter.php(502): CodeIgniter\CodeIgniter->runController(Object(App\Controllers\Laporan))
 6 SYSTEMPATH/CodeIgniter.php(361): CodeIgniter\CodeIgniter->handleRequest(null, Object(Config\Cache), false)
 7 FCPATH/index.php(79): CodeIgniter\CodeIgniter->run()
 8 SYSTEMPATH/Commands/Server/rewrite.php(47): require_once('/Applications/XAMPP/xamppfiles/htdocs/pembelajaran/public/index.php')
INFO - 2024-01-24 12:44:36 --> Session: Class initialized using 'CodeIgniter\Session\Handlers\FileHandler' driver.
CRITICAL - 2024-01-24 12:44:36 --> Undefined variable $detail
in APPPATH/Views/konten/download/pp/rekap-in-admin-jurusan.php on line 17.
 1 APPPATH/Views/konten/download/pp/rekap-in-admin-jurusan.php(17): CodeIgniter\Debug\Exceptions->errorHandler(2, 'Undefined variable $detail', '/Applications/XAMPP/xamppfiles/htdocs/pembelajaran/app/Views/konten/download/pp/rekap-in-admin-jurusan.php', 17)
 2 SYSTEMPATH/View/View.php(228): include('/Applications/XAMPP/xamppfiles/htdocs/pembelajaran/app/Views/konten/download/pp/rekap-in-admin-jurusan.php')
 3 SYSTEMPATH/View/View.php(231): CodeIgniter\View\View->CodeIgniter\View\{closure}()
 4 SYSTEMPATH/Common.php(1190): CodeIgniter\View\View->render('konten/download/pp/rekap-in-admin-jurusan', [], true)
 5 APPPATH/Controllers/Laporan.php(152): view('konten/download/pp/rekap-in-admin-jurusan', [...])
 6 SYSTEMPATH/CodeIgniter.php(942): App\Controllers\Laporan->rekapInAdminJurusan()
 7 SYSTEMPATH/CodeIgniter.php(502): CodeIgniter\CodeIgniter->runController(Object(App\Controllers\Laporan))
 8 SYSTEMPATH/CodeIgniter.php(361): CodeIgniter\CodeIgniter->handleRequest(null, Object(Config\Cache), false)
 9 FCPATH/index.php(79): CodeIgniter\CodeIgniter->run()
10 SYSTEMPATH/Commands/Server/rewrite.php(47): require_once('/Applications/XAMPP/xamppfiles/htdocs/pembelajaran/public/index.php')
INFO - 2024-01-24 12:45:41 --> Session: Class initialized using 'CodeIgniter\Session\Handlers\FileHandler' driver.
CRITICAL - 2024-01-24 12:45:41 --> Undefined property: stdClass::$nama_mk
in APPPATH/Views/konten/download/pp/rekap-in-admin-jurusan.php on line 30.
 1 APPPATH/Views/konten/download/pp/rekap-in-admin-jurusan.php(30): CodeIgniter\Debug\Exceptions->errorHandler(2, 'Undefined property: stdClass::$nama_mk', '/Applications/XAMPP/xamppfiles/htdocs/pembelajaran/app/Views/konten/download/pp/rekap-in-admin-jurusan.php', 30)
 2 SYSTEMPATH/View/View.php(228): include('/Applications/XAMPP/xamppfiles/htdocs/pembelajaran/app/Views/konten/download/pp/rekap-in-admin-jurusan.php')
 3 SYSTEMPATH/View/View.php(231): CodeIgniter\View\View->CodeIgniter\View\{closure}()
 4 SYSTEMPATH/Common.php(1190): CodeIgniter\View\View->render('konten/download/pp/rekap-in-admin-jurusan', [], true)
 5 APPPATH/Controllers/Laporan.php(152): view('konten/download/pp/rekap-in-admin-jurusan', [...])
 6 SYSTEMPATH/CodeIgniter.php(942): App\Controllers\Laporan->rekapInAdminJurusan()
 7 SYSTEMPATH/CodeIgniter.php(502): CodeIgniter\CodeIgniter->runController(Object(App\Controllers\Laporan))
 8 SYSTEMPATH/CodeIgniter.php(361): CodeIgniter\CodeIgniter->handleRequest(null, Object(Config\Cache), false)
 9 FCPATH/index.php(79): CodeIgniter\CodeIgniter->run()
10 SYSTEMPATH/Commands/Server/rewrite.php(47): require_once('/Applications/XAMPP/xamppfiles/htdocs/pembelajaran/public/index.php')
INFO - 2024-01-24 12:50:31 --> Session: Class initialized using 'CodeIgniter\Session\Handlers\FileHandler' driver.
CRITICAL - 2024-01-24 12:50:31 --> Undefined property: stdClass::$no_transaksi
in APPPATH/Views/konten/download/pp/rekap-in-admin-jurusan.php on line 31.
 1 APPPATH/Views/konten/download/pp/rekap-in-admin-jurusan.php(31): CodeIgniter\Debug\Exceptions->errorHandler(2, 'Undefined property: stdClass::$no_transaksi', '/Applications/XAMPP/xamppfiles/htdocs/pembelajaran/app/Views/konten/download/pp/rekap-in-admin-jurusan.php', 31)
 2 SYSTEMPATH/View/View.php(228): include('/Applications/XAMPP/xamppfiles/htdocs/pembelajaran/app/Views/konten/download/pp/rekap-in-admin-jurusan.php')
 3 SYSTEMPATH/View/View.php(231): CodeIgniter\View\View->CodeIgniter\View\{closure}()
 4 SYSTEMPATH/Common.php(1190): CodeIgniter\View\View->render('konten/download/pp/rekap-in-admin-jurusan', [], true)
 5 APPPATH/Controllers/Laporan.php(152): view('konten/download/pp/rekap-in-admin-jurusan', [...])
 6 SYSTEMPATH/CodeIgniter.php(942): App\Controllers\Laporan->rekapInAdminJurusan()
 7 SYSTEMPATH/CodeIgniter.php(502): CodeIgniter\CodeIgniter->runController(Object(App\Controllers\Laporan))
 8 SYSTEMPATH/CodeIgniter.php(361): CodeIgniter\CodeIgniter->handleRequest(null, Object(Config\Cache), false)
 9 FCPATH/index.php(79): CodeIgniter\CodeIgniter->run()
10 SYSTEMPATH/Commands/Server/rewrite.php(47): require_once('/Applications/XAMPP/xamppfiles/htdocs/pembelajaran/public/index.php')
INFO - 2024-01-24 12:52:12 --> Session: Class initialized using 'CodeIgniter\Session\Handlers\FileHandler' driver.
CRITICAL - 2024-01-24 12:52:12 --> Undefined variable $detail
in APPPATH/Views/konten/download/pp/rekap-in-admin-jurusan.php on line 38.
 1 APPPATH/Views/konten/download/pp/rekap-in-admin-jurusan.php(38): CodeIgniter\Debug\Exceptions->errorHandler(2, 'Undefined variable $detail', '/Applications/XAMPP/xamppfiles/htdocs/pembelajaran/app/Views/konten/download/pp/rekap-in-admin-jurusan.php', 38)
 2 SYSTEMPATH/View/View.php(228): include('/Applications/XAMPP/xamppfiles/htdocs/pembelajaran/app/Views/konten/download/pp/rekap-in-admin-jurusan.php')
 3 SYSTEMPATH/View/View.php(231): CodeIgniter\View\View->CodeIgniter\View\{closure}()
 4 SYSTEMPATH/Common.php(1190): CodeIgniter\View\View->render('konten/download/pp/rekap-in-admin-jurusan', [], true)
 5 APPPATH/Controllers/Laporan.php(152): view('konten/download/pp/rekap-in-admin-jurusan', [...])
 6 SYSTEMPATH/CodeIgniter.php(942): App\Controllers\Laporan->rekapInAdminJurusan()
 7 SYSTEMPATH/CodeIgniter.php(502): CodeIgniter\CodeIgniter->runController(Object(App\Controllers\Laporan))
 8 SYSTEMPATH/CodeIgniter.php(361): CodeIgniter\CodeIgniter->handleRequest(null, Object(Config\Cache), false)
 9 FCPATH/index.php(79): CodeIgniter\CodeIgniter->run()
10 SYSTEMPATH/Commands/Server/rewrite.php(47): require_once('/Applications/XAMPP/xamppfiles/htdocs/pembelajaran/public/index.php')
INFO - 2024-01-24 12:55:59 --> Session: Class initialized using 'CodeIgniter\Session\Handlers\FileHandler' driver.
CRITICAL - 2024-01-24 12:55:59 --> Attempt to read property "total" on array
in APPPATH/Views/konten/download/pp/rekap-in-admin-jurusan.php on line 38.
 1 APPPATH/Views/konten/download/pp/rekap-in-admin-jurusan.php(38): CodeIgniter\Debug\Exceptions->errorHandler(2, 'Attempt to read property "total" on array', '/Applications/XAMPP/xamppfiles/htdocs/pembelajaran/app/Views/konten/download/pp/rekap-in-admin-jurusan.php', 38)
 2 SYSTEMPATH/View/View.php(228): include('/Applications/XAMPP/xamppfiles/htdocs/pembelajaran/app/Views/konten/download/pp/rekap-in-admin-jurusan.php')
 3 SYSTEMPATH/View/View.php(231): CodeIgniter\View\View->CodeIgniter\View\{closure}()
 4 SYSTEMPATH/Common.php(1190): CodeIgniter\View\View->render('konten/download/pp/rekap-in-admin-jurusan', [], true)
 5 APPPATH/Controllers/Laporan.php(153): view('konten/download/pp/rekap-in-admin-jurusan', [...])
 6 SYSTEMPATH/CodeIgniter.php(942): App\Controllers\Laporan->rekapInAdminJurusan()
 7 SYSTEMPATH/CodeIgniter.php(502): CodeIgniter\CodeIgniter->runController(Object(App\Controllers\Laporan))
 8 SYSTEMPATH/CodeIgniter.php(361): CodeIgniter\CodeIgniter->handleRequest(null, Object(Config\Cache), false)
 9 FCPATH/index.php(79): CodeIgniter\CodeIgniter->run()
10 SYSTEMPATH/Commands/Server/rewrite.php(47): require_once('/Applications/XAMPP/xamppfiles/htdocs/pembelajaran/public/index.php')
INFO - 2024-01-24 12:56:14 --> Session: Class initialized using 'CodeIgniter\Session\Handlers\FileHandler' driver.
CRITICAL - 2024-01-24 12:56:14 --> Undefined property: stdClass::$total
in APPPATH/Views/konten/download/pp/rekap-in-admin-jurusan.php on line 38.
 1 APPPATH/Views/konten/download/pp/rekap-in-admin-jurusan.php(38): CodeIgniter\Debug\Exceptions->errorHandler(2, 'Undefined property: stdClass::$total', '/Applications/XAMPP/xamppfiles/htdocs/pembelajaran/app/Views/konten/download/pp/rekap-in-admin-jurusan.php', 38)
 2 SYSTEMPATH/View/View.php(228): include('/Applications/XAMPP/xamppfiles/htdocs/pembelajaran/app/Views/konten/download/pp/rekap-in-admin-jurusan.php')
 3 SYSTEMPATH/View/View.php(231): CodeIgniter\View\View->CodeIgniter\View\{closure}()
 4 SYSTEMPATH/Common.php(1190): CodeIgniter\View\View->render('konten/download/pp/rekap-in-admin-jurusan', [], true)
 5 APPPATH/Controllers/Laporan.php(153): view('konten/download/pp/rekap-in-admin-jurusan', [...])
 6 SYSTEMPATH/CodeIgniter.php(942): App\Controllers\Laporan->rekapInAdminJurusan()
 7 SYSTEMPATH/CodeIgniter.php(502): CodeIgniter\CodeIgniter->runController(Object(App\Controllers\Laporan))
 8 SYSTEMPATH/CodeIgniter.php(361): CodeIgniter\CodeIgniter->handleRequest(null, Object(Config\Cache), false)
 9 FCPATH/index.php(79): CodeIgniter\CodeIgniter->run()
10 SYSTEMPATH/Commands/Server/rewrite.php(47): require_once('/Applications/XAMPP/xamppfiles/htdocs/pembelajaran/public/index.php')
INFO - 2024-01-24 12:56:43 --> Session: Class initialized using 'CodeIgniter\Session\Handlers\FileHandler' driver.
INFO - 2024-01-24 12:56:55 --> Session: Class initialized using 'CodeIgniter\Session\Handlers\FileHandler' driver.
INFO - 2024-01-24 12:57:01 --> Session: Class initialized using 'CodeIgniter\Session\Handlers\FileHandler' driver.
INFO - 2024-01-24 12:57:02 --> Session: Class initialized using 'CodeIgniter\Session\Handlers\FileHandler' driver.
INFO - 2024-01-24 12:57:15 --> Session: Class initialized using 'CodeIgniter\Session\Handlers\FileHandler' driver.
INFO - 2024-01-24 12:57:21 --> Session: Class initialized using 'CodeIgniter\Session\Handlers\FileHandler' driver.
INFO - 2024-01-24 12:57:33 --> Session: Class initialized using 'CodeIgniter\Session\Handlers\FileHandler' driver.
INFO - 2024-01-24 12:57:51 --> Session: Class initialized using 'CodeIgniter\Session\Handlers\FileHandler' driver.
INFO - 2024-01-24 12:58:03 --> Session: Class initialized using 'CodeIgniter\Session\Handlers\FileHandler' driver.
INFO - 2024-01-24 12:58:29 --> Session: Class initialized using 'CodeIgniter\Session\Handlers\FileHandler' driver.
INFO - 2024-01-24 13:00:28 --> Session: Class initialized using 'CodeIgniter\Session\Handlers\FileHandler' driver.
INFO - 2024-01-24 13:01:35 --> Session: Class initialized using 'CodeIgniter\Session\Handlers\FileHandler' driver.
INFO - 2024-01-24 13:01:40 --> Session: Class initialized using 'CodeIgniter\Session\Handlers\FileHandler' driver.
INFO - 2024-01-24 13:01:41 --> Session: Class initialized using 'CodeIgniter\Session\Handlers\FileHandler' driver.
INFO - 2024-01-24 13:01:45 --> Session: Class initialized using 'CodeIgniter\Session\Handlers\FileHandler' driver.
INFO - 2024-01-24 13:03:19 --> Session: Class initialized using 'CodeIgniter\Session\Handlers\FileHandler' driver.
INFO - 2024-01-24 13:04:25 --> Session: Class initialized using 'CodeIgniter\Session\Handlers\FileHandler' driver.
INFO - 2024-01-24 13:04:25 --> Session: Class initialized using 'CodeIgniter\Session\Handlers\FileHandler' driver.
INFO - 2024-01-24 13:04:26 --> Session: Class initialized using 'CodeIgniter\Session\Handlers\FileHandler' driver.
INFO - 2024-01-24 13:06:01 --> Session: Class initialized using 'CodeIgniter\Session\Handlers\FileHandler' driver.
INFO - 2024-01-24 13:06:01 --> Session: Class initialized using 'CodeIgniter\Session\Handlers\FileHandler' driver.
INFO - 2024-01-24 13:10:58 --> Session: Class initialized using 'CodeIgniter\Session\Handlers\FileHandler' driver.
INFO - 2024-01-24 13:10:59 --> Session: Class initialized using 'CodeIgniter\Session\Handlers\FileHandler' driver.
INFO - 2024-01-24 13:11:00 --> Session: Class initialized using 'CodeIgniter\Session\Handlers\FileHandler' driver.
INFO - 2024-01-24 13:11:52 --> Session: Class initialized using 'CodeIgniter\Session\Handlers\FileHandler' driver.
INFO - 2024-01-24 13:11:52 --> Session: Class initialized using 'CodeIgniter\Session\Handlers\FileHandler' driver.
INFO - 2024-01-24 13:11:53 --> Session: Class initialized using 'CodeIgniter\Session\Handlers\FileHandler' driver.
INFO - 2024-01-24 13:19:08 --> Session: Class initialized using 'CodeIgniter\Session\Handlers\FileHandler' driver.
INFO - 2024-01-24 13:19:09 --> Session: Class initialized using 'CodeIgniter\Session\Handlers\FileHandler' driver.
INFO - 2024-01-24 13:19:10 --> Session: Class initialized using 'CodeIgniter\Session\Handlers\FileHandler' driver.
INFO - 2024-01-24 13:20:54 --> Session: Class initialized using 'CodeIgniter\Session\Handlers\FileHandler' driver.
INFO - 2024-01-24 13:20:55 --> Session: Class initialized using 'CodeIgniter\Session\Handlers\FileHandler' driver.
INFO - 2024-01-24 13:20:55 --> Session: Class initialized using 'CodeIgniter\Session\Handlers\FileHandler' driver.
INFO - 2024-01-24 13:21:52 --> Session: Class initialized using 'CodeIgniter\Session\Handlers\FileHandler' driver.
INFO - 2024-01-24 13:21:53 --> Session: Class initialized using 'CodeIgniter\Session\Handlers\FileHandler' driver.
INFO - 2024-01-24 13:21:53 --> Session: Class initialized using 'CodeIgniter\Session\Handlers\FileHandler' driver.
INFO - 2024-01-24 13:27:16 --> Session: Class initialized using 'CodeIgniter\Session\Handlers\FileHandler' driver.
INFO - 2024-01-24 13:27:17 --> Session: Class initialized using 'CodeIgniter\Session\Handlers\FileHandler' driver.
INFO - 2024-01-24 13:27:17 --> Session: Class initialized using 'CodeIgniter\Session\Handlers\FileHandler' driver.
INFO - 2024-01-24 13:28:36 --> Session: Class initialized using 'CodeIgniter\Session\Handlers\FileHandler' driver.
INFO - 2024-01-24 13:28:37 --> Session: Class initialized using 'CodeIgniter\Session\Handlers\FileHandler' driver.
INFO - 2024-01-24 13:28:38 --> Session: Class initialized using 'CodeIgniter\Session\Handlers\FileHandler' driver.
INFO - 2024-01-24 13:28:55 --> Session: Class initialized using 'CodeIgniter\Session\Handlers\FileHandler' driver.
INFO - 2024-01-24 13:28:56 --> Session: Class initialized using 'CodeIgniter\Session\Handlers\FileHandler' driver.
INFO - 2024-01-24 13:28:57 --> Session: Class initialized using 'CodeIgniter\Session\Handlers\FileHandler' driver.
INFO - 2024-01-24 13:31:59 --> Session: Class initialized using 'CodeIgniter\Session\Handlers\FileHandler' driver.
INFO - 2024-01-24 13:32:00 --> Session: Class initialized using 'CodeIgniter\Session\Handlers\FileHandler' driver.
INFO - 2024-01-24 13:32:01 --> Session: Class initialized using 'CodeIgniter\Session\Handlers\FileHandler' driver.
INFO - 2024-01-24 13:32:30 --> Session: Class initialized using 'CodeIgniter\Session\Handlers\FileHandler' driver.
INFO - 2024-01-24 13:32:31 --> Session: Class initialized using 'CodeIgniter\Session\Handlers\FileHandler' driver.
INFO - 2024-01-24 13:32:31 --> Session: Class initialized using 'CodeIgniter\Session\Handlers\FileHandler' driver.
INFO - 2024-01-24 13:32:51 --> Session: Class initialized using 'CodeIgniter\Session\Handlers\FileHandler' driver.
INFO - 2024-01-24 13:32:51 --> Session: Class initialized using 'CodeIgniter\Session\Handlers\FileHandler' driver.
INFO - 2024-01-24 13:32:52 --> Session: Class initialized using 'CodeIgniter\Session\Handlers\FileHandler' driver.
INFO - 2024-01-24 13:35:58 --> Session: Class initialized using 'CodeIgniter\Session\Handlers\FileHandler' driver.
INFO - 2024-01-24 13:35:59 --> Session: Class initialized using 'CodeIgniter\Session\Handlers\FileHandler' driver.
INFO - 2024-01-24 13:40:54 --> Session: Class initialized using 'CodeIgniter\Session\Handlers\FileHandler' driver.
INFO - 2024-01-24 13:40:55 --> Session: Class initialized using 'CodeIgniter\Session\Handlers\FileHandler' driver.
INFO - 2024-01-24 13:51:18 --> Session: Class initialized using 'CodeIgniter\Session\Handlers\FileHandler' driver.
INFO - 2024-01-24 13:51:19 --> Session: Class initialized using 'CodeIgniter\Session\Handlers\FileHandler' driver.
INFO - 2024-01-24 13:51:20 --> Session: Class initialized using 'CodeIgniter\Session\Handlers\FileHandler' driver.
INFO - 2024-01-24 13:52:55 --> Session: Class initialized using 'CodeIgniter\Session\Handlers\FileHandler' driver.
INFO - 2024-01-24 13:52:55 --> Session: Class initialized using 'CodeIgniter\Session\Handlers\FileHandler' driver.
INFO - 2024-01-24 13:52:56 --> Session: Class initialized using 'CodeIgniter\Session\Handlers\FileHandler' driver.
ERROR - 2024-01-24 13:52:56 --> mysqli_sql_exception: Unknown column 'gedung.nama_gedung' in 'field list' in /Applications/XAMPP/xamppfiles/htdocs/pembelajaran/system/Database/MySQLi/Connection.php:306
Stack trace:
#0 /Applications/XAMPP/xamppfiles/htdocs/pembelajaran/system/Database/MySQLi/Connection.php(306): mysqli->query('SELECT `dosen`....', 0)
#1 /Applications/XAMPP/xamppfiles/htdocs/pembelajaran/system/Database/BaseConnection.php(693): CodeIgniter\Database\MySQLi\Connection->execute('SELECT `dosen`....')
#2 /Applications/XAMPP/xamppfiles/htdocs/pembelajaran/system/Database/BaseConnection.php(607): CodeIgniter\Database\BaseConnection->simpleQuery('SELECT `dosen`....')
#3 /Applications/XAMPP/xamppfiles/htdocs/pembelajaran/system/Database/BaseBuilder.php(1615): CodeIgniter\Database\BaseConnection->query('SELECT `dosen`....', Array, false)
#4 /Applications/XAMPP/xamppfiles/htdocs/pembelajaran/app/Models/AdminJurusan/PraktikPenggantiModel.php(60): CodeIgniter\Database\BaseBuilder->get()
#5 /Applications/XAMPP/xamppfiles/htdocs/pembelajaran/app/Controllers/Laporan.php(181): App\Models\AdminJurusan\PraktikPenggantiModel->getPPLaporan()
#6 /Applications/XAMPP/xamppfiles/htdocs/pembelajaran/system/CodeIgniter.php(942): App\Controllers\Laporan->rekapInAdminJurusanExcell()
#7 /Applications/XAMPP/xamppfiles/htdocs/pembelajaran/system/CodeIgniter.php(502): CodeIgniter\CodeIgniter->runController(Object(App\Controllers\Laporan))
#8 /Applications/XAMPP/xamppfiles/htdocs/pembelajaran/system/CodeIgniter.php(361): CodeIgniter\CodeIgniter->handleRequest(NULL, Object(Config\Cache), false)
#9 /Applications/XAMPP/xamppfiles/htdocs/pembelajaran/public/index.php(79): CodeIgniter\CodeIgniter->run()
#10 /Applications/XAMPP/xamppfiles/htdocs/pembelajaran/system/Commands/Server/rewrite.php(47): require_once('/Applications/X...')
#11 {main}
CRITICAL - 2024-01-24 13:52:56 --> Unknown column 'gedung.nama_gedung' in 'field list'
in SYSTEMPATH/Database/BaseConnection.php on line 647.
 1 SYSTEMPATH/Database/BaseBuilder.php(1615): CodeIgniter\Database\BaseConnection->query('SELECT `dosen`.`nama` as `nama_dosen`, `teknisi`.`nama` as `nama_teknisi`, `mahasiswa`.`nama`, `matakuliah`.`nama_mk`, `matakuliah`.`kode_mk`, `mahasiswa`.`npm`, `p_pengganti_detail`.*, `prodi`.`nama_prodi`, `p_pengganti_master`.`no_transaksi`, `rencana_perkuliahan`.`topik`, `rencana_perkuliahan`.`tanggal`, `absensi_mahasiswa`.`kehadiran`, `gedung`.`nama_gedung`
FROM `p_pengganti_detail`
JOIN `p_pengganti_master` ON `p_pengganti_detail`.`pp_master_id` = `p_pengganti_master`.`id`
JOIN `matakuliah` ON `p_pengganti_detail`.`matakuliah_id` = `matakuliah`.`id`
JOIN `teknisi` ON `p_pengganti_detail`.`teknisi_id` = `teknisi`.`id`
JOIN `dosen` ON `p_pengganti_detail`.`dosen_id` = `dosen`.`id`
JOIN `absensi_mahasiswa` ON `p_pengganti_detail`.`absensi_mahasiswa_id` = `absensi_mahasiswa`.`id`
JOIN `absensi` ON `absensi_mahasiswa`.`absensi_id`= `absensi`.`id`
JOIN `rencana_perkuliahan` ON `absensi`.`rencana_perkuliahan_id` = `rencana_perkuliahan`.`id`
JOIN `jadwal_kuliah` ON `rencana_perkuliahan`.`jadwal_kuliah_id` = `jadwal_kuliah`.`id`
JOIN `mahasiswa` ON `p_pengganti_master`.`mahasiswa_id` = `mahasiswa`.`id`
JOIN `prodi` ON `p_pengganti_master`.`prodi_id` = `prodi`.`id`
JOIN `gedung` ON `jadwal_kuliah`.`gedung_id` = `gedung`.`id`
WHERE `prodi`.`jurusan_id` = :prodi.jurusan_id:', [...], false)
 2 APPPATH/Models/AdminJurusan/PraktikPenggantiModel.php(60): CodeIgniter\Database\BaseBuilder->get()
 3 APPPATH/Controllers/Laporan.php(181): App\Models\AdminJurusan\PraktikPenggantiModel->getPPLaporan()
 4 SYSTEMPATH/CodeIgniter.php(942): App\Controllers\Laporan->rekapInAdminJurusanExcell()
 5 SYSTEMPATH/CodeIgniter.php(502): CodeIgniter\CodeIgniter->runController(Object(App\Controllers\Laporan))
 6 SYSTEMPATH/CodeIgniter.php(361): CodeIgniter\CodeIgniter->handleRequest(null, Object(Config\Cache), false)
 7 FCPATH/index.php(79): CodeIgniter\CodeIgniter->run()
 8 SYSTEMPATH/Commands/Server/rewrite.php(47): require_once('/Applications/XAMPP/xamppfiles/htdocs/pembelajaran/public/index.php')
INFO - 2024-01-24 13:53:17 --> Session: Class initialized using 'CodeIgniter\Session\Handlers\FileHandler' driver.
INFO - 2024-01-24 13:53:17 --> Session: Class initialized using 'CodeIgniter\Session\Handlers\FileHandler' driver.
INFO - 2024-01-24 13:53:17 --> Session: Class initialized using 'CodeIgniter\Session\Handlers\FileHandler' driver.
INFO - 2024-01-24 13:53:18 --> Session: Class initialized using 'CodeIgniter\Session\Handlers\FileHandler' driver.
INFO - 2024-01-24 13:53:18 --> Session: Class initialized using 'CodeIgniter\Session\Handlers\FileHandler' driver.
INFO - 2024-01-24 13:53:56 --> Session: Class initialized using 'CodeIgniter\Session\Handlers\FileHandler' driver.
INFO - 2024-01-24 13:53:57 --> Session: Class initialized using 'CodeIgniter\Session\Handlers\FileHandler' driver.
INFO - 2024-01-24 13:53:58 --> Session: Class initialized using 'CodeIgniter\Session\Handlers\FileHandler' driver.
INFO - 2024-01-24 13:54:45 --> Session: Class initialized using 'CodeIgniter\Session\Handlers\FileHandler' driver.
INFO - 2024-01-24 13:54:46 --> Session: Class initialized using 'CodeIgniter\Session\Handlers\FileHandler' driver.
INFO - 2024-01-24 13:54:54 --> Session: Class initialized using 'CodeIgniter\Session\Handlers\FileHandler' driver.
INFO - 2024-01-24 13:54:54 --> Session: Class initialized using 'CodeIgniter\Session\Handlers\FileHandler' driver.
INFO - 2024-01-24 13:54:56 --> Session: Class initialized using 'CodeIgniter\Session\Handlers\FileHandler' driver.
INFO - 2024-01-24 13:54:56 --> Session: Class initialized using 'CodeIgniter\Session\Handlers\FileHandler' driver.
INFO - 2024-01-24 14:03:48 --> Session: Class initialized using 'CodeIgniter\Session\Handlers\FileHandler' driver.
INFO - 2024-01-24 14:03:48 --> Session: Class initialized using 'CodeIgniter\Session\Handlers\FileHandler' driver.
INFO - 2024-01-24 14:03:48 --> Session: Class initialized using 'CodeIgniter\Session\Handlers\FileHandler' driver.
INFO - 2024-01-24 14:03:55 --> Session: Class initialized using 'CodeIgniter\Session\Handlers\FileHandler' driver.
INFO - 2024-01-24 14:03:55 --> Session: Class initialized using 'CodeIgniter\Session\Handlers\FileHandler' driver.
INFO - 2024-01-24 14:03:58 --> Session: Class initialized using 'CodeIgniter\Session\Handlers\FileHandler' driver.
INFO - 2024-01-24 14:04:08 --> Session: Class initialized using 'CodeIgniter\Session\Handlers\FileHandler' driver.
INFO - 2024-01-24 14:04:08 --> Session: Class initialized using 'CodeIgniter\Session\Handlers\FileHandler' driver.
INFO - 2024-01-24 14:04:10 --> Session: Class initialized using 'CodeIgniter\Session\Handlers\FileHandler' driver.
INFO - 2024-01-24 14:04:11 --> Session: Class initialized using 'CodeIgniter\Session\Handlers\FileHandler' driver.
INFO - 2024-01-24 14:06:16 --> Session: Class initialized using 'CodeIgniter\Session\Handlers\FileHandler' driver.
INFO - 2024-01-24 14:06:16 --> Session: Class initialized using 'CodeIgniter\Session\Handlers\FileHandler' driver.
INFO - 2024-01-24 14:06:19 --> Session: Class initialized using 'CodeIgniter\Session\Handlers\FileHandler' driver.
INFO - 2024-01-24 14:06:19 --> Session: Class initialized using 'CodeIgniter\Session\Handlers\FileHandler' driver.
INFO - 2024-01-24 14:06:20 --> Session: Class initialized using 'CodeIgniter\Session\Handlers\FileHandler' driver.
CRITICAL - 2024-01-24 14:06:20 --> Undefined variable $title
in APPPATH/Views/konten/excel/pp/rekap-in-dosen.php on line 3.
 1 APPPATH/Views/konten/excel/pp/rekap-in-dosen.php(3): CodeIgniter\Debug\Exceptions->errorHandler(2, 'Undefined variable $title', '/Applications/XAMPP/xamppfiles/htdocs/pembelajaran/app/Views/konten/excel/pp/rekap-in-dosen.php', 3)
 2 SYSTEMPATH/View/View.php(228): include('/Applications/XAMPP/xamppfiles/htdocs/pembelajaran/app/Views/konten/excel/pp/rekap-in-dosen.php')
 3 SYSTEMPATH/View/View.php(231): CodeIgniter\View\View->CodeIgniter\View\{closure}()
 4 SYSTEMPATH/Common.php(1190): CodeIgniter\View\View->render('konten/excel/pp/rekap-in-dosen', [], true)
 5 APPPATH/Controllers/Laporan.php(148): view('konten/excel/pp/rekap-in-dosen', [...])
 6 SYSTEMPATH/CodeIgniter.php(942): App\Controllers\Laporan->rekapInDosenExcell()
 7 SYSTEMPATH/CodeIgniter.php(502): CodeIgniter\CodeIgniter->runController(Object(App\Controllers\Laporan))
 8 SYSTEMPATH/CodeIgniter.php(361): CodeIgniter\CodeIgniter->handleRequest(null, Object(Config\Cache), false)
 9 FCPATH/index.php(79): CodeIgniter\CodeIgniter->run()
10 SYSTEMPATH/Commands/Server/rewrite.php(47): require_once('/Applications/XAMPP/xamppfiles/htdocs/pembelajaran/public/index.php')
INFO - 2024-01-24 14:06:22 --> Session: Class initialized using 'CodeIgniter\Session\Handlers\FileHandler' driver.
CRITICAL - 2024-01-24 14:06:22 --> Undefined variable $title
in APPPATH/Views/konten/excel/pp/rekap-in-dosen.php on line 3.
 1 APPPATH/Views/konten/excel/pp/rekap-in-dosen.php(3): CodeIgniter\Debug\Exceptions->errorHandler(2, 'Undefined variable $title', '/Applications/XAMPP/xamppfiles/htdocs/pembelajaran/app/Views/konten/excel/pp/rekap-in-dosen.php', 3)
 2 SYSTEMPATH/View/View.php(228): include('/Applications/XAMPP/xamppfiles/htdocs/pembelajaran/app/Views/konten/excel/pp/rekap-in-dosen.php')
 3 SYSTEMPATH/View/View.php(231): CodeIgniter\View\View->CodeIgniter\View\{closure}()
 4 SYSTEMPATH/Common.php(1190): CodeIgniter\View\View->render('konten/excel/pp/rekap-in-dosen', [], true)
 5 APPPATH/Controllers/Laporan.php(148): view('konten/excel/pp/rekap-in-dosen', [...])
 6 SYSTEMPATH/CodeIgniter.php(942): App\Controllers\Laporan->rekapInDosenExcell()
 7 SYSTEMPATH/CodeIgniter.php(502): CodeIgniter\CodeIgniter->runController(Object(App\Controllers\Laporan))
 8 SYSTEMPATH/CodeIgniter.php(361): CodeIgniter\CodeIgniter->handleRequest(null, Object(Config\Cache), false)
 9 FCPATH/index.php(79): CodeIgniter\CodeIgniter->run()
10 SYSTEMPATH/Commands/Server/rewrite.php(47): require_once('/Applications/XAMPP/xamppfiles/htdocs/pembelajaran/public/index.php')
INFO - 2024-01-24 14:06:25 --> Session: Class initialized using 'CodeIgniter\Session\Handlers\FileHandler' driver.
CRITICAL - 2024-01-24 14:06:25 --> Undefined variable $title
in APPPATH/Views/konten/excel/pp/rekap-in-dosen.php on line 3.
 1 APPPATH/Views/konten/excel/pp/rekap-in-dosen.php(3): CodeIgniter\Debug\Exceptions->errorHandler(2, 'Undefined variable $title', '/Applications/XAMPP/xamppfiles/htdocs/pembelajaran/app/Views/konten/excel/pp/rekap-in-dosen.php', 3)
 2 SYSTEMPATH/View/View.php(228): include('/Applications/XAMPP/xamppfiles/htdocs/pembelajaran/app/Views/konten/excel/pp/rekap-in-dosen.php')
 3 SYSTEMPATH/View/View.php(231): CodeIgniter\View\View->CodeIgniter\View\{closure}()
 4 SYSTEMPATH/Common.php(1190): CodeIgniter\View\View->render('konten/excel/pp/rekap-in-dosen', [], true)
 5 APPPATH/Controllers/Laporan.php(148): view('konten/excel/pp/rekap-in-dosen', [...])
 6 SYSTEMPATH/CodeIgniter.php(942): App\Controllers\Laporan->rekapInDosenExcell()
 7 SYSTEMPATH/CodeIgniter.php(502): CodeIgniter\CodeIgniter->runController(Object(App\Controllers\Laporan))
 8 SYSTEMPATH/CodeIgniter.php(361): CodeIgniter\CodeIgniter->handleRequest(null, Object(Config\Cache), false)
 9 FCPATH/index.php(79): CodeIgniter\CodeIgniter->run()
10 SYSTEMPATH/Commands/Server/rewrite.php(47): require_once('/Applications/XAMPP/xamppfiles/htdocs/pembelajaran/public/index.php')
INFO - 2024-01-24 14:06:25 --> Session: Class initialized using 'CodeIgniter\Session\Handlers\FileHandler' driver.
CRITICAL - 2024-01-24 14:06:25 --> Undefined variable $title
in APPPATH/Views/konten/excel/pp/rekap-in-dosen.php on line 3.
 1 APPPATH/Views/konten/excel/pp/rekap-in-dosen.php(3): CodeIgniter\Debug\Exceptions->errorHandler(2, 'Undefined variable $title', '/Applications/XAMPP/xamppfiles/htdocs/pembelajaran/app/Views/konten/excel/pp/rekap-in-dosen.php', 3)
 2 SYSTEMPATH/View/View.php(228): include('/Applications/XAMPP/xamppfiles/htdocs/pembelajaran/app/Views/konten/excel/pp/rekap-in-dosen.php')
 3 SYSTEMPATH/View/View.php(231): CodeIgniter\View\View->CodeIgniter\View\{closure}()
 4 SYSTEMPATH/Common.php(1190): CodeIgniter\View\View->render('konten/excel/pp/rekap-in-dosen', [], true)
 5 APPPATH/Controllers/Laporan.php(148): view('konten/excel/pp/rekap-in-dosen', [...])
 6 SYSTEMPATH/CodeIgniter.php(942): App\Controllers\Laporan->rekapInDosenExcell()
 7 SYSTEMPATH/CodeIgniter.php(502): CodeIgniter\CodeIgniter->runController(Object(App\Controllers\Laporan))
 8 SYSTEMPATH/CodeIgniter.php(361): CodeIgniter\CodeIgniter->handleRequest(null, Object(Config\Cache), false)
 9 FCPATH/index.php(79): CodeIgniter\CodeIgniter->run()
10 SYSTEMPATH/Commands/Server/rewrite.php(47): require_once('/Applications/XAMPP/xamppfiles/htdocs/pembelajaran/public/index.php')
INFO - 2024-01-24 14:06:25 --> Session: Class initialized using 'CodeIgniter\Session\Handlers\FileHandler' driver.
CRITICAL - 2024-01-24 14:06:25 --> Undefined variable $title
in APPPATH/Views/konten/excel/pp/rekap-in-dosen.php on line 3.
 1 APPPATH/Views/konten/excel/pp/rekap-in-dosen.php(3): CodeIgniter\Debug\Exceptions->errorHandler(2, 'Undefined variable $title', '/Applications/XAMPP/xamppfiles/htdocs/pembelajaran/app/Views/konten/excel/pp/rekap-in-dosen.php', 3)
 2 SYSTEMPATH/View/View.php(228): include('/Applications/XAMPP/xamppfiles/htdocs/pembelajaran/app/Views/konten/excel/pp/rekap-in-dosen.php')
 3 SYSTEMPATH/View/View.php(231): CodeIgniter\View\View->CodeIgniter\View\{closure}()
 4 SYSTEMPATH/Common.php(1190): CodeIgniter\View\View->render('konten/excel/pp/rekap-in-dosen', [], true)
 5 APPPATH/Controllers/Laporan.php(148): view('konten/excel/pp/rekap-in-dosen', [...])
 6 SYSTEMPATH/CodeIgniter.php(942): App\Controllers\Laporan->rekapInDosenExcell()
 7 SYSTEMPATH/CodeIgniter.php(502): CodeIgniter\CodeIgniter->runController(Object(App\Controllers\Laporan))
 8 SYSTEMPATH/CodeIgniter.php(361): CodeIgniter\CodeIgniter->handleRequest(null, Object(Config\Cache), false)
 9 FCPATH/index.php(79): CodeIgniter\CodeIgniter->run()
10 SYSTEMPATH/Commands/Server/rewrite.php(47): require_once('/Applications/XAMPP/xamppfiles/htdocs/pembelajaran/public/index.php')
INFO - 2024-01-24 14:07:23 --> Session: Class initialized using 'CodeIgniter\Session\Handlers\FileHandler' driver.
INFO - 2024-01-24 14:07:23 --> Session: Class initialized using 'CodeIgniter\Session\Handlers\FileHandler' driver.
INFO - 2024-01-24 14:07:25 --> Session: Class initialized using 'CodeIgniter\Session\Handlers\FileHandler' driver.
CRITICAL - 2024-01-24 14:07:25 --> Undefined variable $title
in APPPATH/Views/konten/excel/pp/rekap-in-dosen.php on line 3.
 1 APPPATH/Views/konten/excel/pp/rekap-in-dosen.php(3): CodeIgniter\Debug\Exceptions->errorHandler(2, 'Undefined variable $title', '/Applications/XAMPP/xamppfiles/htdocs/pembelajaran/app/Views/konten/excel/pp/rekap-in-dosen.php', 3)
 2 SYSTEMPATH/View/View.php(228): include('/Applications/XAMPP/xamppfiles/htdocs/pembelajaran/app/Views/konten/excel/pp/rekap-in-dosen.php')
 3 SYSTEMPATH/View/View.php(231): CodeIgniter\View\View->CodeIgniter\View\{closure}()
 4 SYSTEMPATH/Common.php(1190): CodeIgniter\View\View->render('konten/excel/pp/rekap-in-dosen', [], true)
 5 APPPATH/Controllers/Laporan.php(148): view('konten/excel/pp/rekap-in-dosen', [...])
 6 SYSTEMPATH/CodeIgniter.php(942): App\Controllers\Laporan->rekapInDosenExcell()
 7 SYSTEMPATH/CodeIgniter.php(502): CodeIgniter\CodeIgniter->runController(Object(App\Controllers\Laporan))
 8 SYSTEMPATH/CodeIgniter.php(361): CodeIgniter\CodeIgniter->handleRequest(null, Object(Config\Cache), false)
 9 FCPATH/index.php(79): CodeIgniter\CodeIgniter->run()
10 SYSTEMPATH/Commands/Server/rewrite.php(47): require_once('/Applications/XAMPP/xamppfiles/htdocs/pembelajaran/public/index.php')
INFO - 2024-01-24 14:07:26 --> Session: Class initialized using 'CodeIgniter\Session\Handlers\FileHandler' driver.
CRITICAL - 2024-01-24 14:07:26 --> Undefined variable $title
in APPPATH/Views/konten/excel/pp/rekap-in-dosen.php on line 3.
 1 APPPATH/Views/konten/excel/pp/rekap-in-dosen.php(3): CodeIgniter\Debug\Exceptions->errorHandler(2, 'Undefined variable $title', '/Applications/XAMPP/xamppfiles/htdocs/pembelajaran/app/Views/konten/excel/pp/rekap-in-dosen.php', 3)
 2 SYSTEMPATH/View/View.php(228): include('/Applications/XAMPP/xamppfiles/htdocs/pembelajaran/app/Views/konten/excel/pp/rekap-in-dosen.php')
 3 SYSTEMPATH/View/View.php(231): CodeIgniter\View\View->CodeIgniter\View\{closure}()
 4 SYSTEMPATH/Common.php(1190): CodeIgniter\View\View->render('konten/excel/pp/rekap-in-dosen', [], true)
 5 APPPATH/Controllers/Laporan.php(148): view('konten/excel/pp/rekap-in-dosen', [...])
 6 SYSTEMPATH/CodeIgniter.php(942): App\Controllers\Laporan->rekapInDosenExcell()
 7 SYSTEMPATH/CodeIgniter.php(502): CodeIgniter\CodeIgniter->runController(Object(App\Controllers\Laporan))
 8 SYSTEMPATH/CodeIgniter.php(361): CodeIgniter\CodeIgniter->handleRequest(null, Object(Config\Cache), false)
 9 FCPATH/index.php(79): CodeIgniter\CodeIgniter->run()
10 SYSTEMPATH/Commands/Server/rewrite.php(47): require_once('/Applications/XAMPP/xamppfiles/htdocs/pembelajaran/public/index.php')
INFO - 2024-01-24 14:07:27 --> Session: Class initialized using 'CodeIgniter\Session\Handlers\FileHandler' driver.
CRITICAL - 2024-01-24 14:07:27 --> Undefined variable $title
in APPPATH/Views/konten/excel/pp/rekap-in-dosen.php on line 3.
 1 APPPATH/Views/konten/excel/pp/rekap-in-dosen.php(3): CodeIgniter\Debug\Exceptions->errorHandler(2, 'Undefined variable $title', '/Applications/XAMPP/xamppfiles/htdocs/pembelajaran/app/Views/konten/excel/pp/rekap-in-dosen.php', 3)
 2 SYSTEMPATH/View/View.php(228): include('/Applications/XAMPP/xamppfiles/htdocs/pembelajaran/app/Views/konten/excel/pp/rekap-in-dosen.php')
 3 SYSTEMPATH/View/View.php(231): CodeIgniter\View\View->CodeIgniter\View\{closure}()
 4 SYSTEMPATH/Common.php(1190): CodeIgniter\View\View->render('konten/excel/pp/rekap-in-dosen', [], true)
 5 APPPATH/Controllers/Laporan.php(148): view('konten/excel/pp/rekap-in-dosen', [...])
 6 SYSTEMPATH/CodeIgniter.php(942): App\Controllers\Laporan->rekapInDosenExcell()
 7 SYSTEMPATH/CodeIgniter.php(502): CodeIgniter\CodeIgniter->runController(Object(App\Controllers\Laporan))
 8 SYSTEMPATH/CodeIgniter.php(361): CodeIgniter\CodeIgniter->handleRequest(null, Object(Config\Cache), false)
 9 FCPATH/index.php(79): CodeIgniter\CodeIgniter->run()
10 SYSTEMPATH/Commands/Server/rewrite.php(47): require_once('/Applications/XAMPP/xamppfiles/htdocs/pembelajaran/public/index.php')
INFO - 2024-01-24 14:07:27 --> Session: Class initialized using 'CodeIgniter\Session\Handlers\FileHandler' driver.
CRITICAL - 2024-01-24 14:07:27 --> Undefined variable $title
in APPPATH/Views/konten/excel/pp/rekap-in-dosen.php on line 3.
 1 APPPATH/Views/konten/excel/pp/rekap-in-dosen.php(3): CodeIgniter\Debug\Exceptions->errorHandler(2, 'Undefined variable $title', '/Applications/XAMPP/xamppfiles/htdocs/pembelajaran/app/Views/konten/excel/pp/rekap-in-dosen.php', 3)
 2 SYSTEMPATH/View/View.php(228): include('/Applications/XAMPP/xamppfiles/htdocs/pembelajaran/app/Views/konten/excel/pp/rekap-in-dosen.php')
 3 SYSTEMPATH/View/View.php(231): CodeIgniter\View\View->CodeIgniter\View\{closure}()
 4 SYSTEMPATH/Common.php(1190): CodeIgniter\View\View->render('konten/excel/pp/rekap-in-dosen', [], true)
 5 APPPATH/Controllers/Laporan.php(148): view('konten/excel/pp/rekap-in-dosen', [...])
 6 SYSTEMPATH/CodeIgniter.php(942): App\Controllers\Laporan->rekapInDosenExcell()
 7 SYSTEMPATH/CodeIgniter.php(502): CodeIgniter\CodeIgniter->runController(Object(App\Controllers\Laporan))
 8 SYSTEMPATH/CodeIgniter.php(361): CodeIgniter\CodeIgniter->handleRequest(null, Object(Config\Cache), false)
 9 FCPATH/index.php(79): CodeIgniter\CodeIgniter->run()
10 SYSTEMPATH/Commands/Server/rewrite.php(47): require_once('/Applications/XAMPP/xamppfiles/htdocs/pembelajaran/public/index.php')
INFO - 2024-01-24 14:07:27 --> Session: Class initialized using 'CodeIgniter\Session\Handlers\FileHandler' driver.
CRITICAL - 2024-01-24 14:07:27 --> Undefined variable $title
in APPPATH/Views/konten/excel/pp/rekap-in-dosen.php on line 3.
 1 APPPATH/Views/konten/excel/pp/rekap-in-dosen.php(3): CodeIgniter\Debug\Exceptions->errorHandler(2, 'Undefined variable $title', '/Applications/XAMPP/xamppfiles/htdocs/pembelajaran/app/Views/konten/excel/pp/rekap-in-dosen.php', 3)
 2 SYSTEMPATH/View/View.php(228): include('/Applications/XAMPP/xamppfiles/htdocs/pembelajaran/app/Views/konten/excel/pp/rekap-in-dosen.php')
 3 SYSTEMPATH/View/View.php(231): CodeIgniter\View\View->CodeIgniter\View\{closure}()
 4 SYSTEMPATH/Common.php(1190): CodeIgniter\View\View->render('konten/excel/pp/rekap-in-dosen', [], true)
 5 APPPATH/Controllers/Laporan.php(148): view('konten/excel/pp/rekap-in-dosen', [...])
 6 SYSTEMPATH/CodeIgniter.php(942): App\Controllers\Laporan->rekapInDosenExcell()
 7 SYSTEMPATH/CodeIgniter.php(502): CodeIgniter\CodeIgniter->runController(Object(App\Controllers\Laporan))
 8 SYSTEMPATH/CodeIgniter.php(361): CodeIgniter\CodeIgniter->handleRequest(null, Object(Config\Cache), false)
 9 FCPATH/index.php(79): CodeIgniter\CodeIgniter->run()
10 SYSTEMPATH/Commands/Server/rewrite.php(47): require_once('/Applications/XAMPP/xamppfiles/htdocs/pembelajaran/public/index.php')
INFO - 2024-01-24 14:07:27 --> Session: Class initialized using 'CodeIgniter\Session\Handlers\FileHandler' driver.
CRITICAL - 2024-01-24 14:07:27 --> Undefined variable $title
in APPPATH/Views/konten/excel/pp/rekap-in-dosen.php on line 3.
 1 APPPATH/Views/konten/excel/pp/rekap-in-dosen.php(3): CodeIgniter\Debug\Exceptions->errorHandler(2, 'Undefined variable $title', '/Applications/XAMPP/xamppfiles/htdocs/pembelajaran/app/Views/konten/excel/pp/rekap-in-dosen.php', 3)
 2 SYSTEMPATH/View/View.php(228): include('/Applications/XAMPP/xamppfiles/htdocs/pembelajaran/app/Views/konten/excel/pp/rekap-in-dosen.php')
 3 SYSTEMPATH/View/View.php(231): CodeIgniter\View\View->CodeIgniter\View\{closure}()
 4 SYSTEMPATH/Common.php(1190): CodeIgniter\View\View->render('konten/excel/pp/rekap-in-dosen', [], true)
 5 APPPATH/Controllers/Laporan.php(148): view('konten/excel/pp/rekap-in-dosen', [...])
 6 SYSTEMPATH/CodeIgniter.php(942): App\Controllers\Laporan->rekapInDosenExcell()
 7 SYSTEMPATH/CodeIgniter.php(502): CodeIgniter\CodeIgniter->runController(Object(App\Controllers\Laporan))
 8 SYSTEMPATH/CodeIgniter.php(361): CodeIgniter\CodeIgniter->handleRequest(null, Object(Config\Cache), false)
 9 FCPATH/index.php(79): CodeIgniter\CodeIgniter->run()
10 SYSTEMPATH/Commands/Server/rewrite.php(47): require_once('/Applications/XAMPP/xamppfiles/htdocs/pembelajaran/public/index.php')
INFO - 2024-01-24 14:07:28 --> Session: Class initialized using 'CodeIgniter\Session\Handlers\FileHandler' driver.
CRITICAL - 2024-01-24 14:07:28 --> Undefined variable $title
in APPPATH/Views/konten/excel/pp/rekap-in-dosen.php on line 3.
 1 APPPATH/Views/konten/excel/pp/rekap-in-dosen.php(3): CodeIgniter\Debug\Exceptions->errorHandler(2, 'Undefined variable $title', '/Applications/XAMPP/xamppfiles/htdocs/pembelajaran/app/Views/konten/excel/pp/rekap-in-dosen.php', 3)
 2 SYSTEMPATH/View/View.php(228): include('/Applications/XAMPP/xamppfiles/htdocs/pembelajaran/app/Views/konten/excel/pp/rekap-in-dosen.php')
 3 SYSTEMPATH/View/View.php(231): CodeIgniter\View\View->CodeIgniter\View\{closure}()
 4 SYSTEMPATH/Common.php(1190): CodeIgniter\View\View->render('konten/excel/pp/rekap-in-dosen', [], true)
 5 APPPATH/Controllers/Laporan.php(148): view('konten/excel/pp/rekap-in-dosen', [...])
 6 SYSTEMPATH/CodeIgniter.php(942): App\Controllers\Laporan->rekapInDosenExcell()
 7 SYSTEMPATH/CodeIgniter.php(502): CodeIgniter\CodeIgniter->runController(Object(App\Controllers\Laporan))
 8 SYSTEMPATH/CodeIgniter.php(361): CodeIgniter\CodeIgniter->handleRequest(null, Object(Config\Cache), false)
 9 FCPATH/index.php(79): CodeIgniter\CodeIgniter->run()
10 SYSTEMPATH/Commands/Server/rewrite.php(47): require_once('/Applications/XAMPP/xamppfiles/htdocs/pembelajaran/public/index.php')
INFO - 2024-01-24 14:07:28 --> Session: Class initialized using 'CodeIgniter\Session\Handlers\FileHandler' driver.
CRITICAL - 2024-01-24 14:07:28 --> Undefined variable $title
in APPPATH/Views/konten/excel/pp/rekap-in-dosen.php on line 3.
 1 APPPATH/Views/konten/excel/pp/rekap-in-dosen.php(3): CodeIgniter\Debug\Exceptions->errorHandler(2, 'Undefined variable $title', '/Applications/XAMPP/xamppfiles/htdocs/pembelajaran/app/Views/konten/excel/pp/rekap-in-dosen.php', 3)
 2 SYSTEMPATH/View/View.php(228): include('/Applications/XAMPP/xamppfiles/htdocs/pembelajaran/app/Views/konten/excel/pp/rekap-in-dosen.php')
 3 SYSTEMPATH/View/View.php(231): CodeIgniter\View\View->CodeIgniter\View\{closure}()
 4 SYSTEMPATH/Common.php(1190): CodeIgniter\View\View->render('konten/excel/pp/rekap-in-dosen', [], true)
 5 APPPATH/Controllers/Laporan.php(148): view('konten/excel/pp/rekap-in-dosen', [...])
 6 SYSTEMPATH/CodeIgniter.php(942): App\Controllers\Laporan->rekapInDosenExcell()
 7 SYSTEMPATH/CodeIgniter.php(502): CodeIgniter\CodeIgniter->runController(Object(App\Controllers\Laporan))
 8 SYSTEMPATH/CodeIgniter.php(361): CodeIgniter\CodeIgniter->handleRequest(null, Object(Config\Cache), false)
 9 FCPATH/index.php(79): CodeIgniter\CodeIgniter->run()
10 SYSTEMPATH/Commands/Server/rewrite.php(47): require_once('/Applications/XAMPP/xamppfiles/htdocs/pembelajaran/public/index.php')
INFO - 2024-01-24 14:07:28 --> Session: Class initialized using 'CodeIgniter\Session\Handlers\FileHandler' driver.
CRITICAL - 2024-01-24 14:07:28 --> Undefined variable $title
in APPPATH/Views/konten/excel/pp/rekap-in-dosen.php on line 3.
 1 APPPATH/Views/konten/excel/pp/rekap-in-dosen.php(3): CodeIgniter\Debug\Exceptions->errorHandler(2, 'Undefined variable $title', '/Applications/XAMPP/xamppfiles/htdocs/pembelajaran/app/Views/konten/excel/pp/rekap-in-dosen.php', 3)
 2 SYSTEMPATH/View/View.php(228): include('/Applications/XAMPP/xamppfiles/htdocs/pembelajaran/app/Views/konten/excel/pp/rekap-in-dosen.php')
 3 SYSTEMPATH/View/View.php(231): CodeIgniter\View\View->CodeIgniter\View\{closure}()
 4 SYSTEMPATH/Common.php(1190): CodeIgniter\View\View->render('konten/excel/pp/rekap-in-dosen', [], true)
 5 APPPATH/Controllers/Laporan.php(148): view('konten/excel/pp/rekap-in-dosen', [...])
 6 SYSTEMPATH/CodeIgniter.php(942): App\Controllers\Laporan->rekapInDosenExcell()
 7 SYSTEMPATH/CodeIgniter.php(502): CodeIgniter\CodeIgniter->runController(Object(App\Controllers\Laporan))
 8 SYSTEMPATH/CodeIgniter.php(361): CodeIgniter\CodeIgniter->handleRequest(null, Object(Config\Cache), false)
 9 FCPATH/index.php(79): CodeIgniter\CodeIgniter->run()
10 SYSTEMPATH/Commands/Server/rewrite.php(47): require_once('/Applications/XAMPP/xamppfiles/htdocs/pembelajaran/public/index.php')
INFO - 2024-01-24 14:07:28 --> Session: Class initialized using 'CodeIgniter\Session\Handlers\FileHandler' driver.
CRITICAL - 2024-01-24 14:07:28 --> Undefined variable $title
in APPPATH/Views/konten/excel/pp/rekap-in-dosen.php on line 3.
 1 APPPATH/Views/konten/excel/pp/rekap-in-dosen.php(3): CodeIgniter\Debug\Exceptions->errorHandler(2, 'Undefined variable $title', '/Applications/XAMPP/xamppfiles/htdocs/pembelajaran/app/Views/konten/excel/pp/rekap-in-dosen.php', 3)
 2 SYSTEMPATH/View/View.php(228): include('/Applications/XAMPP/xamppfiles/htdocs/pembelajaran/app/Views/konten/excel/pp/rekap-in-dosen.php')
 3 SYSTEMPATH/View/View.php(231): CodeIgniter\View\View->CodeIgniter\View\{closure}()
 4 SYSTEMPATH/Common.php(1190): CodeIgniter\View\View->render('konten/excel/pp/rekap-in-dosen', [], true)
 5 APPPATH/Controllers/Laporan.php(148): view('konten/excel/pp/rekap-in-dosen', [...])
 6 SYSTEMPATH/CodeIgniter.php(942): App\Controllers\Laporan->rekapInDosenExcell()
 7 SYSTEMPATH/CodeIgniter.php(502): CodeIgniter\CodeIgniter->runController(Object(App\Controllers\Laporan))
 8 SYSTEMPATH/CodeIgniter.php(361): CodeIgniter\CodeIgniter->handleRequest(null, Object(Config\Cache), false)
 9 FCPATH/index.php(79): CodeIgniter\CodeIgniter->run()
10 SYSTEMPATH/Commands/Server/rewrite.php(47): require_once('/Applications/XAMPP/xamppfiles/htdocs/pembelajaran/public/index.php')
INFO - 2024-01-24 14:07:28 --> Session: Class initialized using 'CodeIgniter\Session\Handlers\FileHandler' driver.
CRITICAL - 2024-01-24 14:07:28 --> Undefined variable $title
in APPPATH/Views/konten/excel/pp/rekap-in-dosen.php on line 3.
 1 APPPATH/Views/konten/excel/pp/rekap-in-dosen.php(3): CodeIgniter\Debug\Exceptions->errorHandler(2, 'Undefined variable $title', '/Applications/XAMPP/xamppfiles/htdocs/pembelajaran/app/Views/konten/excel/pp/rekap-in-dosen.php', 3)
 2 SYSTEMPATH/View/View.php(228): include('/Applications/XAMPP/xamppfiles/htdocs/pembelajaran/app/Views/konten/excel/pp/rekap-in-dosen.php')
 3 SYSTEMPATH/View/View.php(231): CodeIgniter\View\View->CodeIgniter\View\{closure}()
 4 SYSTEMPATH/Common.php(1190): CodeIgniter\View\View->render('konten/excel/pp/rekap-in-dosen', [], true)
 5 APPPATH/Controllers/Laporan.php(148): view('konten/excel/pp/rekap-in-dosen', [...])
 6 SYSTEMPATH/CodeIgniter.php(942): App\Controllers\Laporan->rekapInDosenExcell()
 7 SYSTEMPATH/CodeIgniter.php(502): CodeIgniter\CodeIgniter->runController(Object(App\Controllers\Laporan))
 8 SYSTEMPATH/CodeIgniter.php(361): CodeIgniter\CodeIgniter->handleRequest(null, Object(Config\Cache), false)
 9 FCPATH/index.php(79): CodeIgniter\CodeIgniter->run()
10 SYSTEMPATH/Commands/Server/rewrite.php(47): require_once('/Applications/XAMPP/xamppfiles/htdocs/pembelajaran/public/index.php')
INFO - 2024-01-24 14:07:29 --> Session: Class initialized using 'CodeIgniter\Session\Handlers\FileHandler' driver.
CRITICAL - 2024-01-24 14:07:29 --> Undefined variable $title
in APPPATH/Views/konten/excel/pp/rekap-in-dosen.php on line 3.
 1 APPPATH/Views/konten/excel/pp/rekap-in-dosen.php(3): CodeIgniter\Debug\Exceptions->errorHandler(2, 'Undefined variable $title', '/Applications/XAMPP/xamppfiles/htdocs/pembelajaran/app/Views/konten/excel/pp/rekap-in-dosen.php', 3)
 2 SYSTEMPATH/View/View.php(228): include('/Applications/XAMPP/xamppfiles/htdocs/pembelajaran/app/Views/konten/excel/pp/rekap-in-dosen.php')
 3 SYSTEMPATH/View/View.php(231): CodeIgniter\View\View->CodeIgniter\View\{closure}()
 4 SYSTEMPATH/Common.php(1190): CodeIgniter\View\View->render('konten/excel/pp/rekap-in-dosen', [], true)
 5 APPPATH/Controllers/Laporan.php(148): view('konten/excel/pp/rekap-in-dosen', [...])
 6 SYSTEMPATH/CodeIgniter.php(942): App\Controllers\Laporan->rekapInDosenExcell()
 7 SYSTEMPATH/CodeIgniter.php(502): CodeIgniter\CodeIgniter->runController(Object(App\Controllers\Laporan))
 8 SYSTEMPATH/CodeIgniter.php(361): CodeIgniter\CodeIgniter->handleRequest(null, Object(Config\Cache), false)
 9 FCPATH/index.php(79): CodeIgniter\CodeIgniter->run()
10 SYSTEMPATH/Commands/Server/rewrite.php(47): require_once('/Applications/XAMPP/xamppfiles/htdocs/pembelajaran/public/index.php')
INFO - 2024-01-24 14:07:29 --> Session: Class initialized using 'CodeIgniter\Session\Handlers\FileHandler' driver.
CRITICAL - 2024-01-24 14:07:29 --> Undefined variable $title
in APPPATH/Views/konten/excel/pp/rekap-in-dosen.php on line 3.
 1 APPPATH/Views/konten/excel/pp/rekap-in-dosen.php(3): CodeIgniter\Debug\Exceptions->errorHandler(2, 'Undefined variable $title', '/Applications/XAMPP/xamppfiles/htdocs/pembelajaran/app/Views/konten/excel/pp/rekap-in-dosen.php', 3)
 2 SYSTEMPATH/View/View.php(228): include('/Applications/XAMPP/xamppfiles/htdocs/pembelajaran/app/Views/konten/excel/pp/rekap-in-dosen.php')
 3 SYSTEMPATH/View/View.php(231): CodeIgniter\View\View->CodeIgniter\View\{closure}()
 4 SYSTEMPATH/Common.php(1190): CodeIgniter\View\View->render('konten/excel/pp/rekap-in-dosen', [], true)
 5 APPPATH/Controllers/Laporan.php(148): view('konten/excel/pp/rekap-in-dosen', [...])
 6 SYSTEMPATH/CodeIgniter.php(942): App\Controllers\Laporan->rekapInDosenExcell()
 7 SYSTEMPATH/CodeIgniter.php(502): CodeIgniter\CodeIgniter->runController(Object(App\Controllers\Laporan))
 8 SYSTEMPATH/CodeIgniter.php(361): CodeIgniter\CodeIgniter->handleRequest(null, Object(Config\Cache), false)
 9 FCPATH/index.php(79): CodeIgniter\CodeIgniter->run()
10 SYSTEMPATH/Commands/Server/rewrite.php(47): require_once('/Applications/XAMPP/xamppfiles/htdocs/pembelajaran/public/index.php')
INFO - 2024-01-24 14:07:38 --> Session: Class initialized using 'CodeIgniter\Session\Handlers\FileHandler' driver.
INFO - 2024-01-24 14:07:40 --> Session: Class initialized using 'CodeIgniter\Session\Handlers\FileHandler' driver.
INFO - 2024-01-24 14:07:40 --> Session: Class initialized using 'CodeIgniter\Session\Handlers\FileHandler' driver.
INFO - 2024-01-24 14:08:07 --> Session: Class initialized using 'CodeIgniter\Session\Handlers\FileHandler' driver.
INFO - 2024-01-24 14:08:07 --> Session: Class initialized using 'CodeIgniter\Session\Handlers\FileHandler' driver.
INFO - 2024-01-24 14:08:08 --> Session: Class initialized using 'CodeIgniter\Session\Handlers\FileHandler' driver.
CRITICAL - 2024-01-24 14:08:08 --> Undefined variable $title
in APPPATH/Views/konten/excel/pp/rekap-in-dosen.php on line 3.
 1 APPPATH/Views/konten/excel/pp/rekap-in-dosen.php(3): CodeIgniter\Debug\Exceptions->errorHandler(2, 'Undefined variable $title', '/Applications/XAMPP/xamppfiles/htdocs/pembelajaran/app/Views/konten/excel/pp/rekap-in-dosen.php', 3)
 2 SYSTEMPATH/View/View.php(228): include('/Applications/XAMPP/xamppfiles/htdocs/pembelajaran/app/Views/konten/excel/pp/rekap-in-dosen.php')
 3 SYSTEMPATH/View/View.php(231): CodeIgniter\View\View->CodeIgniter\View\{closure}()
 4 SYSTEMPATH/Common.php(1190): CodeIgniter\View\View->render('konten/excel/pp/rekap-in-dosen', [], true)
 5 APPPATH/Controllers/Laporan.php(148): view('konten/excel/pp/rekap-in-dosen', [...])
 6 SYSTEMPATH/CodeIgniter.php(942): App\Controllers\Laporan->rekapInDosenExcell()
 7 SYSTEMPATH/CodeIgniter.php(502): CodeIgniter\CodeIgniter->runController(Object(App\Controllers\Laporan))
 8 SYSTEMPATH/CodeIgniter.php(361): CodeIgniter\CodeIgniter->handleRequest(null, Object(Config\Cache), false)
 9 FCPATH/index.php(79): CodeIgniter\CodeIgniter->run()
10 SYSTEMPATH/Commands/Server/rewrite.php(47): require_once('/Applications/XAMPP/xamppfiles/htdocs/pembelajaran/public/index.php')
INFO - 2024-01-24 14:08:09 --> Session: Class initialized using 'CodeIgniter\Session\Handlers\FileHandler' driver.
CRITICAL - 2024-01-24 14:08:09 --> Undefined variable $title
in APPPATH/Views/konten/excel/pp/rekap-in-dosen.php on line 3.
 1 APPPATH/Views/konten/excel/pp/rekap-in-dosen.php(3): CodeIgniter\Debug\Exceptions->errorHandler(2, 'Undefined variable $title', '/Applications/XAMPP/xamppfiles/htdocs/pembelajaran/app/Views/konten/excel/pp/rekap-in-dosen.php', 3)
 2 SYSTEMPATH/View/View.php(228): include('/Applications/XAMPP/xamppfiles/htdocs/pembelajaran/app/Views/konten/excel/pp/rekap-in-dosen.php')
 3 SYSTEMPATH/View/View.php(231): CodeIgniter\View\View->CodeIgniter\View\{closure}()
 4 SYSTEMPATH/Common.php(1190): CodeIgniter\View\View->render('konten/excel/pp/rekap-in-dosen', [], true)
 5 APPPATH/Controllers/Laporan.php(148): view('konten/excel/pp/rekap-in-dosen', [...])
 6 SYSTEMPATH/CodeIgniter.php(942): App\Controllers\Laporan->rekapInDosenExcell()
 7 SYSTEMPATH/CodeIgniter.php(502): CodeIgniter\CodeIgniter->runController(Object(App\Controllers\Laporan))
 8 SYSTEMPATH/CodeIgniter.php(361): CodeIgniter\CodeIgniter->handleRequest(null, Object(Config\Cache), false)
 9 FCPATH/index.php(79): CodeIgniter\CodeIgniter->run()
10 SYSTEMPATH/Commands/Server/rewrite.php(47): require_once('/Applications/XAMPP/xamppfiles/htdocs/pembelajaran/public/index.php')
INFO - 2024-01-24 14:08:09 --> Session: Class initialized using 'CodeIgniter\Session\Handlers\FileHandler' driver.
CRITICAL - 2024-01-24 14:08:09 --> Undefined variable $title
in APPPATH/Views/konten/excel/pp/rekap-in-dosen.php on line 3.
 1 APPPATH/Views/konten/excel/pp/rekap-in-dosen.php(3): CodeIgniter\Debug\Exceptions->errorHandler(2, 'Undefined variable $title', '/Applications/XAMPP/xamppfiles/htdocs/pembelajaran/app/Views/konten/excel/pp/rekap-in-dosen.php', 3)
 2 SYSTEMPATH/View/View.php(228): include('/Applications/XAMPP/xamppfiles/htdocs/pembelajaran/app/Views/konten/excel/pp/rekap-in-dosen.php')
 3 SYSTEMPATH/View/View.php(231): CodeIgniter\View\View->CodeIgniter\View\{closure}()
 4 SYSTEMPATH/Common.php(1190): CodeIgniter\View\View->render('konten/excel/pp/rekap-in-dosen', [], true)
 5 APPPATH/Controllers/Laporan.php(148): view('konten/excel/pp/rekap-in-dosen', [...])
 6 SYSTEMPATH/CodeIgniter.php(942): App\Controllers\Laporan->rekapInDosenExcell()
 7 SYSTEMPATH/CodeIgniter.php(502): CodeIgniter\CodeIgniter->runController(Object(App\Controllers\Laporan))
 8 SYSTEMPATH/CodeIgniter.php(361): CodeIgniter\CodeIgniter->handleRequest(null, Object(Config\Cache), false)
 9 FCPATH/index.php(79): CodeIgniter\CodeIgniter->run()
10 SYSTEMPATH/Commands/Server/rewrite.php(47): require_once('/Applications/XAMPP/xamppfiles/htdocs/pembelajaran/public/index.php')
INFO - 2024-01-24 14:08:09 --> Session: Class initialized using 'CodeIgniter\Session\Handlers\FileHandler' driver.
CRITICAL - 2024-01-24 14:08:09 --> Undefined variable $title
in APPPATH/Views/konten/excel/pp/rekap-in-dosen.php on line 3.
 1 APPPATH/Views/konten/excel/pp/rekap-in-dosen.php(3): CodeIgniter\Debug\Exceptions->errorHandler(2, 'Undefined variable $title', '/Applications/XAMPP/xamppfiles/htdocs/pembelajaran/app/Views/konten/excel/pp/rekap-in-dosen.php', 3)
 2 SYSTEMPATH/View/View.php(228): include('/Applications/XAMPP/xamppfiles/htdocs/pembelajaran/app/Views/konten/excel/pp/rekap-in-dosen.php')
 3 SYSTEMPATH/View/View.php(231): CodeIgniter\View\View->CodeIgniter\View\{closure}()
 4 SYSTEMPATH/Common.php(1190): CodeIgniter\View\View->render('konten/excel/pp/rekap-in-dosen', [], true)
 5 APPPATH/Controllers/Laporan.php(148): view('konten/excel/pp/rekap-in-dosen', [...])
 6 SYSTEMPATH/CodeIgniter.php(942): App\Controllers\Laporan->rekapInDosenExcell()
 7 SYSTEMPATH/CodeIgniter.php(502): CodeIgniter\CodeIgniter->runController(Object(App\Controllers\Laporan))
 8 SYSTEMPATH/CodeIgniter.php(361): CodeIgniter\CodeIgniter->handleRequest(null, Object(Config\Cache), false)
 9 FCPATH/index.php(79): CodeIgniter\CodeIgniter->run()
10 SYSTEMPATH/Commands/Server/rewrite.php(47): require_once('/Applications/XAMPP/xamppfiles/htdocs/pembelajaran/public/index.php')
INFO - 2024-01-24 14:08:11 --> Session: Class initialized using 'CodeIgniter\Session\Handlers\FileHandler' driver.
CRITICAL - 2024-01-24 14:08:11 --> Undefined variable $title
in APPPATH/Views/konten/excel/pp/rekap-in-dosen.php on line 3.
 1 APPPATH/Views/konten/excel/pp/rekap-in-dosen.php(3): CodeIgniter\Debug\Exceptions->errorHandler(2, 'Undefined variable $title', '/Applications/XAMPP/xamppfiles/htdocs/pembelajaran/app/Views/konten/excel/pp/rekap-in-dosen.php', 3)
 2 SYSTEMPATH/View/View.php(228): include('/Applications/XAMPP/xamppfiles/htdocs/pembelajaran/app/Views/konten/excel/pp/rekap-in-dosen.php')
 3 SYSTEMPATH/View/View.php(231): CodeIgniter\View\View->CodeIgniter\View\{closure}()
 4 SYSTEMPATH/Common.php(1190): CodeIgniter\View\View->render('konten/excel/pp/rekap-in-dosen', [], true)
 5 APPPATH/Controllers/Laporan.php(148): view('konten/excel/pp/rekap-in-dosen', [...])
 6 SYSTEMPATH/CodeIgniter.php(942): App\Controllers\Laporan->rekapInDosenExcell()
 7 SYSTEMPATH/CodeIgniter.php(502): CodeIgniter\CodeIgniter->runController(Object(App\Controllers\Laporan))
 8 SYSTEMPATH/CodeIgniter.php(361): CodeIgniter\CodeIgniter->handleRequest(null, Object(Config\Cache), false)
 9 FCPATH/index.php(79): CodeIgniter\CodeIgniter->run()
10 SYSTEMPATH/Commands/Server/rewrite.php(47): require_once('/Applications/XAMPP/xamppfiles/htdocs/pembelajaran/public/index.php')
INFO - 2024-01-24 14:08:12 --> Session: Class initialized using 'CodeIgniter\Session\Handlers\FileHandler' driver.
CRITICAL - 2024-01-24 14:08:12 --> Undefined variable $title
in APPPATH/Views/konten/excel/pp/rekap-in-dosen.php on line 3.
 1 APPPATH/Views/konten/excel/pp/rekap-in-dosen.php(3): CodeIgniter\Debug\Exceptions->errorHandler(2, 'Undefined variable $title', '/Applications/XAMPP/xamppfiles/htdocs/pembelajaran/app/Views/konten/excel/pp/rekap-in-dosen.php', 3)
 2 SYSTEMPATH/View/View.php(228): include('/Applications/XAMPP/xamppfiles/htdocs/pembelajaran/app/Views/konten/excel/pp/rekap-in-dosen.php')
 3 SYSTEMPATH/View/View.php(231): CodeIgniter\View\View->CodeIgniter\View\{closure}()
 4 SYSTEMPATH/Common.php(1190): CodeIgniter\View\View->render('konten/excel/pp/rekap-in-dosen', [], true)
 5 APPPATH/Controllers/Laporan.php(148): view('konten/excel/pp/rekap-in-dosen', [...])
 6 SYSTEMPATH/CodeIgniter.php(942): App\Controllers\Laporan->rekapInDosenExcell()
 7 SYSTEMPATH/CodeIgniter.php(502): CodeIgniter\CodeIgniter->runController(Object(App\Controllers\Laporan))
 8 SYSTEMPATH/CodeIgniter.php(361): CodeIgniter\CodeIgniter->handleRequest(null, Object(Config\Cache), false)
 9 FCPATH/index.php(79): CodeIgniter\CodeIgniter->run()
10 SYSTEMPATH/Commands/Server/rewrite.php(47): require_once('/Applications/XAMPP/xamppfiles/htdocs/pembelajaran/public/index.php')
INFO - 2024-01-24 14:08:12 --> Session: Class initialized using 'CodeIgniter\Session\Handlers\FileHandler' driver.
CRITICAL - 2024-01-24 14:08:12 --> Undefined variable $title
in APPPATH/Views/konten/excel/pp/rekap-in-dosen.php on line 3.
 1 APPPATH/Views/konten/excel/pp/rekap-in-dosen.php(3): CodeIgniter\Debug\Exceptions->errorHandler(2, 'Undefined variable $title', '/Applications/XAMPP/xamppfiles/htdocs/pembelajaran/app/Views/konten/excel/pp/rekap-in-dosen.php', 3)
 2 SYSTEMPATH/View/View.php(228): include('/Applications/XAMPP/xamppfiles/htdocs/pembelajaran/app/Views/konten/excel/pp/rekap-in-dosen.php')
 3 SYSTEMPATH/View/View.php(231): CodeIgniter\View\View->CodeIgniter\View\{closure}()
 4 SYSTEMPATH/Common.php(1190): CodeIgniter\View\View->render('konten/excel/pp/rekap-in-dosen', [], true)
 5 APPPATH/Controllers/Laporan.php(148): view('konten/excel/pp/rekap-in-dosen', [...])
 6 SYSTEMPATH/CodeIgniter.php(942): App\Controllers\Laporan->rekapInDosenExcell()
 7 SYSTEMPATH/CodeIgniter.php(502): CodeIgniter\CodeIgniter->runController(Object(App\Controllers\Laporan))
 8 SYSTEMPATH/CodeIgniter.php(361): CodeIgniter\CodeIgniter->handleRequest(null, Object(Config\Cache), false)
 9 FCPATH/index.php(79): CodeIgniter\CodeIgniter->run()
10 SYSTEMPATH/Commands/Server/rewrite.php(47): require_once('/Applications/XAMPP/xamppfiles/htdocs/pembelajaran/public/index.php')
INFO - 2024-01-24 14:08:13 --> Session: Class initialized using 'CodeIgniter\Session\Handlers\FileHandler' driver.
CRITICAL - 2024-01-24 14:08:13 --> Undefined variable $title
in APPPATH/Views/konten/excel/pp/rekap-in-dosen.php on line 3.
 1 APPPATH/Views/konten/excel/pp/rekap-in-dosen.php(3): CodeIgniter\Debug\Exceptions->errorHandler(2, 'Undefined variable $title', '/Applications/XAMPP/xamppfiles/htdocs/pembelajaran/app/Views/konten/excel/pp/rekap-in-dosen.php', 3)
 2 SYSTEMPATH/View/View.php(228): include('/Applications/XAMPP/xamppfiles/htdocs/pembelajaran/app/Views/konten/excel/pp/rekap-in-dosen.php')
 3 SYSTEMPATH/View/View.php(231): CodeIgniter\View\View->CodeIgniter\View\{closure}()
 4 SYSTEMPATH/Common.php(1190): CodeIgniter\View\View->render('konten/excel/pp/rekap-in-dosen', [], true)
 5 APPPATH/Controllers/Laporan.php(148): view('konten/excel/pp/rekap-in-dosen', [...])
 6 SYSTEMPATH/CodeIgniter.php(942): App\Controllers\Laporan->rekapInDosenExcell()
 7 SYSTEMPATH/CodeIgniter.php(502): CodeIgniter\CodeIgniter->runController(Object(App\Controllers\Laporan))
 8 SYSTEMPATH/CodeIgniter.php(361): CodeIgniter\CodeIgniter->handleRequest(null, Object(Config\Cache), false)
 9 FCPATH/index.php(79): CodeIgniter\CodeIgniter->run()
10 SYSTEMPATH/Commands/Server/rewrite.php(47): require_once('/Applications/XAMPP/xamppfiles/htdocs/pembelajaran/public/index.php')
INFO - 2024-01-24 14:08:13 --> Session: Class initialized using 'CodeIgniter\Session\Handlers\FileHandler' driver.
CRITICAL - 2024-01-24 14:08:13 --> Undefined variable $title
in APPPATH/Views/konten/excel/pp/rekap-in-dosen.php on line 3.
 1 APPPATH/Views/konten/excel/pp/rekap-in-dosen.php(3): CodeIgniter\Debug\Exceptions->errorHandler(2, 'Undefined variable $title', '/Applications/XAMPP/xamppfiles/htdocs/pembelajaran/app/Views/konten/excel/pp/rekap-in-dosen.php', 3)
 2 SYSTEMPATH/View/View.php(228): include('/Applications/XAMPP/xamppfiles/htdocs/pembelajaran/app/Views/konten/excel/pp/rekap-in-dosen.php')
 3 SYSTEMPATH/View/View.php(231): CodeIgniter\View\View->CodeIgniter\View\{closure}()
 4 SYSTEMPATH/Common.php(1190): CodeIgniter\View\View->render('konten/excel/pp/rekap-in-dosen', [], true)
 5 APPPATH/Controllers/Laporan.php(148): view('konten/excel/pp/rekap-in-dosen', [...])
 6 SYSTEMPATH/CodeIgniter.php(942): App\Controllers\Laporan->rekapInDosenExcell()
 7 SYSTEMPATH/CodeIgniter.php(502): CodeIgniter\CodeIgniter->runController(Object(App\Controllers\Laporan))
 8 SYSTEMPATH/CodeIgniter.php(361): CodeIgniter\CodeIgniter->handleRequest(null, Object(Config\Cache), false)
 9 FCPATH/index.php(79): CodeIgniter\CodeIgniter->run()
10 SYSTEMPATH/Commands/Server/rewrite.php(47): require_once('/Applications/XAMPP/xamppfiles/htdocs/pembelajaran/public/index.php')
INFO - 2024-01-24 14:08:13 --> Session: Class initialized using 'CodeIgniter\Session\Handlers\FileHandler' driver.
CRITICAL - 2024-01-24 14:08:13 --> Undefined variable $title
in APPPATH/Views/konten/excel/pp/rekap-in-dosen.php on line 3.
 1 APPPATH/Views/konten/excel/pp/rekap-in-dosen.php(3): CodeIgniter\Debug\Exceptions->errorHandler(2, 'Undefined variable $title', '/Applications/XAMPP/xamppfiles/htdocs/pembelajaran/app/Views/konten/excel/pp/rekap-in-dosen.php', 3)
 2 SYSTEMPATH/View/View.php(228): include('/Applications/XAMPP/xamppfiles/htdocs/pembelajaran/app/Views/konten/excel/pp/rekap-in-dosen.php')
 3 SYSTEMPATH/View/View.php(231): CodeIgniter\View\View->CodeIgniter\View\{closure}()
 4 SYSTEMPATH/Common.php(1190): CodeIgniter\View\View->render('konten/excel/pp/rekap-in-dosen', [], true)
 5 APPPATH/Controllers/Laporan.php(148): view('konten/excel/pp/rekap-in-dosen', [...])
 6 SYSTEMPATH/CodeIgniter.php(942): App\Controllers\Laporan->rekapInDosenExcell()
 7 SYSTEMPATH/CodeIgniter.php(502): CodeIgniter\CodeIgniter->runController(Object(App\Controllers\Laporan))
 8 SYSTEMPATH/CodeIgniter.php(361): CodeIgniter\CodeIgniter->handleRequest(null, Object(Config\Cache), false)
 9 FCPATH/index.php(79): CodeIgniter\CodeIgniter->run()
10 SYSTEMPATH/Commands/Server/rewrite.php(47): require_once('/Applications/XAMPP/xamppfiles/htdocs/pembelajaran/public/index.php')
INFO - 2024-01-24 14:08:13 --> Session: Class initialized using 'CodeIgniter\Session\Handlers\FileHandler' driver.
CRITICAL - 2024-01-24 14:08:13 --> Undefined variable $title
in APPPATH/Views/konten/excel/pp/rekap-in-dosen.php on line 3.
 1 APPPATH/Views/konten/excel/pp/rekap-in-dosen.php(3): CodeIgniter\Debug\Exceptions->errorHandler(2, 'Undefined variable $title', '/Applications/XAMPP/xamppfiles/htdocs/pembelajaran/app/Views/konten/excel/pp/rekap-in-dosen.php', 3)
 2 SYSTEMPATH/View/View.php(228): include('/Applications/XAMPP/xamppfiles/htdocs/pembelajaran/app/Views/konten/excel/pp/rekap-in-dosen.php')
 3 SYSTEMPATH/View/View.php(231): CodeIgniter\View\View->CodeIgniter\View\{closure}()
 4 SYSTEMPATH/Common.php(1190): CodeIgniter\View\View->render('konten/excel/pp/rekap-in-dosen', [], true)
 5 APPPATH/Controllers/Laporan.php(148): view('konten/excel/pp/rekap-in-dosen', [...])
 6 SYSTEMPATH/CodeIgniter.php(942): App\Controllers\Laporan->rekapInDosenExcell()
 7 SYSTEMPATH/CodeIgniter.php(502): CodeIgniter\CodeIgniter->runController(Object(App\Controllers\Laporan))
 8 SYSTEMPATH/CodeIgniter.php(361): CodeIgniter\CodeIgniter->handleRequest(null, Object(Config\Cache), false)
 9 FCPATH/index.php(79): CodeIgniter\CodeIgniter->run()
10 SYSTEMPATH/Commands/Server/rewrite.php(47): require_once('/Applications/XAMPP/xamppfiles/htdocs/pembelajaran/public/index.php')
INFO - 2024-01-24 14:08:13 --> Session: Class initialized using 'CodeIgniter\Session\Handlers\FileHandler' driver.
CRITICAL - 2024-01-24 14:08:13 --> Undefined variable $title
in APPPATH/Views/konten/excel/pp/rekap-in-dosen.php on line 3.
 1 APPPATH/Views/konten/excel/pp/rekap-in-dosen.php(3): CodeIgniter\Debug\Exceptions->errorHandler(2, 'Undefined variable $title', '/Applications/XAMPP/xamppfiles/htdocs/pembelajaran/app/Views/konten/excel/pp/rekap-in-dosen.php', 3)
 2 SYSTEMPATH/View/View.php(228): include('/Applications/XAMPP/xamppfiles/htdocs/pembelajaran/app/Views/konten/excel/pp/rekap-in-dosen.php')
 3 SYSTEMPATH/View/View.php(231): CodeIgniter\View\View->CodeIgniter\View\{closure}()
 4 SYSTEMPATH/Common.php(1190): CodeIgniter\View\View->render('konten/excel/pp/rekap-in-dosen', [], true)
 5 APPPATH/Controllers/Laporan.php(148): view('konten/excel/pp/rekap-in-dosen', [...])
 6 SYSTEMPATH/CodeIgniter.php(942): App\Controllers\Laporan->rekapInDosenExcell()
 7 SYSTEMPATH/CodeIgniter.php(502): CodeIgniter\CodeIgniter->runController(Object(App\Controllers\Laporan))
 8 SYSTEMPATH/CodeIgniter.php(361): CodeIgniter\CodeIgniter->handleRequest(null, Object(Config\Cache), false)
 9 FCPATH/index.php(79): CodeIgniter\CodeIgniter->run()
10 SYSTEMPATH/Commands/Server/rewrite.php(47): require_once('/Applications/XAMPP/xamppfiles/htdocs/pembelajaran/public/index.php')
INFO - 2024-01-24 14:08:14 --> Session: Class initialized using 'CodeIgniter\Session\Handlers\FileHandler' driver.
CRITICAL - 2024-01-24 14:08:14 --> Undefined variable $title
in APPPATH/Views/konten/excel/pp/rekap-in-dosen.php on line 3.
 1 APPPATH/Views/konten/excel/pp/rekap-in-dosen.php(3): CodeIgniter\Debug\Exceptions->errorHandler(2, 'Undefined variable $title', '/Applications/XAMPP/xamppfiles/htdocs/pembelajaran/app/Views/konten/excel/pp/rekap-in-dosen.php', 3)
 2 SYSTEMPATH/View/View.php(228): include('/Applications/XAMPP/xamppfiles/htdocs/pembelajaran/app/Views/konten/excel/pp/rekap-in-dosen.php')
 3 SYSTEMPATH/View/View.php(231): CodeIgniter\View\View->CodeIgniter\View\{closure}()
 4 SYSTEMPATH/Common.php(1190): CodeIgniter\View\View->render('konten/excel/pp/rekap-in-dosen', [], true)
 5 APPPATH/Controllers/Laporan.php(148): view('konten/excel/pp/rekap-in-dosen', [...])
 6 SYSTEMPATH/CodeIgniter.php(942): App\Controllers\Laporan->rekapInDosenExcell()
 7 SYSTEMPATH/CodeIgniter.php(502): CodeIgniter\CodeIgniter->runController(Object(App\Controllers\Laporan))
 8 SYSTEMPATH/CodeIgniter.php(361): CodeIgniter\CodeIgniter->handleRequest(null, Object(Config\Cache), false)
 9 FCPATH/index.php(79): CodeIgniter\CodeIgniter->run()
10 SYSTEMPATH/Commands/Server/rewrite.php(47): require_once('/Applications/XAMPP/xamppfiles/htdocs/pembelajaran/public/index.php')
INFO - 2024-01-24 14:08:15 --> Session: Class initialized using 'CodeIgniter\Session\Handlers\FileHandler' driver.
CRITICAL - 2024-01-24 14:08:15 --> Undefined variable $title
in APPPATH/Views/konten/excel/pp/rekap-in-dosen.php on line 3.
 1 APPPATH/Views/konten/excel/pp/rekap-in-dosen.php(3): CodeIgniter\Debug\Exceptions->errorHandler(2, 'Undefined variable $title', '/Applications/XAMPP/xamppfiles/htdocs/pembelajaran/app/Views/konten/excel/pp/rekap-in-dosen.php', 3)
 2 SYSTEMPATH/View/View.php(228): include('/Applications/XAMPP/xamppfiles/htdocs/pembelajaran/app/Views/konten/excel/pp/rekap-in-dosen.php')
 3 SYSTEMPATH/View/View.php(231): CodeIgniter\View\View->CodeIgniter\View\{closure}()
 4 SYSTEMPATH/Common.php(1190): CodeIgniter\View\View->render('konten/excel/pp/rekap-in-dosen', [], true)
 5 APPPATH/Controllers/Laporan.php(148): view('konten/excel/pp/rekap-in-dosen', [...])
 6 SYSTEMPATH/CodeIgniter.php(942): App\Controllers\Laporan->rekapInDosenExcell()
 7 SYSTEMPATH/CodeIgniter.php(502): CodeIgniter\CodeIgniter->runController(Object(App\Controllers\Laporan))
 8 SYSTEMPATH/CodeIgniter.php(361): CodeIgniter\CodeIgniter->handleRequest(null, Object(Config\Cache), false)
 9 FCPATH/index.php(79): CodeIgniter\CodeIgniter->run()
10 SYSTEMPATH/Commands/Server/rewrite.php(47): require_once('/Applications/XAMPP/xamppfiles/htdocs/pembelajaran/public/index.php')
INFO - 2024-01-24 14:08:18 --> Session: Class initialized using 'CodeIgniter\Session\Handlers\FileHandler' driver.
CRITICAL - 2024-01-24 14:08:18 --> Undefined variable $title
in APPPATH/Views/konten/excel/pp/rekap-in-dosen.php on line 3.
 1 APPPATH/Views/konten/excel/pp/rekap-in-dosen.php(3): CodeIgniter\Debug\Exceptions->errorHandler(2, 'Undefined variable $title', '/Applications/XAMPP/xamppfiles/htdocs/pembelajaran/app/Views/konten/excel/pp/rekap-in-dosen.php', 3)
 2 SYSTEMPATH/View/View.php(228): include('/Applications/XAMPP/xamppfiles/htdocs/pembelajaran/app/Views/konten/excel/pp/rekap-in-dosen.php')
 3 SYSTEMPATH/View/View.php(231): CodeIgniter\View\View->CodeIgniter\View\{closure}()
 4 SYSTEMPATH/Common.php(1190): CodeIgniter\View\View->render('konten/excel/pp/rekap-in-dosen', [], true)
 5 APPPATH/Controllers/Laporan.php(148): view('konten/excel/pp/rekap-in-dosen', [...])
 6 SYSTEMPATH/CodeIgniter.php(942): App\Controllers\Laporan->rekapInDosenExcell()
 7 SYSTEMPATH/CodeIgniter.php(502): CodeIgniter\CodeIgniter->runController(Object(App\Controllers\Laporan))
 8 SYSTEMPATH/CodeIgniter.php(361): CodeIgniter\CodeIgniter->handleRequest(null, Object(Config\Cache), false)
 9 FCPATH/index.php(79): CodeIgniter\CodeIgniter->run()
10 SYSTEMPATH/Commands/Server/rewrite.php(47): require_once('/Applications/XAMPP/xamppfiles/htdocs/pembelajaran/public/index.php')
INFO - 2024-01-24 14:08:19 --> Session: Class initialized using 'CodeIgniter\Session\Handlers\FileHandler' driver.
CRITICAL - 2024-01-24 14:08:19 --> Undefined variable $title
in APPPATH/Views/konten/excel/pp/rekap-in-dosen.php on line 3.
 1 APPPATH/Views/konten/excel/pp/rekap-in-dosen.php(3): CodeIgniter\Debug\Exceptions->errorHandler(2, 'Undefined variable $title', '/Applications/XAMPP/xamppfiles/htdocs/pembelajaran/app/Views/konten/excel/pp/rekap-in-dosen.php', 3)
 2 SYSTEMPATH/View/View.php(228): include('/Applications/XAMPP/xamppfiles/htdocs/pembelajaran/app/Views/konten/excel/pp/rekap-in-dosen.php')
 3 SYSTEMPATH/View/View.php(231): CodeIgniter\View\View->CodeIgniter\View\{closure}()
 4 SYSTEMPATH/Common.php(1190): CodeIgniter\View\View->render('konten/excel/pp/rekap-in-dosen', [], true)
 5 APPPATH/Controllers/Laporan.php(148): view('konten/excel/pp/rekap-in-dosen', [...])
 6 SYSTEMPATH/CodeIgniter.php(942): App\Controllers\Laporan->rekapInDosenExcell()
 7 SYSTEMPATH/CodeIgniter.php(502): CodeIgniter\CodeIgniter->runController(Object(App\Controllers\Laporan))
 8 SYSTEMPATH/CodeIgniter.php(361): CodeIgniter\CodeIgniter->handleRequest(null, Object(Config\Cache), false)
 9 FCPATH/index.php(79): CodeIgniter\CodeIgniter->run()
10 SYSTEMPATH/Commands/Server/rewrite.php(47): require_once('/Applications/XAMPP/xamppfiles/htdocs/pembelajaran/public/index.php')
INFO - 2024-01-24 14:08:31 --> Session: Class initialized using 'CodeIgniter\Session\Handlers\FileHandler' driver.
CRITICAL - 2024-01-24 14:08:31 --> Undefined variable $title
in APPPATH/Views/konten/excel/pp/rekap-in-dosen.php on line 3.
 1 APPPATH/Views/konten/excel/pp/rekap-in-dosen.php(3): CodeIgniter\Debug\Exceptions->errorHandler(2, 'Undefined variable $title', '/Applications/XAMPP/xamppfiles/htdocs/pembelajaran/app/Views/konten/excel/pp/rekap-in-dosen.php', 3)
 2 SYSTEMPATH/View/View.php(228): include('/Applications/XAMPP/xamppfiles/htdocs/pembelajaran/app/Views/konten/excel/pp/rekap-in-dosen.php')
 3 SYSTEMPATH/View/View.php(231): CodeIgniter\View\View->CodeIgniter\View\{closure}()
 4 SYSTEMPATH/Common.php(1190): CodeIgniter\View\View->render('konten/excel/pp/rekap-in-dosen', [], true)
 5 APPPATH/Controllers/Laporan.php(148): view('konten/excel/pp/rekap-in-dosen', [...])
 6 SYSTEMPATH/CodeIgniter.php(942): App\Controllers\Laporan->rekapInDosenExcell()
 7 SYSTEMPATH/CodeIgniter.php(502): CodeIgniter\CodeIgniter->runController(Object(App\Controllers\Laporan))
 8 SYSTEMPATH/CodeIgniter.php(361): CodeIgniter\CodeIgniter->handleRequest(null, Object(Config\Cache), false)
 9 FCPATH/index.php(79): CodeIgniter\CodeIgniter->run()
10 SYSTEMPATH/Commands/Server/rewrite.php(47): require_once('/Applications/XAMPP/xamppfiles/htdocs/pembelajaran/public/index.php')
INFO - 2024-01-24 14:08:32 --> Session: Class initialized using 'CodeIgniter\Session\Handlers\FileHandler' driver.
CRITICAL - 2024-01-24 14:08:32 --> Undefined variable $title
in APPPATH/Views/konten/excel/pp/rekap-in-dosen.php on line 3.
 1 APPPATH/Views/konten/excel/pp/rekap-in-dosen.php(3): CodeIgniter\Debug\Exceptions->errorHandler(2, 'Undefined variable $title', '/Applications/XAMPP/xamppfiles/htdocs/pembelajaran/app/Views/konten/excel/pp/rekap-in-dosen.php', 3)
 2 SYSTEMPATH/View/View.php(228): include('/Applications/XAMPP/xamppfiles/htdocs/pembelajaran/app/Views/konten/excel/pp/rekap-in-dosen.php')
 3 SYSTEMPATH/View/View.php(231): CodeIgniter\View\View->CodeIgniter\View\{closure}()
 4 SYSTEMPATH/Common.php(1190): CodeIgniter\View\View->render('konten/excel/pp/rekap-in-dosen', [], true)
 5 APPPATH/Controllers/Laporan.php(148): view('konten/excel/pp/rekap-in-dosen', [...])
 6 SYSTEMPATH/CodeIgniter.php(942): App\Controllers\Laporan->rekapInDosenExcell()
 7 SYSTEMPATH/CodeIgniter.php(502): CodeIgniter\CodeIgniter->runController(Object(App\Controllers\Laporan))
 8 SYSTEMPATH/CodeIgniter.php(361): CodeIgniter\CodeIgniter->handleRequest(null, Object(Config\Cache), false)
 9 FCPATH/index.php(79): CodeIgniter\CodeIgniter->run()
10 SYSTEMPATH/Commands/Server/rewrite.php(47): require_once('/Applications/XAMPP/xamppfiles/htdocs/pembelajaran/public/index.php')
INFO - 2024-01-24 14:08:32 --> Session: Class initialized using 'CodeIgniter\Session\Handlers\FileHandler' driver.
CRITICAL - 2024-01-24 14:08:32 --> Undefined variable $title
in APPPATH/Views/konten/excel/pp/rekap-in-dosen.php on line 3.
 1 APPPATH/Views/konten/excel/pp/rekap-in-dosen.php(3): CodeIgniter\Debug\Exceptions->errorHandler(2, 'Undefined variable $title', '/Applications/XAMPP/xamppfiles/htdocs/pembelajaran/app/Views/konten/excel/pp/rekap-in-dosen.php', 3)
 2 SYSTEMPATH/View/View.php(228): include('/Applications/XAMPP/xamppfiles/htdocs/pembelajaran/app/Views/konten/excel/pp/rekap-in-dosen.php')
 3 SYSTEMPATH/View/View.php(231): CodeIgniter\View\View->CodeIgniter\View\{closure}()
 4 SYSTEMPATH/Common.php(1190): CodeIgniter\View\View->render('konten/excel/pp/rekap-in-dosen', [], true)
 5 APPPATH/Controllers/Laporan.php(148): view('konten/excel/pp/rekap-in-dosen', [...])
 6 SYSTEMPATH/CodeIgniter.php(942): App\Controllers\Laporan->rekapInDosenExcell()
 7 SYSTEMPATH/CodeIgniter.php(502): CodeIgniter\CodeIgniter->runController(Object(App\Controllers\Laporan))
 8 SYSTEMPATH/CodeIgniter.php(361): CodeIgniter\CodeIgniter->handleRequest(null, Object(Config\Cache), false)
 9 FCPATH/index.php(79): CodeIgniter\CodeIgniter->run()
10 SYSTEMPATH/Commands/Server/rewrite.php(47): require_once('/Applications/XAMPP/xamppfiles/htdocs/pembelajaran/public/index.php')
INFO - 2024-01-24 14:08:33 --> Session: Class initialized using 'CodeIgniter\Session\Handlers\FileHandler' driver.
CRITICAL - 2024-01-24 14:08:33 --> Undefined variable $title
in APPPATH/Views/konten/excel/pp/rekap-in-dosen.php on line 3.
 1 APPPATH/Views/konten/excel/pp/rekap-in-dosen.php(3): CodeIgniter\Debug\Exceptions->errorHandler(2, 'Undefined variable $title', '/Applications/XAMPP/xamppfiles/htdocs/pembelajaran/app/Views/konten/excel/pp/rekap-in-dosen.php', 3)
 2 SYSTEMPATH/View/View.php(228): include('/Applications/XAMPP/xamppfiles/htdocs/pembelajaran/app/Views/konten/excel/pp/rekap-in-dosen.php')
 3 SYSTEMPATH/View/View.php(231): CodeIgniter\View\View->CodeIgniter\View\{closure}()
 4 SYSTEMPATH/Common.php(1190): CodeIgniter\View\View->render('konten/excel/pp/rekap-in-dosen', [], true)
 5 APPPATH/Controllers/Laporan.php(148): view('konten/excel/pp/rekap-in-dosen', [...])
 6 SYSTEMPATH/CodeIgniter.php(942): App\Controllers\Laporan->rekapInDosenExcell()
 7 SYSTEMPATH/CodeIgniter.php(502): CodeIgniter\CodeIgniter->runController(Object(App\Controllers\Laporan))
 8 SYSTEMPATH/CodeIgniter.php(361): CodeIgniter\CodeIgniter->handleRequest(null, Object(Config\Cache), false)
 9 FCPATH/index.php(79): CodeIgniter\CodeIgniter->run()
10 SYSTEMPATH/Commands/Server/rewrite.php(47): require_once('/Applications/XAMPP/xamppfiles/htdocs/pembelajaran/public/index.php')
INFO - 2024-01-24 14:08:33 --> Session: Class initialized using 'CodeIgniter\Session\Handlers\FileHandler' driver.
CRITICAL - 2024-01-24 14:08:33 --> Undefined variable $title
in APPPATH/Views/konten/excel/pp/rekap-in-dosen.php on line 3.
 1 APPPATH/Views/konten/excel/pp/rekap-in-dosen.php(3): CodeIgniter\Debug\Exceptions->errorHandler(2, 'Undefined variable $title', '/Applications/XAMPP/xamppfiles/htdocs/pembelajaran/app/Views/konten/excel/pp/rekap-in-dosen.php', 3)
 2 SYSTEMPATH/View/View.php(228): include('/Applications/XAMPP/xamppfiles/htdocs/pembelajaran/app/Views/konten/excel/pp/rekap-in-dosen.php')
 3 SYSTEMPATH/View/View.php(231): CodeIgniter\View\View->CodeIgniter\View\{closure}()
 4 SYSTEMPATH/Common.php(1190): CodeIgniter\View\View->render('konten/excel/pp/rekap-in-dosen', [], true)
 5 APPPATH/Controllers/Laporan.php(148): view('konten/excel/pp/rekap-in-dosen', [...])
 6 SYSTEMPATH/CodeIgniter.php(942): App\Controllers\Laporan->rekapInDosenExcell()
 7 SYSTEMPATH/CodeIgniter.php(502): CodeIgniter\CodeIgniter->runController(Object(App\Controllers\Laporan))
 8 SYSTEMPATH/CodeIgniter.php(361): CodeIgniter\CodeIgniter->handleRequest(null, Object(Config\Cache), false)
 9 FCPATH/index.php(79): CodeIgniter\CodeIgniter->run()
10 SYSTEMPATH/Commands/Server/rewrite.php(47): require_once('/Applications/XAMPP/xamppfiles/htdocs/pembelajaran/public/index.php')
INFO - 2024-01-24 14:08:33 --> Session: Class initialized using 'CodeIgniter\Session\Handlers\FileHandler' driver.
CRITICAL - 2024-01-24 14:08:33 --> Undefined variable $title
in APPPATH/Views/konten/excel/pp/rekap-in-dosen.php on line 3.
 1 APPPATH/Views/konten/excel/pp/rekap-in-dosen.php(3): CodeIgniter\Debug\Exceptions->errorHandler(2, 'Undefined variable $title', '/Applications/XAMPP/xamppfiles/htdocs/pembelajaran/app/Views/konten/excel/pp/rekap-in-dosen.php', 3)
 2 SYSTEMPATH/View/View.php(228): include('/Applications/XAMPP/xamppfiles/htdocs/pembelajaran/app/Views/konten/excel/pp/rekap-in-dosen.php')
 3 SYSTEMPATH/View/View.php(231): CodeIgniter\View\View->CodeIgniter\View\{closure}()
 4 SYSTEMPATH/Common.php(1190): CodeIgniter\View\View->render('konten/excel/pp/rekap-in-dosen', [], true)
 5 APPPATH/Controllers/Laporan.php(148): view('konten/excel/pp/rekap-in-dosen', [...])
 6 SYSTEMPATH/CodeIgniter.php(942): App\Controllers\Laporan->rekapInDosenExcell()
 7 SYSTEMPATH/CodeIgniter.php(502): CodeIgniter\CodeIgniter->runController(Object(App\Controllers\Laporan))
 8 SYSTEMPATH/CodeIgniter.php(361): CodeIgniter\CodeIgniter->handleRequest(null, Object(Config\Cache), false)
 9 FCPATH/index.php(79): CodeIgniter\CodeIgniter->run()
10 SYSTEMPATH/Commands/Server/rewrite.php(47): require_once('/Applications/XAMPP/xamppfiles/htdocs/pembelajaran/public/index.php')
INFO - 2024-01-24 14:08:33 --> Session: Class initialized using 'CodeIgniter\Session\Handlers\FileHandler' driver.
CRITICAL - 2024-01-24 14:08:33 --> Undefined variable $title
in APPPATH/Views/konten/excel/pp/rekap-in-dosen.php on line 3.
 1 APPPATH/Views/konten/excel/pp/rekap-in-dosen.php(3): CodeIgniter\Debug\Exceptions->errorHandler(2, 'Undefined variable $title', '/Applications/XAMPP/xamppfiles/htdocs/pembelajaran/app/Views/konten/excel/pp/rekap-in-dosen.php', 3)
 2 SYSTEMPATH/View/View.php(228): include('/Applications/XAMPP/xamppfiles/htdocs/pembelajaran/app/Views/konten/excel/pp/rekap-in-dosen.php')
 3 SYSTEMPATH/View/View.php(231): CodeIgniter\View\View->CodeIgniter\View\{closure}()
 4 SYSTEMPATH/Common.php(1190): CodeIgniter\View\View->render('konten/excel/pp/rekap-in-dosen', [], true)
 5 APPPATH/Controllers/Laporan.php(148): view('konten/excel/pp/rekap-in-dosen', [...])
 6 SYSTEMPATH/CodeIgniter.php(942): App\Controllers\Laporan->rekapInDosenExcell()
 7 SYSTEMPATH/CodeIgniter.php(502): CodeIgniter\CodeIgniter->runController(Object(App\Controllers\Laporan))
 8 SYSTEMPATH/CodeIgniter.php(361): CodeIgniter\CodeIgniter->handleRequest(null, Object(Config\Cache), false)
 9 FCPATH/index.php(79): CodeIgniter\CodeIgniter->run()
10 SYSTEMPATH/Commands/Server/rewrite.php(47): require_once('/Applications/XAMPP/xamppfiles/htdocs/pembelajaran/public/index.php')
INFO - 2024-01-24 14:08:41 --> Session: Class initialized using 'CodeIgniter\Session\Handlers\FileHandler' driver.
INFO - 2024-01-24 14:08:42 --> Session: Class initialized using 'CodeIgniter\Session\Handlers\FileHandler' driver.
INFO - 2024-01-24 14:08:51 --> Session: Class initialized using 'CodeIgniter\Session\Handlers\FileHandler' driver.
INFO - 2024-01-24 14:08:52 --> Session: Class initialized using 'CodeIgniter\Session\Handlers\FileHandler' driver.
INFO - 2024-01-24 14:08:52 --> Session: Class initialized using 'CodeIgniter\Session\Handlers\FileHandler' driver.
INFO - 2024-01-24 14:09:24 --> Session: Class initialized using 'CodeIgniter\Session\Handlers\FileHandler' driver.
INFO - 2024-01-24 14:09:25 --> Session: Class initialized using 'CodeIgniter\Session\Handlers\FileHandler' driver.
INFO - 2024-01-24 14:09:26 --> Session: Class initialized using 'CodeIgniter\Session\Handlers\FileHandler' driver.
CRITICAL - 2024-01-24 14:09:26 --> Undefined variable $title
in APPPATH/Views/konten/excel/pp/rekap-in-dosen.php on line 3.
 1 APPPATH/Views/konten/excel/pp/rekap-in-dosen.php(3): CodeIgniter\Debug\Exceptions->errorHandler(2, 'Undefined variable $title', '/Applications/XAMPP/xamppfiles/htdocs/pembelajaran/app/Views/konten/excel/pp/rekap-in-dosen.php', 3)
 2 SYSTEMPATH/View/View.php(228): include('/Applications/XAMPP/xamppfiles/htdocs/pembelajaran/app/Views/konten/excel/pp/rekap-in-dosen.php')
 3 SYSTEMPATH/View/View.php(231): CodeIgniter\View\View->CodeIgniter\View\{closure}()
 4 SYSTEMPATH/Common.php(1190): CodeIgniter\View\View->render('konten/excel/pp/rekap-in-dosen', [], true)
 5 APPPATH/Controllers/Laporan.php(148): view('konten/excel/pp/rekap-in-dosen', [...])
 6 SYSTEMPATH/CodeIgniter.php(942): App\Controllers\Laporan->rekapInDosenExcell()
 7 SYSTEMPATH/CodeIgniter.php(502): CodeIgniter\CodeIgniter->runController(Object(App\Controllers\Laporan))
 8 SYSTEMPATH/CodeIgniter.php(361): CodeIgniter\CodeIgniter->handleRequest(null, Object(Config\Cache), false)
 9 FCPATH/index.php(79): CodeIgniter\CodeIgniter->run()
10 SYSTEMPATH/Commands/Server/rewrite.php(47): require_once('/Applications/XAMPP/xamppfiles/htdocs/pembelajaran/public/index.php')
INFO - 2024-01-24 14:09:34 --> Session: Class initialized using 'CodeIgniter\Session\Handlers\FileHandler' driver.
INFO - 2024-01-24 14:09:35 --> Session: Class initialized using 'CodeIgniter\Session\Handlers\FileHandler' driver.
INFO - 2024-01-24 14:09:35 --> Session: Class initialized using 'CodeIgniter\Session\Handlers\FileHandler' driver.
INFO - 2024-01-24 14:09:37 --> Session: Class initialized using 'CodeIgniter\Session\Handlers\FileHandler' driver.
CRITICAL - 2024-01-24 14:09:37 --> Undefined variable $title
in APPPATH/Views/konten/excel/pp/rekap-in-dosen.php on line 3.
 1 APPPATH/Views/konten/excel/pp/rekap-in-dosen.php(3): CodeIgniter\Debug\Exceptions->errorHandler(2, 'Undefined variable $title', '/Applications/XAMPP/xamppfiles/htdocs/pembelajaran/app/Views/konten/excel/pp/rekap-in-dosen.php', 3)
 2 SYSTEMPATH/View/View.php(228): include('/Applications/XAMPP/xamppfiles/htdocs/pembelajaran/app/Views/konten/excel/pp/rekap-in-dosen.php')
 3 SYSTEMPATH/View/View.php(231): CodeIgniter\View\View->CodeIgniter\View\{closure}()
 4 SYSTEMPATH/Common.php(1190): CodeIgniter\View\View->render('konten/excel/pp/rekap-in-dosen', [], true)
 5 APPPATH/Controllers/Laporan.php(148): view('konten/excel/pp/rekap-in-dosen', [...])
 6 SYSTEMPATH/CodeIgniter.php(942): App\Controllers\Laporan->rekapInDosenExcell()
 7 SYSTEMPATH/CodeIgniter.php(502): CodeIgniter\CodeIgniter->runController(Object(App\Controllers\Laporan))
 8 SYSTEMPATH/CodeIgniter.php(361): CodeIgniter\CodeIgniter->handleRequest(null, Object(Config\Cache), false)
 9 FCPATH/index.php(79): CodeIgniter\CodeIgniter->run()
10 SYSTEMPATH/Commands/Server/rewrite.php(47): require_once('/Applications/XAMPP/xamppfiles/htdocs/pembelajaran/public/index.php')
INFO - 2024-01-24 14:09:38 --> Session: Class initialized using 'CodeIgniter\Session\Handlers\FileHandler' driver.
CRITICAL - 2024-01-24 14:09:38 --> Undefined variable $title
in APPPATH/Views/konten/excel/pp/rekap-in-dosen.php on line 3.
 1 APPPATH/Views/konten/excel/pp/rekap-in-dosen.php(3): CodeIgniter\Debug\Exceptions->errorHandler(2, 'Undefined variable $title', '/Applications/XAMPP/xamppfiles/htdocs/pembelajaran/app/Views/konten/excel/pp/rekap-in-dosen.php', 3)
 2 SYSTEMPATH/View/View.php(228): include('/Applications/XAMPP/xamppfiles/htdocs/pembelajaran/app/Views/konten/excel/pp/rekap-in-dosen.php')
 3 SYSTEMPATH/View/View.php(231): CodeIgniter\View\View->CodeIgniter\View\{closure}()
 4 SYSTEMPATH/Common.php(1190): CodeIgniter\View\View->render('konten/excel/pp/rekap-in-dosen', [], true)
 5 APPPATH/Controllers/Laporan.php(148): view('konten/excel/pp/rekap-in-dosen', [...])
 6 SYSTEMPATH/CodeIgniter.php(942): App\Controllers\Laporan->rekapInDosenExcell()
 7 SYSTEMPATH/CodeIgniter.php(502): CodeIgniter\CodeIgniter->runController(Object(App\Controllers\Laporan))
 8 SYSTEMPATH/CodeIgniter.php(361): CodeIgniter\CodeIgniter->handleRequest(null, Object(Config\Cache), false)
 9 FCPATH/index.php(79): CodeIgniter\CodeIgniter->run()
10 SYSTEMPATH/Commands/Server/rewrite.php(47): require_once('/Applications/XAMPP/xamppfiles/htdocs/pembelajaran/public/index.php')
INFO - 2024-01-24 14:09:38 --> Session: Class initialized using 'CodeIgniter\Session\Handlers\FileHandler' driver.
CRITICAL - 2024-01-24 14:09:38 --> Undefined variable $title
in APPPATH/Views/konten/excel/pp/rekap-in-dosen.php on line 3.
 1 APPPATH/Views/konten/excel/pp/rekap-in-dosen.php(3): CodeIgniter\Debug\Exceptions->errorHandler(2, 'Undefined variable $title', '/Applications/XAMPP/xamppfiles/htdocs/pembelajaran/app/Views/konten/excel/pp/rekap-in-dosen.php', 3)
 2 SYSTEMPATH/View/View.php(228): include('/Applications/XAMPP/xamppfiles/htdocs/pembelajaran/app/Views/konten/excel/pp/rekap-in-dosen.php')
 3 SYSTEMPATH/View/View.php(231): CodeIgniter\View\View->CodeIgniter\View\{closure}()
 4 SYSTEMPATH/Common.php(1190): CodeIgniter\View\View->render('konten/excel/pp/rekap-in-dosen', [], true)
 5 APPPATH/Controllers/Laporan.php(148): view('konten/excel/pp/rekap-in-dosen', [...])
 6 SYSTEMPATH/CodeIgniter.php(942): App\Controllers\Laporan->rekapInDosenExcell()
 7 SYSTEMPATH/CodeIgniter.php(502): CodeIgniter\CodeIgniter->runController(Object(App\Controllers\Laporan))
 8 SYSTEMPATH/CodeIgniter.php(361): CodeIgniter\CodeIgniter->handleRequest(null, Object(Config\Cache), false)
 9 FCPATH/index.php(79): CodeIgniter\CodeIgniter->run()
10 SYSTEMPATH/Commands/Server/rewrite.php(47): require_once('/Applications/XAMPP/xamppfiles/htdocs/pembelajaran/public/index.php')
INFO - 2024-01-24 14:09:38 --> Session: Class initialized using 'CodeIgniter\Session\Handlers\FileHandler' driver.
CRITICAL - 2024-01-24 14:09:38 --> Undefined variable $title
in APPPATH/Views/konten/excel/pp/rekap-in-dosen.php on line 3.
 1 APPPATH/Views/konten/excel/pp/rekap-in-dosen.php(3): CodeIgniter\Debug\Exceptions->errorHandler(2, 'Undefined variable $title', '/Applications/XAMPP/xamppfiles/htdocs/pembelajaran/app/Views/konten/excel/pp/rekap-in-dosen.php', 3)
 2 SYSTEMPATH/View/View.php(228): include('/Applications/XAMPP/xamppfiles/htdocs/pembelajaran/app/Views/konten/excel/pp/rekap-in-dosen.php')
 3 SYSTEMPATH/View/View.php(231): CodeIgniter\View\View->CodeIgniter\View\{closure}()
 4 SYSTEMPATH/Common.php(1190): CodeIgniter\View\View->render('konten/excel/pp/rekap-in-dosen', [], true)
 5 APPPATH/Controllers/Laporan.php(148): view('konten/excel/pp/rekap-in-dosen', [...])
 6 SYSTEMPATH/CodeIgniter.php(942): App\Controllers\Laporan->rekapInDosenExcell()
 7 SYSTEMPATH/CodeIgniter.php(502): CodeIgniter\CodeIgniter->runController(Object(App\Controllers\Laporan))
 8 SYSTEMPATH/CodeIgniter.php(361): CodeIgniter\CodeIgniter->handleRequest(null, Object(Config\Cache), false)
 9 FCPATH/index.php(79): CodeIgniter\CodeIgniter->run()
10 SYSTEMPATH/Commands/Server/rewrite.php(47): require_once('/Applications/XAMPP/xamppfiles/htdocs/pembelajaran/public/index.php')
INFO - 2024-01-24 14:09:39 --> Session: Class initialized using 'CodeIgniter\Session\Handlers\FileHandler' driver.
CRITICAL - 2024-01-24 14:09:39 --> Undefined variable $title
in APPPATH/Views/konten/excel/pp/rekap-in-dosen.php on line 3.
 1 APPPATH/Views/konten/excel/pp/rekap-in-dosen.php(3): CodeIgniter\Debug\Exceptions->errorHandler(2, 'Undefined variable $title', '/Applications/XAMPP/xamppfiles/htdocs/pembelajaran/app/Views/konten/excel/pp/rekap-in-dosen.php', 3)
 2 SYSTEMPATH/View/View.php(228): include('/Applications/XAMPP/xamppfiles/htdocs/pembelajaran/app/Views/konten/excel/pp/rekap-in-dosen.php')
 3 SYSTEMPATH/View/View.php(231): CodeIgniter\View\View->CodeIgniter\View\{closure}()
 4 SYSTEMPATH/Common.php(1190): CodeIgniter\View\View->render('konten/excel/pp/rekap-in-dosen', [], true)
 5 APPPATH/Controllers/Laporan.php(148): view('konten/excel/pp/rekap-in-dosen', [...])
 6 SYSTEMPATH/CodeIgniter.php(942): App\Controllers\Laporan->rekapInDosenExcell()
 7 SYSTEMPATH/CodeIgniter.php(502): CodeIgniter\CodeIgniter->runController(Object(App\Controllers\Laporan))
 8 SYSTEMPATH/CodeIgniter.php(361): CodeIgniter\CodeIgniter->handleRequest(null, Object(Config\Cache), false)
 9 FCPATH/index.php(79): CodeIgniter\CodeIgniter->run()
10 SYSTEMPATH/Commands/Server/rewrite.php(47): require_once('/Applications/XAMPP/xamppfiles/htdocs/pembelajaran/public/index.php')
INFO - 2024-01-24 14:09:39 --> Session: Class initialized using 'CodeIgniter\Session\Handlers\FileHandler' driver.
CRITICAL - 2024-01-24 14:09:39 --> Undefined variable $title
in APPPATH/Views/konten/excel/pp/rekap-in-dosen.php on line 3.
 1 APPPATH/Views/konten/excel/pp/rekap-in-dosen.php(3): CodeIgniter\Debug\Exceptions->errorHandler(2, 'Undefined variable $title', '/Applications/XAMPP/xamppfiles/htdocs/pembelajaran/app/Views/konten/excel/pp/rekap-in-dosen.php', 3)
 2 SYSTEMPATH/View/View.php(228): include('/Applications/XAMPP/xamppfiles/htdocs/pembelajaran/app/Views/konten/excel/pp/rekap-in-dosen.php')
 3 SYSTEMPATH/View/View.php(231): CodeIgniter\View\View->CodeIgniter\View\{closure}()
 4 SYSTEMPATH/Common.php(1190): CodeIgniter\View\View->render('konten/excel/pp/rekap-in-dosen', [], true)
 5 APPPATH/Controllers/Laporan.php(148): view('konten/excel/pp/rekap-in-dosen', [...])
 6 SYSTEMPATH/CodeIgniter.php(942): App\Controllers\Laporan->rekapInDosenExcell()
 7 SYSTEMPATH/CodeIgniter.php(502): CodeIgniter\CodeIgniter->runController(Object(App\Controllers\Laporan))
 8 SYSTEMPATH/CodeIgniter.php(361): CodeIgniter\CodeIgniter->handleRequest(null, Object(Config\Cache), false)
 9 FCPATH/index.php(79): CodeIgniter\CodeIgniter->run()
10 SYSTEMPATH/Commands/Server/rewrite.php(47): require_once('/Applications/XAMPP/xamppfiles/htdocs/pembelajaran/public/index.php')
INFO - 2024-01-24 14:09:39 --> Session: Class initialized using 'CodeIgniter\Session\Handlers\FileHandler' driver.
CRITICAL - 2024-01-24 14:09:39 --> Undefined variable $title
in APPPATH/Views/konten/excel/pp/rekap-in-dosen.php on line 3.
 1 APPPATH/Views/konten/excel/pp/rekap-in-dosen.php(3): CodeIgniter\Debug\Exceptions->errorHandler(2, 'Undefined variable $title', '/Applications/XAMPP/xamppfiles/htdocs/pembelajaran/app/Views/konten/excel/pp/rekap-in-dosen.php', 3)
 2 SYSTEMPATH/View/View.php(228): include('/Applications/XAMPP/xamppfiles/htdocs/pembelajaran/app/Views/konten/excel/pp/rekap-in-dosen.php')
 3 SYSTEMPATH/View/View.php(231): CodeIgniter\View\View->CodeIgniter\View\{closure}()
 4 SYSTEMPATH/Common.php(1190): CodeIgniter\View\View->render('konten/excel/pp/rekap-in-dosen', [], true)
 5 APPPATH/Controllers/Laporan.php(148): view('konten/excel/pp/rekap-in-dosen', [...])
 6 SYSTEMPATH/CodeIgniter.php(942): App\Controllers\Laporan->rekapInDosenExcell()
 7 SYSTEMPATH/CodeIgniter.php(502): CodeIgniter\CodeIgniter->runController(Object(App\Controllers\Laporan))
 8 SYSTEMPATH/CodeIgniter.php(361): CodeIgniter\CodeIgniter->handleRequest(null, Object(Config\Cache), false)
 9 FCPATH/index.php(79): CodeIgniter\CodeIgniter->run()
10 SYSTEMPATH/Commands/Server/rewrite.php(47): require_once('/Applications/XAMPP/xamppfiles/htdocs/pembelajaran/public/index.php')
INFO - 2024-01-24 14:09:58 --> Session: Class initialized using 'CodeIgniter\Session\Handlers\FileHandler' driver.
CRITICAL - 2024-01-24 14:09:58 --> Undefined variable $title
in APPPATH/Views/konten/excel/pp/rekap-in-dosen.php on line 3.
 1 APPPATH/Views/konten/excel/pp/rekap-in-dosen.php(3): CodeIgniter\Debug\Exceptions->errorHandler(2, 'Undefined variable $title', '/Applications/XAMPP/xamppfiles/htdocs/pembelajaran/app/Views/konten/excel/pp/rekap-in-dosen.php', 3)
 2 SYSTEMPATH/View/View.php(228): include('/Applications/XAMPP/xamppfiles/htdocs/pembelajaran/app/Views/konten/excel/pp/rekap-in-dosen.php')
 3 SYSTEMPATH/View/View.php(231): CodeIgniter\View\View->CodeIgniter\View\{closure}()
 4 SYSTEMPATH/Common.php(1190): CodeIgniter\View\View->render('konten/excel/pp/rekap-in-dosen', [], true)
 5 APPPATH/Controllers/Laporan.php(148): view('konten/excel/pp/rekap-in-dosen', [...])
 6 SYSTEMPATH/CodeIgniter.php(942): App\Controllers\Laporan->rekapInDosenExcell()
 7 SYSTEMPATH/CodeIgniter.php(502): CodeIgniter\CodeIgniter->runController(Object(App\Controllers\Laporan))
 8 SYSTEMPATH/CodeIgniter.php(361): CodeIgniter\CodeIgniter->handleRequest(null, Object(Config\Cache), false)
 9 FCPATH/index.php(79): CodeIgniter\CodeIgniter->run()
10 SYSTEMPATH/Commands/Server/rewrite.php(47): require_once('/Applications/XAMPP/xamppfiles/htdocs/pembelajaran/public/index.php')
INFO - 2024-01-24 14:09:59 --> Session: Class initialized using 'CodeIgniter\Session\Handlers\FileHandler' driver.
CRITICAL - 2024-01-24 14:09:59 --> Undefined variable $title
in APPPATH/Views/konten/excel/pp/rekap-in-dosen.php on line 3.
 1 APPPATH/Views/konten/excel/pp/rekap-in-dosen.php(3): CodeIgniter\Debug\Exceptions->errorHandler(2, 'Undefined variable $title', '/Applications/XAMPP/xamppfiles/htdocs/pembelajaran/app/Views/konten/excel/pp/rekap-in-dosen.php', 3)
 2 SYSTEMPATH/View/View.php(228): include('/Applications/XAMPP/xamppfiles/htdocs/pembelajaran/app/Views/konten/excel/pp/rekap-in-dosen.php')
 3 SYSTEMPATH/View/View.php(231): CodeIgniter\View\View->CodeIgniter\View\{closure}()
 4 SYSTEMPATH/Common.php(1190): CodeIgniter\View\View->render('konten/excel/pp/rekap-in-dosen', [], true)
 5 APPPATH/Controllers/Laporan.php(148): view('konten/excel/pp/rekap-in-dosen', [...])
 6 SYSTEMPATH/CodeIgniter.php(942): App\Controllers\Laporan->rekapInDosenExcell()
 7 SYSTEMPATH/CodeIgniter.php(502): CodeIgniter\CodeIgniter->runController(Object(App\Controllers\Laporan))
 8 SYSTEMPATH/CodeIgniter.php(361): CodeIgniter\CodeIgniter->handleRequest(null, Object(Config\Cache), false)
 9 FCPATH/index.php(79): CodeIgniter\CodeIgniter->run()
10 SYSTEMPATH/Commands/Server/rewrite.php(47): require_once('/Applications/XAMPP/xamppfiles/htdocs/pembelajaran/public/index.php')
INFO - 2024-01-24 14:10:00 --> Session: Class initialized using 'CodeIgniter\Session\Handlers\FileHandler' driver.
CRITICAL - 2024-01-24 14:10:00 --> Undefined variable $title
in APPPATH/Views/konten/excel/pp/rekap-in-dosen.php on line 3.
 1 APPPATH/Views/konten/excel/pp/rekap-in-dosen.php(3): CodeIgniter\Debug\Exceptions->errorHandler(2, 'Undefined variable $title', '/Applications/XAMPP/xamppfiles/htdocs/pembelajaran/app/Views/konten/excel/pp/rekap-in-dosen.php', 3)
 2 SYSTEMPATH/View/View.php(228): include('/Applications/XAMPP/xamppfiles/htdocs/pembelajaran/app/Views/konten/excel/pp/rekap-in-dosen.php')
 3 SYSTEMPATH/View/View.php(231): CodeIgniter\View\View->CodeIgniter\View\{closure}()
 4 SYSTEMPATH/Common.php(1190): CodeIgniter\View\View->render('konten/excel/pp/rekap-in-dosen', [], true)
 5 APPPATH/Controllers/Laporan.php(148): view('konten/excel/pp/rekap-in-dosen', [...])
 6 SYSTEMPATH/CodeIgniter.php(942): App\Controllers\Laporan->rekapInDosenExcell()
 7 SYSTEMPATH/CodeIgniter.php(502): CodeIgniter\CodeIgniter->runController(Object(App\Controllers\Laporan))
 8 SYSTEMPATH/CodeIgniter.php(361): CodeIgniter\CodeIgniter->handleRequest(null, Object(Config\Cache), false)
 9 FCPATH/index.php(79): CodeIgniter\CodeIgniter->run()
10 SYSTEMPATH/Commands/Server/rewrite.php(47): require_once('/Applications/XAMPP/xamppfiles/htdocs/pembelajaran/public/index.php')
INFO - 2024-01-24 14:10:00 --> Session: Class initialized using 'CodeIgniter\Session\Handlers\FileHandler' driver.
CRITICAL - 2024-01-24 14:10:00 --> Undefined variable $title
in APPPATH/Views/konten/excel/pp/rekap-in-dosen.php on line 3.
 1 APPPATH/Views/konten/excel/pp/rekap-in-dosen.php(3): CodeIgniter\Debug\Exceptions->errorHandler(2, 'Undefined variable $title', '/Applications/XAMPP/xamppfiles/htdocs/pembelajaran/app/Views/konten/excel/pp/rekap-in-dosen.php', 3)
 2 SYSTEMPATH/View/View.php(228): include('/Applications/XAMPP/xamppfiles/htdocs/pembelajaran/app/Views/konten/excel/pp/rekap-in-dosen.php')
 3 SYSTEMPATH/View/View.php(231): CodeIgniter\View\View->CodeIgniter\View\{closure}()
 4 SYSTEMPATH/Common.php(1190): CodeIgniter\View\View->render('konten/excel/pp/rekap-in-dosen', [], true)
 5 APPPATH/Controllers/Laporan.php(148): view('konten/excel/pp/rekap-in-dosen', [...])
 6 SYSTEMPATH/CodeIgniter.php(942): App\Controllers\Laporan->rekapInDosenExcell()
 7 SYSTEMPATH/CodeIgniter.php(502): CodeIgniter\CodeIgniter->runController(Object(App\Controllers\Laporan))
 8 SYSTEMPATH/CodeIgniter.php(361): CodeIgniter\CodeIgniter->handleRequest(null, Object(Config\Cache), false)
 9 FCPATH/index.php(79): CodeIgniter\CodeIgniter->run()
10 SYSTEMPATH/Commands/Server/rewrite.php(47): require_once('/Applications/XAMPP/xamppfiles/htdocs/pembelajaran/public/index.php')
INFO - 2024-01-24 14:10:01 --> Session: Class initialized using 'CodeIgniter\Session\Handlers\FileHandler' driver.
CRITICAL - 2024-01-24 14:10:01 --> Undefined variable $title
in APPPATH/Views/konten/excel/pp/rekap-in-dosen.php on line 3.
 1 APPPATH/Views/konten/excel/pp/rekap-in-dosen.php(3): CodeIgniter\Debug\Exceptions->errorHandler(2, 'Undefined variable $title', '/Applications/XAMPP/xamppfiles/htdocs/pembelajaran/app/Views/konten/excel/pp/rekap-in-dosen.php', 3)
 2 SYSTEMPATH/View/View.php(228): include('/Applications/XAMPP/xamppfiles/htdocs/pembelajaran/app/Views/konten/excel/pp/rekap-in-dosen.php')
 3 SYSTEMPATH/View/View.php(231): CodeIgniter\View\View->CodeIgniter\View\{closure}()
 4 SYSTEMPATH/Common.php(1190): CodeIgniter\View\View->render('konten/excel/pp/rekap-in-dosen', [], true)
 5 APPPATH/Controllers/Laporan.php(148): view('konten/excel/pp/rekap-in-dosen', [...])
 6 SYSTEMPATH/CodeIgniter.php(942): App\Controllers\Laporan->rekapInDosenExcell()
 7 SYSTEMPATH/CodeIgniter.php(502): CodeIgniter\CodeIgniter->runController(Object(App\Controllers\Laporan))
 8 SYSTEMPATH/CodeIgniter.php(361): CodeIgniter\CodeIgniter->handleRequest(null, Object(Config\Cache), false)
 9 FCPATH/index.php(79): CodeIgniter\CodeIgniter->run()
10 SYSTEMPATH/Commands/Server/rewrite.php(47): require_once('/Applications/XAMPP/xamppfiles/htdocs/pembelajaran/public/index.php')
INFO - 2024-01-24 14:10:02 --> Session: Class initialized using 'CodeIgniter\Session\Handlers\FileHandler' driver.
CRITICAL - 2024-01-24 14:10:02 --> Undefined variable $title
in APPPATH/Views/konten/excel/pp/rekap-in-dosen.php on line 3.
 1 APPPATH/Views/konten/excel/pp/rekap-in-dosen.php(3): CodeIgniter\Debug\Exceptions->errorHandler(2, 'Undefined variable $title', '/Applications/XAMPP/xamppfiles/htdocs/pembelajaran/app/Views/konten/excel/pp/rekap-in-dosen.php', 3)
 2 SYSTEMPATH/View/View.php(228): include('/Applications/XAMPP/xamppfiles/htdocs/pembelajaran/app/Views/konten/excel/pp/rekap-in-dosen.php')
 3 SYSTEMPATH/View/View.php(231): CodeIgniter\View\View->CodeIgniter\View\{closure}()
 4 SYSTEMPATH/Common.php(1190): CodeIgniter\View\View->render('konten/excel/pp/rekap-in-dosen', [], true)
 5 APPPATH/Controllers/Laporan.php(148): view('konten/excel/pp/rekap-in-dosen', [...])
 6 SYSTEMPATH/CodeIgniter.php(942): App\Controllers\Laporan->rekapInDosenExcell()
 7 SYSTEMPATH/CodeIgniter.php(502): CodeIgniter\CodeIgniter->runController(Object(App\Controllers\Laporan))
 8 SYSTEMPATH/CodeIgniter.php(361): CodeIgniter\CodeIgniter->handleRequest(null, Object(Config\Cache), false)
 9 FCPATH/index.php(79): CodeIgniter\CodeIgniter->run()
10 SYSTEMPATH/Commands/Server/rewrite.php(47): require_once('/Applications/XAMPP/xamppfiles/htdocs/pembelajaran/public/index.php')
INFO - 2024-01-24 14:10:02 --> Session: Class initialized using 'CodeIgniter\Session\Handlers\FileHandler' driver.
CRITICAL - 2024-01-24 14:10:02 --> Undefined variable $title
in APPPATH/Views/konten/excel/pp/rekap-in-dosen.php on line 3.
 1 APPPATH/Views/konten/excel/pp/rekap-in-dosen.php(3): CodeIgniter\Debug\Exceptions->errorHandler(2, 'Undefined variable $title', '/Applications/XAMPP/xamppfiles/htdocs/pembelajaran/app/Views/konten/excel/pp/rekap-in-dosen.php', 3)
 2 SYSTEMPATH/View/View.php(228): include('/Applications/XAMPP/xamppfiles/htdocs/pembelajaran/app/Views/konten/excel/pp/rekap-in-dosen.php')
 3 SYSTEMPATH/View/View.php(231): CodeIgniter\View\View->CodeIgniter\View\{closure}()
 4 SYSTEMPATH/Common.php(1190): CodeIgniter\View\View->render('konten/excel/pp/rekap-in-dosen', [], true)
 5 APPPATH/Controllers/Laporan.php(148): view('konten/excel/pp/rekap-in-dosen', [...])
 6 SYSTEMPATH/CodeIgniter.php(942): App\Controllers\Laporan->rekapInDosenExcell()
 7 SYSTEMPATH/CodeIgniter.php(502): CodeIgniter\CodeIgniter->runController(Object(App\Controllers\Laporan))
 8 SYSTEMPATH/CodeIgniter.php(361): CodeIgniter\CodeIgniter->handleRequest(null, Object(Config\Cache), false)
 9 FCPATH/index.php(79): CodeIgniter\CodeIgniter->run()
10 SYSTEMPATH/Commands/Server/rewrite.php(47): require_once('/Applications/XAMPP/xamppfiles/htdocs/pembelajaran/public/index.php')
INFO - 2024-01-24 14:10:02 --> Session: Class initialized using 'CodeIgniter\Session\Handlers\FileHandler' driver.
CRITICAL - 2024-01-24 14:10:02 --> Undefined variable $title
in APPPATH/Views/konten/excel/pp/rekap-in-dosen.php on line 3.
 1 APPPATH/Views/konten/excel/pp/rekap-in-dosen.php(3): CodeIgniter\Debug\Exceptions->errorHandler(2, 'Undefined variable $title', '/Applications/XAMPP/xamppfiles/htdocs/pembelajaran/app/Views/konten/excel/pp/rekap-in-dosen.php', 3)
 2 SYSTEMPATH/View/View.php(228): include('/Applications/XAMPP/xamppfiles/htdocs/pembelajaran/app/Views/konten/excel/pp/rekap-in-dosen.php')
 3 SYSTEMPATH/View/View.php(231): CodeIgniter\View\View->CodeIgniter\View\{closure}()
 4 SYSTEMPATH/Common.php(1190): CodeIgniter\View\View->render('konten/excel/pp/rekap-in-dosen', [], true)
 5 APPPATH/Controllers/Laporan.php(148): view('konten/excel/pp/rekap-in-dosen', [...])
 6 SYSTEMPATH/CodeIgniter.php(942): App\Controllers\Laporan->rekapInDosenExcell()
 7 SYSTEMPATH/CodeIgniter.php(502): CodeIgniter\CodeIgniter->runController(Object(App\Controllers\Laporan))
 8 SYSTEMPATH/CodeIgniter.php(361): CodeIgniter\CodeIgniter->handleRequest(null, Object(Config\Cache), false)
 9 FCPATH/index.php(79): CodeIgniter\CodeIgniter->run()
10 SYSTEMPATH/Commands/Server/rewrite.php(47): require_once('/Applications/XAMPP/xamppfiles/htdocs/pembelajaran/public/index.php')
INFO - 2024-01-24 14:10:03 --> Session: Class initialized using 'CodeIgniter\Session\Handlers\FileHandler' driver.
INFO - 2024-01-24 14:10:04 --> Session: Class initialized using 'CodeIgniter\Session\Handlers\FileHandler' driver.
INFO - 2024-01-24 14:10:05 --> Session: Class initialized using 'CodeIgniter\Session\Handlers\FileHandler' driver.
CRITICAL - 2024-01-24 14:10:05 --> Undefined variable $title
in APPPATH/Views/konten/excel/pp/rekap-in-dosen.php on line 3.
 1 APPPATH/Views/konten/excel/pp/rekap-in-dosen.php(3): CodeIgniter\Debug\Exceptions->errorHandler(2, 'Undefined variable $title', '/Applications/XAMPP/xamppfiles/htdocs/pembelajaran/app/Views/konten/excel/pp/rekap-in-dosen.php', 3)
 2 SYSTEMPATH/View/View.php(228): include('/Applications/XAMPP/xamppfiles/htdocs/pembelajaran/app/Views/konten/excel/pp/rekap-in-dosen.php')
 3 SYSTEMPATH/View/View.php(231): CodeIgniter\View\View->CodeIgniter\View\{closure}()
 4 SYSTEMPATH/Common.php(1190): CodeIgniter\View\View->render('konten/excel/pp/rekap-in-dosen', [], true)
 5 APPPATH/Controllers/Laporan.php(148): view('konten/excel/pp/rekap-in-dosen', [...])
 6 SYSTEMPATH/CodeIgniter.php(942): App\Controllers\Laporan->rekapInDosenExcell()
 7 SYSTEMPATH/CodeIgniter.php(502): CodeIgniter\CodeIgniter->runController(Object(App\Controllers\Laporan))
 8 SYSTEMPATH/CodeIgniter.php(361): CodeIgniter\CodeIgniter->handleRequest(null, Object(Config\Cache), false)
 9 FCPATH/index.php(79): CodeIgniter\CodeIgniter->run()
10 SYSTEMPATH/Commands/Server/rewrite.php(47): require_once('/Applications/XAMPP/xamppfiles/htdocs/pembelajaran/public/index.php')
INFO - 2024-01-24 14:10:05 --> Session: Class initialized using 'CodeIgniter\Session\Handlers\FileHandler' driver.
CRITICAL - 2024-01-24 14:10:05 --> Undefined variable $title
in APPPATH/Views/konten/excel/pp/rekap-in-dosen.php on line 3.
 1 APPPATH/Views/konten/excel/pp/rekap-in-dosen.php(3): CodeIgniter\Debug\Exceptions->errorHandler(2, 'Undefined variable $title', '/Applications/XAMPP/xamppfiles/htdocs/pembelajaran/app/Views/konten/excel/pp/rekap-in-dosen.php', 3)
 2 SYSTEMPATH/View/View.php(228): include('/Applications/XAMPP/xamppfiles/htdocs/pembelajaran/app/Views/konten/excel/pp/rekap-in-dosen.php')
 3 SYSTEMPATH/View/View.php(231): CodeIgniter\View\View->CodeIgniter\View\{closure}()
 4 SYSTEMPATH/Common.php(1190): CodeIgniter\View\View->render('konten/excel/pp/rekap-in-dosen', [], true)
 5 APPPATH/Controllers/Laporan.php(148): view('konten/excel/pp/rekap-in-dosen', [...])
 6 SYSTEMPATH/CodeIgniter.php(942): App\Controllers\Laporan->rekapInDosenExcell()
 7 SYSTEMPATH/CodeIgniter.php(502): CodeIgniter\CodeIgniter->runController(Object(App\Controllers\Laporan))
 8 SYSTEMPATH/CodeIgniter.php(361): CodeIgniter\CodeIgniter->handleRequest(null, Object(Config\Cache), false)
 9 FCPATH/index.php(79): CodeIgniter\CodeIgniter->run()
10 SYSTEMPATH/Commands/Server/rewrite.php(47): require_once('/Applications/XAMPP/xamppfiles/htdocs/pembelajaran/public/index.php')
INFO - 2024-01-24 14:10:06 --> Session: Class initialized using 'CodeIgniter\Session\Handlers\FileHandler' driver.
CRITICAL - 2024-01-24 14:10:06 --> Undefined variable $title
in APPPATH/Views/konten/excel/pp/rekap-in-dosen.php on line 3.
 1 APPPATH/Views/konten/excel/pp/rekap-in-dosen.php(3): CodeIgniter\Debug\Exceptions->errorHandler(2, 'Undefined variable $title', '/Applications/XAMPP/xamppfiles/htdocs/pembelajaran/app/Views/konten/excel/pp/rekap-in-dosen.php', 3)
 2 SYSTEMPATH/View/View.php(228): include('/Applications/XAMPP/xamppfiles/htdocs/pembelajaran/app/Views/konten/excel/pp/rekap-in-dosen.php')
 3 SYSTEMPATH/View/View.php(231): CodeIgniter\View\View->CodeIgniter\View\{closure}()
 4 SYSTEMPATH/Common.php(1190): CodeIgniter\View\View->render('konten/excel/pp/rekap-in-dosen', [], true)
 5 APPPATH/Controllers/Laporan.php(148): view('konten/excel/pp/rekap-in-dosen', [...])
 6 SYSTEMPATH/CodeIgniter.php(942): App\Controllers\Laporan->rekapInDosenExcell()
 7 SYSTEMPATH/CodeIgniter.php(502): CodeIgniter\CodeIgniter->runController(Object(App\Controllers\Laporan))
 8 SYSTEMPATH/CodeIgniter.php(361): CodeIgniter\CodeIgniter->handleRequest(null, Object(Config\Cache), false)
 9 FCPATH/index.php(79): CodeIgniter\CodeIgniter->run()
10 SYSTEMPATH/Commands/Server/rewrite.php(47): require_once('/Applications/XAMPP/xamppfiles/htdocs/pembelajaran/public/index.php')
INFO - 2024-01-24 14:10:06 --> Session: Class initialized using 'CodeIgniter\Session\Handlers\FileHandler' driver.
CRITICAL - 2024-01-24 14:10:06 --> Undefined variable $title
in APPPATH/Views/konten/excel/pp/rekap-in-dosen.php on line 3.
 1 APPPATH/Views/konten/excel/pp/rekap-in-dosen.php(3): CodeIgniter\Debug\Exceptions->errorHandler(2, 'Undefined variable $title', '/Applications/XAMPP/xamppfiles/htdocs/pembelajaran/app/Views/konten/excel/pp/rekap-in-dosen.php', 3)
 2 SYSTEMPATH/View/View.php(228): include('/Applications/XAMPP/xamppfiles/htdocs/pembelajaran/app/Views/konten/excel/pp/rekap-in-dosen.php')
 3 SYSTEMPATH/View/View.php(231): CodeIgniter\View\View->CodeIgniter\View\{closure}()
 4 SYSTEMPATH/Common.php(1190): CodeIgniter\View\View->render('konten/excel/pp/rekap-in-dosen', [], true)
 5 APPPATH/Controllers/Laporan.php(148): view('konten/excel/pp/rekap-in-dosen', [...])
 6 SYSTEMPATH/CodeIgniter.php(942): App\Controllers\Laporan->rekapInDosenExcell()
 7 SYSTEMPATH/CodeIgniter.php(502): CodeIgniter\CodeIgniter->runController(Object(App\Controllers\Laporan))
 8 SYSTEMPATH/CodeIgniter.php(361): CodeIgniter\CodeIgniter->handleRequest(null, Object(Config\Cache), false)
 9 FCPATH/index.php(79): CodeIgniter\CodeIgniter->run()
10 SYSTEMPATH/Commands/Server/rewrite.php(47): require_once('/Applications/XAMPP/xamppfiles/htdocs/pembelajaran/public/index.php')
INFO - 2024-01-24 14:10:06 --> Session: Class initialized using 'CodeIgniter\Session\Handlers\FileHandler' driver.
CRITICAL - 2024-01-24 14:10:06 --> Undefined variable $title
in APPPATH/Views/konten/excel/pp/rekap-in-dosen.php on line 3.
 1 APPPATH/Views/konten/excel/pp/rekap-in-dosen.php(3): CodeIgniter\Debug\Exceptions->errorHandler(2, 'Undefined variable $title', '/Applications/XAMPP/xamppfiles/htdocs/pembelajaran/app/Views/konten/excel/pp/rekap-in-dosen.php', 3)
 2 SYSTEMPATH/View/View.php(228): include('/Applications/XAMPP/xamppfiles/htdocs/pembelajaran/app/Views/konten/excel/pp/rekap-in-dosen.php')
 3 SYSTEMPATH/View/View.php(231): CodeIgniter\View\View->CodeIgniter\View\{closure}()
 4 SYSTEMPATH/Common.php(1190): CodeIgniter\View\View->render('konten/excel/pp/rekap-in-dosen', [], true)
 5 APPPATH/Controllers/Laporan.php(148): view('konten/excel/pp/rekap-in-dosen', [...])
 6 SYSTEMPATH/CodeIgniter.php(942): App\Controllers\Laporan->rekapInDosenExcell()
 7 SYSTEMPATH/CodeIgniter.php(502): CodeIgniter\CodeIgniter->runController(Object(App\Controllers\Laporan))
 8 SYSTEMPATH/CodeIgniter.php(361): CodeIgniter\CodeIgniter->handleRequest(null, Object(Config\Cache), false)
 9 FCPATH/index.php(79): CodeIgniter\CodeIgniter->run()
10 SYSTEMPATH/Commands/Server/rewrite.php(47): require_once('/Applications/XAMPP/xamppfiles/htdocs/pembelajaran/public/index.php')
INFO - 2024-01-24 14:10:25 --> Session: Class initialized using 'CodeIgniter\Session\Handlers\FileHandler' driver.
INFO - 2024-01-24 14:10:25 --> Session: Class initialized using 'CodeIgniter\Session\Handlers\FileHandler' driver.
INFO - 2024-01-24 14:10:26 --> Session: Class initialized using 'CodeIgniter\Session\Handlers\FileHandler' driver.
CRITICAL - 2024-01-24 14:10:26 --> Undefined variable $title
in APPPATH/Views/konten/excel/pp/rekap-in-dosen.php on line 3.
 1 APPPATH/Views/konten/excel/pp/rekap-in-dosen.php(3): CodeIgniter\Debug\Exceptions->errorHandler(2, 'Undefined variable $title', '/Applications/XAMPP/xamppfiles/htdocs/pembelajaran/app/Views/konten/excel/pp/rekap-in-dosen.php', 3)
 2 SYSTEMPATH/View/View.php(228): include('/Applications/XAMPP/xamppfiles/htdocs/pembelajaran/app/Views/konten/excel/pp/rekap-in-dosen.php')
 3 SYSTEMPATH/View/View.php(231): CodeIgniter\View\View->CodeIgniter\View\{closure}()
 4 SYSTEMPATH/Common.php(1190): CodeIgniter\View\View->render('konten/excel/pp/rekap-in-dosen', [], true)
 5 APPPATH/Controllers/Laporan.php(148): view('konten/excel/pp/rekap-in-dosen', [...])
 6 SYSTEMPATH/CodeIgniter.php(942): App\Controllers\Laporan->rekapInDosenExcell()
 7 SYSTEMPATH/CodeIgniter.php(502): CodeIgniter\CodeIgniter->runController(Object(App\Controllers\Laporan))
 8 SYSTEMPATH/CodeIgniter.php(361): CodeIgniter\CodeIgniter->handleRequest(null, Object(Config\Cache), false)
 9 FCPATH/index.php(79): CodeIgniter\CodeIgniter->run()
10 SYSTEMPATH/Commands/Server/rewrite.php(47): require_once('/Applications/XAMPP/xamppfiles/htdocs/pembelajaran/public/index.php')
INFO - 2024-01-24 14:10:27 --> Session: Class initialized using 'CodeIgniter\Session\Handlers\FileHandler' driver.
CRITICAL - 2024-01-24 14:10:27 --> Undefined variable $title
in APPPATH/Views/konten/excel/pp/rekap-in-dosen.php on line 3.
 1 APPPATH/Views/konten/excel/pp/rekap-in-dosen.php(3): CodeIgniter\Debug\Exceptions->errorHandler(2, 'Undefined variable $title', '/Applications/XAMPP/xamppfiles/htdocs/pembelajaran/app/Views/konten/excel/pp/rekap-in-dosen.php', 3)
 2 SYSTEMPATH/View/View.php(228): include('/Applications/XAMPP/xamppfiles/htdocs/pembelajaran/app/Views/konten/excel/pp/rekap-in-dosen.php')
 3 SYSTEMPATH/View/View.php(231): CodeIgniter\View\View->CodeIgniter\View\{closure}()
 4 SYSTEMPATH/Common.php(1190): CodeIgniter\View\View->render('konten/excel/pp/rekap-in-dosen', [], true)
 5 APPPATH/Controllers/Laporan.php(148): view('konten/excel/pp/rekap-in-dosen', [...])
 6 SYSTEMPATH/CodeIgniter.php(942): App\Controllers\Laporan->rekapInDosenExcell()
 7 SYSTEMPATH/CodeIgniter.php(502): CodeIgniter\CodeIgniter->runController(Object(App\Controllers\Laporan))
 8 SYSTEMPATH/CodeIgniter.php(361): CodeIgniter\CodeIgniter->handleRequest(null, Object(Config\Cache), false)
 9 FCPATH/index.php(79): CodeIgniter\CodeIgniter->run()
10 SYSTEMPATH/Commands/Server/rewrite.php(47): require_once('/Applications/XAMPP/xamppfiles/htdocs/pembelajaran/public/index.php')
INFO - 2024-01-24 14:10:30 --> Session: Class initialized using 'CodeIgniter\Session\Handlers\FileHandler' driver.
CRITICAL - 2024-01-24 14:10:30 --> Undefined variable $title
in APPPATH/Views/konten/excel/pp/rekap-in-dosen.php on line 3.
 1 APPPATH/Views/konten/excel/pp/rekap-in-dosen.php(3): CodeIgniter\Debug\Exceptions->errorHandler(2, 'Undefined variable $title', '/Applications/XAMPP/xamppfiles/htdocs/pembelajaran/app/Views/konten/excel/pp/rekap-in-dosen.php', 3)
 2 SYSTEMPATH/View/View.php(228): include('/Applications/XAMPP/xamppfiles/htdocs/pembelajaran/app/Views/konten/excel/pp/rekap-in-dosen.php')
 3 SYSTEMPATH/View/View.php(231): CodeIgniter\View\View->CodeIgniter\View\{closure}()
 4 SYSTEMPATH/Common.php(1190): CodeIgniter\View\View->render('konten/excel/pp/rekap-in-dosen', [], true)
 5 APPPATH/Controllers/Laporan.php(148): view('konten/excel/pp/rekap-in-dosen', [...])
 6 SYSTEMPATH/CodeIgniter.php(942): App\Controllers\Laporan->rekapInDosenExcell()
 7 SYSTEMPATH/CodeIgniter.php(502): CodeIgniter\CodeIgniter->runController(Object(App\Controllers\Laporan))
 8 SYSTEMPATH/CodeIgniter.php(361): CodeIgniter\CodeIgniter->handleRequest(null, Object(Config\Cache), false)
 9 FCPATH/index.php(79): CodeIgniter\CodeIgniter->run()
10 SYSTEMPATH/Commands/Server/rewrite.php(47): require_once('/Applications/XAMPP/xamppfiles/htdocs/pembelajaran/public/index.php')
INFO - 2024-01-24 14:10:58 --> Session: Class initialized using 'CodeIgniter\Session\Handlers\FileHandler' driver.
INFO - 2024-01-24 14:10:58 --> Session: Class initialized using 'CodeIgniter\Session\Handlers\FileHandler' driver.
INFO - 2024-01-24 14:10:58 --> Session: Class initialized using 'CodeIgniter\Session\Handlers\FileHandler' driver.
INFO - 2024-01-24 14:11:37 --> Session: Class initialized using 'CodeIgniter\Session\Handlers\FileHandler' driver.
INFO - 2024-01-24 14:11:38 --> Session: Class initialized using 'CodeIgniter\Session\Handlers\FileHandler' driver.
INFO - 2024-01-24 14:11:39 --> Session: Class initialized using 'CodeIgniter\Session\Handlers\FileHandler' driver.
INFO - 2024-01-24 14:11:39 --> Session: Class initialized using 'CodeIgniter\Session\Handlers\FileHandler' driver.
INFO - 2024-01-24 14:11:39 --> Session: Class initialized using 'CodeIgniter\Session\Handlers\FileHandler' driver.
INFO - 2024-01-24 14:37:55 --> Session: Class initialized using 'CodeIgniter\Session\Handlers\FileHandler' driver.
INFO - 2024-01-24 14:37:56 --> Session: Class initialized using 'CodeIgniter\Session\Handlers\FileHandler' driver.
INFO - 2024-01-24 14:38:01 --> Session: Class initialized using 'CodeIgniter\Session\Handlers\FileHandler' driver.
INFO - 2024-01-24 14:38:01 --> Session: Class initialized using 'CodeIgniter\Session\Handlers\FileHandler' driver.
INFO - 2024-01-24 14:41:43 --> Session: Class initialized using 'CodeIgniter\Session\Handlers\FileHandler' driver.
INFO - 2024-01-24 14:41:43 --> Session: Class initialized using 'CodeIgniter\Session\Handlers\FileHandler' driver.
INFO - 2024-01-24 14:41:57 --> Session: Class initialized using 'CodeIgniter\Session\Handlers\FileHandler' driver.
INFO - 2024-01-24 14:41:57 --> Session: Class initialized using 'CodeIgniter\Session\Handlers\FileHandler' driver.
INFO - 2024-01-24 14:41:57 --> Session: Class initialized using 'CodeIgniter\Session\Handlers\FileHandler' driver.
INFO - 2024-01-24 14:41:58 --> Session: Class initialized using 'CodeIgniter\Session\Handlers\FileHandler' driver.
INFO - 2024-01-24 14:42:00 --> Session: Class initialized using 'CodeIgniter\Session\Handlers\FileHandler' driver.
INFO - 2024-01-24 14:42:00 --> Session: Class initialized using 'CodeIgniter\Session\Handlers\FileHandler' driver.
INFO - 2024-01-24 14:42:03 --> Session: Class initialized using 'CodeIgniter\Session\Handlers\FileHandler' driver.
CRITICAL - 2024-01-24 14:42:04 --> Undefined array key "prodi_id"
in APPPATH/Models/Kps/KpsKelasMasterModel.php on line 39.
 1 APPPATH/Models/Kps/KpsKelasMasterModel.php(39): CodeIgniter\Debug\Exceptions->errorHandler(2, 'Undefined array key "prodi_id"', '/Applications/XAMPP/xamppfiles/htdocs/pembelajaran/app/Models/Kps/KpsKelasMasterModel.php', 39)
 2 APPPATH/Controllers/TimdisApel.php(41): App\Models\Kps\KpsKelasMasterModel->getAllKelasMasterWithKelasJenis(null, null)
 3 SYSTEMPATH/CodeIgniter.php(942): App\Controllers\TimdisApel->apel()
 4 SYSTEMPATH/CodeIgniter.php(502): CodeIgniter\CodeIgniter->runController(Object(App\Controllers\TimdisApel))
 5 SYSTEMPATH/CodeIgniter.php(361): CodeIgniter\CodeIgniter->handleRequest(null, Object(Config\Cache), false)
 6 FCPATH/index.php(79): CodeIgniter\CodeIgniter->run()
 7 SYSTEMPATH/Commands/Server/rewrite.php(47): require_once('/Applications/XAMPP/xamppfiles/htdocs/pembelajaran/public/index.php')
