INFO - 2024-01-02 02:38:57 --> Session: Class initialized using 'CodeIgniter\Session\Handlers\FileHandler' driver.
INFO - 2024-01-02 02:38:57 --> Session: Class initialized using 'CodeIgniter\Session\Handlers\FileHandler' driver.
INFO - 2024-01-02 02:56:46 --> Session: Class initialized using 'CodeIgniter\Session\Handlers\FileHandler' driver.
INFO - 2024-01-02 02:56:46 --> Session: Class initialized using 'CodeIgniter\Session\Handlers\FileHandler' driver.
INFO - 2024-01-02 02:56:46 --> Session: Class initialized using 'CodeIgniter\Session\Handlers\FileHandler' driver.
INFO - 2024-01-02 02:56:52 --> Session: Class initialized using 'CodeIgniter\Session\Handlers\FileHandler' driver.
INFO - 2024-01-02 02:56:53 --> Session: Class initialized using 'CodeIgniter\Session\Handlers\FileHandler' driver.
INFO - 2024-01-02 02:56:54 --> Session: Class initialized using 'CodeIgniter\Session\Handlers\FileHandler' driver.
INFO - 2024-01-02 02:56:57 --> Session: Class initialized using 'CodeIgniter\Session\Handlers\FileHandler' driver.
INFO - 2024-01-02 02:56:57 --> Session: Class initialized using 'CodeIgniter\Session\Handlers\FileHandler' driver.
INFO - 2024-01-02 02:56:58 --> Session: Class initialized using 'CodeIgniter\Session\Handlers\FileHandler' driver.
INFO - 2024-01-02 02:56:59 --> Session: Class initialized using 'CodeIgniter\Session\Handlers\FileHandler' driver.
INFO - 2024-01-02 02:57:01 --> Session: Class initialized using 'CodeIgniter\Session\Handlers\FileHandler' driver.
CRITICAL - 2024-01-02 02:57:01 --> Undefined variable $jawal
in APPPATH/Views/konten/mahasiswa/kehadiran/scan.php on line 43.
 1 APPPATH/Views/konten/mahasiswa/kehadiran/scan.php(43): CodeIgniter\Debug\Exceptions->errorHandler(2, 'Undefined variable $jawal', '/Applications/XAMPP/xamppfiles/htdocs/pembelajaran/app/Views/konten/mahasiswa/kehadiran/scan.php', 43)
 2 SYSTEMPATH/View/View.php(228): include('/Applications/XAMPP/xamppfiles/htdocs/pembelajaran/app/Views/konten/mahasiswa/kehadiran/scan.php')
 3 SYSTEMPATH/View/View.php(231): CodeIgniter\View\View->CodeIgniter\View\{closure}()
 4 SYSTEMPATH/Common.php(1190): CodeIgniter\View\View->render('konten/mahasiswa/kehadiran/scan', [], true)
 5 APPPATH/Controllers/MahasiswaKehadiran.php(48): view('konten/mahasiswa/kehadiran/scan', [...])
 6 SYSTEMPATH/CodeIgniter.php(942): App\Controllers\MahasiswaKehadiran->scan('NjgxZDBiODQtYTk2ZC00NWE2LTk3ODktOWI4MzgzNjRhNDZm')
 7 SYSTEMPATH/CodeIgniter.php(502): CodeIgniter\CodeIgniter->runController(Object(App\Controllers\MahasiswaKehadiran))
 8 SYSTEMPATH/CodeIgniter.php(361): CodeIgniter\CodeIgniter->handleRequest(null, Object(Config\Cache), false)
 9 FCPATH/index.php(79): CodeIgniter\CodeIgniter->run()
10 SYSTEMPATH/Commands/Server/rewrite.php(47): require_once('/Applications/XAMPP/xamppfiles/htdocs/pembelajaran/public/index.php')
INFO - 2024-01-02 02:57:03 --> Session: Class initialized using 'CodeIgniter\Session\Handlers\FileHandler' driver.
INFO - 2024-01-02 02:57:03 --> Session: Class initialized using 'CodeIgniter\Session\Handlers\FileHandler' driver.
INFO - 2024-01-02 02:58:28 --> Session: Class initialized using 'CodeIgniter\Session\Handlers\FileHandler' driver.
INFO - 2024-01-02 02:58:29 --> Session: Class initialized using 'CodeIgniter\Session\Handlers\FileHandler' driver.
INFO - 2024-01-02 02:58:29 --> Session: Class initialized using 'CodeIgniter\Session\Handlers\FileHandler' driver.
INFO - 2024-01-02 02:58:30 --> Session: Class initialized using 'CodeIgniter\Session\Handlers\FileHandler' driver.
INFO - 2024-01-02 03:10:03 --> Session: Class initialized using 'CodeIgniter\Session\Handlers\FileHandler' driver.
INFO - 2024-01-02 03:10:04 --> Session: Class initialized using 'CodeIgniter\Session\Handlers\FileHandler' driver.
INFO - 2024-01-02 03:10:50 --> Session: Class initialized using 'CodeIgniter\Session\Handlers\FileHandler' driver.
INFO - 2024-01-02 03:10:50 --> Session: Class initialized using 'CodeIgniter\Session\Handlers\FileHandler' driver.
INFO - 2024-01-02 03:10:51 --> Session: Class initialized using 'CodeIgniter\Session\Handlers\FileHandler' driver.
INFO - 2024-01-02 03:10:51 --> Session: Class initialized using 'CodeIgniter\Session\Handlers\FileHandler' driver.
INFO - 2024-01-02 03:10:55 --> Session: Class initialized using 'CodeIgniter\Session\Handlers\FileHandler' driver.
INFO - 2024-01-02 03:11:08 --> Session: Class initialized using 'CodeIgniter\Session\Handlers\FileHandler' driver.
INFO - 2024-01-02 03:11:08 --> Session: Class initialized using 'CodeIgniter\Session\Handlers\FileHandler' driver.
INFO - 2024-01-02 03:11:09 --> Session: Class initialized using 'CodeIgniter\Session\Handlers\FileHandler' driver.
INFO - 2024-01-02 03:11:09 --> Session: Class initialized using 'CodeIgniter\Session\Handlers\FileHandler' driver.
INFO - 2024-01-02 03:11:14 --> Session: Class initialized using 'CodeIgniter\Session\Handlers\FileHandler' driver.
INFO - 2024-01-02 03:11:39 --> Session: Class initialized using 'CodeIgniter\Session\Handlers\FileHandler' driver.
INFO - 2024-01-02 03:11:40 --> Session: Class initialized using 'CodeIgniter\Session\Handlers\FileHandler' driver.
INFO - 2024-01-02 03:19:45 --> Session: Class initialized using 'CodeIgniter\Session\Handlers\FileHandler' driver.
INFO - 2024-01-02 03:19:45 --> Session: Class initialized using 'CodeIgniter\Session\Handlers\FileHandler' driver.
INFO - 2024-01-02 03:19:49 --> Session: Class initialized using 'CodeIgniter\Session\Handlers\FileHandler' driver.
ERROR - 2024-01-02 03:19:49 --> mysqli_sql_exception: Duplicate entry '681d0b84-a96d-45a6-9789-9b838364a46f-4d1ff499-3d08-4e49-847f-...' for key 'absensi_id' in /Applications/XAMPP/xamppfiles/htdocs/pembelajaran/system/Database/MySQLi/Connection.php:306
Stack trace:
#0 /Applications/XAMPP/xamppfiles/htdocs/pembelajaran/system/Database/MySQLi/Connection.php(306): mysqli->query('INSERT INTO `ab...', 0)
#1 /Applications/XAMPP/xamppfiles/htdocs/pembelajaran/system/Database/BaseConnection.php(693): CodeIgniter\Database\MySQLi\Connection->execute('INSERT INTO `ab...')
#2 /Applications/XAMPP/xamppfiles/htdocs/pembelajaran/system/Database/BaseConnection.php(607): CodeIgniter\Database\BaseConnection->simpleQuery('INSERT INTO `ab...')
#3 /Applications/XAMPP/xamppfiles/htdocs/pembelajaran/system/Database/BaseBuilder.php(2308): CodeIgniter\Database\BaseConnection->query('INSERT INTO `ab...', Array, false)
#4 /Applications/XAMPP/xamppfiles/htdocs/pembelajaran/app/Controllers/MahasiswaKehadiran.php(65): CodeIgniter\Database\BaseBuilder->insert(Array)
#5 /Applications/XAMPP/xamppfiles/htdocs/pembelajaran/system/CodeIgniter.php(942): App\Controllers\MahasiswaKehadiran->autoAbsenDosen('681d0b84-a96d-4...')
#6 /Applications/XAMPP/xamppfiles/htdocs/pembelajaran/system/CodeIgniter.php(502): CodeIgniter\CodeIgniter->runController(Object(App\Controllers\MahasiswaKehadiran))
#7 /Applications/XAMPP/xamppfiles/htdocs/pembelajaran/system/CodeIgniter.php(361): CodeIgniter\CodeIgniter->handleRequest(NULL, Object(Config\Cache), false)
#8 /Applications/XAMPP/xamppfiles/htdocs/pembelajaran/public/index.php(79): CodeIgniter\CodeIgniter->run()
#9 /Applications/XAMPP/xamppfiles/htdocs/pembelajaran/system/Commands/Server/rewrite.php(47): require_once('/Applications/X...')
#10 {main}
ERROR - 2024-01-02 03:19:49 --> mysqli_sql_exception: Duplicate entry '681d0b84-a96d-45a6-9789-9b838364a46f-7ee9a4f0-c774-47f0-844a-...' for key 'absensi_id' in /Applications/XAMPP/xamppfiles/htdocs/pembelajaran/system/Database/MySQLi/Connection.php:306
Stack trace:
#0 /Applications/XAMPP/xamppfiles/htdocs/pembelajaran/system/Database/MySQLi/Connection.php(306): mysqli->query('INSERT INTO `ab...', 0)
#1 /Applications/XAMPP/xamppfiles/htdocs/pembelajaran/system/Database/BaseConnection.php(693): CodeIgniter\Database\MySQLi\Connection->execute('INSERT INTO `ab...')
#2 /Applications/XAMPP/xamppfiles/htdocs/pembelajaran/system/Database/BaseConnection.php(607): CodeIgniter\Database\BaseConnection->simpleQuery('INSERT INTO `ab...')
#3 /Applications/XAMPP/xamppfiles/htdocs/pembelajaran/system/Database/BaseBuilder.php(2308): CodeIgniter\Database\BaseConnection->query('INSERT INTO `ab...', Array, false)
#4 /Applications/XAMPP/xamppfiles/htdocs/pembelajaran/app/Controllers/MahasiswaKehadiran.php(65): CodeIgniter\Database\BaseBuilder->insert(Array)
#5 /Applications/XAMPP/xamppfiles/htdocs/pembelajaran/system/CodeIgniter.php(942): App\Controllers\MahasiswaKehadiran->autoAbsenDosen('681d0b84-a96d-4...')
#6 /Applications/XAMPP/xamppfiles/htdocs/pembelajaran/system/CodeIgniter.php(502): CodeIgniter\CodeIgniter->runController(Object(App\Controllers\MahasiswaKehadiran))
#7 /Applications/XAMPP/xamppfiles/htdocs/pembelajaran/system/CodeIgniter.php(361): CodeIgniter\CodeIgniter->handleRequest(NULL, Object(Config\Cache), false)
#8 /Applications/XAMPP/xamppfiles/htdocs/pembelajaran/public/index.php(79): CodeIgniter\CodeIgniter->run()
#9 /Applications/XAMPP/xamppfiles/htdocs/pembelajaran/system/Commands/Server/rewrite.php(47): require_once('/Applications/X...')
#10 {main}
INFO - 2024-01-02 03:21:59 --> Session: Class initialized using 'CodeIgniter\Session\Handlers\FileHandler' driver.
INFO - 2024-01-02 03:22:06 --> Session: Class initialized using 'CodeIgniter\Session\Handlers\FileHandler' driver.
INFO - 2024-01-02 03:22:06 --> Session: Class initialized using 'CodeIgniter\Session\Handlers\FileHandler' driver.
INFO - 2024-01-02 03:22:07 --> Session: Class initialized using 'CodeIgniter\Session\Handlers\FileHandler' driver.
INFO - 2024-01-02 03:22:08 --> Session: Class initialized using 'CodeIgniter\Session\Handlers\FileHandler' driver.
INFO - 2024-01-02 03:22:08 --> Session: Class initialized using 'CodeIgniter\Session\Handlers\FileHandler' driver.
INFO - 2024-01-02 03:22:10 --> Session: Class initialized using 'CodeIgniter\Session\Handlers\FileHandler' driver.
INFO - 2024-01-02 03:22:11 --> Session: Class initialized using 'CodeIgniter\Session\Handlers\FileHandler' driver.
INFO - 2024-01-02 03:22:18 --> Session: Class initialized using 'CodeIgniter\Session\Handlers\FileHandler' driver.
INFO - 2024-01-02 03:22:19 --> Session: Class initialized using 'CodeIgniter\Session\Handlers\FileHandler' driver.
INFO - 2024-01-02 03:22:19 --> Session: Class initialized using 'CodeIgniter\Session\Handlers\FileHandler' driver.
INFO - 2024-01-02 03:22:31 --> Session: Class initialized using 'CodeIgniter\Session\Handlers\FileHandler' driver.
CRITICAL - 2024-01-02 03:22:31 --> Trying to access array offset on value of type null
in APPPATH/Views/konten/mahasiswa/kehadiran/scan.php on line 43.
 1 APPPATH/Views/konten/mahasiswa/kehadiran/scan.php(43): CodeIgniter\Debug\Exceptions->errorHandler(2, 'Trying to access array offset on value of type null', '/Applications/XAMPP/xamppfiles/htdocs/pembelajaran/app/Views/konten/mahasiswa/kehadiran/scan.php', 43)
 2 SYSTEMPATH/View/View.php(228): include('/Applications/XAMPP/xamppfiles/htdocs/pembelajaran/app/Views/konten/mahasiswa/kehadiran/scan.php')
 3 SYSTEMPATH/View/View.php(231): CodeIgniter\View\View->CodeIgniter\View\{closure}()
 4 SYSTEMPATH/Common.php(1190): CodeIgniter\View\View->render('konten/mahasiswa/kehadiran/scan', [], true)
 5 APPPATH/Controllers/MahasiswaKehadiran.php(48): view('konten/mahasiswa/kehadiran/scan', [...])
 6 SYSTEMPATH/CodeIgniter.php(942): App\Controllers\MahasiswaKehadiran->scan('NjgxZDBiODQtYTk2ZC00NWE2LTk3ODktOWI4MzgzNjRhNDZm')
 7 SYSTEMPATH/CodeIgniter.php(502): CodeIgniter\CodeIgniter->runController(Object(App\Controllers\MahasiswaKehadiran))
 8 SYSTEMPATH/CodeIgniter.php(361): CodeIgniter\CodeIgniter->handleRequest(null, Object(Config\Cache), false)
 9 FCPATH/index.php(79): CodeIgniter\CodeIgniter->run()
10 SYSTEMPATH/Commands/Server/rewrite.php(47): require_once('/Applications/XAMPP/xamppfiles/htdocs/pembelajaran/public/index.php')
INFO - 2024-01-02 03:22:32 --> Session: Class initialized using 'CodeIgniter\Session\Handlers\FileHandler' driver.
INFO - 2024-01-02 03:22:33 --> Session: Class initialized using 'CodeIgniter\Session\Handlers\FileHandler' driver.
INFO - 2024-01-02 03:22:34 --> Session: Class initialized using 'CodeIgniter\Session\Handlers\FileHandler' driver.
INFO - 2024-01-02 03:22:34 --> Session: Class initialized using 'CodeIgniter\Session\Handlers\FileHandler' driver.
INFO - 2024-01-02 03:22:36 --> Session: Class initialized using 'CodeIgniter\Session\Handlers\FileHandler' driver.
INFO - 2024-01-02 03:22:36 --> Session: Class initialized using 'CodeIgniter\Session\Handlers\FileHandler' driver.
INFO - 2024-01-02 03:22:42 --> Session: Class initialized using 'CodeIgniter\Session\Handlers\FileHandler' driver.
INFO - 2024-01-02 03:23:20 --> Session: Class initialized using 'CodeIgniter\Session\Handlers\FileHandler' driver.
INFO - 2024-01-02 03:23:20 --> Session: Class initialized using 'CodeIgniter\Session\Handlers\FileHandler' driver.
INFO - 2024-01-02 03:23:22 --> Session: Class initialized using 'CodeIgniter\Session\Handlers\FileHandler' driver.
INFO - 2024-01-02 03:23:22 --> Session: Class initialized using 'CodeIgniter\Session\Handlers\FileHandler' driver.
INFO - 2024-01-02 03:25:29 --> Session: Class initialized using 'CodeIgniter\Session\Handlers\FileHandler' driver.
INFO - 2024-01-02 03:25:30 --> Session: Class initialized using 'CodeIgniter\Session\Handlers\FileHandler' driver.
INFO - 2024-01-02 03:25:34 --> Session: Class initialized using 'CodeIgniter\Session\Handlers\FileHandler' driver.
INFO - 2024-01-02 03:25:34 --> Session: Class initialized using 'CodeIgniter\Session\Handlers\FileHandler' driver.
INFO - 2024-01-02 03:25:34 --> Session: Class initialized using 'CodeIgniter\Session\Handlers\FileHandler' driver.
INFO - 2024-01-02 03:32:25 --> Session: Class initialized using 'CodeIgniter\Session\Handlers\FileHandler' driver.
INFO - 2024-01-02 03:32:25 --> Session: Class initialized using 'CodeIgniter\Session\Handlers\FileHandler' driver.
INFO - 2024-01-02 03:33:26 --> Session: Class initialized using 'CodeIgniter\Session\Handlers\FileHandler' driver.
INFO - 2024-01-02 03:33:26 --> Session: Class initialized using 'CodeIgniter\Session\Handlers\FileHandler' driver.
INFO - 2024-01-02 03:33:27 --> Session: Class initialized using 'CodeIgniter\Session\Handlers\FileHandler' driver.
INFO - 2024-01-02 03:33:27 --> Session: Class initialized using 'CodeIgniter\Session\Handlers\FileHandler' driver.
INFO - 2024-01-02 03:33:27 --> Session: Class initialized using 'CodeIgniter\Session\Handlers\FileHandler' driver.
INFO - 2024-01-02 03:33:28 --> Session: Class initialized using 'CodeIgniter\Session\Handlers\FileHandler' driver.
INFO - 2024-01-02 03:34:44 --> Session: Class initialized using 'CodeIgniter\Session\Handlers\FileHandler' driver.
INFO - 2024-01-02 03:34:45 --> Session: Class initialized using 'CodeIgniter\Session\Handlers\FileHandler' driver.
INFO - 2024-01-02 03:36:25 --> Session: Class initialized using 'CodeIgniter\Session\Handlers\FileHandler' driver.
INFO - 2024-01-02 03:36:25 --> Session: Class initialized using 'CodeIgniter\Session\Handlers\FileHandler' driver.
INFO - 2024-01-02 03:36:31 --> Session: Class initialized using 'CodeIgniter\Session\Handlers\FileHandler' driver.
INFO - 2024-01-02 03:36:31 --> Session: Class initialized using 'CodeIgniter\Session\Handlers\FileHandler' driver.
INFO - 2024-01-02 03:36:31 --> Session: Class initialized using 'CodeIgniter\Session\Handlers\FileHandler' driver.
INFO - 2024-01-02 03:44:27 --> Session: Class initialized using 'CodeIgniter\Session\Handlers\FileHandler' driver.
INFO - 2024-01-02 03:44:27 --> Session: Class initialized using 'CodeIgniter\Session\Handlers\FileHandler' driver.
INFO - 2024-01-02 03:44:37 --> Session: Class initialized using 'CodeIgniter\Session\Handlers\FileHandler' driver.
INFO - 2024-01-02 03:44:38 --> Session: Class initialized using 'CodeIgniter\Session\Handlers\FileHandler' driver.
INFO - 2024-01-02 03:44:39 --> Session: Class initialized using 'CodeIgniter\Session\Handlers\FileHandler' driver.
INFO - 2024-01-02 03:44:39 --> Session: Class initialized using 'CodeIgniter\Session\Handlers\FileHandler' driver.
INFO - 2024-01-02 03:44:41 --> Session: Class initialized using 'CodeIgniter\Session\Handlers\FileHandler' driver.
INFO - 2024-01-02 03:44:41 --> Session: Class initialized using 'CodeIgniter\Session\Handlers\FileHandler' driver.
INFO - 2024-01-02 03:44:56 --> Session: Class initialized using 'CodeIgniter\Session\Handlers\FileHandler' driver.
INFO - 2024-01-02 03:44:56 --> Session: Class initialized using 'CodeIgniter\Session\Handlers\FileHandler' driver.
INFO - 2024-01-02 03:45:28 --> Session: Class initialized using 'CodeIgniter\Session\Handlers\FileHandler' driver.
INFO - 2024-01-02 03:45:29 --> Session: Class initialized using 'CodeIgniter\Session\Handlers\FileHandler' driver.
INFO - 2024-01-02 03:46:09 --> Session: Class initialized using 'CodeIgniter\Session\Handlers\FileHandler' driver.
INFO - 2024-01-02 03:46:09 --> Session: Class initialized using 'CodeIgniter\Session\Handlers\FileHandler' driver.
INFO - 2024-01-02 03:46:24 --> Session: Class initialized using 'CodeIgniter\Session\Handlers\FileHandler' driver.
INFO - 2024-01-02 03:46:24 --> Session: Class initialized using 'CodeIgniter\Session\Handlers\FileHandler' driver.
INFO - 2024-01-02 03:46:25 --> Session: Class initialized using 'CodeIgniter\Session\Handlers\FileHandler' driver.
INFO - 2024-01-02 03:46:26 --> Session: Class initialized using 'CodeIgniter\Session\Handlers\FileHandler' driver.
INFO - 2024-01-02 03:46:26 --> Session: Class initialized using 'CodeIgniter\Session\Handlers\FileHandler' driver.
INFO - 2024-01-02 03:46:27 --> Session: Class initialized using 'CodeIgniter\Session\Handlers\FileHandler' driver.
INFO - 2024-01-02 03:46:27 --> Session: Class initialized using 'CodeIgniter\Session\Handlers\FileHandler' driver.
INFO - 2024-01-02 03:46:27 --> Session: Class initialized using 'CodeIgniter\Session\Handlers\FileHandler' driver.
INFO - 2024-01-02 03:46:28 --> Session: Class initialized using 'CodeIgniter\Session\Handlers\FileHandler' driver.
INFO - 2024-01-02 03:46:28 --> Session: Class initialized using 'CodeIgniter\Session\Handlers\FileHandler' driver.
INFO - 2024-01-02 03:46:30 --> Session: Class initialized using 'CodeIgniter\Session\Handlers\FileHandler' driver.
INFO - 2024-01-02 03:46:30 --> Session: Class initialized using 'CodeIgniter\Session\Handlers\FileHandler' driver.
INFO - 2024-01-02 03:46:30 --> Session: Class initialized using 'CodeIgniter\Session\Handlers\FileHandler' driver.
INFO - 2024-01-02 03:46:31 --> Session: Class initialized using 'CodeIgniter\Session\Handlers\FileHandler' driver.
INFO - 2024-01-02 03:46:32 --> Session: Class initialized using 'CodeIgniter\Session\Handlers\FileHandler' driver.
INFO - 2024-01-02 03:46:32 --> Session: Class initialized using 'CodeIgniter\Session\Handlers\FileHandler' driver.
INFO - 2024-01-02 03:46:32 --> Session: Class initialized using 'CodeIgniter\Session\Handlers\FileHandler' driver.
INFO - 2024-01-02 03:46:32 --> Session: Class initialized using 'CodeIgniter\Session\Handlers\FileHandler' driver.
INFO - 2024-01-02 03:50:55 --> Session: Class initialized using 'CodeIgniter\Session\Handlers\FileHandler' driver.
INFO - 2024-01-02 03:50:56 --> Session: Class initialized using 'CodeIgniter\Session\Handlers\FileHandler' driver.
INFO - 2024-01-02 03:50:56 --> Session: Class initialized using 'CodeIgniter\Session\Handlers\FileHandler' driver.
INFO - 2024-01-02 03:50:57 --> Session: Class initialized using 'CodeIgniter\Session\Handlers\FileHandler' driver.
INFO - 2024-01-02 03:51:01 --> Session: Class initialized using 'CodeIgniter\Session\Handlers\FileHandler' driver.
INFO - 2024-01-02 03:51:01 --> Session: Class initialized using 'CodeIgniter\Session\Handlers\FileHandler' driver.
INFO - 2024-01-02 03:51:02 --> Session: Class initialized using 'CodeIgniter\Session\Handlers\FileHandler' driver.
INFO - 2024-01-02 03:51:02 --> Session: Class initialized using 'CodeIgniter\Session\Handlers\FileHandler' driver.
INFO - 2024-01-02 03:51:03 --> Session: Class initialized using 'CodeIgniter\Session\Handlers\FileHandler' driver.
INFO - 2024-01-02 03:51:03 --> Session: Class initialized using 'CodeIgniter\Session\Handlers\FileHandler' driver.
INFO - 2024-01-02 03:52:21 --> Session: Class initialized using 'CodeIgniter\Session\Handlers\FileHandler' driver.
INFO - 2024-01-02 03:52:26 --> Session: Class initialized using 'CodeIgniter\Session\Handlers\FileHandler' driver.
INFO - 2024-01-02 03:52:27 --> Session: Class initialized using 'CodeIgniter\Session\Handlers\FileHandler' driver.
INFO - 2024-01-02 03:53:10 --> Session: Class initialized using 'CodeIgniter\Session\Handlers\FileHandler' driver.
INFO - 2024-01-02 03:53:10 --> Session: Class initialized using 'CodeIgniter\Session\Handlers\FileHandler' driver.
INFO - 2024-01-02 03:53:14 --> Session: Class initialized using 'CodeIgniter\Session\Handlers\FileHandler' driver.
INFO - 2024-01-02 03:53:16 --> Session: Class initialized using 'CodeIgniter\Session\Handlers\FileHandler' driver.
INFO - 2024-01-02 03:53:16 --> Session: Class initialized using 'CodeIgniter\Session\Handlers\FileHandler' driver.
INFO - 2024-01-02 03:53:48 --> Session: Class initialized using 'CodeIgniter\Session\Handlers\FileHandler' driver.
INFO - 2024-01-02 03:53:48 --> Session: Class initialized using 'CodeIgniter\Session\Handlers\FileHandler' driver.
INFO - 2024-01-02 03:54:31 --> Session: Class initialized using 'CodeIgniter\Session\Handlers\FileHandler' driver.
INFO - 2024-01-02 03:54:31 --> Session: Class initialized using 'CodeIgniter\Session\Handlers\FileHandler' driver.
INFO - 2024-01-02 03:54:51 --> Session: Class initialized using 'CodeIgniter\Session\Handlers\FileHandler' driver.
ERROR - 2024-01-02 03:54:51 --> mysqli_sql_exception: Duplicate entry '87755d7e-f7bf-4ac2-bfa0-8f2913b44779-4d1ff499-3d08-4e49-847f-...' for key 'absensi_id' in /Applications/XAMPP/xamppfiles/htdocs/pembelajaran/system/Database/MySQLi/Connection.php:306
Stack trace:
#0 /Applications/XAMPP/xamppfiles/htdocs/pembelajaran/system/Database/MySQLi/Connection.php(306): mysqli->query('INSERT INTO `ab...', 0)
#1 /Applications/XAMPP/xamppfiles/htdocs/pembelajaran/system/Database/BaseConnection.php(693): CodeIgniter\Database\MySQLi\Connection->execute('INSERT INTO `ab...')
#2 /Applications/XAMPP/xamppfiles/htdocs/pembelajaran/system/Database/BaseConnection.php(607): CodeIgniter\Database\BaseConnection->simpleQuery('INSERT INTO `ab...')
#3 /Applications/XAMPP/xamppfiles/htdocs/pembelajaran/system/Database/BaseBuilder.php(2308): CodeIgniter\Database\BaseConnection->query('INSERT INTO `ab...', Array, false)
#4 /Applications/XAMPP/xamppfiles/htdocs/pembelajaran/app/Controllers/MahasiswaKehadiran.php(66): CodeIgniter\Database\BaseBuilder->insert(Array)
#5 /Applications/XAMPP/xamppfiles/htdocs/pembelajaran/system/CodeIgniter.php(942): App\Controllers\MahasiswaKehadiran->autoAbsenDosen('87755d7e-f7bf-4...')
#6 /Applications/XAMPP/xamppfiles/htdocs/pembelajaran/system/CodeIgniter.php(502): CodeIgniter\CodeIgniter->runController(Object(App\Controllers\MahasiswaKehadiran))
#7 /Applications/XAMPP/xamppfiles/htdocs/pembelajaran/system/CodeIgniter.php(361): CodeIgniter\CodeIgniter->handleRequest(NULL, Object(Config\Cache), false)
#8 /Applications/XAMPP/xamppfiles/htdocs/pembelajaran/public/index.php(79): CodeIgniter\CodeIgniter->run()
#9 /Applications/XAMPP/xamppfiles/htdocs/pembelajaran/system/Commands/Server/rewrite.php(47): require_once('/Applications/X...')
#10 {main}
ERROR - 2024-01-02 03:54:51 --> mysqli_sql_exception: Duplicate entry '87755d7e-f7bf-4ac2-bfa0-8f2913b44779-7ee9a4f0-c774-47f0-844a-...' for key 'absensi_id' in /Applications/XAMPP/xamppfiles/htdocs/pembelajaran/system/Database/MySQLi/Connection.php:306
Stack trace:
#0 /Applications/XAMPP/xamppfiles/htdocs/pembelajaran/system/Database/MySQLi/Connection.php(306): mysqli->query('INSERT INTO `ab...', 0)
#1 /Applications/XAMPP/xamppfiles/htdocs/pembelajaran/system/Database/BaseConnection.php(693): CodeIgniter\Database\MySQLi\Connection->execute('INSERT INTO `ab...')
#2 /Applications/XAMPP/xamppfiles/htdocs/pembelajaran/system/Database/BaseConnection.php(607): CodeIgniter\Database\BaseConnection->simpleQuery('INSERT INTO `ab...')
#3 /Applications/XAMPP/xamppfiles/htdocs/pembelajaran/system/Database/BaseBuilder.php(2308): CodeIgniter\Database\BaseConnection->query('INSERT INTO `ab...', Array, false)
#4 /Applications/XAMPP/xamppfiles/htdocs/pembelajaran/app/Controllers/MahasiswaKehadiran.php(66): CodeIgniter\Database\BaseBuilder->insert(Array)
#5 /Applications/XAMPP/xamppfiles/htdocs/pembelajaran/system/CodeIgniter.php(942): App\Controllers\MahasiswaKehadiran->autoAbsenDosen('87755d7e-f7bf-4...')
#6 /Applications/XAMPP/xamppfiles/htdocs/pembelajaran/system/CodeIgniter.php(502): CodeIgniter\CodeIgniter->runController(Object(App\Controllers\MahasiswaKehadiran))
#7 /Applications/XAMPP/xamppfiles/htdocs/pembelajaran/system/CodeIgniter.php(361): CodeIgniter\CodeIgniter->handleRequest(NULL, Object(Config\Cache), false)
#8 /Applications/XAMPP/xamppfiles/htdocs/pembelajaran/public/index.php(79): CodeIgniter\CodeIgniter->run()
#9 /Applications/XAMPP/xamppfiles/htdocs/pembelajaran/system/Commands/Server/rewrite.php(47): require_once('/Applications/X...')
#10 {main}
ERROR - 2024-01-02 03:54:51 --> mysqli_sql_exception: Duplicate entry '87755d7e-f7bf-4ac2-bfa0-8f2913b44779-4c52e97c-1242-7894-8588-...' for key 'absensi_id' in /Applications/XAMPP/xamppfiles/htdocs/pembelajaran/system/Database/MySQLi/Connection.php:306
Stack trace:
#0 /Applications/XAMPP/xamppfiles/htdocs/pembelajaran/system/Database/MySQLi/Connection.php(306): mysqli->query('INSERT INTO `ab...', 0)
#1 /Applications/XAMPP/xamppfiles/htdocs/pembelajaran/system/Database/BaseConnection.php(693): CodeIgniter\Database\MySQLi\Connection->execute('INSERT INTO `ab...')
#2 /Applications/XAMPP/xamppfiles/htdocs/pembelajaran/system/Database/BaseConnection.php(607): CodeIgniter\Database\BaseConnection->simpleQuery('INSERT INTO `ab...')
#3 /Applications/XAMPP/xamppfiles/htdocs/pembelajaran/system/Database/BaseBuilder.php(2308): CodeIgniter\Database\BaseConnection->query('INSERT INTO `ab...', Array, false)
#4 /Applications/XAMPP/xamppfiles/htdocs/pembelajaran/app/Controllers/MahasiswaKehadiran.php(77): CodeIgniter\Database\BaseBuilder->insert(Array)
#5 /Applications/XAMPP/xamppfiles/htdocs/pembelajaran/system/CodeIgniter.php(942): App\Controllers\MahasiswaKehadiran->autoAbsenDosen('87755d7e-f7bf-4...')
#6 /Applications/XAMPP/xamppfiles/htdocs/pembelajaran/system/CodeIgniter.php(502): CodeIgniter\CodeIgniter->runController(Object(App\Controllers\MahasiswaKehadiran))
#7 /Applications/XAMPP/xamppfiles/htdocs/pembelajaran/system/CodeIgniter.php(361): CodeIgniter\CodeIgniter->handleRequest(NULL, Object(Config\Cache), false)
#8 /Applications/XAMPP/xamppfiles/htdocs/pembelajaran/public/index.php(79): CodeIgniter\CodeIgniter->run()
#9 /Applications/XAMPP/xamppfiles/htdocs/pembelajaran/system/Commands/Server/rewrite.php(47): require_once('/Applications/X...')
#10 {main}
INFO - 2024-01-02 03:54:54 --> Session: Class initialized using 'CodeIgniter\Session\Handlers\FileHandler' driver.
INFO - 2024-01-02 03:54:55 --> Session: Class initialized using 'CodeIgniter\Session\Handlers\FileHandler' driver.
INFO - 2024-01-02 03:54:56 --> Session: Class initialized using 'CodeIgniter\Session\Handlers\FileHandler' driver.
INFO - 2024-01-02 03:54:56 --> Session: Class initialized using 'CodeIgniter\Session\Handlers\FileHandler' driver.
INFO - 2024-01-02 03:54:57 --> Session: Class initialized using 'CodeIgniter\Session\Handlers\FileHandler' driver.
ERROR - 2024-01-02 03:54:57 --> mysqli_sql_exception: Duplicate entry '87755d7e-f7bf-4ac2-bfa0-8f2913b44779-4d1ff499-3d08-4e49-847f-...' for key 'absensi_id' in /Applications/XAMPP/xamppfiles/htdocs/pembelajaran/system/Database/MySQLi/Connection.php:306
Stack trace:
#0 /Applications/XAMPP/xamppfiles/htdocs/pembelajaran/system/Database/MySQLi/Connection.php(306): mysqli->query('INSERT INTO `ab...', 0)
#1 /Applications/XAMPP/xamppfiles/htdocs/pembelajaran/system/Database/BaseConnection.php(693): CodeIgniter\Database\MySQLi\Connection->execute('INSERT INTO `ab...')
#2 /Applications/XAMPP/xamppfiles/htdocs/pembelajaran/system/Database/BaseConnection.php(607): CodeIgniter\Database\BaseConnection->simpleQuery('INSERT INTO `ab...')
#3 /Applications/XAMPP/xamppfiles/htdocs/pembelajaran/system/Database/BaseBuilder.php(2308): CodeIgniter\Database\BaseConnection->query('INSERT INTO `ab...', Array, false)
#4 /Applications/XAMPP/xamppfiles/htdocs/pembelajaran/app/Controllers/MahasiswaKehadiran.php(66): CodeIgniter\Database\BaseBuilder->insert(Array)
#5 /Applications/XAMPP/xamppfiles/htdocs/pembelajaran/system/CodeIgniter.php(942): App\Controllers\MahasiswaKehadiran->autoAbsenDosen('87755d7e-f7bf-4...')
#6 /Applications/XAMPP/xamppfiles/htdocs/pembelajaran/system/CodeIgniter.php(502): CodeIgniter\CodeIgniter->runController(Object(App\Controllers\MahasiswaKehadiran))
#7 /Applications/XAMPP/xamppfiles/htdocs/pembelajaran/system/CodeIgniter.php(361): CodeIgniter\CodeIgniter->handleRequest(NULL, Object(Config\Cache), false)
#8 /Applications/XAMPP/xamppfiles/htdocs/pembelajaran/public/index.php(79): CodeIgniter\CodeIgniter->run()
#9 /Applications/XAMPP/xamppfiles/htdocs/pembelajaran/system/Commands/Server/rewrite.php(47): require_once('/Applications/X...')
#10 {main}
ERROR - 2024-01-02 03:54:57 --> mysqli_sql_exception: Duplicate entry '87755d7e-f7bf-4ac2-bfa0-8f2913b44779-7ee9a4f0-c774-47f0-844a-...' for key 'absensi_id' in /Applications/XAMPP/xamppfiles/htdocs/pembelajaran/system/Database/MySQLi/Connection.php:306
Stack trace:
#0 /Applications/XAMPP/xamppfiles/htdocs/pembelajaran/system/Database/MySQLi/Connection.php(306): mysqli->query('INSERT INTO `ab...', 0)
#1 /Applications/XAMPP/xamppfiles/htdocs/pembelajaran/system/Database/BaseConnection.php(693): CodeIgniter\Database\MySQLi\Connection->execute('INSERT INTO `ab...')
#2 /Applications/XAMPP/xamppfiles/htdocs/pembelajaran/system/Database/BaseConnection.php(607): CodeIgniter\Database\BaseConnection->simpleQuery('INSERT INTO `ab...')
#3 /Applications/XAMPP/xamppfiles/htdocs/pembelajaran/system/Database/BaseBuilder.php(2308): CodeIgniter\Database\BaseConnection->query('INSERT INTO `ab...', Array, false)
#4 /Applications/XAMPP/xamppfiles/htdocs/pembelajaran/app/Controllers/MahasiswaKehadiran.php(66): CodeIgniter\Database\BaseBuilder->insert(Array)
#5 /Applications/XAMPP/xamppfiles/htdocs/pembelajaran/system/CodeIgniter.php(942): App\Controllers\MahasiswaKehadiran->autoAbsenDosen('87755d7e-f7bf-4...')
#6 /Applications/XAMPP/xamppfiles/htdocs/pembelajaran/system/CodeIgniter.php(502): CodeIgniter\CodeIgniter->runController(Object(App\Controllers\MahasiswaKehadiran))
#7 /Applications/XAMPP/xamppfiles/htdocs/pembelajaran/system/CodeIgniter.php(361): CodeIgniter\CodeIgniter->handleRequest(NULL, Object(Config\Cache), false)
#8 /Applications/XAMPP/xamppfiles/htdocs/pembelajaran/public/index.php(79): CodeIgniter\CodeIgniter->run()
#9 /Applications/XAMPP/xamppfiles/htdocs/pembelajaran/system/Commands/Server/rewrite.php(47): require_once('/Applications/X...')
#10 {main}
ERROR - 2024-01-02 03:54:57 --> mysqli_sql_exception: Duplicate entry '87755d7e-f7bf-4ac2-bfa0-8f2913b44779-4c52e97c-1242-7894-8588-...' for key 'absensi_id' in /Applications/XAMPP/xamppfiles/htdocs/pembelajaran/system/Database/MySQLi/Connection.php:306
Stack trace:
#0 /Applications/XAMPP/xamppfiles/htdocs/pembelajaran/system/Database/MySQLi/Connection.php(306): mysqli->query('INSERT INTO `ab...', 0)
#1 /Applications/XAMPP/xamppfiles/htdocs/pembelajaran/system/Database/BaseConnection.php(693): CodeIgniter\Database\MySQLi\Connection->execute('INSERT INTO `ab...')
#2 /Applications/XAMPP/xamppfiles/htdocs/pembelajaran/system/Database/BaseConnection.php(607): CodeIgniter\Database\BaseConnection->simpleQuery('INSERT INTO `ab...')
#3 /Applications/XAMPP/xamppfiles/htdocs/pembelajaran/system/Database/BaseBuilder.php(2308): CodeIgniter\Database\BaseConnection->query('INSERT INTO `ab...', Array, false)
#4 /Applications/XAMPP/xamppfiles/htdocs/pembelajaran/app/Controllers/MahasiswaKehadiran.php(77): CodeIgniter\Database\BaseBuilder->insert(Array)
#5 /Applications/XAMPP/xamppfiles/htdocs/pembelajaran/system/CodeIgniter.php(942): App\Controllers\MahasiswaKehadiran->autoAbsenDosen('87755d7e-f7bf-4...')
#6 /Applications/XAMPP/xamppfiles/htdocs/pembelajaran/system/CodeIgniter.php(502): CodeIgniter\CodeIgniter->runController(Object(App\Controllers\MahasiswaKehadiran))
#7 /Applications/XAMPP/xamppfiles/htdocs/pembelajaran/system/CodeIgniter.php(361): CodeIgniter\CodeIgniter->handleRequest(NULL, Object(Config\Cache), false)
#8 /Applications/XAMPP/xamppfiles/htdocs/pembelajaran/public/index.php(79): CodeIgniter\CodeIgniter->run()
#9 /Applications/XAMPP/xamppfiles/htdocs/pembelajaran/system/Commands/Server/rewrite.php(47): require_once('/Applications/X...')
#10 {main}
INFO - 2024-01-02 03:54:59 --> Session: Class initialized using 'CodeIgniter\Session\Handlers\FileHandler' driver.
INFO - 2024-01-02 03:54:59 --> Session: Class initialized using 'CodeIgniter\Session\Handlers\FileHandler' driver.
INFO - 2024-01-02 03:55:00 --> Session: Class initialized using 'CodeIgniter\Session\Handlers\FileHandler' driver.
ERROR - 2024-01-02 03:55:00 --> mysqli_sql_exception: Duplicate entry '87755d7e-f7bf-4ac2-bfa0-8f2913b44779-4d1ff499-3d08-4e49-847f-...' for key 'absensi_id' in /Applications/XAMPP/xamppfiles/htdocs/pembelajaran/system/Database/MySQLi/Connection.php:306
Stack trace:
#0 /Applications/XAMPP/xamppfiles/htdocs/pembelajaran/system/Database/MySQLi/Connection.php(306): mysqli->query('INSERT INTO `ab...', 0)
#1 /Applications/XAMPP/xamppfiles/htdocs/pembelajaran/system/Database/BaseConnection.php(693): CodeIgniter\Database\MySQLi\Connection->execute('INSERT INTO `ab...')
#2 /Applications/XAMPP/xamppfiles/htdocs/pembelajaran/system/Database/BaseConnection.php(607): CodeIgniter\Database\BaseConnection->simpleQuery('INSERT INTO `ab...')
#3 /Applications/XAMPP/xamppfiles/htdocs/pembelajaran/system/Database/BaseBuilder.php(2308): CodeIgniter\Database\BaseConnection->query('INSERT INTO `ab...', Array, false)
#4 /Applications/XAMPP/xamppfiles/htdocs/pembelajaran/app/Controllers/MahasiswaKehadiran.php(66): CodeIgniter\Database\BaseBuilder->insert(Array)
#5 /Applications/XAMPP/xamppfiles/htdocs/pembelajaran/system/CodeIgniter.php(942): App\Controllers\MahasiswaKehadiran->autoAbsenDosen('87755d7e-f7bf-4...')
#6 /Applications/XAMPP/xamppfiles/htdocs/pembelajaran/system/CodeIgniter.php(502): CodeIgniter\CodeIgniter->runController(Object(App\Controllers\MahasiswaKehadiran))
#7 /Applications/XAMPP/xamppfiles/htdocs/pembelajaran/system/CodeIgniter.php(361): CodeIgniter\CodeIgniter->handleRequest(NULL, Object(Config\Cache), false)
#8 /Applications/XAMPP/xamppfiles/htdocs/pembelajaran/public/index.php(79): CodeIgniter\CodeIgniter->run()
#9 /Applications/XAMPP/xamppfiles/htdocs/pembelajaran/system/Commands/Server/rewrite.php(47): require_once('/Applications/X...')
#10 {main}
ERROR - 2024-01-02 03:55:00 --> mysqli_sql_exception: Duplicate entry '87755d7e-f7bf-4ac2-bfa0-8f2913b44779-7ee9a4f0-c774-47f0-844a-...' for key 'absensi_id' in /Applications/XAMPP/xamppfiles/htdocs/pembelajaran/system/Database/MySQLi/Connection.php:306
Stack trace:
#0 /Applications/XAMPP/xamppfiles/htdocs/pembelajaran/system/Database/MySQLi/Connection.php(306): mysqli->query('INSERT INTO `ab...', 0)
#1 /Applications/XAMPP/xamppfiles/htdocs/pembelajaran/system/Database/BaseConnection.php(693): CodeIgniter\Database\MySQLi\Connection->execute('INSERT INTO `ab...')
#2 /Applications/XAMPP/xamppfiles/htdocs/pembelajaran/system/Database/BaseConnection.php(607): CodeIgniter\Database\BaseConnection->simpleQuery('INSERT INTO `ab...')
#3 /Applications/XAMPP/xamppfiles/htdocs/pembelajaran/system/Database/BaseBuilder.php(2308): CodeIgniter\Database\BaseConnection->query('INSERT INTO `ab...', Array, false)
#4 /Applications/XAMPP/xamppfiles/htdocs/pembelajaran/app/Controllers/MahasiswaKehadiran.php(66): CodeIgniter\Database\BaseBuilder->insert(Array)
#5 /Applications/XAMPP/xamppfiles/htdocs/pembelajaran/system/CodeIgniter.php(942): App\Controllers\MahasiswaKehadiran->autoAbsenDosen('87755d7e-f7bf-4...')
#6 /Applications/XAMPP/xamppfiles/htdocs/pembelajaran/system/CodeIgniter.php(502): CodeIgniter\CodeIgniter->runController(Object(App\Controllers\MahasiswaKehadiran))
#7 /Applications/XAMPP/xamppfiles/htdocs/pembelajaran/system/CodeIgniter.php(361): CodeIgniter\CodeIgniter->handleRequest(NULL, Object(Config\Cache), false)
#8 /Applications/XAMPP/xamppfiles/htdocs/pembelajaran/public/index.php(79): CodeIgniter\CodeIgniter->run()
#9 /Applications/XAMPP/xamppfiles/htdocs/pembelajaran/system/Commands/Server/rewrite.php(47): require_once('/Applications/X...')
#10 {main}
ERROR - 2024-01-02 03:55:00 --> mysqli_sql_exception: Duplicate entry '87755d7e-f7bf-4ac2-bfa0-8f2913b44779-4c52e97c-1242-7894-8588-...' for key 'absensi_id' in /Applications/XAMPP/xamppfiles/htdocs/pembelajaran/system/Database/MySQLi/Connection.php:306
Stack trace:
#0 /Applications/XAMPP/xamppfiles/htdocs/pembelajaran/system/Database/MySQLi/Connection.php(306): mysqli->query('INSERT INTO `ab...', 0)
#1 /Applications/XAMPP/xamppfiles/htdocs/pembelajaran/system/Database/BaseConnection.php(693): CodeIgniter\Database\MySQLi\Connection->execute('INSERT INTO `ab...')
#2 /Applications/XAMPP/xamppfiles/htdocs/pembelajaran/system/Database/BaseConnection.php(607): CodeIgniter\Database\BaseConnection->simpleQuery('INSERT INTO `ab...')
#3 /Applications/XAMPP/xamppfiles/htdocs/pembelajaran/system/Database/BaseBuilder.php(2308): CodeIgniter\Database\BaseConnection->query('INSERT INTO `ab...', Array, false)
#4 /Applications/XAMPP/xamppfiles/htdocs/pembelajaran/app/Controllers/MahasiswaKehadiran.php(77): CodeIgniter\Database\BaseBuilder->insert(Array)
#5 /Applications/XAMPP/xamppfiles/htdocs/pembelajaran/system/CodeIgniter.php(942): App\Controllers\MahasiswaKehadiran->autoAbsenDosen('87755d7e-f7bf-4...')
#6 /Applications/XAMPP/xamppfiles/htdocs/pembelajaran/system/CodeIgniter.php(502): CodeIgniter\CodeIgniter->runController(Object(App\Controllers\MahasiswaKehadiran))
#7 /Applications/XAMPP/xamppfiles/htdocs/pembelajaran/system/CodeIgniter.php(361): CodeIgniter\CodeIgniter->handleRequest(NULL, Object(Config\Cache), false)
#8 /Applications/XAMPP/xamppfiles/htdocs/pembelajaran/public/index.php(79): CodeIgniter\CodeIgniter->run()
#9 /Applications/XAMPP/xamppfiles/htdocs/pembelajaran/system/Commands/Server/rewrite.php(47): require_once('/Applications/X...')
#10 {main}
INFO - 2024-01-02 03:55:54 --> Session: Class initialized using 'CodeIgniter\Session\Handlers\FileHandler' driver.
INFO - 2024-01-02 03:55:55 --> Session: Class initialized using 'CodeIgniter\Session\Handlers\FileHandler' driver.
INFO - 2024-01-02 03:55:56 --> Session: Class initialized using 'CodeIgniter\Session\Handlers\FileHandler' driver.
ERROR - 2024-01-02 03:55:56 --> mysqli_sql_exception: Duplicate entry '87755d7e-f7bf-4ac2-bfa0-8f2913b44779-4d1ff499-3d08-4e49-847f-...' for key 'absensi_id' in /Applications/XAMPP/xamppfiles/htdocs/pembelajaran/system/Database/MySQLi/Connection.php:306
Stack trace:
#0 /Applications/XAMPP/xamppfiles/htdocs/pembelajaran/system/Database/MySQLi/Connection.php(306): mysqli->query('INSERT INTO `ab...', 0)
#1 /Applications/XAMPP/xamppfiles/htdocs/pembelajaran/system/Database/BaseConnection.php(693): CodeIgniter\Database\MySQLi\Connection->execute('INSERT INTO `ab...')
#2 /Applications/XAMPP/xamppfiles/htdocs/pembelajaran/system/Database/BaseConnection.php(607): CodeIgniter\Database\BaseConnection->simpleQuery('INSERT INTO `ab...')
#3 /Applications/XAMPP/xamppfiles/htdocs/pembelajaran/system/Database/BaseBuilder.php(2308): CodeIgniter\Database\BaseConnection->query('INSERT INTO `ab...', Array, false)
#4 /Applications/XAMPP/xamppfiles/htdocs/pembelajaran/app/Controllers/MahasiswaKehadiran.php(66): CodeIgniter\Database\BaseBuilder->insert(Array)
#5 /Applications/XAMPP/xamppfiles/htdocs/pembelajaran/system/CodeIgniter.php(942): App\Controllers\MahasiswaKehadiran->autoAbsenDosen('87755d7e-f7bf-4...')
#6 /Applications/XAMPP/xamppfiles/htdocs/pembelajaran/system/CodeIgniter.php(502): CodeIgniter\CodeIgniter->runController(Object(App\Controllers\MahasiswaKehadiran))
#7 /Applications/XAMPP/xamppfiles/htdocs/pembelajaran/system/CodeIgniter.php(361): CodeIgniter\CodeIgniter->handleRequest(NULL, Object(Config\Cache), false)
#8 /Applications/XAMPP/xamppfiles/htdocs/pembelajaran/public/index.php(79): CodeIgniter\CodeIgniter->run()
#9 /Applications/XAMPP/xamppfiles/htdocs/pembelajaran/system/Commands/Server/rewrite.php(47): require_once('/Applications/X...')
#10 {main}
ERROR - 2024-01-02 03:55:56 --> mysqli_sql_exception: Duplicate entry '87755d7e-f7bf-4ac2-bfa0-8f2913b44779-7ee9a4f0-c774-47f0-844a-...' for key 'absensi_id' in /Applications/XAMPP/xamppfiles/htdocs/pembelajaran/system/Database/MySQLi/Connection.php:306
Stack trace:
#0 /Applications/XAMPP/xamppfiles/htdocs/pembelajaran/system/Database/MySQLi/Connection.php(306): mysqli->query('INSERT INTO `ab...', 0)
#1 /Applications/XAMPP/xamppfiles/htdocs/pembelajaran/system/Database/BaseConnection.php(693): CodeIgniter\Database\MySQLi\Connection->execute('INSERT INTO `ab...')
#2 /Applications/XAMPP/xamppfiles/htdocs/pembelajaran/system/Database/BaseConnection.php(607): CodeIgniter\Database\BaseConnection->simpleQuery('INSERT INTO `ab...')
#3 /Applications/XAMPP/xamppfiles/htdocs/pembelajaran/system/Database/BaseBuilder.php(2308): CodeIgniter\Database\BaseConnection->query('INSERT INTO `ab...', Array, false)
#4 /Applications/XAMPP/xamppfiles/htdocs/pembelajaran/app/Controllers/MahasiswaKehadiran.php(66): CodeIgniter\Database\BaseBuilder->insert(Array)
#5 /Applications/XAMPP/xamppfiles/htdocs/pembelajaran/system/CodeIgniter.php(942): App\Controllers\MahasiswaKehadiran->autoAbsenDosen('87755d7e-f7bf-4...')
#6 /Applications/XAMPP/xamppfiles/htdocs/pembelajaran/system/CodeIgniter.php(502): CodeIgniter\CodeIgniter->runController(Object(App\Controllers\MahasiswaKehadiran))
#7 /Applications/XAMPP/xamppfiles/htdocs/pembelajaran/system/CodeIgniter.php(361): CodeIgniter\CodeIgniter->handleRequest(NULL, Object(Config\Cache), false)
#8 /Applications/XAMPP/xamppfiles/htdocs/pembelajaran/public/index.php(79): CodeIgniter\CodeIgniter->run()
#9 /Applications/XAMPP/xamppfiles/htdocs/pembelajaran/system/Commands/Server/rewrite.php(47): require_once('/Applications/X...')
#10 {main}
ERROR - 2024-01-02 03:55:56 --> mysqli_sql_exception: Duplicate entry '87755d7e-f7bf-4ac2-bfa0-8f2913b44779-4c52e97c-1242-7894-8588-...' for key 'absensi_id' in /Applications/XAMPP/xamppfiles/htdocs/pembelajaran/system/Database/MySQLi/Connection.php:306
Stack trace:
#0 /Applications/XAMPP/xamppfiles/htdocs/pembelajaran/system/Database/MySQLi/Connection.php(306): mysqli->query('INSERT INTO `ab...', 0)
#1 /Applications/XAMPP/xamppfiles/htdocs/pembelajaran/system/Database/BaseConnection.php(693): CodeIgniter\Database\MySQLi\Connection->execute('INSERT INTO `ab...')
#2 /Applications/XAMPP/xamppfiles/htdocs/pembelajaran/system/Database/BaseConnection.php(607): CodeIgniter\Database\BaseConnection->simpleQuery('INSERT INTO `ab...')
#3 /Applications/XAMPP/xamppfiles/htdocs/pembelajaran/system/Database/BaseBuilder.php(2308): CodeIgniter\Database\BaseConnection->query('INSERT INTO `ab...', Array, false)
#4 /Applications/XAMPP/xamppfiles/htdocs/pembelajaran/app/Controllers/MahasiswaKehadiran.php(77): CodeIgniter\Database\BaseBuilder->insert(Array)
#5 /Applications/XAMPP/xamppfiles/htdocs/pembelajaran/system/CodeIgniter.php(942): App\Controllers\MahasiswaKehadiran->autoAbsenDosen('87755d7e-f7bf-4...')
#6 /Applications/XAMPP/xamppfiles/htdocs/pembelajaran/system/CodeIgniter.php(502): CodeIgniter\CodeIgniter->runController(Object(App\Controllers\MahasiswaKehadiran))
#7 /Applications/XAMPP/xamppfiles/htdocs/pembelajaran/system/CodeIgniter.php(361): CodeIgniter\CodeIgniter->handleRequest(NULL, Object(Config\Cache), false)
#8 /Applications/XAMPP/xamppfiles/htdocs/pembelajaran/public/index.php(79): CodeIgniter\CodeIgniter->run()
#9 /Applications/XAMPP/xamppfiles/htdocs/pembelajaran/system/Commands/Server/rewrite.php(47): require_once('/Applications/X...')
#10 {main}
INFO - 2024-01-02 03:55:56 --> Session: Class initialized using 'CodeIgniter\Session\Handlers\FileHandler' driver.
INFO - 2024-01-02 03:55:56 --> Session: Class initialized using 'CodeIgniter\Session\Handlers\FileHandler' driver.
INFO - 2024-01-02 03:57:06 --> Session: Class initialized using 'CodeIgniter\Session\Handlers\FileHandler' driver.
ERROR - 2024-01-02 03:57:06 --> mysqli_sql_exception: Duplicate entry '87755d7e-f7bf-4ac2-bfa0-8f2913b44779-4d1ff499-3d08-4e49-847f-...' for key 'absensi_id' in /Applications/XAMPP/xamppfiles/htdocs/pembelajaran/system/Database/MySQLi/Connection.php:306
Stack trace:
#0 /Applications/XAMPP/xamppfiles/htdocs/pembelajaran/system/Database/MySQLi/Connection.php(306): mysqli->query('INSERT INTO `ab...', 0)
#1 /Applications/XAMPP/xamppfiles/htdocs/pembelajaran/system/Database/BaseConnection.php(693): CodeIgniter\Database\MySQLi\Connection->execute('INSERT INTO `ab...')
#2 /Applications/XAMPP/xamppfiles/htdocs/pembelajaran/system/Database/BaseConnection.php(607): CodeIgniter\Database\BaseConnection->simpleQuery('INSERT INTO `ab...')
#3 /Applications/XAMPP/xamppfiles/htdocs/pembelajaran/system/Database/BaseBuilder.php(2308): CodeIgniter\Database\BaseConnection->query('INSERT INTO `ab...', Array, false)
#4 /Applications/XAMPP/xamppfiles/htdocs/pembelajaran/app/Controllers/MahasiswaKehadiran.php(66): CodeIgniter\Database\BaseBuilder->insert(Array)
#5 /Applications/XAMPP/xamppfiles/htdocs/pembelajaran/system/CodeIgniter.php(942): App\Controllers\MahasiswaKehadiran->autoAbsenDosen('87755d7e-f7bf-4...')
#6 /Applications/XAMPP/xamppfiles/htdocs/pembelajaran/system/CodeIgniter.php(502): CodeIgniter\CodeIgniter->runController(Object(App\Controllers\MahasiswaKehadiran))
#7 /Applications/XAMPP/xamppfiles/htdocs/pembelajaran/system/CodeIgniter.php(361): CodeIgniter\CodeIgniter->handleRequest(NULL, Object(Config\Cache), false)
#8 /Applications/XAMPP/xamppfiles/htdocs/pembelajaran/public/index.php(79): CodeIgniter\CodeIgniter->run()
#9 /Applications/XAMPP/xamppfiles/htdocs/pembelajaran/system/Commands/Server/rewrite.php(47): require_once('/Applications/X...')
#10 {main}
ERROR - 2024-01-02 03:57:06 --> mysqli_sql_exception: Duplicate entry '87755d7e-f7bf-4ac2-bfa0-8f2913b44779-7ee9a4f0-c774-47f0-844a-...' for key 'absensi_id' in /Applications/XAMPP/xamppfiles/htdocs/pembelajaran/system/Database/MySQLi/Connection.php:306
Stack trace:
#0 /Applications/XAMPP/xamppfiles/htdocs/pembelajaran/system/Database/MySQLi/Connection.php(306): mysqli->query('INSERT INTO `ab...', 0)
#1 /Applications/XAMPP/xamppfiles/htdocs/pembelajaran/system/Database/BaseConnection.php(693): CodeIgniter\Database\MySQLi\Connection->execute('INSERT INTO `ab...')
#2 /Applications/XAMPP/xamppfiles/htdocs/pembelajaran/system/Database/BaseConnection.php(607): CodeIgniter\Database\BaseConnection->simpleQuery('INSERT INTO `ab...')
#3 /Applications/XAMPP/xamppfiles/htdocs/pembelajaran/system/Database/BaseBuilder.php(2308): CodeIgniter\Database\BaseConnection->query('INSERT INTO `ab...', Array, false)
#4 /Applications/XAMPP/xamppfiles/htdocs/pembelajaran/app/Controllers/MahasiswaKehadiran.php(66): CodeIgniter\Database\BaseBuilder->insert(Array)
#5 /Applications/XAMPP/xamppfiles/htdocs/pembelajaran/system/CodeIgniter.php(942): App\Controllers\MahasiswaKehadiran->autoAbsenDosen('87755d7e-f7bf-4...')
#6 /Applications/XAMPP/xamppfiles/htdocs/pembelajaran/system/CodeIgniter.php(502): CodeIgniter\CodeIgniter->runController(Object(App\Controllers\MahasiswaKehadiran))
#7 /Applications/XAMPP/xamppfiles/htdocs/pembelajaran/system/CodeIgniter.php(361): CodeIgniter\CodeIgniter->handleRequest(NULL, Object(Config\Cache), false)
#8 /Applications/XAMPP/xamppfiles/htdocs/pembelajaran/public/index.php(79): CodeIgniter\CodeIgniter->run()
#9 /Applications/XAMPP/xamppfiles/htdocs/pembelajaran/system/Commands/Server/rewrite.php(47): require_once('/Applications/X...')
#10 {main}
ERROR - 2024-01-02 03:57:06 --> mysqli_sql_exception: Duplicate entry '87755d7e-f7bf-4ac2-bfa0-8f2913b44779-4c52e97c-1242-7894-8588-...' for key 'absensi_id' in /Applications/XAMPP/xamppfiles/htdocs/pembelajaran/system/Database/MySQLi/Connection.php:306
Stack trace:
#0 /Applications/XAMPP/xamppfiles/htdocs/pembelajaran/system/Database/MySQLi/Connection.php(306): mysqli->query('INSERT INTO `ab...', 0)
#1 /Applications/XAMPP/xamppfiles/htdocs/pembelajaran/system/Database/BaseConnection.php(693): CodeIgniter\Database\MySQLi\Connection->execute('INSERT INTO `ab...')
#2 /Applications/XAMPP/xamppfiles/htdocs/pembelajaran/system/Database/BaseConnection.php(607): CodeIgniter\Database\BaseConnection->simpleQuery('INSERT INTO `ab...')
#3 /Applications/XAMPP/xamppfiles/htdocs/pembelajaran/system/Database/BaseBuilder.php(2308): CodeIgniter\Database\BaseConnection->query('INSERT INTO `ab...', Array, false)
#4 /Applications/XAMPP/xamppfiles/htdocs/pembelajaran/app/Controllers/MahasiswaKehadiran.php(77): CodeIgniter\Database\BaseBuilder->insert(Array)
#5 /Applications/XAMPP/xamppfiles/htdocs/pembelajaran/system/CodeIgniter.php(942): App\Controllers\MahasiswaKehadiran->autoAbsenDosen('87755d7e-f7bf-4...')
#6 /Applications/XAMPP/xamppfiles/htdocs/pembelajaran/system/CodeIgniter.php(502): CodeIgniter\CodeIgniter->runController(Object(App\Controllers\MahasiswaKehadiran))
#7 /Applications/XAMPP/xamppfiles/htdocs/pembelajaran/system/CodeIgniter.php(361): CodeIgniter\CodeIgniter->handleRequest(NULL, Object(Config\Cache), false)
#8 /Applications/XAMPP/xamppfiles/htdocs/pembelajaran/public/index.php(79): CodeIgniter\CodeIgniter->run()
#9 /Applications/XAMPP/xamppfiles/htdocs/pembelajaran/system/Commands/Server/rewrite.php(47): require_once('/Applications/X...')
#10 {main}
INFO - 2024-01-02 03:57:06 --> Session: Class initialized using 'CodeIgniter\Session\Handlers\FileHandler' driver.
INFO - 2024-01-02 03:57:06 --> Session: Class initialized using 'CodeIgniter\Session\Handlers\FileHandler' driver.
INFO - 2024-01-02 03:57:14 --> Session: Class initialized using 'CodeIgniter\Session\Handlers\FileHandler' driver.
ERROR - 2024-01-02 03:57:14 --> mysqli_sql_exception: Duplicate entry '87755d7e-f7bf-4ac2-bfa0-8f2913b44779-4d1ff499-3d08-4e49-847f-...' for key 'absensi_id' in /Applications/XAMPP/xamppfiles/htdocs/pembelajaran/system/Database/MySQLi/Connection.php:306
Stack trace:
#0 /Applications/XAMPP/xamppfiles/htdocs/pembelajaran/system/Database/MySQLi/Connection.php(306): mysqli->query('INSERT INTO `ab...', 0)
#1 /Applications/XAMPP/xamppfiles/htdocs/pembelajaran/system/Database/BaseConnection.php(693): CodeIgniter\Database\MySQLi\Connection->execute('INSERT INTO `ab...')
#2 /Applications/XAMPP/xamppfiles/htdocs/pembelajaran/system/Database/BaseConnection.php(607): CodeIgniter\Database\BaseConnection->simpleQuery('INSERT INTO `ab...')
#3 /Applications/XAMPP/xamppfiles/htdocs/pembelajaran/system/Database/BaseBuilder.php(2308): CodeIgniter\Database\BaseConnection->query('INSERT INTO `ab...', Array, false)
#4 /Applications/XAMPP/xamppfiles/htdocs/pembelajaran/app/Controllers/MahasiswaKehadiran.php(66): CodeIgniter\Database\BaseBuilder->insert(Array)
#5 /Applications/XAMPP/xamppfiles/htdocs/pembelajaran/system/CodeIgniter.php(942): App\Controllers\MahasiswaKehadiran->autoAbsenDosen('87755d7e-f7bf-4...')
#6 /Applications/XAMPP/xamppfiles/htdocs/pembelajaran/system/CodeIgniter.php(502): CodeIgniter\CodeIgniter->runController(Object(App\Controllers\MahasiswaKehadiran))
#7 /Applications/XAMPP/xamppfiles/htdocs/pembelajaran/system/CodeIgniter.php(361): CodeIgniter\CodeIgniter->handleRequest(NULL, Object(Config\Cache), false)
#8 /Applications/XAMPP/xamppfiles/htdocs/pembelajaran/public/index.php(79): CodeIgniter\CodeIgniter->run()
#9 /Applications/XAMPP/xamppfiles/htdocs/pembelajaran/system/Commands/Server/rewrite.php(47): require_once('/Applications/X...')
#10 {main}
ERROR - 2024-01-02 03:57:14 --> mysqli_sql_exception: Duplicate entry '87755d7e-f7bf-4ac2-bfa0-8f2913b44779-4c52e97c-1242-7894-8588-...' for key 'absensi_id' in /Applications/XAMPP/xamppfiles/htdocs/pembelajaran/system/Database/MySQLi/Connection.php:306
Stack trace:
#0 /Applications/XAMPP/xamppfiles/htdocs/pembelajaran/system/Database/MySQLi/Connection.php(306): mysqli->query('INSERT INTO `ab...', 0)
#1 /Applications/XAMPP/xamppfiles/htdocs/pembelajaran/system/Database/BaseConnection.php(693): CodeIgniter\Database\MySQLi\Connection->execute('INSERT INTO `ab...')
#2 /Applications/XAMPP/xamppfiles/htdocs/pembelajaran/system/Database/BaseConnection.php(607): CodeIgniter\Database\BaseConnection->simpleQuery('INSERT INTO `ab...')
#3 /Applications/XAMPP/xamppfiles/htdocs/pembelajaran/system/Database/BaseBuilder.php(2308): CodeIgniter\Database\BaseConnection->query('INSERT INTO `ab...', Array, false)
#4 /Applications/XAMPP/xamppfiles/htdocs/pembelajaran/app/Controllers/MahasiswaKehadiran.php(77): CodeIgniter\Database\BaseBuilder->insert(Array)
#5 /Applications/XAMPP/xamppfiles/htdocs/pembelajaran/system/CodeIgniter.php(942): App\Controllers\MahasiswaKehadiran->autoAbsenDosen('87755d7e-f7bf-4...')
#6 /Applications/XAMPP/xamppfiles/htdocs/pembelajaran/system/CodeIgniter.php(502): CodeIgniter\CodeIgniter->runController(Object(App\Controllers\MahasiswaKehadiran))
#7 /Applications/XAMPP/xamppfiles/htdocs/pembelajaran/system/CodeIgniter.php(361): CodeIgniter\CodeIgniter->handleRequest(NULL, Object(Config\Cache), false)
#8 /Applications/XAMPP/xamppfiles/htdocs/pembelajaran/public/index.php(79): CodeIgniter\CodeIgniter->run()
#9 /Applications/XAMPP/xamppfiles/htdocs/pembelajaran/system/Commands/Server/rewrite.php(47): require_once('/Applications/X...')
#10 {main}
INFO - 2024-01-02 03:57:14 --> Session: Class initialized using 'CodeIgniter\Session\Handlers\FileHandler' driver.
INFO - 2024-01-02 03:57:14 --> Session: Class initialized using 'CodeIgniter\Session\Handlers\FileHandler' driver.
INFO - 2024-01-02 03:59:39 --> Session: Class initialized using 'CodeIgniter\Session\Handlers\FileHandler' driver.
INFO - 2024-01-02 03:59:40 --> Session: Class initialized using 'CodeIgniter\Session\Handlers\FileHandler' driver.
INFO - 2024-01-02 03:59:42 --> Session: Class initialized using 'CodeIgniter\Session\Handlers\FileHandler' driver.
INFO - 2024-01-02 03:59:42 --> Session: Class initialized using 'CodeIgniter\Session\Handlers\FileHandler' driver.
INFO - 2024-01-02 03:59:43 --> Session: Class initialized using 'CodeIgniter\Session\Handlers\FileHandler' driver.
INFO - 2024-01-02 03:59:47 --> Session: Class initialized using 'CodeIgniter\Session\Handlers\FileHandler' driver.
INFO - 2024-01-02 03:59:48 --> Session: Class initialized using 'CodeIgniter\Session\Handlers\FileHandler' driver.
INFO - 2024-01-02 03:59:53 --> Session: Class initialized using 'CodeIgniter\Session\Handlers\FileHandler' driver.
INFO - 2024-01-02 03:59:53 --> Session: Class initialized using 'CodeIgniter\Session\Handlers\FileHandler' driver.
INFO - 2024-01-02 03:59:53 --> Session: Class initialized using 'CodeIgniter\Session\Handlers\FileHandler' driver.
INFO - 2024-01-02 03:59:59 --> Session: Class initialized using 'CodeIgniter\Session\Handlers\FileHandler' driver.
INFO - 2024-01-02 03:59:59 --> Session: Class initialized using 'CodeIgniter\Session\Handlers\FileHandler' driver.
INFO - 2024-01-02 03:59:59 --> Session: Class initialized using 'CodeIgniter\Session\Handlers\FileHandler' driver.
INFO - 2024-01-02 04:00:02 --> Session: Class initialized using 'CodeIgniter\Session\Handlers\FileHandler' driver.
INFO - 2024-01-02 04:00:02 --> Session: Class initialized using 'CodeIgniter\Session\Handlers\FileHandler' driver.
INFO - 2024-01-02 04:00:02 --> Session: Class initialized using 'CodeIgniter\Session\Handlers\FileHandler' driver.
INFO - 2024-01-02 04:00:09 --> Session: Class initialized using 'CodeIgniter\Session\Handlers\FileHandler' driver.
INFO - 2024-01-02 04:00:09 --> Session: Class initialized using 'CodeIgniter\Session\Handlers\FileHandler' driver.
INFO - 2024-01-02 04:00:09 --> Session: Class initialized using 'CodeIgniter\Session\Handlers\FileHandler' driver.
INFO - 2024-01-02 04:00:12 --> Session: Class initialized using 'CodeIgniter\Session\Handlers\FileHandler' driver.
INFO - 2024-01-02 04:00:12 --> Session: Class initialized using 'CodeIgniter\Session\Handlers\FileHandler' driver.
INFO - 2024-01-02 04:02:37 --> Session: Class initialized using 'CodeIgniter\Session\Handlers\FileHandler' driver.
INFO - 2024-01-02 04:02:38 --> Session: Class initialized using 'CodeIgniter\Session\Handlers\FileHandler' driver.
INFO - 2024-01-02 04:02:44 --> Session: Class initialized using 'CodeIgniter\Session\Handlers\FileHandler' driver.
INFO - 2024-01-02 04:02:44 --> Session: Class initialized using 'CodeIgniter\Session\Handlers\FileHandler' driver.
INFO - 2024-01-02 04:02:44 --> Session: Class initialized using 'CodeIgniter\Session\Handlers\FileHandler' driver.
INFO - 2024-01-02 04:03:13 --> Session: Class initialized using 'CodeIgniter\Session\Handlers\FileHandler' driver.
INFO - 2024-01-02 04:03:14 --> Session: Class initialized using 'CodeIgniter\Session\Handlers\FileHandler' driver.
INFO - 2024-01-02 04:03:16 --> Session: Class initialized using 'CodeIgniter\Session\Handlers\FileHandler' driver.
INFO - 2024-01-02 04:03:16 --> Session: Class initialized using 'CodeIgniter\Session\Handlers\FileHandler' driver.
INFO - 2024-01-02 04:03:16 --> Session: Class initialized using 'CodeIgniter\Session\Handlers\FileHandler' driver.
INFO - 2024-01-02 04:03:20 --> Session: Class initialized using 'CodeIgniter\Session\Handlers\FileHandler' driver.
INFO - 2024-01-02 04:03:20 --> Session: Class initialized using 'CodeIgniter\Session\Handlers\FileHandler' driver.
INFO - 2024-01-02 04:03:21 --> Session: Class initialized using 'CodeIgniter\Session\Handlers\FileHandler' driver.
INFO - 2024-01-02 04:03:23 --> Session: Class initialized using 'CodeIgniter\Session\Handlers\FileHandler' driver.
INFO - 2024-01-02 04:03:23 --> Session: Class initialized using 'CodeIgniter\Session\Handlers\FileHandler' driver.
INFO - 2024-01-02 04:03:24 --> Session: Class initialized using 'CodeIgniter\Session\Handlers\FileHandler' driver.
INFO - 2024-01-02 04:03:27 --> Session: Class initialized using 'CodeIgniter\Session\Handlers\FileHandler' driver.
INFO - 2024-01-02 04:03:27 --> Session: Class initialized using 'CodeIgniter\Session\Handlers\FileHandler' driver.
INFO - 2024-01-02 04:03:27 --> Session: Class initialized using 'CodeIgniter\Session\Handlers\FileHandler' driver.
INFO - 2024-01-02 04:04:11 --> Session: Class initialized using 'CodeIgniter\Session\Handlers\FileHandler' driver.
INFO - 2024-01-02 04:04:11 --> Session: Class initialized using 'CodeIgniter\Session\Handlers\FileHandler' driver.
INFO - 2024-01-02 04:04:14 --> Session: Class initialized using 'CodeIgniter\Session\Handlers\FileHandler' driver.
INFO - 2024-01-02 04:04:14 --> Session: Class initialized using 'CodeIgniter\Session\Handlers\FileHandler' driver.
INFO - 2024-01-02 04:04:14 --> Session: Class initialized using 'CodeIgniter\Session\Handlers\FileHandler' driver.
INFO - 2024-01-02 04:04:20 --> Session: Class initialized using 'CodeIgniter\Session\Handlers\FileHandler' driver.
INFO - 2024-01-02 04:04:20 --> Session: Class initialized using 'CodeIgniter\Session\Handlers\FileHandler' driver.
INFO - 2024-01-02 04:04:20 --> Session: Class initialized using 'CodeIgniter\Session\Handlers\FileHandler' driver.
INFO - 2024-01-02 04:07:38 --> Session: Class initialized using 'CodeIgniter\Session\Handlers\FileHandler' driver.
INFO - 2024-01-02 04:07:38 --> Session: Class initialized using 'CodeIgniter\Session\Handlers\FileHandler' driver.
INFO - 2024-01-02 04:07:39 --> Session: Class initialized using 'CodeIgniter\Session\Handlers\FileHandler' driver.
INFO - 2024-01-02 04:07:43 --> Session: Class initialized using 'CodeIgniter\Session\Handlers\FileHandler' driver.
INFO - 2024-01-02 04:07:43 --> Session: Class initialized using 'CodeIgniter\Session\Handlers\FileHandler' driver.
INFO - 2024-01-02 04:08:25 --> Session: Class initialized using 'CodeIgniter\Session\Handlers\FileHandler' driver.
INFO - 2024-01-02 04:08:25 --> Session: Class initialized using 'CodeIgniter\Session\Handlers\FileHandler' driver.
INFO - 2024-01-02 04:08:26 --> Session: Class initialized using 'CodeIgniter\Session\Handlers\FileHandler' driver.
INFO - 2024-01-02 04:08:26 --> Session: Class initialized using 'CodeIgniter\Session\Handlers\FileHandler' driver.
INFO - 2024-01-02 04:08:27 --> Session: Class initialized using 'CodeIgniter\Session\Handlers\FileHandler' driver.
INFO - 2024-01-02 04:08:27 --> Session: Class initialized using 'CodeIgniter\Session\Handlers\FileHandler' driver.
INFO - 2024-01-02 04:08:27 --> Session: Class initialized using 'CodeIgniter\Session\Handlers\FileHandler' driver.
INFO - 2024-01-02 04:08:28 --> Session: Class initialized using 'CodeIgniter\Session\Handlers\FileHandler' driver.
INFO - 2024-01-02 04:08:28 --> Session: Class initialized using 'CodeIgniter\Session\Handlers\FileHandler' driver.
INFO - 2024-01-02 04:08:29 --> Session: Class initialized using 'CodeIgniter\Session\Handlers\FileHandler' driver.
INFO - 2024-01-02 04:08:30 --> Session: Class initialized using 'CodeIgniter\Session\Handlers\FileHandler' driver.
INFO - 2024-01-02 04:08:30 --> Session: Class initialized using 'CodeIgniter\Session\Handlers\FileHandler' driver.
INFO - 2024-01-02 04:09:39 --> Session: Class initialized using 'CodeIgniter\Session\Handlers\FileHandler' driver.
INFO - 2024-01-02 04:09:40 --> Session: Class initialized using 'CodeIgniter\Session\Handlers\FileHandler' driver.
INFO - 2024-01-02 04:09:50 --> Session: Class initialized using 'CodeIgniter\Session\Handlers\FileHandler' driver.
INFO - 2024-01-02 04:09:50 --> Session: Class initialized using 'CodeIgniter\Session\Handlers\FileHandler' driver.
INFO - 2024-01-02 04:10:24 --> Session: Class initialized using 'CodeIgniter\Session\Handlers\FileHandler' driver.
INFO - 2024-01-02 04:10:24 --> Session: Class initialized using 'CodeIgniter\Session\Handlers\FileHandler' driver.
INFO - 2024-01-02 04:10:33 --> Session: Class initialized using 'CodeIgniter\Session\Handlers\FileHandler' driver.
INFO - 2024-01-02 04:10:34 --> Session: Class initialized using 'CodeIgniter\Session\Handlers\FileHandler' driver.
INFO - 2024-01-02 04:10:48 --> Session: Class initialized using 'CodeIgniter\Session\Handlers\FileHandler' driver.
INFO - 2024-01-02 04:10:48 --> Session: Class initialized using 'CodeIgniter\Session\Handlers\FileHandler' driver.
INFO - 2024-01-02 04:10:49 --> Session: Class initialized using 'CodeIgniter\Session\Handlers\FileHandler' driver.
INFO - 2024-01-02 04:10:49 --> Session: Class initialized using 'CodeIgniter\Session\Handlers\FileHandler' driver.
INFO - 2024-01-02 04:10:51 --> Session: Class initialized using 'CodeIgniter\Session\Handlers\FileHandler' driver.
INFO - 2024-01-02 04:10:51 --> Session: Class initialized using 'CodeIgniter\Session\Handlers\FileHandler' driver.
INFO - 2024-01-02 04:10:54 --> Session: Class initialized using 'CodeIgniter\Session\Handlers\FileHandler' driver.
INFO - 2024-01-02 04:10:54 --> Session: Class initialized using 'CodeIgniter\Session\Handlers\FileHandler' driver.
INFO - 2024-01-02 04:10:55 --> Session: Class initialized using 'CodeIgniter\Session\Handlers\FileHandler' driver.
INFO - 2024-01-02 04:10:56 --> Session: Class initialized using 'CodeIgniter\Session\Handlers\FileHandler' driver.
INFO - 2024-01-02 04:10:59 --> Session: Class initialized using 'CodeIgniter\Session\Handlers\FileHandler' driver.
INFO - 2024-01-02 04:10:59 --> Session: Class initialized using 'CodeIgniter\Session\Handlers\FileHandler' driver.
INFO - 2024-01-02 04:11:38 --> Session: Class initialized using 'CodeIgniter\Session\Handlers\FileHandler' driver.
INFO - 2024-01-02 04:11:38 --> Session: Class initialized using 'CodeIgniter\Session\Handlers\FileHandler' driver.
INFO - 2024-01-02 04:12:00 --> Session: Class initialized using 'CodeIgniter\Session\Handlers\FileHandler' driver.
INFO - 2024-01-02 04:12:00 --> Session: Class initialized using 'CodeIgniter\Session\Handlers\FileHandler' driver.
INFO - 2024-01-02 04:12:48 --> Session: Class initialized using 'CodeIgniter\Session\Handlers\FileHandler' driver.
INFO - 2024-01-02 04:12:48 --> Session: Class initialized using 'CodeIgniter\Session\Handlers\FileHandler' driver.
INFO - 2024-01-02 04:12:49 --> Session: Class initialized using 'CodeIgniter\Session\Handlers\FileHandler' driver.
INFO - 2024-01-02 04:12:49 --> Session: Class initialized using 'CodeIgniter\Session\Handlers\FileHandler' driver.
INFO - 2024-01-02 04:13:02 --> Session: Class initialized using 'CodeIgniter\Session\Handlers\FileHandler' driver.
INFO - 2024-01-02 04:13:03 --> Session: Class initialized using 'CodeIgniter\Session\Handlers\FileHandler' driver.
INFO - 2024-01-02 04:13:18 --> Session: Class initialized using 'CodeIgniter\Session\Handlers\FileHandler' driver.
INFO - 2024-01-02 04:13:18 --> Session: Class initialized using 'CodeIgniter\Session\Handlers\FileHandler' driver.
INFO - 2024-01-02 04:13:22 --> Session: Class initialized using 'CodeIgniter\Session\Handlers\FileHandler' driver.
INFO - 2024-01-02 04:13:22 --> Session: Class initialized using 'CodeIgniter\Session\Handlers\FileHandler' driver.
INFO - 2024-01-02 07:21:41 --> Session: Class initialized using 'CodeIgniter\Session\Handlers\FileHandler' driver.
INFO - 2024-01-02 07:21:41 --> Session: Class initialized using 'CodeIgniter\Session\Handlers\FileHandler' driver.
INFO - 2024-01-02 07:21:45 --> Session: Class initialized using 'CodeIgniter\Session\Handlers\FileHandler' driver.
INFO - 2024-01-02 07:21:45 --> Session: Class initialized using 'CodeIgniter\Session\Handlers\FileHandler' driver.
INFO - 2024-01-02 07:21:46 --> Session: Class initialized using 'CodeIgniter\Session\Handlers\FileHandler' driver.
INFO - 2024-01-02 07:21:47 --> Session: Class initialized using 'CodeIgniter\Session\Handlers\FileHandler' driver.
INFO - 2024-01-02 07:21:47 --> Session: Class initialized using 'CodeIgniter\Session\Handlers\FileHandler' driver.
INFO - 2024-01-02 07:21:49 --> Session: Class initialized using 'CodeIgniter\Session\Handlers\FileHandler' driver.
INFO - 2024-01-02 07:21:49 --> Session: Class initialized using 'CodeIgniter\Session\Handlers\FileHandler' driver.
INFO - 2024-01-02 07:21:52 --> Session: Class initialized using 'CodeIgniter\Session\Handlers\FileHandler' driver.
INFO - 2024-01-02 07:21:52 --> Session: Class initialized using 'CodeIgniter\Session\Handlers\FileHandler' driver.
INFO - 2024-01-02 07:25:32 --> Session: Class initialized using 'CodeIgniter\Session\Handlers\FileHandler' driver.
INFO - 2024-01-02 07:25:32 --> Session: Class initialized using 'CodeIgniter\Session\Handlers\FileHandler' driver.
INFO - 2024-01-02 07:25:33 --> Session: Class initialized using 'CodeIgniter\Session\Handlers\FileHandler' driver.
INFO - 2024-01-02 07:25:38 --> Session: Class initialized using 'CodeIgniter\Session\Handlers\FileHandler' driver.
INFO - 2024-01-02 07:25:38 --> Session: Class initialized using 'CodeIgniter\Session\Handlers\FileHandler' driver.
INFO - 2024-01-02 07:25:40 --> Session: Class initialized using 'CodeIgniter\Session\Handlers\FileHandler' driver.
INFO - 2024-01-02 07:25:40 --> Session: Class initialized using 'CodeIgniter\Session\Handlers\FileHandler' driver.
INFO - 2024-01-02 07:28:16 --> Session: Class initialized using 'CodeIgniter\Session\Handlers\FileHandler' driver.
INFO - 2024-01-02 07:28:16 --> Session: Class initialized using 'CodeIgniter\Session\Handlers\FileHandler' driver.
INFO - 2024-01-02 07:28:37 --> Session: Class initialized using 'CodeIgniter\Session\Handlers\FileHandler' driver.
INFO - 2024-01-02 07:28:37 --> Session: Class initialized using 'CodeIgniter\Session\Handlers\FileHandler' driver.
INFO - 2024-01-02 07:28:38 --> Session: Class initialized using 'CodeIgniter\Session\Handlers\FileHandler' driver.
INFO - 2024-01-02 07:28:39 --> Session: Class initialized using 'CodeIgniter\Session\Handlers\FileHandler' driver.
INFO - 2024-01-02 07:31:13 --> Session: Class initialized using 'CodeIgniter\Session\Handlers\FileHandler' driver.
INFO - 2024-01-02 07:31:13 --> Session: Class initialized using 'CodeIgniter\Session\Handlers\FileHandler' driver.
INFO - 2024-01-02 07:31:13 --> Session: Class initialized using 'CodeIgniter\Session\Handlers\FileHandler' driver.
INFO - 2024-01-02 07:31:21 --> Session: Class initialized using 'CodeIgniter\Session\Handlers\FileHandler' driver.
INFO - 2024-01-02 07:31:21 --> Session: Class initialized using 'CodeIgniter\Session\Handlers\FileHandler' driver.
INFO - 2024-01-02 07:31:21 --> Session: Class initialized using 'CodeIgniter\Session\Handlers\FileHandler' driver.
INFO - 2024-01-02 07:31:50 --> Session: Class initialized using 'CodeIgniter\Session\Handlers\FileHandler' driver.
INFO - 2024-01-02 07:31:51 --> Session: Class initialized using 'CodeIgniter\Session\Handlers\FileHandler' driver.
INFO - 2024-01-02 07:31:52 --> Session: Class initialized using 'CodeIgniter\Session\Handlers\FileHandler' driver.
INFO - 2024-01-02 07:31:53 --> Session: Class initialized using 'CodeIgniter\Session\Handlers\FileHandler' driver.
INFO - 2024-01-02 07:32:08 --> Session: Class initialized using 'CodeIgniter\Session\Handlers\FileHandler' driver.
INFO - 2024-01-02 07:32:08 --> Session: Class initialized using 'CodeIgniter\Session\Handlers\FileHandler' driver.
INFO - 2024-01-02 07:36:38 --> Session: Class initialized using 'CodeIgniter\Session\Handlers\FileHandler' driver.
INFO - 2024-01-02 07:36:38 --> Session: Class initialized using 'CodeIgniter\Session\Handlers\FileHandler' driver.
INFO - 2024-01-02 07:37:16 --> Session: Class initialized using 'CodeIgniter\Session\Handlers\FileHandler' driver.
INFO - 2024-01-02 07:37:16 --> Session: Class initialized using 'CodeIgniter\Session\Handlers\FileHandler' driver.
INFO - 2024-01-02 07:37:24 --> Session: Class initialized using 'CodeIgniter\Session\Handlers\FileHandler' driver.
INFO - 2024-01-02 07:37:24 --> Session: Class initialized using 'CodeIgniter\Session\Handlers\FileHandler' driver.
INFO - 2024-01-02 07:37:24 --> Session: Class initialized using 'CodeIgniter\Session\Handlers\FileHandler' driver.
INFO - 2024-01-02 07:37:25 --> Session: Class initialized using 'CodeIgniter\Session\Handlers\FileHandler' driver.
INFO - 2024-01-02 07:37:25 --> Session: Class initialized using 'CodeIgniter\Session\Handlers\FileHandler' driver.
INFO - 2024-01-02 07:37:27 --> Session: Class initialized using 'CodeIgniter\Session\Handlers\FileHandler' driver.
INFO - 2024-01-02 07:37:27 --> Session: Class initialized using 'CodeIgniter\Session\Handlers\FileHandler' driver.
INFO - 2024-01-02 07:37:37 --> Session: Class initialized using 'CodeIgniter\Session\Handlers\FileHandler' driver.
INFO - 2024-01-02 07:37:37 --> Session: Class initialized using 'CodeIgniter\Session\Handlers\FileHandler' driver.
INFO - 2024-01-02 07:37:39 --> Session: Class initialized using 'CodeIgniter\Session\Handlers\FileHandler' driver.
INFO - 2024-01-02 07:37:40 --> Session: Class initialized using 'CodeIgniter\Session\Handlers\FileHandler' driver.
INFO - 2024-01-02 07:49:17 --> Session: Class initialized using 'CodeIgniter\Session\Handlers\FileHandler' driver.
INFO - 2024-01-02 07:49:18 --> Session: Class initialized using 'CodeIgniter\Session\Handlers\FileHandler' driver.
INFO - 2024-01-02 07:50:50 --> Session: Class initialized using 'CodeIgniter\Session\Handlers\FileHandler' driver.
INFO - 2024-01-02 07:50:51 --> Session: Class initialized using 'CodeIgniter\Session\Handlers\FileHandler' driver.
INFO - 2024-01-02 07:51:51 --> Session: Class initialized using 'CodeIgniter\Session\Handlers\FileHandler' driver.
INFO - 2024-01-02 07:51:52 --> Session: Class initialized using 'CodeIgniter\Session\Handlers\FileHandler' driver.
INFO - 2024-01-02 07:52:48 --> Session: Class initialized using 'CodeIgniter\Session\Handlers\FileHandler' driver.
INFO - 2024-01-02 07:56:32 --> Session: Class initialized using 'CodeIgniter\Session\Handlers\FileHandler' driver.
CRITICAL - 2024-01-02 07:56:32 --> Call to undefined method App\Models\Dosen\RencanaModel::getKelas
in SYSTEMPATH/Model.php on line 873.
 1 APPPATH/Controllers/DosenRencana.php(163): CodeIgniter\Model->__call('getKelas', [...])
 2 SYSTEMPATH/CodeIgniter.php(942): App\Controllers\DosenRencana->kelas('MWJhMjBkMjktZDVmZC00NDFmLTk3NWYtOWYwMjY4YmJkODgz')
 3 SYSTEMPATH/CodeIgniter.php(502): CodeIgniter\CodeIgniter->runController(Object(App\Controllers\DosenRencana))
 4 SYSTEMPATH/CodeIgniter.php(361): CodeIgniter\CodeIgniter->handleRequest(null, Object(Config\Cache), false)
 5 FCPATH/index.php(79): CodeIgniter\CodeIgniter->run()
 6 SYSTEMPATH/Commands/Server/rewrite.php(47): require_once('/Applications/XAMPP/xamppfiles/htdocs/pembelajaran/public/index.php')
INFO - 2024-01-02 08:17:12 --> Session: Class initialized using 'CodeIgniter\Session\Handlers\FileHandler' driver.
CRITICAL - 2024-01-02 08:17:12 --> Undefined variable $jadwal
in APPPATH/Views/konten/dosen/rencana/kelas.php on line 18.
 1 APPPATH/Views/konten/dosen/rencana/kelas.php(18): CodeIgniter\Debug\Exceptions->errorHandler(2, 'Undefined variable $jadwal', '/Applications/XAMPP/xamppfiles/htdocs/pembelajaran/app/Views/konten/dosen/rencana/kelas.php', 18)
 2 SYSTEMPATH/View/View.php(228): include('/Applications/XAMPP/xamppfiles/htdocs/pembelajaran/app/Views/konten/dosen/rencana/kelas.php')
 3 SYSTEMPATH/View/View.php(231): CodeIgniter\View\View->CodeIgniter\View\{closure}()
 4 SYSTEMPATH/Common.php(1190): CodeIgniter\View\View->render('konten/dosen/rencana/kelas', [], true)
 5 APPPATH/Controllers/DosenRencana.php(168): view('konten/dosen/rencana/kelas', [...])
 6 SYSTEMPATH/CodeIgniter.php(942): App\Controllers\DosenRencana->kelas('MWJhMjBkMjktZDVmZC00NDFmLTk3NWYtOWYwMjY4YmJkODgz')
 7 SYSTEMPATH/CodeIgniter.php(502): CodeIgniter\CodeIgniter->runController(Object(App\Controllers\DosenRencana))
 8 SYSTEMPATH/CodeIgniter.php(361): CodeIgniter\CodeIgniter->handleRequest(null, Object(Config\Cache), false)
 9 FCPATH/index.php(79): CodeIgniter\CodeIgniter->run()
10 SYSTEMPATH/Commands/Server/rewrite.php(47): require_once('/Applications/XAMPP/xamppfiles/htdocs/pembelajaran/public/index.php')
INFO - 2024-01-02 08:20:24 --> Session: Class initialized using 'CodeIgniter\Session\Handlers\FileHandler' driver.
INFO - 2024-01-02 08:20:25 --> Session: Class initialized using 'CodeIgniter\Session\Handlers\FileHandler' driver.
INFO - 2024-01-02 08:20:26 --> Session: Class initialized using 'CodeIgniter\Session\Handlers\FileHandler' driver.
CRITICAL - 2024-01-02 08:20:26 --> Undefined variable $rencana
in APPPATH/Views/konten/dosen/rencana/kelas.php on line 38.
 1 APPPATH/Views/konten/dosen/rencana/kelas.php(38): CodeIgniter\Debug\Exceptions->errorHandler(2, 'Undefined variable $rencana', '/Applications/XAMPP/xamppfiles/htdocs/pembelajaran/app/Views/konten/dosen/rencana/kelas.php', 38)
 2 SYSTEMPATH/View/View.php(228): include('/Applications/XAMPP/xamppfiles/htdocs/pembelajaran/app/Views/konten/dosen/rencana/kelas.php')
 3 SYSTEMPATH/View/View.php(231): CodeIgniter\View\View->CodeIgniter\View\{closure}()
 4 SYSTEMPATH/Common.php(1190): CodeIgniter\View\View->render('konten/dosen/rencana/kelas', [], true)
 5 APPPATH/Controllers/DosenRencana.php(169): view('konten/dosen/rencana/kelas', [...])
 6 SYSTEMPATH/CodeIgniter.php(942): App\Controllers\DosenRencana->kelas('MWJhMjBkMjktZDVmZC00NDFmLTk3NWYtOWYwMjY4YmJkODgz', 'MzJlMTI3NWYtZjIyNy00MWU2LTkyOTgtYjY1MjFiNzBkMDBm')
 7 SYSTEMPATH/CodeIgniter.php(502): CodeIgniter\CodeIgniter->runController(Object(App\Controllers\DosenRencana))
 8 SYSTEMPATH/CodeIgniter.php(361): CodeIgniter\CodeIgniter->handleRequest(null, Object(Config\Cache), false)
 9 FCPATH/index.php(79): CodeIgniter\CodeIgniter->run()
10 SYSTEMPATH/Commands/Server/rewrite.php(47): require_once('/Applications/XAMPP/xamppfiles/htdocs/pembelajaran/public/index.php')
INFO - 2024-01-02 08:21:16 --> Session: Class initialized using 'CodeIgniter\Session\Handlers\FileHandler' driver.
CRITICAL - 2024-01-02 08:21:16 --> Cannot use object of type stdClass as array
in APPPATH/Views/konten/dosen/rencana/kelas.php on line 40.
 1 SYSTEMPATH/View/View.php(228): include()
 2 SYSTEMPATH/View/View.php(231): CodeIgniter\View\View->CodeIgniter\View\{closure}()
 3 SYSTEMPATH/Common.php(1190): CodeIgniter\View\View->render('konten/dosen/rencana/kelas', [], true)
 4 APPPATH/Controllers/DosenRencana.php(169): view('konten/dosen/rencana/kelas', [...])
 5 SYSTEMPATH/CodeIgniter.php(942): App\Controllers\DosenRencana->kelas('MWJhMjBkMjktZDVmZC00NDFmLTk3NWYtOWYwMjY4YmJkODgz', 'MzJlMTI3NWYtZjIyNy00MWU2LTkyOTgtYjY1MjFiNzBkMDBm')
 6 SYSTEMPATH/CodeIgniter.php(502): CodeIgniter\CodeIgniter->runController(Object(App\Controllers\DosenRencana))
 7 SYSTEMPATH/CodeIgniter.php(361): CodeIgniter\CodeIgniter->handleRequest(null, Object(Config\Cache), false)
 8 FCPATH/index.php(79): CodeIgniter\CodeIgniter->run()
 9 SYSTEMPATH/Commands/Server/rewrite.php(47): require_once('/Applications/XAMPP/xamppfiles/htdocs/pembelajaran/public/index.php')
INFO - 2024-01-02 08:21:36 --> Session: Class initialized using 'CodeIgniter\Session\Handlers\FileHandler' driver.
INFO - 2024-01-02 08:21:40 --> Session: Class initialized using 'CodeIgniter\Session\Handlers\FileHandler' driver.
INFO - 2024-01-02 08:25:27 --> Session: Class initialized using 'CodeIgniter\Session\Handlers\FileHandler' driver.
INFO - 2024-01-02 08:25:29 --> Session: Class initialized using 'CodeIgniter\Session\Handlers\FileHandler' driver.
INFO - 2024-01-02 08:28:02 --> Session: Class initialized using 'CodeIgniter\Session\Handlers\FileHandler' driver.
INFO - 2024-01-02 08:28:02 --> Session: Class initialized using 'CodeIgniter\Session\Handlers\FileHandler' driver.
INFO - 2024-01-02 08:28:13 --> Session: Class initialized using 'CodeIgniter\Session\Handlers\FileHandler' driver.
INFO - 2024-01-02 08:28:13 --> Session: Class initialized using 'CodeIgniter\Session\Handlers\FileHandler' driver.
INFO - 2024-01-02 08:28:20 --> Session: Class initialized using 'CodeIgniter\Session\Handlers\FileHandler' driver.
INFO - 2024-01-02 08:28:20 --> Session: Class initialized using 'CodeIgniter\Session\Handlers\FileHandler' driver.
INFO - 2024-01-02 08:29:30 --> Session: Class initialized using 'CodeIgniter\Session\Handlers\FileHandler' driver.
INFO - 2024-01-02 08:29:30 --> Session: Class initialized using 'CodeIgniter\Session\Handlers\FileHandler' driver.
INFO - 2024-01-02 08:29:30 --> Session: Class initialized using 'CodeIgniter\Session\Handlers\FileHandler' driver.
INFO - 2024-01-02 08:29:31 --> Session: Class initialized using 'CodeIgniter\Session\Handlers\FileHandler' driver.
INFO - 2024-01-02 08:31:57 --> Session: Class initialized using 'CodeIgniter\Session\Handlers\FileHandler' driver.
INFO - 2024-01-02 08:31:57 --> Session: Class initialized using 'CodeIgniter\Session\Handlers\FileHandler' driver.
INFO - 2024-01-02 08:32:29 --> Session: Class initialized using 'CodeIgniter\Session\Handlers\FileHandler' driver.
INFO - 2024-01-02 08:32:30 --> Session: Class initialized using 'CodeIgniter\Session\Handlers\FileHandler' driver.
INFO - 2024-01-02 08:32:58 --> Session: Class initialized using 'CodeIgniter\Session\Handlers\FileHandler' driver.
INFO - 2024-01-02 08:32:59 --> Session: Class initialized using 'CodeIgniter\Session\Handlers\FileHandler' driver.
INFO - 2024-01-02 08:33:12 --> Session: Class initialized using 'CodeIgniter\Session\Handlers\FileHandler' driver.
INFO - 2024-01-02 08:33:13 --> Session: Class initialized using 'CodeIgniter\Session\Handlers\FileHandler' driver.
INFO - 2024-01-02 08:33:14 --> Session: Class initialized using 'CodeIgniter\Session\Handlers\FileHandler' driver.
INFO - 2024-01-02 08:33:15 --> Session: Class initialized using 'CodeIgniter\Session\Handlers\FileHandler' driver.
INFO - 2024-01-02 08:33:17 --> Session: Class initialized using 'CodeIgniter\Session\Handlers\FileHandler' driver.
INFO - 2024-01-02 08:33:18 --> Session: Class initialized using 'CodeIgniter\Session\Handlers\FileHandler' driver.
INFO - 2024-01-02 08:33:18 --> Session: Class initialized using 'CodeIgniter\Session\Handlers\FileHandler' driver.
INFO - 2024-01-02 08:33:19 --> Session: Class initialized using 'CodeIgniter\Session\Handlers\FileHandler' driver.
INFO - 2024-01-02 08:33:49 --> Session: Class initialized using 'CodeIgniter\Session\Handlers\FileHandler' driver.
INFO - 2024-01-02 08:33:49 --> Session: Class initialized using 'CodeIgniter\Session\Handlers\FileHandler' driver.
INFO - 2024-01-02 08:34:22 --> Session: Class initialized using 'CodeIgniter\Session\Handlers\FileHandler' driver.
INFO - 2024-01-02 08:34:22 --> Session: Class initialized using 'CodeIgniter\Session\Handlers\FileHandler' driver.
INFO - 2024-01-02 08:35:40 --> Session: Class initialized using 'CodeIgniter\Session\Handlers\FileHandler' driver.
INFO - 2024-01-02 08:35:40 --> Session: Class initialized using 'CodeIgniter\Session\Handlers\FileHandler' driver.
INFO - 2024-01-02 08:35:43 --> Session: Class initialized using 'CodeIgniter\Session\Handlers\FileHandler' driver.
INFO - 2024-01-02 08:35:43 --> Session: Class initialized using 'CodeIgniter\Session\Handlers\FileHandler' driver.
INFO - 2024-01-02 08:36:06 --> Session: Class initialized using 'CodeIgniter\Session\Handlers\FileHandler' driver.
INFO - 2024-01-02 08:36:06 --> Session: Class initialized using 'CodeIgniter\Session\Handlers\FileHandler' driver.
INFO - 2024-01-02 08:36:12 --> Session: Class initialized using 'CodeIgniter\Session\Handlers\FileHandler' driver.
INFO - 2024-01-02 08:36:12 --> Session: Class initialized using 'CodeIgniter\Session\Handlers\FileHandler' driver.
INFO - 2024-01-02 08:36:48 --> Session: Class initialized using 'CodeIgniter\Session\Handlers\FileHandler' driver.
INFO - 2024-01-02 08:36:48 --> Session: Class initialized using 'CodeIgniter\Session\Handlers\FileHandler' driver.
INFO - 2024-01-02 08:58:56 --> Session: Class initialized using 'CodeIgniter\Session\Handlers\FileHandler' driver.
INFO - 2024-01-02 08:58:56 --> Session: Class initialized using 'CodeIgniter\Session\Handlers\FileHandler' driver.
INFO - 2024-01-02 09:01:30 --> Session: Class initialized using 'CodeIgniter\Session\Handlers\FileHandler' driver.
INFO - 2024-01-02 09:01:30 --> Session: Class initialized using 'CodeIgniter\Session\Handlers\FileHandler' driver.
INFO - 2024-01-02 09:01:42 --> Session: Class initialized using 'CodeIgniter\Session\Handlers\FileHandler' driver.
INFO - 2024-01-02 09:01:42 --> Session: Class initialized using 'CodeIgniter\Session\Handlers\FileHandler' driver.
INFO - 2024-01-02 09:13:26 --> Session: Class initialized using 'CodeIgniter\Session\Handlers\FileHandler' driver.
INFO - 2024-01-02 09:13:27 --> Session: Class initialized using 'CodeIgniter\Session\Handlers\FileHandler' driver.
INFO - 2024-01-02 09:13:49 --> Session: Class initialized using 'CodeIgniter\Session\Handlers\FileHandler' driver.
INFO - 2024-01-02 09:13:49 --> Session: Class initialized using 'CodeIgniter\Session\Handlers\FileHandler' driver.
INFO - 2024-01-02 09:14:11 --> Session: Class initialized using 'CodeIgniter\Session\Handlers\FileHandler' driver.
INFO - 2024-01-02 09:14:11 --> Session: Class initialized using 'CodeIgniter\Session\Handlers\FileHandler' driver.
INFO - 2024-01-02 09:18:00 --> Session: Class initialized using 'CodeIgniter\Session\Handlers\FileHandler' driver.
INFO - 2024-01-02 09:18:00 --> Session: Class initialized using 'CodeIgniter\Session\Handlers\FileHandler' driver.
INFO - 2024-01-02 09:19:36 --> Session: Class initialized using 'CodeIgniter\Session\Handlers\FileHandler' driver.
INFO - 2024-01-02 09:19:37 --> Session: Class initialized using 'CodeIgniter\Session\Handlers\FileHandler' driver.
INFO - 2024-01-02 09:51:29 --> Session: Class initialized using 'CodeIgniter\Session\Handlers\FileHandler' driver.
INFO - 2024-01-02 09:51:30 --> Session: Class initialized using 'CodeIgniter\Session\Handlers\FileHandler' driver.
INFO - 2024-01-02 09:54:45 --> Session: Class initialized using 'CodeIgniter\Session\Handlers\FileHandler' driver.
INFO - 2024-01-02 09:54:46 --> Session: Class initialized using 'CodeIgniter\Session\Handlers\FileHandler' driver.
INFO - 2024-01-02 10:08:27 --> Session: Class initialized using 'CodeIgniter\Session\Handlers\FileHandler' driver.
CRITICAL - 2024-01-02 10:08:27 --> Undefined array key "id"
in APPPATH/Views/konten/dosen/rencana/kelas.php on line 38.
 1 APPPATH/Views/konten/dosen/rencana/kelas.php(38): CodeIgniter\Debug\Exceptions->errorHandler(2, 'Undefined array key "id"', '/Applications/XAMPP/xamppfiles/htdocs/pembelajaran/app/Views/konten/dosen/rencana/kelas.php', 38)
 2 SYSTEMPATH/View/View.php(228): include('/Applications/XAMPP/xamppfiles/htdocs/pembelajaran/app/Views/konten/dosen/rencana/kelas.php')
 3 SYSTEMPATH/View/View.php(231): CodeIgniter\View\View->CodeIgniter\View\{closure}()
 4 SYSTEMPATH/Common.php(1190): CodeIgniter\View\View->render('konten/dosen/rencana/kelas', [], true)
 5 APPPATH/Controllers/DosenRencana.php(169): view('konten/dosen/rencana/kelas', [...])
 6 SYSTEMPATH/CodeIgniter.php(942): App\Controllers\DosenRencana->kelas('MWJhMjBkMjktZDVmZC00NDFmLTk3NWYtOWYwMjY4YmJkODgz', 'MzJlMTI3NWYtZjIyNy00MWU2LTkyOTgtYjY1MjFiNzBkMDBm')
 7 SYSTEMPATH/CodeIgniter.php(502): CodeIgniter\CodeIgniter->runController(Object(App\Controllers\DosenRencana))
 8 SYSTEMPATH/CodeIgniter.php(361): CodeIgniter\CodeIgniter->handleRequest(null, Object(Config\Cache), false)
 9 FCPATH/index.php(79): CodeIgniter\CodeIgniter->run()
10 SYSTEMPATH/Commands/Server/rewrite.php(47): require_once('/Applications/XAMPP/xamppfiles/htdocs/pembelajaran/public/index.php')
INFO - 2024-01-02 10:09:20 --> Session: Class initialized using 'CodeIgniter\Session\Handlers\FileHandler' driver.
INFO - 2024-01-02 10:09:20 --> Session: Class initialized using 'CodeIgniter\Session\Handlers\FileHandler' driver.
INFO - 2024-01-02 10:09:46 --> Session: Class initialized using 'CodeIgniter\Session\Handlers\FileHandler' driver.
INFO - 2024-01-02 10:09:47 --> Session: Class initialized using 'CodeIgniter\Session\Handlers\FileHandler' driver.
INFO - 2024-01-02 10:09:55 --> Session: Class initialized using 'CodeIgniter\Session\Handlers\FileHandler' driver.
INFO - 2024-01-02 10:10:25 --> Session: Class initialized using 'CodeIgniter\Session\Handlers\FileHandler' driver.
INFO - 2024-01-02 10:10:25 --> Session: Class initialized using 'CodeIgniter\Session\Handlers\FileHandler' driver.
INFO - 2024-01-02 10:10:26 --> Session: Class initialized using 'CodeIgniter\Session\Handlers\FileHandler' driver.
INFO - 2024-01-02 10:10:26 --> Session: Class initialized using 'CodeIgniter\Session\Handlers\FileHandler' driver.
INFO - 2024-01-02 10:10:32 --> Session: Class initialized using 'CodeIgniter\Session\Handlers\FileHandler' driver.
CRITICAL - 2024-01-02 10:10:32 --> Call to a member function where() on bool
in APPPATH/Controllers/DosenRencana.php on line 181.
 1 SYSTEMPATH/CodeIgniter.php(942): App\Controllers\DosenRencana->UpdateJabatan('$1', '$2')
 2 SYSTEMPATH/CodeIgniter.php(502): CodeIgniter\CodeIgniter->runController(Object(App\Controllers\DosenRencana))
 3 SYSTEMPATH/CodeIgniter.php(361): CodeIgniter\CodeIgniter->handleRequest(null, Object(Config\Cache), false)
 4 FCPATH/index.php(79): CodeIgniter\CodeIgniter->run()
 5 SYSTEMPATH/Commands/Server/rewrite.php(47): require_once('/Applications/XAMPP/xamppfiles/htdocs/pembelajaran/public/index.php')
INFO - 2024-01-02 10:11:11 --> Session: Class initialized using 'CodeIgniter\Session\Handlers\FileHandler' driver.
INFO - 2024-01-02 10:11:11 --> Session: Class initialized using 'CodeIgniter\Session\Handlers\FileHandler' driver.
INFO - 2024-01-02 10:11:13 --> Session: Class initialized using 'CodeIgniter\Session\Handlers\FileHandler' driver.
INFO - 2024-01-02 10:11:13 --> Session: Class initialized using 'CodeIgniter\Session\Handlers\FileHandler' driver.
INFO - 2024-01-02 10:11:18 --> Session: Class initialized using 'CodeIgniter\Session\Handlers\FileHandler' driver.
INFO - 2024-01-02 10:11:18 --> Session: Class initialized using 'CodeIgniter\Session\Handlers\FileHandler' driver.
INFO - 2024-01-02 10:11:22 --> Session: Class initialized using 'CodeIgniter\Session\Handlers\FileHandler' driver.
INFO - 2024-01-02 10:11:22 --> Session: Class initialized using 'CodeIgniter\Session\Handlers\FileHandler' driver.
INFO - 2024-01-02 10:11:22 --> Session: Class initialized using 'CodeIgniter\Session\Handlers\FileHandler' driver.
INFO - 2024-01-02 10:11:27 --> Session: Class initialized using 'CodeIgniter\Session\Handlers\FileHandler' driver.
INFO - 2024-01-02 10:11:27 --> Session: Class initialized using 'CodeIgniter\Session\Handlers\FileHandler' driver.
INFO - 2024-01-02 10:11:28 --> Session: Class initialized using 'CodeIgniter\Session\Handlers\FileHandler' driver.
INFO - 2024-01-02 10:11:31 --> Session: Class initialized using 'CodeIgniter\Session\Handlers\FileHandler' driver.
INFO - 2024-01-02 10:11:31 --> Session: Class initialized using 'CodeIgniter\Session\Handlers\FileHandler' driver.
INFO - 2024-01-02 10:12:47 --> Session: Class initialized using 'CodeIgniter\Session\Handlers\FileHandler' driver.
INFO - 2024-01-02 10:12:47 --> Session: Class initialized using 'CodeIgniter\Session\Handlers\FileHandler' driver.
INFO - 2024-01-02 10:12:49 --> Session: Class initialized using 'CodeIgniter\Session\Handlers\FileHandler' driver.
INFO - 2024-01-02 10:12:50 --> Session: Class initialized using 'CodeIgniter\Session\Handlers\FileHandler' driver.
INFO - 2024-01-02 10:12:51 --> Session: Class initialized using 'CodeIgniter\Session\Handlers\FileHandler' driver.
INFO - 2024-01-02 10:12:51 --> Session: Class initialized using 'CodeIgniter\Session\Handlers\FileHandler' driver.
INFO - 2024-01-02 10:13:37 --> Session: Class initialized using 'CodeIgniter\Session\Handlers\FileHandler' driver.
INFO - 2024-01-02 10:13:38 --> Session: Class initialized using 'CodeIgniter\Session\Handlers\FileHandler' driver.
INFO - 2024-01-02 10:13:39 --> Session: Class initialized using 'CodeIgniter\Session\Handlers\FileHandler' driver.
INFO - 2024-01-02 10:13:39 --> Session: Class initialized using 'CodeIgniter\Session\Handlers\FileHandler' driver.
INFO - 2024-01-02 10:13:43 --> Session: Class initialized using 'CodeIgniter\Session\Handlers\FileHandler' driver.
INFO - 2024-01-02 10:13:52 --> Session: Class initialized using 'CodeIgniter\Session\Handlers\FileHandler' driver.
INFO - 2024-01-02 10:13:52 --> Session: Class initialized using 'CodeIgniter\Session\Handlers\FileHandler' driver.
INFO - 2024-01-02 10:14:15 --> Session: Class initialized using 'CodeIgniter\Session\Handlers\FileHandler' driver.
INFO - 2024-01-02 10:14:15 --> Session: Class initialized using 'CodeIgniter\Session\Handlers\FileHandler' driver.
INFO - 2024-01-02 10:14:16 --> Session: Class initialized using 'CodeIgniter\Session\Handlers\FileHandler' driver.
INFO - 2024-01-02 10:14:17 --> Session: Class initialized using 'CodeIgniter\Session\Handlers\FileHandler' driver.
INFO - 2024-01-02 10:14:41 --> Session: Class initialized using 'CodeIgniter\Session\Handlers\FileHandler' driver.
INFO - 2024-01-02 10:14:41 --> Session: Class initialized using 'CodeIgniter\Session\Handlers\FileHandler' driver.
INFO - 2024-01-02 10:15:35 --> Session: Class initialized using 'CodeIgniter\Session\Handlers\FileHandler' driver.
INFO - 2024-01-02 10:15:40 --> Session: Class initialized using 'CodeIgniter\Session\Handlers\FileHandler' driver.
INFO - 2024-01-02 10:15:40 --> Session: Class initialized using 'CodeIgniter\Session\Handlers\FileHandler' driver.
INFO - 2024-01-02 10:15:40 --> Session: Class initialized using 'CodeIgniter\Session\Handlers\FileHandler' driver.
INFO - 2024-01-02 10:15:43 --> Session: Class initialized using 'CodeIgniter\Session\Handlers\FileHandler' driver.
INFO - 2024-01-02 10:15:43 --> Session: Class initialized using 'CodeIgniter\Session\Handlers\FileHandler' driver.
INFO - 2024-01-02 10:16:04 --> Session: Class initialized using 'CodeIgniter\Session\Handlers\FileHandler' driver.
INFO - 2024-01-02 10:16:04 --> Session: Class initialized using 'CodeIgniter\Session\Handlers\FileHandler' driver.
INFO - 2024-01-02 10:16:33 --> Session: Class initialized using 'CodeIgniter\Session\Handlers\FileHandler' driver.
INFO - 2024-01-02 10:16:33 --> Session: Class initialized using 'CodeIgniter\Session\Handlers\FileHandler' driver.
INFO - 2024-01-02 10:16:57 --> Session: Class initialized using 'CodeIgniter\Session\Handlers\FileHandler' driver.
INFO - 2024-01-02 10:16:57 --> Session: Class initialized using 'CodeIgniter\Session\Handlers\FileHandler' driver.
INFO - 2024-01-02 10:24:37 --> Session: Class initialized using 'CodeIgniter\Session\Handlers\FileHandler' driver.
INFO - 2024-01-02 10:24:38 --> Session: Class initialized using 'CodeIgniter\Session\Handlers\FileHandler' driver.
INFO - 2024-01-02 10:24:38 --> Session: Class initialized using 'CodeIgniter\Session\Handlers\FileHandler' driver.
INFO - 2024-01-02 10:24:39 --> Session: Class initialized using 'CodeIgniter\Session\Handlers\FileHandler' driver.
INFO - 2024-01-02 10:24:39 --> Session: Class initialized using 'CodeIgniter\Session\Handlers\FileHandler' driver.
INFO - 2024-01-02 10:24:39 --> Session: Class initialized using 'CodeIgniter\Session\Handlers\FileHandler' driver.
INFO - 2024-01-02 10:24:43 --> Session: Class initialized using 'CodeIgniter\Session\Handlers\FileHandler' driver.
CRITICAL - 2024-01-02 17:24:43 --> Attempt to read property "generete" on null
in APPPATH/Views/konten/mahasiswa/kehadiran/detail.php on line 146.
 1 APPPATH/Views/konten/mahasiswa/kehadiran/detail.php(146): CodeIgniter\Debug\Exceptions->errorHandler(2, 'Attempt to read property "generete" on null', '/Applications/XAMPP/xamppfiles/htdocs/pembelajaran/app/Views/konten/mahasiswa/kehadiran/detail.php', 146)
 2 SYSTEMPATH/View/View.php(228): include('/Applications/XAMPP/xamppfiles/htdocs/pembelajaran/app/Views/konten/mahasiswa/kehadiran/detail.php')
 3 SYSTEMPATH/View/View.php(231): CodeIgniter\View\View->CodeIgniter\View\{closure}()
 4 SYSTEMPATH/Common.php(1190): CodeIgniter\View\View->render('konten/mahasiswa/kehadiran/detail', [], true)
 5 APPPATH/Controllers/MahasiswaKehadiran.php(39): view('konten/mahasiswa/kehadiran/detail', [...])
 6 SYSTEMPATH/CodeIgniter.php(942): App\Controllers\MahasiswaKehadiran->detail('MzJlMTI3NWYtZjIyNy00MWU2LTkyOTgtYjY1MjFiNzBkMDBm')
 7 SYSTEMPATH/CodeIgniter.php(502): CodeIgniter\CodeIgniter->runController(Object(App\Controllers\MahasiswaKehadiran))
 8 SYSTEMPATH/CodeIgniter.php(361): CodeIgniter\CodeIgniter->handleRequest(null, Object(Config\Cache), false)
 9 FCPATH/index.php(79): CodeIgniter\CodeIgniter->run()
10 SYSTEMPATH/Commands/Server/rewrite.php(47): require_once('/Applications/XAMPP/xamppfiles/htdocs/pembelajaran/public/index.php')
INFO - 2024-01-02 10:24:44 --> Session: Class initialized using 'CodeIgniter\Session\Handlers\FileHandler' driver.
CRITICAL - 2024-01-02 17:24:44 --> Attempt to read property "generete" on null
in APPPATH/Views/konten/mahasiswa/kehadiran/detail.php on line 146.
 1 APPPATH/Views/konten/mahasiswa/kehadiran/detail.php(146): CodeIgniter\Debug\Exceptions->errorHandler(2, 'Attempt to read property "generete" on null', '/Applications/XAMPP/xamppfiles/htdocs/pembelajaran/app/Views/konten/mahasiswa/kehadiran/detail.php', 146)
 2 SYSTEMPATH/View/View.php(228): include('/Applications/XAMPP/xamppfiles/htdocs/pembelajaran/app/Views/konten/mahasiswa/kehadiran/detail.php')
 3 SYSTEMPATH/View/View.php(231): CodeIgniter\View\View->CodeIgniter\View\{closure}()
 4 SYSTEMPATH/Common.php(1190): CodeIgniter\View\View->render('konten/mahasiswa/kehadiran/detail', [], true)
 5 APPPATH/Controllers/MahasiswaKehadiran.php(39): view('konten/mahasiswa/kehadiran/detail', [...])
 6 SYSTEMPATH/CodeIgniter.php(942): App\Controllers\MahasiswaKehadiran->detail('MzJlMTI3NWYtZjIyNy00MWU2LTkyOTgtYjY1MjFiNzBkMDBm')
 7 SYSTEMPATH/CodeIgniter.php(502): CodeIgniter\CodeIgniter->runController(Object(App\Controllers\MahasiswaKehadiran))
 8 SYSTEMPATH/CodeIgniter.php(361): CodeIgniter\CodeIgniter->handleRequest(null, Object(Config\Cache), false)
 9 FCPATH/index.php(79): CodeIgniter\CodeIgniter->run()
10 SYSTEMPATH/Commands/Server/rewrite.php(47): require_once('/Applications/XAMPP/xamppfiles/htdocs/pembelajaran/public/index.php')
INFO - 2024-01-02 10:30:22 --> Session: Class initialized using 'CodeIgniter\Session\Handlers\FileHandler' driver.
INFO - 2024-01-02 10:30:22 --> Session: Class initialized using 'CodeIgniter\Session\Handlers\FileHandler' driver.
INFO - 2024-01-02 10:30:27 --> Session: Class initialized using 'CodeIgniter\Session\Handlers\FileHandler' driver.
INFO - 2024-01-02 10:30:27 --> Session: Class initialized using 'CodeIgniter\Session\Handlers\FileHandler' driver.
INFO - 2024-01-02 10:34:22 --> Session: Class initialized using 'CodeIgniter\Session\Handlers\FileHandler' driver.
INFO - 2024-01-02 10:34:22 --> Session: Class initialized using 'CodeIgniter\Session\Handlers\FileHandler' driver.
INFO - 2024-01-02 10:37:16 --> Session: Class initialized using 'CodeIgniter\Session\Handlers\FileHandler' driver.
INFO - 2024-01-02 10:37:16 --> Session: Class initialized using 'CodeIgniter\Session\Handlers\FileHandler' driver.
INFO - 2024-01-02 10:38:48 --> Session: Class initialized using 'CodeIgniter\Session\Handlers\FileHandler' driver.
INFO - 2024-01-02 10:38:48 --> Session: Class initialized using 'CodeIgniter\Session\Handlers\FileHandler' driver.
INFO - 2024-01-02 10:38:50 --> Session: Class initialized using 'CodeIgniter\Session\Handlers\FileHandler' driver.
INFO - 2024-01-02 10:38:51 --> Session: Class initialized using 'CodeIgniter\Session\Handlers\FileHandler' driver.
INFO - 2024-01-02 10:38:56 --> Session: Class initialized using 'CodeIgniter\Session\Handlers\FileHandler' driver.
INFO - 2024-01-02 10:38:57 --> Session: Class initialized using 'CodeIgniter\Session\Handlers\FileHandler' driver.
INFO - 2024-01-02 10:39:00 --> Session: Class initialized using 'CodeIgniter\Session\Handlers\FileHandler' driver.
INFO - 2024-01-02 10:39:01 --> Session: Class initialized using 'CodeIgniter\Session\Handlers\FileHandler' driver.
INFO - 2024-01-02 10:39:01 --> Session: Class initialized using 'CodeIgniter\Session\Handlers\FileHandler' driver.
INFO - 2024-01-02 10:39:01 --> Session: Class initialized using 'CodeIgniter\Session\Handlers\FileHandler' driver.
INFO - 2024-01-02 10:40:05 --> Session: Class initialized using 'CodeIgniter\Session\Handlers\FileHandler' driver.
INFO - 2024-01-02 10:40:05 --> Session: Class initialized using 'CodeIgniter\Session\Handlers\FileHandler' driver.
INFO - 2024-01-02 10:40:08 --> Session: Class initialized using 'CodeIgniter\Session\Handlers\FileHandler' driver.
INFO - 2024-01-02 10:40:09 --> Session: Class initialized using 'CodeIgniter\Session\Handlers\FileHandler' driver.
INFO - 2024-01-02 10:40:10 --> Session: Class initialized using 'CodeIgniter\Session\Handlers\FileHandler' driver.
INFO - 2024-01-02 10:40:10 --> Session: Class initialized using 'CodeIgniter\Session\Handlers\FileHandler' driver.
INFO - 2024-01-02 10:40:11 --> Session: Class initialized using 'CodeIgniter\Session\Handlers\FileHandler' driver.
INFO - 2024-01-02 10:40:12 --> Session: Class initialized using 'CodeIgniter\Session\Handlers\FileHandler' driver.
INFO - 2024-01-02 10:41:04 --> Session: Class initialized using 'CodeIgniter\Session\Handlers\FileHandler' driver.
INFO - 2024-01-02 10:41:05 --> Session: Class initialized using 'CodeIgniter\Session\Handlers\FileHandler' driver.
INFO - 2024-01-02 10:41:07 --> Session: Class initialized using 'CodeIgniter\Session\Handlers\FileHandler' driver.
INFO - 2024-01-02 10:41:08 --> Session: Class initialized using 'CodeIgniter\Session\Handlers\FileHandler' driver.
INFO - 2024-01-02 10:41:10 --> Session: Class initialized using 'CodeIgniter\Session\Handlers\FileHandler' driver.
INFO - 2024-01-02 10:41:10 --> Session: Class initialized using 'CodeIgniter\Session\Handlers\FileHandler' driver.
INFO - 2024-01-02 10:42:45 --> Session: Class initialized using 'CodeIgniter\Session\Handlers\FileHandler' driver.
INFO - 2024-01-02 10:42:46 --> Session: Class initialized using 'CodeIgniter\Session\Handlers\FileHandler' driver.
INFO - 2024-01-02 10:43:10 --> Session: Class initialized using 'CodeIgniter\Session\Handlers\FileHandler' driver.
INFO - 2024-01-02 10:43:11 --> Session: Class initialized using 'CodeIgniter\Session\Handlers\FileHandler' driver.
INFO - 2024-01-02 10:43:11 --> Session: Class initialized using 'CodeIgniter\Session\Handlers\FileHandler' driver.
INFO - 2024-01-02 10:43:12 --> Session: Class initialized using 'CodeIgniter\Session\Handlers\FileHandler' driver.
INFO - 2024-01-02 10:43:12 --> Session: Class initialized using 'CodeIgniter\Session\Handlers\FileHandler' driver.
INFO - 2024-01-02 10:43:12 --> Session: Class initialized using 'CodeIgniter\Session\Handlers\FileHandler' driver.
INFO - 2024-01-02 10:43:43 --> Session: Class initialized using 'CodeIgniter\Session\Handlers\FileHandler' driver.
INFO - 2024-01-02 10:43:43 --> Session: Class initialized using 'CodeIgniter\Session\Handlers\FileHandler' driver.
INFO - 2024-01-02 10:43:49 --> Session: Class initialized using 'CodeIgniter\Session\Handlers\FileHandler' driver.
INFO - 2024-01-02 10:43:49 --> Session: Class initialized using 'CodeIgniter\Session\Handlers\FileHandler' driver.
INFO - 2024-01-02 10:43:52 --> Session: Class initialized using 'CodeIgniter\Session\Handlers\FileHandler' driver.
INFO - 2024-01-02 10:43:52 --> Session: Class initialized using 'CodeIgniter\Session\Handlers\FileHandler' driver.
INFO - 2024-01-02 10:43:53 --> Session: Class initialized using 'CodeIgniter\Session\Handlers\FileHandler' driver.
INFO - 2024-01-02 10:43:53 --> Session: Class initialized using 'CodeIgniter\Session\Handlers\FileHandler' driver.
INFO - 2024-01-02 10:43:53 --> Session: Class initialized using 'CodeIgniter\Session\Handlers\FileHandler' driver.
INFO - 2024-01-02 10:43:54 --> Session: Class initialized using 'CodeIgniter\Session\Handlers\FileHandler' driver.
INFO - 2024-01-02 10:44:41 --> Session: Class initialized using 'CodeIgniter\Session\Handlers\FileHandler' driver.
INFO - 2024-01-02 10:44:42 --> Session: Class initialized using 'CodeIgniter\Session\Handlers\FileHandler' driver.
INFO - 2024-01-02 10:44:44 --> Session: Class initialized using 'CodeIgniter\Session\Handlers\FileHandler' driver.
INFO - 2024-01-02 10:44:44 --> Session: Class initialized using 'CodeIgniter\Session\Handlers\FileHandler' driver.
INFO - 2024-01-02 10:45:05 --> Session: Class initialized using 'CodeIgniter\Session\Handlers\FileHandler' driver.
INFO - 2024-01-02 10:45:06 --> Session: Class initialized using 'CodeIgniter\Session\Handlers\FileHandler' driver.
INFO - 2024-01-02 10:45:07 --> Session: Class initialized using 'CodeIgniter\Session\Handlers\FileHandler' driver.
INFO - 2024-01-02 10:45:08 --> Session: Class initialized using 'CodeIgniter\Session\Handlers\FileHandler' driver.
INFO - 2024-01-02 10:45:09 --> Session: Class initialized using 'CodeIgniter\Session\Handlers\FileHandler' driver.
INFO - 2024-01-02 10:45:09 --> Session: Class initialized using 'CodeIgniter\Session\Handlers\FileHandler' driver.
INFO - 2024-01-02 10:45:32 --> Session: Class initialized using 'CodeIgniter\Session\Handlers\FileHandler' driver.
INFO - 2024-01-02 10:45:32 --> Session: Class initialized using 'CodeIgniter\Session\Handlers\FileHandler' driver.
INFO - 2024-01-02 10:45:42 --> Session: Class initialized using 'CodeIgniter\Session\Handlers\FileHandler' driver.
INFO - 2024-01-02 10:45:42 --> Session: Class initialized using 'CodeIgniter\Session\Handlers\FileHandler' driver.
INFO - 2024-01-02 10:45:54 --> Session: Class initialized using 'CodeIgniter\Session\Handlers\FileHandler' driver.
INFO - 2024-01-02 10:45:55 --> Session: Class initialized using 'CodeIgniter\Session\Handlers\FileHandler' driver.
INFO - 2024-01-02 10:46:25 --> Session: Class initialized using 'CodeIgniter\Session\Handlers\FileHandler' driver.
INFO - 2024-01-02 10:46:25 --> Session: Class initialized using 'CodeIgniter\Session\Handlers\FileHandler' driver.
INFO - 2024-01-02 10:48:43 --> Session: Class initialized using 'CodeIgniter\Session\Handlers\FileHandler' driver.
INFO - 2024-01-02 10:48:43 --> Session: Class initialized using 'CodeIgniter\Session\Handlers\FileHandler' driver.
INFO - 2024-01-02 10:49:49 --> Session: Class initialized using 'CodeIgniter\Session\Handlers\FileHandler' driver.
INFO - 2024-01-02 10:49:49 --> Session: Class initialized using 'CodeIgniter\Session\Handlers\FileHandler' driver.
INFO - 2024-01-02 10:51:07 --> Session: Class initialized using 'CodeIgniter\Session\Handlers\FileHandler' driver.
INFO - 2024-01-02 10:51:07 --> Session: Class initialized using 'CodeIgniter\Session\Handlers\FileHandler' driver.
INFO - 2024-01-02 10:51:36 --> Session: Class initialized using 'CodeIgniter\Session\Handlers\FileHandler' driver.
INFO - 2024-01-02 10:51:36 --> Session: Class initialized using 'CodeIgniter\Session\Handlers\FileHandler' driver.
INFO - 2024-01-02 10:52:20 --> Session: Class initialized using 'CodeIgniter\Session\Handlers\FileHandler' driver.
INFO - 2024-01-02 10:52:20 --> Session: Class initialized using 'CodeIgniter\Session\Handlers\FileHandler' driver.
INFO - 2024-01-02 10:52:32 --> Session: Class initialized using 'CodeIgniter\Session\Handlers\FileHandler' driver.
INFO - 2024-01-02 10:52:32 --> Session: Class initialized using 'CodeIgniter\Session\Handlers\FileHandler' driver.
INFO - 2024-01-02 10:52:56 --> Session: Class initialized using 'CodeIgniter\Session\Handlers\FileHandler' driver.
INFO - 2024-01-02 10:52:56 --> Session: Class initialized using 'CodeIgniter\Session\Handlers\FileHandler' driver.
INFO - 2024-01-02 10:52:56 --> Session: Class initialized using 'CodeIgniter\Session\Handlers\FileHandler' driver.
INFO - 2024-01-02 10:53:10 --> Session: Class initialized using 'CodeIgniter\Session\Handlers\FileHandler' driver.
INFO - 2024-01-02 10:53:27 --> Session: Class initialized using 'CodeIgniter\Session\Handlers\FileHandler' driver.
INFO - 2024-01-02 10:53:32 --> Session: Class initialized using 'CodeIgniter\Session\Handlers\FileHandler' driver.
INFO - 2024-01-02 10:53:40 --> Session: Class initialized using 'CodeIgniter\Session\Handlers\FileHandler' driver.
INFO - 2024-01-02 10:53:45 --> Session: Class initialized using 'CodeIgniter\Session\Handlers\FileHandler' driver.
INFO - 2024-01-02 10:53:50 --> Session: Class initialized using 'CodeIgniter\Session\Handlers\FileHandler' driver.
INFO - 2024-01-02 10:54:48 --> Session: Class initialized using 'CodeIgniter\Session\Handlers\FileHandler' driver.
INFO - 2024-01-02 10:54:53 --> Session: Class initialized using 'CodeIgniter\Session\Handlers\FileHandler' driver.
INFO - 2024-01-02 10:55:07 --> Session: Class initialized using 'CodeIgniter\Session\Handlers\FileHandler' driver.
INFO - 2024-01-02 10:55:07 --> Session: Class initialized using 'CodeIgniter\Session\Handlers\FileHandler' driver.
INFO - 2024-01-02 10:57:19 --> Session: Class initialized using 'CodeIgniter\Session\Handlers\FileHandler' driver.
INFO - 2024-01-02 10:57:19 --> Session: Class initialized using 'CodeIgniter\Session\Handlers\FileHandler' driver.
INFO - 2024-01-02 10:57:21 --> Session: Class initialized using 'CodeIgniter\Session\Handlers\FileHandler' driver.
INFO - 2024-01-02 10:57:22 --> Session: Class initialized using 'CodeIgniter\Session\Handlers\FileHandler' driver.
INFO - 2024-01-02 10:57:32 --> Session: Class initialized using 'CodeIgniter\Session\Handlers\FileHandler' driver.
INFO - 2024-01-02 10:57:32 --> Session: Class initialized using 'CodeIgniter\Session\Handlers\FileHandler' driver.
INFO - 2024-01-02 10:57:32 --> Session: Class initialized using 'CodeIgniter\Session\Handlers\FileHandler' driver.
INFO - 2024-01-02 10:57:36 --> Session: Class initialized using 'CodeIgniter\Session\Handlers\FileHandler' driver.
INFO - 2024-01-02 10:57:36 --> Session: Class initialized using 'CodeIgniter\Session\Handlers\FileHandler' driver.
INFO - 2024-01-02 10:57:37 --> Session: Class initialized using 'CodeIgniter\Session\Handlers\FileHandler' driver.
INFO - 2024-01-02 10:57:38 --> Session: Class initialized using 'CodeIgniter\Session\Handlers\FileHandler' driver.
INFO - 2024-01-02 10:57:39 --> Session: Class initialized using 'CodeIgniter\Session\Handlers\FileHandler' driver.
INFO - 2024-01-02 10:57:39 --> Session: Class initialized using 'CodeIgniter\Session\Handlers\FileHandler' driver.
INFO - 2024-01-02 10:57:47 --> Session: Class initialized using 'CodeIgniter\Session\Handlers\FileHandler' driver.
INFO - 2024-01-02 10:58:18 --> Session: Class initialized using 'CodeIgniter\Session\Handlers\FileHandler' driver.
INFO - 2024-01-02 10:58:45 --> Session: Class initialized using 'CodeIgniter\Session\Handlers\FileHandler' driver.
INFO - 2024-01-02 10:58:45 --> Session: Class initialized using 'CodeIgniter\Session\Handlers\FileHandler' driver.
INFO - 2024-01-02 10:58:50 --> Session: Class initialized using 'CodeIgniter\Session\Handlers\FileHandler' driver.
INFO - 2024-01-02 10:58:51 --> Session: Class initialized using 'CodeIgniter\Session\Handlers\FileHandler' driver.
INFO - 2024-01-02 10:58:53 --> Session: Class initialized using 'CodeIgniter\Session\Handlers\FileHandler' driver.
INFO - 2024-01-02 10:59:55 --> Session: Class initialized using 'CodeIgniter\Session\Handlers\FileHandler' driver.
CRITICAL - 2024-01-02 10:59:55 --> Trying to access array offset on value of type null
in APPPATH/Views/konten/mahasiswa/kehadiran/scan.php on line 8.
 1 APPPATH/Views/konten/mahasiswa/kehadiran/scan.php(8): CodeIgniter\Debug\Exceptions->errorHandler(2, 'Trying to access array offset on value of type null', '/Applications/XAMPP/xamppfiles/htdocs/pembelajaran/app/Views/konten/mahasiswa/kehadiran/scan.php', 8)
 2 SYSTEMPATH/View/View.php(228): include('/Applications/XAMPP/xamppfiles/htdocs/pembelajaran/app/Views/konten/mahasiswa/kehadiran/scan.php')
 3 SYSTEMPATH/View/View.php(231): CodeIgniter\View\View->CodeIgniter\View\{closure}()
 4 SYSTEMPATH/Common.php(1190): CodeIgniter\View\View->render('konten/mahasiswa/kehadiran/scan', [], true)
 5 APPPATH/Controllers/MahasiswaKehadiran.php(50): view('konten/mahasiswa/kehadiran/scan', [...])
 6 SYSTEMPATH/CodeIgniter.php(942): App\Controllers\MahasiswaKehadiran->scan('ODc3NTVkN2UtZjdiZi00YWMyLWJmYTAtOGYyOTEzYjQ0Nzc5')
 7 SYSTEMPATH/CodeIgniter.php(502): CodeIgniter\CodeIgniter->runController(Object(App\Controllers\MahasiswaKehadiran))
 8 SYSTEMPATH/CodeIgniter.php(361): CodeIgniter\CodeIgniter->handleRequest(null, Object(Config\Cache), false)
 9 FCPATH/index.php(79): CodeIgniter\CodeIgniter->run()
10 SYSTEMPATH/Commands/Server/rewrite.php(47): require_once('/Applications/XAMPP/xamppfiles/htdocs/pembelajaran/public/index.php')
INFO - 2024-01-02 10:59:59 --> Session: Class initialized using 'CodeIgniter\Session\Handlers\FileHandler' driver.
INFO - 2024-01-02 10:59:59 --> Session: Class initialized using 'CodeIgniter\Session\Handlers\FileHandler' driver.
INFO - 2024-01-02 11:00:02 --> Session: Class initialized using 'CodeIgniter\Session\Handlers\FileHandler' driver.
INFO - 2024-01-02 11:00:02 --> Session: Class initialized using 'CodeIgniter\Session\Handlers\FileHandler' driver.
INFO - 2024-01-02 11:00:09 --> Session: Class initialized using 'CodeIgniter\Session\Handlers\FileHandler' driver.
INFO - 2024-01-02 11:00:49 --> Session: Class initialized using 'CodeIgniter\Session\Handlers\FileHandler' driver.
INFO - 2024-01-02 11:00:50 --> Session: Class initialized using 'CodeIgniter\Session\Handlers\FileHandler' driver.
INFO - 2024-01-02 11:00:56 --> Session: Class initialized using 'CodeIgniter\Session\Handlers\FileHandler' driver.
INFO - 2024-01-02 11:07:11 --> Session: Class initialized using 'CodeIgniter\Session\Handlers\FileHandler' driver.
INFO - 2024-01-02 11:07:12 --> Session: Class initialized using 'CodeIgniter\Session\Handlers\FileHandler' driver.
INFO - 2024-01-02 11:07:20 --> Session: Class initialized using 'CodeIgniter\Session\Handlers\FileHandler' driver.
ERROR - 2024-01-02 11:07:20 --> mysqli_sql_exception: Unknown column 'menit_keterlabatan' in 'field list' in /Applications/XAMPP/xamppfiles/htdocs/pembelajaran/system/Database/MySQLi/Connection.php:306
Stack trace:
#0 /Applications/XAMPP/xamppfiles/htdocs/pembelajaran/system/Database/MySQLi/Connection.php(306): mysqli->query('INSERT INTO `ab...', 0)
#1 /Applications/XAMPP/xamppfiles/htdocs/pembelajaran/system/Database/BaseConnection.php(693): CodeIgniter\Database\MySQLi\Connection->execute('INSERT INTO `ab...')
#2 /Applications/XAMPP/xamppfiles/htdocs/pembelajaran/system/Database/BaseConnection.php(607): CodeIgniter\Database\BaseConnection->simpleQuery('INSERT INTO `ab...')
#3 /Applications/XAMPP/xamppfiles/htdocs/pembelajaran/system/Database/BaseBuilder.php(2308): CodeIgniter\Database\BaseConnection->query('INSERT INTO `ab...', Array, false)
#4 /Applications/XAMPP/xamppfiles/htdocs/pembelajaran/app/Controllers/MahasiswaKehadiran.php(135): CodeIgniter\Database\BaseBuilder->insert(Array)
#5 /Applications/XAMPP/xamppfiles/htdocs/pembelajaran/system/CodeIgniter.php(942): App\Controllers\MahasiswaKehadiran->autoAbsen('681d0b84-a96d-4...')
#6 /Applications/XAMPP/xamppfiles/htdocs/pembelajaran/system/CodeIgniter.php(502): CodeIgniter\CodeIgniter->runController(Object(App\Controllers\MahasiswaKehadiran))
#7 /Applications/XAMPP/xamppfiles/htdocs/pembelajaran/system/CodeIgniter.php(361): CodeIgniter\CodeIgniter->handleRequest(NULL, Object(Config\Cache), false)
#8 /Applications/XAMPP/xamppfiles/htdocs/pembelajaran/public/index.php(79): CodeIgniter\CodeIgniter->run()
#9 /Applications/XAMPP/xamppfiles/htdocs/pembelajaran/system/Commands/Server/rewrite.php(47): require_once('/Applications/X...')
#10 {main}
INFO - 2024-01-02 11:08:46 --> Session: Class initialized using 'CodeIgniter\Session\Handlers\FileHandler' driver.
INFO - 2024-01-02 11:08:46 --> Session: Class initialized using 'CodeIgniter\Session\Handlers\FileHandler' driver.
INFO - 2024-01-02 11:08:51 --> Session: Class initialized using 'CodeIgniter\Session\Handlers\FileHandler' driver.
INFO - 2024-01-02 11:10:36 --> Session: Class initialized using 'CodeIgniter\Session\Handlers\FileHandler' driver.
INFO - 2024-01-02 11:10:37 --> Session: Class initialized using 'CodeIgniter\Session\Handlers\FileHandler' driver.
INFO - 2024-01-02 11:10:42 --> Session: Class initialized using 'CodeIgniter\Session\Handlers\FileHandler' driver.
INFO - 2024-01-02 11:10:47 --> Session: Class initialized using 'CodeIgniter\Session\Handlers\FileHandler' driver.
ERROR - 2024-01-02 11:10:47 --> mysqli_sql_exception: Duplicate entry '681d0b84-a96d-45a6-9789-9b838364a46f-2f91512b-7b37-4a1c-a5a0-...' for key 'absensi_id' in /Applications/XAMPP/xamppfiles/htdocs/pembelajaran/system/Database/MySQLi/Connection.php:306
Stack trace:
#0 /Applications/XAMPP/xamppfiles/htdocs/pembelajaran/system/Database/MySQLi/Connection.php(306): mysqli->query('INSERT INTO `ab...', 0)
#1 /Applications/XAMPP/xamppfiles/htdocs/pembelajaran/system/Database/BaseConnection.php(693): CodeIgniter\Database\MySQLi\Connection->execute('INSERT INTO `ab...')
#2 /Applications/XAMPP/xamppfiles/htdocs/pembelajaran/system/Database/BaseConnection.php(607): CodeIgniter\Database\BaseConnection->simpleQuery('INSERT INTO `ab...')
#3 /Applications/XAMPP/xamppfiles/htdocs/pembelajaran/system/Database/BaseBuilder.php(2308): CodeIgniter\Database\BaseConnection->query('INSERT INTO `ab...', Array, false)
#4 /Applications/XAMPP/xamppfiles/htdocs/pembelajaran/app/Controllers/MahasiswaKehadiran.php(135): CodeIgniter\Database\BaseBuilder->insert(Array)
#5 /Applications/XAMPP/xamppfiles/htdocs/pembelajaran/system/CodeIgniter.php(942): App\Controllers\MahasiswaKehadiran->autoAbsen('681d0b84-a96d-4...')
#6 /Applications/XAMPP/xamppfiles/htdocs/pembelajaran/system/CodeIgniter.php(502): CodeIgniter\CodeIgniter->runController(Object(App\Controllers\MahasiswaKehadiran))
#7 /Applications/XAMPP/xamppfiles/htdocs/pembelajaran/system/CodeIgniter.php(361): CodeIgniter\CodeIgniter->handleRequest(NULL, Object(Config\Cache), false)
#8 /Applications/XAMPP/xamppfiles/htdocs/pembelajaran/public/index.php(79): CodeIgniter\CodeIgniter->run()
#9 /Applications/XAMPP/xamppfiles/htdocs/pembelajaran/system/Commands/Server/rewrite.php(47): require_once('/Applications/X...')
#10 {main}
INFO - 2024-01-02 11:13:49 --> Session: Class initialized using 'CodeIgniter\Session\Handlers\FileHandler' driver.
INFO - 2024-01-02 11:13:50 --> Session: Class initialized using 'CodeIgniter\Session\Handlers\FileHandler' driver.
INFO - 2024-01-02 11:13:59 --> Session: Class initialized using 'CodeIgniter\Session\Handlers\FileHandler' driver.
INFO - 2024-01-02 11:13:59 --> Session: Class initialized using 'CodeIgniter\Session\Handlers\FileHandler' driver.
INFO - 2024-01-02 11:14:03 --> Session: Class initialized using 'CodeIgniter\Session\Handlers\FileHandler' driver.
INFO - 2024-01-02 11:51:52 --> Session: Class initialized using 'CodeIgniter\Session\Handlers\FileHandler' driver.
INFO - 2024-01-02 11:51:53 --> Session: Class initialized using 'CodeIgniter\Session\Handlers\FileHandler' driver.
INFO - 2024-01-02 11:51:54 --> Session: Class initialized using 'CodeIgniter\Session\Handlers\FileHandler' driver.
INFO - 2024-01-02 11:51:56 --> Session: Class initialized using 'CodeIgniter\Session\Handlers\FileHandler' driver.
INFO - 2024-01-02 11:51:56 --> Session: Class initialized using 'CodeIgniter\Session\Handlers\FileHandler' driver.
INFO - 2024-01-02 11:51:57 --> Session: Class initialized using 'CodeIgniter\Session\Handlers\FileHandler' driver.
INFO - 2024-01-02 11:51:58 --> Session: Class initialized using 'CodeIgniter\Session\Handlers\FileHandler' driver.
INFO - 2024-01-02 11:51:58 --> Session: Class initialized using 'CodeIgniter\Session\Handlers\FileHandler' driver.
INFO - 2024-01-02 11:52:01 --> Session: Class initialized using 'CodeIgniter\Session\Handlers\FileHandler' driver.
INFO - 2024-01-02 11:52:01 --> Session: Class initialized using 'CodeIgniter\Session\Handlers\FileHandler' driver.
INFO - 2024-01-02 11:52:03 --> Session: Class initialized using 'CodeIgniter\Session\Handlers\FileHandler' driver.
INFO - 2024-01-02 11:52:03 --> Session: Class initialized using 'CodeIgniter\Session\Handlers\FileHandler' driver.
INFO - 2024-01-02 11:52:47 --> Session: Class initialized using 'CodeIgniter\Session\Handlers\FileHandler' driver.
INFO - 2024-01-02 11:52:47 --> Session: Class initialized using 'CodeIgniter\Session\Handlers\FileHandler' driver.
INFO - 2024-01-02 13:01:13 --> Session: Class initialized using 'CodeIgniter\Session\Handlers\FileHandler' driver.
INFO - 2024-01-02 13:01:13 --> Session: Class initialized using 'CodeIgniter\Session\Handlers\FileHandler' driver.
INFO - 2024-01-02 13:05:44 --> Session: Class initialized using 'CodeIgniter\Session\Handlers\FileHandler' driver.
INFO - 2024-01-02 13:05:45 --> Session: Class initialized using 'CodeIgniter\Session\Handlers\FileHandler' driver.
INFO - 2024-01-02 13:08:36 --> Session: Class initialized using 'CodeIgniter\Session\Handlers\FileHandler' driver.
INFO - 2024-01-02 13:08:36 --> Session: Class initialized using 'CodeIgniter\Session\Handlers\FileHandler' driver.
INFO - 2024-01-02 13:08:38 --> Session: Class initialized using 'CodeIgniter\Session\Handlers\FileHandler' driver.
INFO - 2024-01-02 13:08:39 --> Session: Class initialized using 'CodeIgniter\Session\Handlers\FileHandler' driver.
INFO - 2024-01-02 13:08:39 --> Session: Class initialized using 'CodeIgniter\Session\Handlers\FileHandler' driver.
INFO - 2024-01-02 13:08:40 --> Session: Class initialized using 'CodeIgniter\Session\Handlers\FileHandler' driver.
INFO - 2024-01-02 13:08:41 --> Session: Class initialized using 'CodeIgniter\Session\Handlers\FileHandler' driver.
INFO - 2024-01-02 13:08:42 --> Session: Class initialized using 'CodeIgniter\Session\Handlers\FileHandler' driver.
INFO - 2024-01-02 13:08:51 --> Session: Class initialized using 'CodeIgniter\Session\Handlers\FileHandler' driver.
INFO - 2024-01-02 13:08:51 --> Session: Class initialized using 'CodeIgniter\Session\Handlers\FileHandler' driver.
INFO - 2024-01-02 13:09:56 --> Session: Class initialized using 'CodeIgniter\Session\Handlers\FileHandler' driver.
INFO - 2024-01-02 13:09:57 --> Session: Class initialized using 'CodeIgniter\Session\Handlers\FileHandler' driver.
INFO - 2024-01-02 13:10:07 --> Session: Class initialized using 'CodeIgniter\Session\Handlers\FileHandler' driver.
INFO - 2024-01-02 13:10:07 --> Session: Class initialized using 'CodeIgniter\Session\Handlers\FileHandler' driver.
INFO - 2024-01-02 13:10:27 --> Session: Class initialized using 'CodeIgniter\Session\Handlers\FileHandler' driver.
INFO - 2024-01-02 13:10:27 --> Session: Class initialized using 'CodeIgniter\Session\Handlers\FileHandler' driver.
INFO - 2024-01-02 13:16:42 --> Session: Class initialized using 'CodeIgniter\Session\Handlers\FileHandler' driver.
CRITICAL - 2024-01-02 13:16:42 --> Invalid file: "konten/mahasiswa/kehadiran/see.php"
in SYSTEMPATH/Exceptions/FrameworkException.php on line 39.
 1 SYSTEMPATH/View/View.php(216): CodeIgniter\Exceptions\FrameworkException::forInvalidFile('konten/mahasiswa/kehadiran/see.php')
 2 SYSTEMPATH/Common.php(1190): CodeIgniter\View\View->render('konten/mahasiswa/kehadiran/see', [], true)
 3 APPPATH/Controllers/MahasiswaKehadiran.php(61): view('konten/mahasiswa/kehadiran/see', [...])
 4 SYSTEMPATH/CodeIgniter.php(942): App\Controllers\MahasiswaKehadiran->lihatAbsen('NjgxZDBiODQtYTk2ZC00NWE2LTk3ODktOWI4MzgzNjRhNDZm')
 5 SYSTEMPATH/CodeIgniter.php(502): CodeIgniter\CodeIgniter->runController(Object(App\Controllers\MahasiswaKehadiran))
 6 SYSTEMPATH/CodeIgniter.php(361): CodeIgniter\CodeIgniter->handleRequest(null, Object(Config\Cache), false)
 7 FCPATH/index.php(79): CodeIgniter\CodeIgniter->run()
 8 SYSTEMPATH/Commands/Server/rewrite.php(47): require_once('/Applications/XAMPP/xamppfiles/htdocs/pembelajaran/public/index.php')
INFO - 2024-01-02 13:17:09 --> Session: Class initialized using 'CodeIgniter\Session\Handlers\FileHandler' driver.
CRITICAL - 2024-01-02 13:17:09 --> Undefined variable $jadwal
in APPPATH/Views/konten/mahasiswa/kehadiran/see.php on line 8.
 1 APPPATH/Views/konten/mahasiswa/kehadiran/see.php(8): CodeIgniter\Debug\Exceptions->errorHandler(2, 'Undefined variable $jadwal', '/Applications/XAMPP/xamppfiles/htdocs/pembelajaran/app/Views/konten/mahasiswa/kehadiran/see.php', 8)
 2 SYSTEMPATH/View/View.php(228): include('/Applications/XAMPP/xamppfiles/htdocs/pembelajaran/app/Views/konten/mahasiswa/kehadiran/see.php')
 3 SYSTEMPATH/View/View.php(231): CodeIgniter\View\View->CodeIgniter\View\{closure}()
 4 SYSTEMPATH/Common.php(1190): CodeIgniter\View\View->render('konten/mahasiswa/kehadiran/see', [], true)
 5 APPPATH/Controllers/MahasiswaKehadiran.php(61): view('konten/mahasiswa/kehadiran/see', [...])
 6 SYSTEMPATH/CodeIgniter.php(942): App\Controllers\MahasiswaKehadiran->lihatAbsen('NjgxZDBiODQtYTk2ZC00NWE2LTk3ODktOWI4MzgzNjRhNDZm')
 7 SYSTEMPATH/CodeIgniter.php(502): CodeIgniter\CodeIgniter->runController(Object(App\Controllers\MahasiswaKehadiran))
 8 SYSTEMPATH/CodeIgniter.php(361): CodeIgniter\CodeIgniter->handleRequest(null, Object(Config\Cache), false)
 9 FCPATH/index.php(79): CodeIgniter\CodeIgniter->run()
10 SYSTEMPATH/Commands/Server/rewrite.php(47): require_once('/Applications/XAMPP/xamppfiles/htdocs/pembelajaran/public/index.php')
INFO - 2024-01-02 13:17:26 --> Session: Class initialized using 'CodeIgniter\Session\Handlers\FileHandler' driver.
INFO - 2024-01-02 13:17:26 --> Session: Class initialized using 'CodeIgniter\Session\Handlers\FileHandler' driver.
INFO - 2024-01-02 13:20:33 --> Session: Class initialized using 'CodeIgniter\Session\Handlers\FileHandler' driver.
INFO - 2024-01-02 13:20:33 --> Session: Class initialized using 'CodeIgniter\Session\Handlers\FileHandler' driver.
INFO - 2024-01-02 13:21:07 --> Session: Class initialized using 'CodeIgniter\Session\Handlers\FileHandler' driver.
INFO - 2024-01-02 13:21:07 --> Session: Class initialized using 'CodeIgniter\Session\Handlers\FileHandler' driver.
INFO - 2024-01-02 13:21:35 --> Session: Class initialized using 'CodeIgniter\Session\Handlers\FileHandler' driver.
INFO - 2024-01-02 13:21:35 --> Session: Class initialized using 'CodeIgniter\Session\Handlers\FileHandler' driver.
INFO - 2024-01-02 13:21:36 --> Session: Class initialized using 'CodeIgniter\Session\Handlers\FileHandler' driver.
INFO - 2024-01-02 13:21:36 --> Session: Class initialized using 'CodeIgniter\Session\Handlers\FileHandler' driver.
INFO - 2024-01-02 13:21:37 --> Session: Class initialized using 'CodeIgniter\Session\Handlers\FileHandler' driver.
INFO - 2024-01-02 13:21:37 --> Session: Class initialized using 'CodeIgniter\Session\Handlers\FileHandler' driver.
INFO - 2024-01-02 13:21:39 --> Session: Class initialized using 'CodeIgniter\Session\Handlers\FileHandler' driver.
INFO - 2024-01-02 13:21:39 --> Session: Class initialized using 'CodeIgniter\Session\Handlers\FileHandler' driver.
INFO - 2024-01-02 13:21:41 --> Session: Class initialized using 'CodeIgniter\Session\Handlers\FileHandler' driver.
INFO - 2024-01-02 13:21:41 --> Session: Class initialized using 'CodeIgniter\Session\Handlers\FileHandler' driver.
INFO - 2024-01-02 13:22:17 --> Session: Class initialized using 'CodeIgniter\Session\Handlers\FileHandler' driver.
CRITICAL - 2024-01-02 13:22:17 --> Undefined array key "pertemuan"
in APPPATH/Views/konten/mahasiswa/kehadiran/see.php on line 19.
 1 APPPATH/Views/konten/mahasiswa/kehadiran/see.php(19): CodeIgniter\Debug\Exceptions->errorHandler(2, 'Undefined array key "pertemuan"', '/Applications/XAMPP/xamppfiles/htdocs/pembelajaran/app/Views/konten/mahasiswa/kehadiran/see.php', 19)
 2 SYSTEMPATH/View/View.php(228): include('/Applications/XAMPP/xamppfiles/htdocs/pembelajaran/app/Views/konten/mahasiswa/kehadiran/see.php')
 3 SYSTEMPATH/View/View.php(231): CodeIgniter\View\View->CodeIgniter\View\{closure}()
 4 SYSTEMPATH/Common.php(1190): CodeIgniter\View\View->render('konten/mahasiswa/kehadiran/see', [], true)
 5 APPPATH/Controllers/MahasiswaKehadiran.php(62): view('konten/mahasiswa/kehadiran/see', [...])
 6 SYSTEMPATH/CodeIgniter.php(942): App\Controllers\MahasiswaKehadiran->lihatAbsen('NjgxZDBiODQtYTk2ZC00NWE2LTk3ODktOWI4MzgzNjRhNDZm')
 7 SYSTEMPATH/CodeIgniter.php(502): CodeIgniter\CodeIgniter->runController(Object(App\Controllers\MahasiswaKehadiran))
 8 SYSTEMPATH/CodeIgniter.php(361): CodeIgniter\CodeIgniter->handleRequest(null, Object(Config\Cache), false)
 9 FCPATH/index.php(79): CodeIgniter\CodeIgniter->run()
10 SYSTEMPATH/Commands/Server/rewrite.php(47): require_once('/Applications/XAMPP/xamppfiles/htdocs/pembelajaran/public/index.php')
INFO - 2024-01-02 13:23:09 --> Session: Class initialized using 'CodeIgniter\Session\Handlers\FileHandler' driver.
INFO - 2024-01-02 13:23:09 --> Session: Class initialized using 'CodeIgniter\Session\Handlers\FileHandler' driver.
INFO - 2024-01-02 13:23:18 --> Session: Class initialized using 'CodeIgniter\Session\Handlers\FileHandler' driver.
INFO - 2024-01-02 13:23:18 --> Session: Class initialized using 'CodeIgniter\Session\Handlers\FileHandler' driver.
INFO - 2024-01-02 13:24:28 --> Session: Class initialized using 'CodeIgniter\Session\Handlers\FileHandler' driver.
INFO - 2024-01-02 13:24:28 --> Session: Class initialized using 'CodeIgniter\Session\Handlers\FileHandler' driver.
INFO - 2024-01-02 13:26:48 --> Session: Class initialized using 'CodeIgniter\Session\Handlers\FileHandler' driver.
ERROR - 2024-01-02 13:26:48 --> mysqli_sql_exception: Unknown column 'jawal_kuliah.matakuliah_id' in 'on clause' in /Applications/XAMPP/xamppfiles/htdocs/pembelajaran/system/Database/MySQLi/Connection.php:306
Stack trace:
#0 /Applications/XAMPP/xamppfiles/htdocs/pembelajaran/system/Database/MySQLi/Connection.php(306): mysqli->query('SELECT `absensi...', 0)
#1 /Applications/XAMPP/xamppfiles/htdocs/pembelajaran/system/Database/BaseConnection.php(693): CodeIgniter\Database\MySQLi\Connection->execute('SELECT `absensi...')
#2 /Applications/XAMPP/xamppfiles/htdocs/pembelajaran/system/Database/BaseConnection.php(607): CodeIgniter\Database\BaseConnection->simpleQuery('SELECT `absensi...')
#3 /Applications/XAMPP/xamppfiles/htdocs/pembelajaran/system/Database/BaseBuilder.php(1615): CodeIgniter\Database\BaseConnection->query('SELECT `absensi...', Array, false)
#4 /Applications/XAMPP/xamppfiles/htdocs/pembelajaran/app/Models/Mahasiswa/JadwalModel.php(61): CodeIgniter\Database\BaseBuilder->get()
#5 /Applications/XAMPP/xamppfiles/htdocs/pembelajaran/app/Controllers/MahasiswaKehadiran.php(57): App\Models\Mahasiswa\JadwalModel->getDetailByAbsen('681d0b84-a96d-4...')
#6 /Applications/XAMPP/xamppfiles/htdocs/pembelajaran/system/CodeIgniter.php(942): App\Controllers\MahasiswaKehadiran->lihatAbsen('NjgxZDBiODQtYTk...')
#7 /Applications/XAMPP/xamppfiles/htdocs/pembelajaran/system/CodeIgniter.php(502): CodeIgniter\CodeIgniter->runController(Object(App\Controllers\MahasiswaKehadiran))
#8 /Applications/XAMPP/xamppfiles/htdocs/pembelajaran/system/CodeIgniter.php(361): CodeIgniter\CodeIgniter->handleRequest(NULL, Object(Config\Cache), false)
#9 /Applications/XAMPP/xamppfiles/htdocs/pembelajaran/public/index.php(79): CodeIgniter\CodeIgniter->run()
#10 /Applications/XAMPP/xamppfiles/htdocs/pembelajaran/system/Commands/Server/rewrite.php(47): require_once('/Applications/X...')
#11 {main}
CRITICAL - 2024-01-02 13:26:48 --> Unknown column 'jawal_kuliah.matakuliah_id' in 'on clause'
in SYSTEMPATH/Database/BaseConnection.php on line 647.
 1 SYSTEMPATH/Database/BaseBuilder.php(1615): CodeIgniter\Database\BaseConnection->query('SELECT `absensi`.*, `rencana_perkuliahan`.`jadwal_kuliah_id`, `rencana_perkuliahan`.`pertemuan`, `rencana_perkuliahan`.`topik`, `matakuliah`.`nama_mk`
FROM `absensi`
JOIN `rencana_perkuliahan` ON `absensi`.`rencana_perkuliahan_id` = `rencana_perkuliahan`.`id`
JOIN `jadwal_kuliah` ON `rencana_perkuliahan`.`jadwal_kuliah_id` = `jadwal_kuliah`.`id`
JOIN `matakuliah` ON `jawal_kuliah`.`matakuliah_id` = `matakuliah`.`id`
WHERE `absensi`.`id` = :absensi.id:', [...], false)
 2 APPPATH/Models/Mahasiswa/JadwalModel.php(61): CodeIgniter\Database\BaseBuilder->get()
 3 APPPATH/Controllers/MahasiswaKehadiran.php(57): App\Models\Mahasiswa\JadwalModel->getDetailByAbsen('681d0b84-a96d-45a6-9789-9b838364a46f')
 4 SYSTEMPATH/CodeIgniter.php(942): App\Controllers\MahasiswaKehadiran->lihatAbsen('NjgxZDBiODQtYTk2ZC00NWE2LTk3ODktOWI4MzgzNjRhNDZm')
 5 SYSTEMPATH/CodeIgniter.php(502): CodeIgniter\CodeIgniter->runController(Object(App\Controllers\MahasiswaKehadiran))
 6 SYSTEMPATH/CodeIgniter.php(361): CodeIgniter\CodeIgniter->handleRequest(null, Object(Config\Cache), false)
 7 FCPATH/index.php(79): CodeIgniter\CodeIgniter->run()
 8 SYSTEMPATH/Commands/Server/rewrite.php(47): require_once('/Applications/XAMPP/xamppfiles/htdocs/pembelajaran/public/index.php')
INFO - 2024-01-02 13:27:35 --> Session: Class initialized using 'CodeIgniter\Session\Handlers\FileHandler' driver.
INFO - 2024-01-02 13:27:35 --> Session: Class initialized using 'CodeIgniter\Session\Handlers\FileHandler' driver.
INFO - 2024-01-02 13:30:02 --> Session: Class initialized using 'CodeIgniter\Session\Handlers\FileHandler' driver.
CRITICAL - 2024-01-02 13:30:02 --> Undefined array key "tanggal"
in APPPATH/Views/konten/mahasiswa/kehadiran/see.php on line 20.
 1 APPPATH/Views/konten/mahasiswa/kehadiran/see.php(20): CodeIgniter\Debug\Exceptions->errorHandler(2, 'Undefined array key "tanggal"', '/Applications/XAMPP/xamppfiles/htdocs/pembelajaran/app/Views/konten/mahasiswa/kehadiran/see.php', 20)
 2 SYSTEMPATH/View/View.php(228): include('/Applications/XAMPP/xamppfiles/htdocs/pembelajaran/app/Views/konten/mahasiswa/kehadiran/see.php')
 3 SYSTEMPATH/View/View.php(231): CodeIgniter\View\View->CodeIgniter\View\{closure}()
 4 SYSTEMPATH/Common.php(1190): CodeIgniter\View\View->render('konten/mahasiswa/kehadiran/see', [], true)
 5 APPPATH/Controllers/MahasiswaKehadiran.php(62): view('konten/mahasiswa/kehadiran/see', [...])
 6 SYSTEMPATH/CodeIgniter.php(942): App\Controllers\MahasiswaKehadiran->lihatAbsen('NjgxZDBiODQtYTk2ZC00NWE2LTk3ODktOWI4MzgzNjRhNDZm')
 7 SYSTEMPATH/CodeIgniter.php(502): CodeIgniter\CodeIgniter->runController(Object(App\Controllers\MahasiswaKehadiran))
 8 SYSTEMPATH/CodeIgniter.php(361): CodeIgniter\CodeIgniter->handleRequest(null, Object(Config\Cache), false)
 9 FCPATH/index.php(79): CodeIgniter\CodeIgniter->run()
10 SYSTEMPATH/Commands/Server/rewrite.php(47): require_once('/Applications/XAMPP/xamppfiles/htdocs/pembelajaran/public/index.php')
INFO - 2024-01-02 13:30:31 --> Session: Class initialized using 'CodeIgniter\Session\Handlers\FileHandler' driver.
CRITICAL - 2024-01-02 13:30:31 --> Undefined array key "kehadiran"
in APPPATH/Views/konten/mahasiswa/kehadiran/see.php on line 21.
 1 APPPATH/Views/konten/mahasiswa/kehadiran/see.php(21): CodeIgniter\Debug\Exceptions->errorHandler(2, 'Undefined array key "kehadiran"', '/Applications/XAMPP/xamppfiles/htdocs/pembelajaran/app/Views/konten/mahasiswa/kehadiran/see.php', 21)
 2 SYSTEMPATH/View/View.php(228): include('/Applications/XAMPP/xamppfiles/htdocs/pembelajaran/app/Views/konten/mahasiswa/kehadiran/see.php')
 3 SYSTEMPATH/View/View.php(231): CodeIgniter\View\View->CodeIgniter\View\{closure}()
 4 SYSTEMPATH/Common.php(1190): CodeIgniter\View\View->render('konten/mahasiswa/kehadiran/see', [], true)
 5 APPPATH/Controllers/MahasiswaKehadiran.php(62): view('konten/mahasiswa/kehadiran/see', [...])
 6 SYSTEMPATH/CodeIgniter.php(942): App\Controllers\MahasiswaKehadiran->lihatAbsen('NjgxZDBiODQtYTk2ZC00NWE2LTk3ODktOWI4MzgzNjRhNDZm')
 7 SYSTEMPATH/CodeIgniter.php(502): CodeIgniter\CodeIgniter->runController(Object(App\Controllers\MahasiswaKehadiran))
 8 SYSTEMPATH/CodeIgniter.php(361): CodeIgniter\CodeIgniter->handleRequest(null, Object(Config\Cache), false)
 9 FCPATH/index.php(79): CodeIgniter\CodeIgniter->run()
10 SYSTEMPATH/Commands/Server/rewrite.php(47): require_once('/Applications/XAMPP/xamppfiles/htdocs/pembelajaran/public/index.php')
INFO - 2024-01-02 13:31:07 --> Session: Class initialized using 'CodeIgniter\Session\Handlers\FileHandler' driver.
CRITICAL - 2024-01-02 13:31:07 --> Attempt to read property "kehadiran" on array
in APPPATH/Views/konten/mahasiswa/kehadiran/see.php on line 21.
 1 APPPATH/Views/konten/mahasiswa/kehadiran/see.php(21): CodeIgniter\Debug\Exceptions->errorHandler(2, 'Attempt to read property "kehadiran" on array', '/Applications/XAMPP/xamppfiles/htdocs/pembelajaran/app/Views/konten/mahasiswa/kehadiran/see.php', 21)
 2 SYSTEMPATH/View/View.php(228): include('/Applications/XAMPP/xamppfiles/htdocs/pembelajaran/app/Views/konten/mahasiswa/kehadiran/see.php')
 3 SYSTEMPATH/View/View.php(231): CodeIgniter\View\View->CodeIgniter\View\{closure}()
 4 SYSTEMPATH/Common.php(1190): CodeIgniter\View\View->render('konten/mahasiswa/kehadiran/see', [], true)
 5 APPPATH/Controllers/MahasiswaKehadiran.php(62): view('konten/mahasiswa/kehadiran/see', [...])
 6 SYSTEMPATH/CodeIgniter.php(942): App\Controllers\MahasiswaKehadiran->lihatAbsen('NjgxZDBiODQtYTk2ZC00NWE2LTk3ODktOWI4MzgzNjRhNDZm')
 7 SYSTEMPATH/CodeIgniter.php(502): CodeIgniter\CodeIgniter->runController(Object(App\Controllers\MahasiswaKehadiran))
 8 SYSTEMPATH/CodeIgniter.php(361): CodeIgniter\CodeIgniter->handleRequest(null, Object(Config\Cache), false)
 9 FCPATH/index.php(79): CodeIgniter\CodeIgniter->run()
10 SYSTEMPATH/Commands/Server/rewrite.php(47): require_once('/Applications/XAMPP/xamppfiles/htdocs/pembelajaran/public/index.php')
INFO - 2024-01-02 13:31:37 --> Session: Class initialized using 'CodeIgniter\Session\Handlers\FileHandler' driver.
INFO - 2024-01-02 13:31:37 --> Session: Class initialized using 'CodeIgniter\Session\Handlers\FileHandler' driver.
INFO - 2024-01-02 13:34:46 --> Session: Class initialized using 'CodeIgniter\Session\Handlers\FileHandler' driver.
INFO - 2024-01-02 13:34:46 --> Session: Class initialized using 'CodeIgniter\Session\Handlers\FileHandler' driver.
INFO - 2024-01-02 13:35:09 --> Session: Class initialized using 'CodeIgniter\Session\Handlers\FileHandler' driver.
INFO - 2024-01-02 13:35:09 --> Session: Class initialized using 'CodeIgniter\Session\Handlers\FileHandler' driver.
INFO - 2024-01-02 13:35:29 --> Session: Class initialized using 'CodeIgniter\Session\Handlers\FileHandler' driver.
INFO - 2024-01-02 13:35:29 --> Session: Class initialized using 'CodeIgniter\Session\Handlers\FileHandler' driver.
INFO - 2024-01-02 13:35:36 --> Session: Class initialized using 'CodeIgniter\Session\Handlers\FileHandler' driver.
INFO - 2024-01-02 13:35:36 --> Session: Class initialized using 'CodeIgniter\Session\Handlers\FileHandler' driver.
INFO - 2024-01-02 13:36:08 --> Session: Class initialized using 'CodeIgniter\Session\Handlers\FileHandler' driver.
INFO - 2024-01-02 13:36:08 --> Session: Class initialized using 'CodeIgniter\Session\Handlers\FileHandler' driver.
INFO - 2024-01-02 13:36:10 --> Session: Class initialized using 'CodeIgniter\Session\Handlers\FileHandler' driver.
INFO - 2024-01-02 13:36:10 --> Session: Class initialized using 'CodeIgniter\Session\Handlers\FileHandler' driver.
INFO - 2024-01-02 13:36:11 --> Session: Class initialized using 'CodeIgniter\Session\Handlers\FileHandler' driver.
ERROR - 2024-01-02 13:36:11 --> mysqli_sql_exception: Illegal mix of collations (utf8mb4_general_ci,IMPLICIT) and (utf8_general_ci,COERCIBLE) for operation '=' in /Applications/XAMPP/xamppfiles/htdocs/pembelajaran/system/Database/MySQLi/Connection.php:306
Stack trace:
#0 /Applications/XAMPP/xamppfiles/htdocs/pembelajaran/system/Database/MySQLi/Connection.php(306): mysqli->query('SELECT `absensi...', 0)
#1 /Applications/XAMPP/xamppfiles/htdocs/pembelajaran/system/Database/BaseConnection.php(693): CodeIgniter\Database\MySQLi\Connection->execute('SELECT `absensi...')
#2 /Applications/XAMPP/xamppfiles/htdocs/pembelajaran/system/Database/BaseConnection.php(607): CodeIgniter\Database\BaseConnection->simpleQuery('SELECT `absensi...')
#3 /Applications/XAMPP/xamppfiles/htdocs/pembelajaran/system/Database/BaseBuilder.php(1615): CodeIgniter\Database\BaseConnection->query('SELECT `absensi...', Array, false)
#4 /Applications/XAMPP/xamppfiles/htdocs/pembelajaran/app/Models/Mahasiswa/JadwalModel.php(60): CodeIgniter\Database\BaseBuilder->get()
#5 /Applications/XAMPP/xamppfiles/htdocs/pembelajaran/app/Controllers/MahasiswaKehadiran.php(57): App\Models\Mahasiswa\JadwalModel->getDetailByAbsen('\x99\xA8Z\xB2+0')
#6 /Applications/XAMPP/xamppfiles/htdocs/pembelajaran/system/CodeIgniter.php(942): App\Controllers\MahasiswaKehadiran->lihatAbsen('mahasiswa', 'kehadiran', 'mk', 'detail', 'NjgxZDBiODQtYTk...')
#7 /Applications/XAMPP/xamppfiles/htdocs/pembelajaran/system/CodeIgniter.php(502): CodeIgniter\CodeIgniter->runController(Object(App\Controllers\MahasiswaKehadiran))
#8 /Applications/XAMPP/xamppfiles/htdocs/pembelajaran/system/CodeIgniter.php(361): CodeIgniter\CodeIgniter->handleRequest(NULL, Object(Config\Cache), false)
#9 /Applications/XAMPP/xamppfiles/htdocs/pembelajaran/public/index.php(79): CodeIgniter\CodeIgniter->run()
#10 /Applications/XAMPP/xamppfiles/htdocs/pembelajaran/system/Commands/Server/rewrite.php(47): require_once('/Applications/X...')
#11 {main}
CRITICAL - 2024-01-02 13:36:11 --> Illegal mix of collations (utf8mb4_general_ci,IMPLICIT) and (utf8_general_ci,COERCIBLE) for operation '='
in SYSTEMPATH/Database/BaseConnection.php on line 647.
 1 SYSTEMPATH/Database/BaseBuilder.php(1615): CodeIgniter\Database\BaseConnection->query('SELECT `absensi`.*, `rencana_perkuliahan`.`jadwal_kuliah_id`, `rencana_perkuliahan`.`pertemuan`, `rencana_perkuliahan`.`topik`, `matakuliah`.`nama_mk`, `rencana_perkuliahan`.`tanggal`
FROM `absensi`
JOIN `rencana_perkuliahan` ON `absensi`.`rencana_perkuliahan_id` = `rencana_perkuliahan`.`id`
JOIN `jadwal_kuliah` ON `rencana_perkuliahan`.`jadwal_kuliah_id` = `jadwal_kuliah`.`id`
JOIN `matakuliah` ON `jadwal_kuliah`.`matakuliah_id` = `matakuliah`.`id`
WHERE `absensi`.`id` = :absensi.id:', [...], false)
 2 APPPATH/Models/Mahasiswa/JadwalModel.php(60): CodeIgniter\Database\BaseBuilder->get()
 3 APPPATH/Controllers/MahasiswaKehadiran.php(57): App\Models\Mahasiswa\JadwalModel->getDetailByAbsen('™¨Z²+0')
 4 SYSTEMPATH/CodeIgniter.php(942): App\Controllers\MahasiswaKehadiran->lihatAbsen('mahasiswa', 'kehadiran', 'mk', 'detail', 'NjgxZDBiODQtYTk2ZC00NWE2LTk3ODktOWI4MzgzNjRhNDZm')
 5 SYSTEMPATH/CodeIgniter.php(502): CodeIgniter\CodeIgniter->runController(Object(App\Controllers\MahasiswaKehadiran))
 6 SYSTEMPATH/CodeIgniter.php(361): CodeIgniter\CodeIgniter->handleRequest(null, Object(Config\Cache), false)
 7 FCPATH/index.php(79): CodeIgniter\CodeIgniter->run()
 8 SYSTEMPATH/Commands/Server/rewrite.php(47): require_once('/Applications/XAMPP/xamppfiles/htdocs/pembelajaran/public/index.php')
INFO - 2024-01-02 13:36:18 --> Session: Class initialized using 'CodeIgniter\Session\Handlers\FileHandler' driver.
INFO - 2024-01-02 13:36:19 --> Session: Class initialized using 'CodeIgniter\Session\Handlers\FileHandler' driver.
INFO - 2024-01-02 13:36:20 --> Session: Class initialized using 'CodeIgniter\Session\Handlers\FileHandler' driver.
INFO - 2024-01-02 13:36:20 --> Session: Class initialized using 'CodeIgniter\Session\Handlers\FileHandler' driver.
INFO - 2024-01-02 13:36:22 --> Session: Class initialized using 'CodeIgniter\Session\Handlers\FileHandler' driver.
INFO - 2024-01-02 13:36:23 --> Session: Class initialized using 'CodeIgniter\Session\Handlers\FileHandler' driver.
INFO - 2024-01-02 13:36:29 --> Session: Class initialized using 'CodeIgniter\Session\Handlers\FileHandler' driver.
INFO - 2024-01-02 13:36:29 --> Session: Class initialized using 'CodeIgniter\Session\Handlers\FileHandler' driver.
INFO - 2024-01-02 13:36:31 --> Session: Class initialized using 'CodeIgniter\Session\Handlers\FileHandler' driver.
CRITICAL - 2024-01-02 13:36:31 --> Trying to access array offset on value of type null
in APPPATH/Views/konten/mahasiswa/kehadiran/detail.php on line 14.
 1 APPPATH/Views/konten/mahasiswa/kehadiran/detail.php(14): CodeIgniter\Debug\Exceptions->errorHandler(2, 'Trying to access array offset on value of type null', '/Applications/XAMPP/xamppfiles/htdocs/pembelajaran/app/Views/konten/mahasiswa/kehadiran/detail.php', 14)
 2 SYSTEMPATH/View/View.php(228): include('/Applications/XAMPP/xamppfiles/htdocs/pembelajaran/app/Views/konten/mahasiswa/kehadiran/detail.php')
 3 SYSTEMPATH/View/View.php(231): CodeIgniter\View\View->CodeIgniter\View\{closure}()
 4 SYSTEMPATH/Common.php(1190): CodeIgniter\View\View->render('konten/mahasiswa/kehadiran/detail', [], true)
 5 APPPATH/Controllers/MahasiswaKehadiran.php(41): view('konten/mahasiswa/kehadiran/detail', [...])
 6 SYSTEMPATH/CodeIgniter.php(942): App\Controllers\MahasiswaKehadiran->detail('NjgxZDBiODQtYTk2ZC00NWE2LTk3ODktOWI4MzgzNjRhNDZm')
 7 SYSTEMPATH/CodeIgniter.php(502): CodeIgniter\CodeIgniter->runController(Object(App\Controllers\MahasiswaKehadiran))
 8 SYSTEMPATH/CodeIgniter.php(361): CodeIgniter\CodeIgniter->handleRequest(null, Object(Config\Cache), false)
 9 FCPATH/index.php(79): CodeIgniter\CodeIgniter->run()
10 SYSTEMPATH/Commands/Server/rewrite.php(47): require_once('/Applications/XAMPP/xamppfiles/htdocs/pembelajaran/public/index.php')
INFO - 2024-01-02 13:36:52 --> Session: Class initialized using 'CodeIgniter\Session\Handlers\FileHandler' driver.
INFO - 2024-01-02 13:36:52 --> Session: Class initialized using 'CodeIgniter\Session\Handlers\FileHandler' driver.
INFO - 2024-01-02 13:36:54 --> Session: Class initialized using 'CodeIgniter\Session\Handlers\FileHandler' driver.
CRITICAL - 2024-01-02 13:36:54 --> Trying to access array offset on value of type null
in APPPATH/Views/konten/mahasiswa/kehadiran/detail.php on line 14.
 1 APPPATH/Views/konten/mahasiswa/kehadiran/detail.php(14): CodeIgniter\Debug\Exceptions->errorHandler(2, 'Trying to access array offset on value of type null', '/Applications/XAMPP/xamppfiles/htdocs/pembelajaran/app/Views/konten/mahasiswa/kehadiran/detail.php', 14)
 2 SYSTEMPATH/View/View.php(228): include('/Applications/XAMPP/xamppfiles/htdocs/pembelajaran/app/Views/konten/mahasiswa/kehadiran/detail.php')
 3 SYSTEMPATH/View/View.php(231): CodeIgniter\View\View->CodeIgniter\View\{closure}()
 4 SYSTEMPATH/Common.php(1190): CodeIgniter\View\View->render('konten/mahasiswa/kehadiran/detail', [], true)
 5 APPPATH/Controllers/MahasiswaKehadiran.php(41): view('konten/mahasiswa/kehadiran/detail', [...])
 6 SYSTEMPATH/CodeIgniter.php(942): App\Controllers\MahasiswaKehadiran->detail('NDMyNDgyNmYtN2IyOS00MTA3LThjYWEtNGMyNjQ1ZjI5M2Zh')
 7 SYSTEMPATH/CodeIgniter.php(502): CodeIgniter\CodeIgniter->runController(Object(App\Controllers\MahasiswaKehadiran))
 8 SYSTEMPATH/CodeIgniter.php(361): CodeIgniter\CodeIgniter->handleRequest(null, Object(Config\Cache), false)
 9 FCPATH/index.php(79): CodeIgniter\CodeIgniter->run()
10 SYSTEMPATH/Commands/Server/rewrite.php(47): require_once('/Applications/XAMPP/xamppfiles/htdocs/pembelajaran/public/index.php')
INFO - 2024-01-02 13:38:41 --> Session: Class initialized using 'CodeIgniter\Session\Handlers\FileHandler' driver.
INFO - 2024-01-02 13:38:41 --> Session: Class initialized using 'CodeIgniter\Session\Handlers\FileHandler' driver.
INFO - 2024-01-02 13:38:42 --> Session: Class initialized using 'CodeIgniter\Session\Handlers\FileHandler' driver.
INFO - 2024-01-02 13:38:43 --> Session: Class initialized using 'CodeIgniter\Session\Handlers\FileHandler' driver.
INFO - 2024-01-02 13:38:43 --> Session: Class initialized using 'CodeIgniter\Session\Handlers\FileHandler' driver.
CRITICAL - 2024-01-02 13:38:43 --> Trying to access array offset on value of type null
in APPPATH/Views/konten/mahasiswa/kehadiran/detail.php on line 14.
 1 APPPATH/Views/konten/mahasiswa/kehadiran/detail.php(14): CodeIgniter\Debug\Exceptions->errorHandler(2, 'Trying to access array offset on value of type null', '/Applications/XAMPP/xamppfiles/htdocs/pembelajaran/app/Views/konten/mahasiswa/kehadiran/detail.php', 14)
 2 SYSTEMPATH/View/View.php(228): include('/Applications/XAMPP/xamppfiles/htdocs/pembelajaran/app/Views/konten/mahasiswa/kehadiran/detail.php')
 3 SYSTEMPATH/View/View.php(231): CodeIgniter\View\View->CodeIgniter\View\{closure}()
 4 SYSTEMPATH/Common.php(1190): CodeIgniter\View\View->render('konten/mahasiswa/kehadiran/detail', [], true)
 5 APPPATH/Controllers/MahasiswaKehadiran.php(41): view('konten/mahasiswa/kehadiran/detail', [...])
 6 SYSTEMPATH/CodeIgniter.php(942): App\Controllers\MahasiswaKehadiran->detail('NjgxZDBiODQtYTk2ZC00NWE2LTk3ODktOWI4MzgzNjRhNDZm')
 7 SYSTEMPATH/CodeIgniter.php(502): CodeIgniter\CodeIgniter->runController(Object(App\Controllers\MahasiswaKehadiran))
 8 SYSTEMPATH/CodeIgniter.php(361): CodeIgniter\CodeIgniter->handleRequest(null, Object(Config\Cache), false)
 9 FCPATH/index.php(79): CodeIgniter\CodeIgniter->run()
10 SYSTEMPATH/Commands/Server/rewrite.php(47): require_once('/Applications/XAMPP/xamppfiles/htdocs/pembelajaran/public/index.php')
INFO - 2024-01-02 13:38:50 --> Session: Class initialized using 'CodeIgniter\Session\Handlers\FileHandler' driver.
INFO - 2024-01-02 13:38:50 --> Session: Class initialized using 'CodeIgniter\Session\Handlers\FileHandler' driver.
INFO - 2024-01-02 13:38:52 --> Session: Class initialized using 'CodeIgniter\Session\Handlers\FileHandler' driver.
INFO - 2024-01-02 13:38:52 --> Session: Class initialized using 'CodeIgniter\Session\Handlers\FileHandler' driver.
INFO - 2024-01-02 13:38:53 --> Session: Class initialized using 'CodeIgniter\Session\Handlers\FileHandler' driver.
INFO - 2024-01-02 13:38:53 --> Session: Class initialized using 'CodeIgniter\Session\Handlers\FileHandler' driver.
INFO - 2024-01-02 13:39:22 --> Session: Class initialized using 'CodeIgniter\Session\Handlers\FileHandler' driver.
INFO - 2024-01-02 13:39:23 --> Session: Class initialized using 'CodeIgniter\Session\Handlers\FileHandler' driver.
INFO - 2024-01-02 13:39:45 --> Session: Class initialized using 'CodeIgniter\Session\Handlers\FileHandler' driver.
INFO - 2024-01-02 13:39:45 --> Session: Class initialized using 'CodeIgniter\Session\Handlers\FileHandler' driver.
INFO - 2024-01-02 13:39:47 --> Session: Class initialized using 'CodeIgniter\Session\Handlers\FileHandler' driver.
INFO - 2024-01-02 13:39:47 --> Session: Class initialized using 'CodeIgniter\Session\Handlers\FileHandler' driver.
INFO - 2024-01-02 13:39:48 --> Session: Class initialized using 'CodeIgniter\Session\Handlers\FileHandler' driver.
CRITICAL - 2024-01-02 13:39:48 --> Undefined array key "rencana_id"
in APPPATH/Views/konten/mahasiswa/kehadiran/see.php on line 22.
 1 APPPATH/Views/konten/mahasiswa/kehadiran/see.php(22): CodeIgniter\Debug\Exceptions->errorHandler(2, 'Undefined array key "rencana_id"', '/Applications/XAMPP/xamppfiles/htdocs/pembelajaran/app/Views/konten/mahasiswa/kehadiran/see.php', 22)
 2 SYSTEMPATH/View/View.php(228): include('/Applications/XAMPP/xamppfiles/htdocs/pembelajaran/app/Views/konten/mahasiswa/kehadiran/see.php')
 3 SYSTEMPATH/View/View.php(231): CodeIgniter\View\View->CodeIgniter\View\{closure}()
 4 SYSTEMPATH/Common.php(1190): CodeIgniter\View\View->render('konten/mahasiswa/kehadiran/see', [], true)
 5 APPPATH/Controllers/MahasiswaKehadiran.php(62): view('konten/mahasiswa/kehadiran/see', [...])
 6 SYSTEMPATH/CodeIgniter.php(942): App\Controllers\MahasiswaKehadiran->lihatAbsen('NjgxZDBiODQtYTk2ZC00NWE2LTk3ODktOWI4MzgzNjRhNDZm')
 7 SYSTEMPATH/CodeIgniter.php(502): CodeIgniter\CodeIgniter->runController(Object(App\Controllers\MahasiswaKehadiran))
 8 SYSTEMPATH/CodeIgniter.php(361): CodeIgniter\CodeIgniter->handleRequest(null, Object(Config\Cache), false)
 9 FCPATH/index.php(79): CodeIgniter\CodeIgniter->run()
10 SYSTEMPATH/Commands/Server/rewrite.php(47): require_once('/Applications/XAMPP/xamppfiles/htdocs/pembelajaran/public/index.php')
INFO - 2024-01-02 13:40:12 --> Session: Class initialized using 'CodeIgniter\Session\Handlers\FileHandler' driver.
INFO - 2024-01-02 13:40:12 --> Session: Class initialized using 'CodeIgniter\Session\Handlers\FileHandler' driver.
INFO - 2024-01-02 13:40:13 --> Session: Class initialized using 'CodeIgniter\Session\Handlers\FileHandler' driver.
INFO - 2024-01-02 13:40:14 --> Session: Class initialized using 'CodeIgniter\Session\Handlers\FileHandler' driver.
INFO - 2024-01-02 13:40:15 --> Session: Class initialized using 'CodeIgniter\Session\Handlers\FileHandler' driver.
CRITICAL - 2024-01-02 13:40:15 --> Trying to access array offset on value of type null
in APPPATH/Views/konten/mahasiswa/kehadiran/detail.php on line 14.
 1 APPPATH/Views/konten/mahasiswa/kehadiran/detail.php(14): CodeIgniter\Debug\Exceptions->errorHandler(2, 'Trying to access array offset on value of type null', '/Applications/XAMPP/xamppfiles/htdocs/pembelajaran/app/Views/konten/mahasiswa/kehadiran/detail.php', 14)
 2 SYSTEMPATH/View/View.php(228): include('/Applications/XAMPP/xamppfiles/htdocs/pembelajaran/app/Views/konten/mahasiswa/kehadiran/detail.php')
 3 SYSTEMPATH/View/View.php(231): CodeIgniter\View\View->CodeIgniter\View\{closure}()
 4 SYSTEMPATH/Common.php(1190): CodeIgniter\View\View->render('konten/mahasiswa/kehadiran/detail', [], true)
 5 APPPATH/Controllers/MahasiswaKehadiran.php(41): view('konten/mahasiswa/kehadiran/detail', [...])
 6 SYSTEMPATH/CodeIgniter.php(942): App\Controllers\MahasiswaKehadiran->detail('NjgxZDBiODQtYTk2ZC00NWE2LTk3ODktOWI4MzgzNjRhNDZm')
 7 SYSTEMPATH/CodeIgniter.php(502): CodeIgniter\CodeIgniter->runController(Object(App\Controllers\MahasiswaKehadiran))
 8 SYSTEMPATH/CodeIgniter.php(361): CodeIgniter\CodeIgniter->handleRequest(null, Object(Config\Cache), false)
 9 FCPATH/index.php(79): CodeIgniter\CodeIgniter->run()
10 SYSTEMPATH/Commands/Server/rewrite.php(47): require_once('/Applications/XAMPP/xamppfiles/htdocs/pembelajaran/public/index.php')
INFO - 2024-01-02 13:40:17 --> Session: Class initialized using 'CodeIgniter\Session\Handlers\FileHandler' driver.
INFO - 2024-01-02 13:40:17 --> Session: Class initialized using 'CodeIgniter\Session\Handlers\FileHandler' driver.
INFO - 2024-01-02 13:40:29 --> Session: Class initialized using 'CodeIgniter\Session\Handlers\FileHandler' driver.
INFO - 2024-01-02 13:40:29 --> Session: Class initialized using 'CodeIgniter\Session\Handlers\FileHandler' driver.
INFO - 2024-01-02 13:40:32 --> Session: Class initialized using 'CodeIgniter\Session\Handlers\FileHandler' driver.
INFO - 2024-01-02 13:40:32 --> Session: Class initialized using 'CodeIgniter\Session\Handlers\FileHandler' driver.
INFO - 2024-01-02 13:40:35 --> Session: Class initialized using 'CodeIgniter\Session\Handlers\FileHandler' driver.
INFO - 2024-01-02 13:40:35 --> Session: Class initialized using 'CodeIgniter\Session\Handlers\FileHandler' driver.
INFO - 2024-01-02 13:40:37 --> Session: Class initialized using 'CodeIgniter\Session\Handlers\FileHandler' driver.
INFO - 2024-01-02 13:40:37 --> Session: Class initialized using 'CodeIgniter\Session\Handlers\FileHandler' driver.
INFO - 2024-01-02 13:40:39 --> Session: Class initialized using 'CodeIgniter\Session\Handlers\FileHandler' driver.
INFO - 2024-01-02 13:40:39 --> Session: Class initialized using 'CodeIgniter\Session\Handlers\FileHandler' driver.
INFO - 2024-01-02 13:40:43 --> Session: Class initialized using 'CodeIgniter\Session\Handlers\FileHandler' driver.
INFO - 2024-01-02 13:40:43 --> Session: Class initialized using 'CodeIgniter\Session\Handlers\FileHandler' driver.
INFO - 2024-01-02 13:40:46 --> Session: Class initialized using 'CodeIgniter\Session\Handlers\FileHandler' driver.
INFO - 2024-01-02 13:40:46 --> Session: Class initialized using 'CodeIgniter\Session\Handlers\FileHandler' driver.
INFO - 2024-01-02 13:40:51 --> Session: Class initialized using 'CodeIgniter\Session\Handlers\FileHandler' driver.
INFO - 2024-01-02 13:40:51 --> Session: Class initialized using 'CodeIgniter\Session\Handlers\FileHandler' driver.
INFO - 2024-01-02 13:41:15 --> Session: Class initialized using 'CodeIgniter\Session\Handlers\FileHandler' driver.
INFO - 2024-01-02 13:41:15 --> Session: Class initialized using 'CodeIgniter\Session\Handlers\FileHandler' driver.
INFO - 2024-01-02 13:41:15 --> Session: Class initialized using 'CodeIgniter\Session\Handlers\FileHandler' driver.
INFO - 2024-01-02 13:41:16 --> Session: Class initialized using 'CodeIgniter\Session\Handlers\FileHandler' driver.
INFO - 2024-01-02 13:41:16 --> Session: Class initialized using 'CodeIgniter\Session\Handlers\FileHandler' driver.
INFO - 2024-01-02 13:41:17 --> Session: Class initialized using 'CodeIgniter\Session\Handlers\FileHandler' driver.
INFO - 2024-01-02 13:41:22 --> Session: Class initialized using 'CodeIgniter\Session\Handlers\FileHandler' driver.
INFO - 2024-01-02 13:41:23 --> Session: Class initialized using 'CodeIgniter\Session\Handlers\FileHandler' driver.
INFO - 2024-01-02 13:41:24 --> Session: Class initialized using 'CodeIgniter\Session\Handlers\FileHandler' driver.
INFO - 2024-01-02 13:41:24 --> Session: Class initialized using 'CodeIgniter\Session\Handlers\FileHandler' driver.
INFO - 2024-01-02 13:42:36 --> Session: Class initialized using 'CodeIgniter\Session\Handlers\FileHandler' driver.
INFO - 2024-01-02 13:42:36 --> Session: Class initialized using 'CodeIgniter\Session\Handlers\FileHandler' driver.
INFO - 2024-01-02 13:42:41 --> Session: Class initialized using 'CodeIgniter\Session\Handlers\FileHandler' driver.
INFO - 2024-01-02 13:42:42 --> Session: Class initialized using 'CodeIgniter\Session\Handlers\FileHandler' driver.
INFO - 2024-01-02 13:44:14 --> Session: Class initialized using 'CodeIgniter\Session\Handlers\FileHandler' driver.
INFO - 2024-01-02 13:44:14 --> Session: Class initialized using 'CodeIgniter\Session\Handlers\FileHandler' driver.
INFO - 2024-01-02 13:44:15 --> Session: Class initialized using 'CodeIgniter\Session\Handlers\FileHandler' driver.
INFO - 2024-01-02 13:44:15 --> Session: Class initialized using 'CodeIgniter\Session\Handlers\FileHandler' driver.
INFO - 2024-01-02 13:44:17 --> Session: Class initialized using 'CodeIgniter\Session\Handlers\FileHandler' driver.
INFO - 2024-01-02 13:44:17 --> Session: Class initialized using 'CodeIgniter\Session\Handlers\FileHandler' driver.
INFO - 2024-01-02 13:44:19 --> Session: Class initialized using 'CodeIgniter\Session\Handlers\FileHandler' driver.
INFO - 2024-01-02 13:44:19 --> Session: Class initialized using 'CodeIgniter\Session\Handlers\FileHandler' driver.
INFO - 2024-01-02 13:44:22 --> Session: Class initialized using 'CodeIgniter\Session\Handlers\FileHandler' driver.
INFO - 2024-01-02 13:44:22 --> Session: Class initialized using 'CodeIgniter\Session\Handlers\FileHandler' driver.
INFO - 2024-01-02 13:44:43 --> Session: Class initialized using 'CodeIgniter\Session\Handlers\FileHandler' driver.
INFO - 2024-01-02 13:44:43 --> Session: Class initialized using 'CodeIgniter\Session\Handlers\FileHandler' driver.
INFO - 2024-01-02 13:44:44 --> Session: Class initialized using 'CodeIgniter\Session\Handlers\FileHandler' driver.
INFO - 2024-01-02 13:44:45 --> Session: Class initialized using 'CodeIgniter\Session\Handlers\FileHandler' driver.
INFO - 2024-01-02 13:45:08 --> Session: Class initialized using 'CodeIgniter\Session\Handlers\FileHandler' driver.
INFO - 2024-01-02 13:45:08 --> Session: Class initialized using 'CodeIgniter\Session\Handlers\FileHandler' driver.
INFO - 2024-01-02 13:45:29 --> Session: Class initialized using 'CodeIgniter\Session\Handlers\FileHandler' driver.
INFO - 2024-01-02 13:45:29 --> Session: Class initialized using 'CodeIgniter\Session\Handlers\FileHandler' driver.
INFO - 2024-01-02 13:45:53 --> Session: Class initialized using 'CodeIgniter\Session\Handlers\FileHandler' driver.
INFO - 2024-01-02 13:45:54 --> Session: Class initialized using 'CodeIgniter\Session\Handlers\FileHandler' driver.
INFO - 2024-01-02 13:48:24 --> Session: Class initialized using 'CodeIgniter\Session\Handlers\FileHandler' driver.
INFO - 2024-01-02 13:48:24 --> Session: Class initialized using 'CodeIgniter\Session\Handlers\FileHandler' driver.
INFO - 2024-01-02 14:13:12 --> Session: Class initialized using 'CodeIgniter\Session\Handlers\FileHandler' driver.
INFO - 2024-01-02 14:13:13 --> Session: Class initialized using 'CodeIgniter\Session\Handlers\FileHandler' driver.
INFO - 2024-01-02 14:13:45 --> Session: Class initialized using 'CodeIgniter\Session\Handlers\FileHandler' driver.
INFO - 2024-01-02 14:13:45 --> Session: Class initialized using 'CodeIgniter\Session\Handlers\FileHandler' driver.
INFO - 2024-01-02 14:14:20 --> Session: Class initialized using 'CodeIgniter\Session\Handlers\FileHandler' driver.
INFO - 2024-01-02 14:14:20 --> Session: Class initialized using 'CodeIgniter\Session\Handlers\FileHandler' driver.
INFO - 2024-01-02 14:14:31 --> Session: Class initialized using 'CodeIgniter\Session\Handlers\FileHandler' driver.
INFO - 2024-01-02 14:14:31 --> Session: Class initialized using 'CodeIgniter\Session\Handlers\FileHandler' driver.
INFO - 2024-01-02 14:17:09 --> Session: Class initialized using 'CodeIgniter\Session\Handlers\FileHandler' driver.
INFO - 2024-01-02 14:17:09 --> Session: Class initialized using 'CodeIgniter\Session\Handlers\FileHandler' driver.
INFO - 2024-01-02 14:17:09 --> Session: Class initialized using 'CodeIgniter\Session\Handlers\FileHandler' driver.
INFO - 2024-01-02 14:18:19 --> Session: Class initialized using 'CodeIgniter\Session\Handlers\FileHandler' driver.
INFO - 2024-01-02 14:18:20 --> Session: Class initialized using 'CodeIgniter\Session\Handlers\FileHandler' driver.
INFO - 2024-01-02 14:18:28 --> Session: Class initialized using 'CodeIgniter\Session\Handlers\FileHandler' driver.
INFO - 2024-01-02 14:18:29 --> Session: Class initialized using 'CodeIgniter\Session\Handlers\FileHandler' driver.
INFO - 2024-01-02 14:18:42 --> Session: Class initialized using 'CodeIgniter\Session\Handlers\FileHandler' driver.
INFO - 2024-01-02 14:18:42 --> Session: Class initialized using 'CodeIgniter\Session\Handlers\FileHandler' driver.
INFO - 2024-01-02 14:18:44 --> Session: Class initialized using 'CodeIgniter\Session\Handlers\FileHandler' driver.
INFO - 2024-01-02 14:18:44 --> Session: Class initialized using 'CodeIgniter\Session\Handlers\FileHandler' driver.
INFO - 2024-01-02 14:19:31 --> Session: Class initialized using 'CodeIgniter\Session\Handlers\FileHandler' driver.
INFO - 2024-01-02 14:19:31 --> Session: Class initialized using 'CodeIgniter\Session\Handlers\FileHandler' driver.
INFO - 2024-01-02 14:19:51 --> Session: Class initialized using 'CodeIgniter\Session\Handlers\FileHandler' driver.
INFO - 2024-01-02 14:19:51 --> Session: Class initialized using 'CodeIgniter\Session\Handlers\FileHandler' driver.
INFO - 2024-01-02 14:19:54 --> Session: Class initialized using 'CodeIgniter\Session\Handlers\FileHandler' driver.
INFO - 2024-01-02 14:19:54 --> Session: Class initialized using 'CodeIgniter\Session\Handlers\FileHandler' driver.
INFO - 2024-01-02 14:19:55 --> Session: Class initialized using 'CodeIgniter\Session\Handlers\FileHandler' driver.
INFO - 2024-01-02 14:19:55 --> Session: Class initialized using 'CodeIgniter\Session\Handlers\FileHandler' driver.
INFO - 2024-01-02 14:24:58 --> Session: Class initialized using 'CodeIgniter\Session\Handlers\FileHandler' driver.
INFO - 2024-01-02 14:24:58 --> Session: Class initialized using 'CodeIgniter\Session\Handlers\FileHandler' driver.
INFO - 2024-01-02 14:25:15 --> Session: Class initialized using 'CodeIgniter\Session\Handlers\FileHandler' driver.
INFO - 2024-01-02 14:25:19 --> Session: Class initialized using 'CodeIgniter\Session\Handlers\FileHandler' driver.
ERROR - 2024-01-02 14:25:19 --> mysqli_sql_exception: Illegal mix of collations (utf8mb4_general_ci,IMPLICIT) and (utf8_general_ci,COERCIBLE) for operation '=' in /Applications/XAMPP/xamppfiles/htdocs/pembelajaran/system/Database/MySQLi/Connection.php:306
Stack trace:
#0 /Applications/XAMPP/xamppfiles/htdocs/pembelajaran/system/Database/MySQLi/Connection.php(306): mysqli->query('SELECT `absensi...', 0)
#1 /Applications/XAMPP/xamppfiles/htdocs/pembelajaran/system/Database/BaseConnection.php(693): CodeIgniter\Database\MySQLi\Connection->execute('SELECT `absensi...')
#2 /Applications/XAMPP/xamppfiles/htdocs/pembelajaran/system/Database/BaseConnection.php(607): CodeIgniter\Database\BaseConnection->simpleQuery('SELECT `absensi...')
#3 /Applications/XAMPP/xamppfiles/htdocs/pembelajaran/system/Database/BaseBuilder.php(1615): CodeIgniter\Database\BaseConnection->query('SELECT `absensi...', Array, false)
#4 /Applications/XAMPP/xamppfiles/htdocs/pembelajaran/app/Models/Mahasiswa/JadwalModel.php(60): CodeIgniter\Database\BaseBuilder->get()
#5 /Applications/XAMPP/xamppfiles/htdocs/pembelajaran/app/Controllers/MahasiswaKehadiran.php(57): App\Models\Mahasiswa\JadwalModel->getDetailByAbsen('\xEB\xCD]\xD1\xBF8k\xDE\x9D\xE3\x96\xBA\xF7\xBF=...')
#6 /Applications/XAMPP/xamppfiles/htdocs/pembelajaran/system/CodeIgniter.php(942): App\Controllers\MahasiswaKehadiran->lihatAbsen('681d0b84-a96d-4...')
#7 /Applications/XAMPP/xamppfiles/htdocs/pembelajaran/system/CodeIgniter.php(502): CodeIgniter\CodeIgniter->runController(Object(App\Controllers\MahasiswaKehadiran))
#8 /Applications/XAMPP/xamppfiles/htdocs/pembelajaran/system/CodeIgniter.php(361): CodeIgniter\CodeIgniter->handleRequest(NULL, Object(Config\Cache), false)
#9 /Applications/XAMPP/xamppfiles/htdocs/pembelajaran/public/index.php(79): CodeIgniter\CodeIgniter->run()
#10 /Applications/XAMPP/xamppfiles/htdocs/pembelajaran/system/Commands/Server/rewrite.php(47): require_once('/Applications/X...')
#11 {main}
CRITICAL - 2024-01-02 14:25:19 --> Illegal mix of collations (utf8mb4_general_ci,IMPLICIT) and (utf8_general_ci,COERCIBLE) for operation '='
in SYSTEMPATH/Database/BaseConnection.php on line 647.
 1 SYSTEMPATH/Database/BaseBuilder.php(1615): CodeIgniter\Database\BaseConnection->query('SELECT `absensi`.*, `rencana_perkuliahan`.`jadwal_kuliah_id`, `rencana_perkuliahan`.`pertemuan`, `rencana_perkuliahan`.`topik`, `matakuliah`.`nama_mk`, `rencana_perkuliahan`.`tanggal`
FROM `absensi`
JOIN `rencana_perkuliahan` ON `absensi`.`rencana_perkuliahan_id` = `rencana_perkuliahan`.`id`
JOIN `jadwal_kuliah` ON `rencana_perkuliahan`.`jadwal_kuliah_id` = `jadwal_kuliah`.`id`
JOIN `matakuliah` ON `jadwal_kuliah`.`matakuliah_id` = `matakuliah`.`id`
WHERE `absensi`.`id` = :absensi.id:', [...], false)
 2 APPPATH/Models/Mahasiswa/JadwalModel.php(60): CodeIgniter\Database\BaseBuilder->get()
 3 APPPATH/Controllers/MahasiswaKehadiran.php(57): App\Models\Mahasiswa\JadwalModel->getDetailByAbsen('ëÍ]Ñ¿8kÞã–º÷¿=õ¿7ó~¸kŽŸ')
 4 SYSTEMPATH/CodeIgniter.php(942): App\Controllers\MahasiswaKehadiran->lihatAbsen('681d0b84-a96d-45a6-9789-9b838364a46f')
 5 SYSTEMPATH/CodeIgniter.php(502): CodeIgniter\CodeIgniter->runController(Object(App\Controllers\MahasiswaKehadiran))
 6 SYSTEMPATH/CodeIgniter.php(361): CodeIgniter\CodeIgniter->handleRequest(null, Object(Config\Cache), false)
 7 FCPATH/index.php(79): CodeIgniter\CodeIgniter->run()
 8 SYSTEMPATH/Commands/Server/rewrite.php(47): require_once('/Applications/XAMPP/xamppfiles/htdocs/pembelajaran/public/index.php')
INFO - 2024-01-02 14:25:56 --> Session: Class initialized using 'CodeIgniter\Session\Handlers\FileHandler' driver.
INFO - 2024-01-02 14:25:57 --> Session: Class initialized using 'CodeIgniter\Session\Handlers\FileHandler' driver.
INFO - 2024-01-02 14:26:09 --> Session: Class initialized using 'CodeIgniter\Session\Handlers\FileHandler' driver.
INFO - 2024-01-02 14:26:10 --> Session: Class initialized using 'CodeIgniter\Session\Handlers\FileHandler' driver.
INFO - 2024-01-02 14:26:17 --> Session: Class initialized using 'CodeIgniter\Session\Handlers\FileHandler' driver.
INFO - 2024-01-02 14:26:19 --> Session: Class initialized using 'CodeIgniter\Session\Handlers\FileHandler' driver.
INFO - 2024-01-02 14:26:20 --> Session: Class initialized using 'CodeIgniter\Session\Handlers\FileHandler' driver.
INFO - 2024-01-02 14:26:24 --> Session: Class initialized using 'CodeIgniter\Session\Handlers\FileHandler' driver.
INFO - 2024-01-02 14:26:24 --> Session: Class initialized using 'CodeIgniter\Session\Handlers\FileHandler' driver.
INFO - 2024-01-02 14:26:26 --> Session: Class initialized using 'CodeIgniter\Session\Handlers\FileHandler' driver.
INFO - 2024-01-02 14:26:26 --> Session: Class initialized using 'CodeIgniter\Session\Handlers\FileHandler' driver.
INFO - 2024-01-02 14:26:32 --> Session: Class initialized using 'CodeIgniter\Session\Handlers\FileHandler' driver.
INFO - 2024-01-02 14:26:32 --> Session: Class initialized using 'CodeIgniter\Session\Handlers\FileHandler' driver.
INFO - 2024-01-02 14:27:03 --> Session: Class initialized using 'CodeIgniter\Session\Handlers\FileHandler' driver.
CRITICAL - 2024-01-02 14:27:03 --> Trying to access array offset on value of type null
in APPPATH/Views/konten/mahasiswa/kehadiran/scan.php on line 8.
 1 APPPATH/Views/konten/mahasiswa/kehadiran/scan.php(8): CodeIgniter\Debug\Exceptions->errorHandler(2, 'Trying to access array offset on value of type null', '/Applications/XAMPP/xamppfiles/htdocs/pembelajaran/app/Views/konten/mahasiswa/kehadiran/scan.php', 8)
 2 SYSTEMPATH/View/View.php(228): include('/Applications/XAMPP/xamppfiles/htdocs/pembelajaran/app/Views/konten/mahasiswa/kehadiran/scan.php')
 3 SYSTEMPATH/View/View.php(231): CodeIgniter\View\View->CodeIgniter\View\{closure}()
 4 SYSTEMPATH/Common.php(1190): CodeIgniter\View\View->render('konten/mahasiswa/kehadiran/scan', [], true)
 5 APPPATH/Controllers/MahasiswaKehadiran.php(52): view('konten/mahasiswa/kehadiran/scan', [...])
 6 SYSTEMPATH/CodeIgniter.php(942): App\Controllers\MahasiswaKehadiran->scan('MzJlMTI3NWYtZjIyNy00MWU2LTkyOTgtYjY1MjFiNzBkMDBm')
 7 SYSTEMPATH/CodeIgniter.php(502): CodeIgniter\CodeIgniter->runController(Object(App\Controllers\MahasiswaKehadiran))
 8 SYSTEMPATH/CodeIgniter.php(361): CodeIgniter\CodeIgniter->handleRequest(null, Object(Config\Cache), false)
 9 FCPATH/index.php(79): CodeIgniter\CodeIgniter->run()
10 SYSTEMPATH/Commands/Server/rewrite.php(47): require_once('/Applications/XAMPP/xamppfiles/htdocs/pembelajaran/public/index.php')
INFO - 2024-01-02 14:27:09 --> Session: Class initialized using 'CodeIgniter\Session\Handlers\FileHandler' driver.
INFO - 2024-01-02 14:27:09 --> Session: Class initialized using 'CodeIgniter\Session\Handlers\FileHandler' driver.
INFO - 2024-01-02 14:27:12 --> Session: Class initialized using 'CodeIgniter\Session\Handlers\FileHandler' driver.
INFO - 2024-01-02 14:27:13 --> Session: Class initialized using 'CodeIgniter\Session\Handlers\FileHandler' driver.
INFO - 2024-01-02 14:27:15 --> Session: Class initialized using 'CodeIgniter\Session\Handlers\FileHandler' driver.
INFO - 2024-01-02 14:27:15 --> Session: Class initialized using 'CodeIgniter\Session\Handlers\FileHandler' driver.
INFO - 2024-01-02 14:29:07 --> Session: Class initialized using 'CodeIgniter\Session\Handlers\FileHandler' driver.
INFO - 2024-01-02 14:29:07 --> Session: Class initialized using 'CodeIgniter\Session\Handlers\FileHandler' driver.
INFO - 2024-01-02 14:29:58 --> Session: Class initialized using 'CodeIgniter\Session\Handlers\FileHandler' driver.
INFO - 2024-01-02 14:29:58 --> Session: Class initialized using 'CodeIgniter\Session\Handlers\FileHandler' driver.
INFO - 2024-01-02 14:30:01 --> Session: Class initialized using 'CodeIgniter\Session\Handlers\FileHandler' driver.
INFO - 2024-01-02 14:30:02 --> Session: Class initialized using 'CodeIgniter\Session\Handlers\FileHandler' driver.
INFO - 2024-01-02 14:30:27 --> Session: Class initialized using 'CodeIgniter\Session\Handlers\FileHandler' driver.
CRITICAL - 2024-01-02 14:30:27 --> syntax error, unexpected token ";", expecting ")"
in APPPATH/Controllers/MahasiswaKehadiran.php on line 45.
 1 SYSTEMPATH/Autoloader/Autoloader.php(291): CodeIgniter\Autoloader\Autoloader->includeFile('/Applications/XAMPP/xamppfiles/htdocs/pembelajaran/app/Controllers/MahasiswaKehadiran.php')
 2 SYSTEMPATH/Autoloader/Autoloader.php(269): CodeIgniter\Autoloader\Autoloader->loadInNamespace('App\\Controllers\\MahasiswaKehadiran')
 3 [internal function]: CodeIgniter\Autoloader\Autoloader->loadClass('App\\Controllers\\MahasiswaKehadiran')
 4 SYSTEMPATH/CodeIgniter.php(900): class_exists('\\App\\Controllers\\MahasiswaKehadiran', true)
 5 SYSTEMPATH/CodeIgniter.php(489): CodeIgniter\CodeIgniter->startController()
 6 SYSTEMPATH/CodeIgniter.php(361): CodeIgniter\CodeIgniter->handleRequest(null, Object(Config\Cache), false)
 7 FCPATH/index.php(79): CodeIgniter\CodeIgniter->run()
 8 SYSTEMPATH/Commands/Server/rewrite.php(47): require_once('/Applications/XAMPP/xamppfiles/htdocs/pembelajaran/public/index.php')
INFO - 2024-01-02 14:30:35 --> Session: Class initialized using 'CodeIgniter\Session\Handlers\FileHandler' driver.
INFO - 2024-01-02 14:31:24 --> Session: Class initialized using 'CodeIgniter\Session\Handlers\FileHandler' driver.
INFO - 2024-01-02 14:31:40 --> Session: Class initialized using 'CodeIgniter\Session\Handlers\FileHandler' driver.
INFO - 2024-01-02 14:31:41 --> Session: Class initialized using 'CodeIgniter\Session\Handlers\FileHandler' driver.
INFO - 2024-01-02 14:31:42 --> Session: Class initialized using 'CodeIgniter\Session\Handlers\FileHandler' driver.
INFO - 2024-01-02 14:31:43 --> Session: Class initialized using 'CodeIgniter\Session\Handlers\FileHandler' driver.
INFO - 2024-01-02 14:31:43 --> Session: Class initialized using 'CodeIgniter\Session\Handlers\FileHandler' driver.
INFO - 2024-01-02 14:31:44 --> Session: Class initialized using 'CodeIgniter\Session\Handlers\FileHandler' driver.
INFO - 2024-01-02 14:31:57 --> Session: Class initialized using 'CodeIgniter\Session\Handlers\FileHandler' driver.
INFO - 2024-01-02 14:31:57 --> Session: Class initialized using 'CodeIgniter\Session\Handlers\FileHandler' driver.
INFO - 2024-01-02 14:32:32 --> Session: Class initialized using 'CodeIgniter\Session\Handlers\FileHandler' driver.
INFO - 2024-01-02 14:32:41 --> Session: Class initialized using 'CodeIgniter\Session\Handlers\FileHandler' driver.
INFO - 2024-01-02 14:32:41 --> Session: Class initialized using 'CodeIgniter\Session\Handlers\FileHandler' driver.
INFO - 2024-01-02 14:32:42 --> Session: Class initialized using 'CodeIgniter\Session\Handlers\FileHandler' driver.
INFO - 2024-01-02 14:32:43 --> Session: Class initialized using 'CodeIgniter\Session\Handlers\FileHandler' driver.
INFO - 2024-01-02 14:32:55 --> Session: Class initialized using 'CodeIgniter\Session\Handlers\FileHandler' driver.
INFO - 2024-01-02 14:33:03 --> Session: Class initialized using 'CodeIgniter\Session\Handlers\FileHandler' driver.
INFO - 2024-01-02 14:33:25 --> Session: Class initialized using 'CodeIgniter\Session\Handlers\FileHandler' driver.
INFO - 2024-01-02 14:33:29 --> Session: Class initialized using 'CodeIgniter\Session\Handlers\FileHandler' driver.
INFO - 2024-01-02 14:33:31 --> Session: Class initialized using 'CodeIgniter\Session\Handlers\FileHandler' driver.
INFO - 2024-01-02 14:33:39 --> Session: Class initialized using 'CodeIgniter\Session\Handlers\FileHandler' driver.
INFO - 2024-01-02 14:34:07 --> Session: Class initialized using 'CodeIgniter\Session\Handlers\FileHandler' driver.
INFO - 2024-01-02 14:34:07 --> Session: Class initialized using 'CodeIgniter\Session\Handlers\FileHandler' driver.
INFO - 2024-01-02 14:34:07 --> Session: Class initialized using 'CodeIgniter\Session\Handlers\FileHandler' driver.
INFO - 2024-01-02 14:34:12 --> Session: Class initialized using 'CodeIgniter\Session\Handlers\FileHandler' driver.
INFO - 2024-01-02 14:34:12 --> Session: Class initialized using 'CodeIgniter\Session\Handlers\FileHandler' driver.
INFO - 2024-01-02 14:34:12 --> Session: Class initialized using 'CodeIgniter\Session\Handlers\FileHandler' driver.
INFO - 2024-01-02 14:34:14 --> Session: Class initialized using 'CodeIgniter\Session\Handlers\FileHandler' driver.
INFO - 2024-01-02 14:34:14 --> Session: Class initialized using 'CodeIgniter\Session\Handlers\FileHandler' driver.
INFO - 2024-01-02 14:35:37 --> Session: Class initialized using 'CodeIgniter\Session\Handlers\FileHandler' driver.
INFO - 2024-01-02 14:35:37 --> Session: Class initialized using 'CodeIgniter\Session\Handlers\FileHandler' driver.
INFO - 2024-01-02 14:44:45 --> Session: Class initialized using 'CodeIgniter\Session\Handlers\FileHandler' driver.
INFO - 2024-01-02 14:44:45 --> Session: Class initialized using 'CodeIgniter\Session\Handlers\FileHandler' driver.
INFO - 2024-01-02 14:45:08 --> Session: Class initialized using 'CodeIgniter\Session\Handlers\FileHandler' driver.
INFO - 2024-01-02 14:45:08 --> Session: Class initialized using 'CodeIgniter\Session\Handlers\FileHandler' driver.
INFO - 2024-01-02 14:45:20 --> Session: Class initialized using 'CodeIgniter\Session\Handlers\FileHandler' driver.
INFO - 2024-01-02 14:45:20 --> Session: Class initialized using 'CodeIgniter\Session\Handlers\FileHandler' driver.
INFO - 2024-01-02 14:46:43 --> Session: Class initialized using 'CodeIgniter\Session\Handlers\FileHandler' driver.
INFO - 2024-01-02 14:46:43 --> Session: Class initialized using 'CodeIgniter\Session\Handlers\FileHandler' driver.
INFO - 2024-01-02 14:48:41 --> Session: Class initialized using 'CodeIgniter\Session\Handlers\FileHandler' driver.
INFO - 2024-01-02 14:48:41 --> Session: Class initialized using 'CodeIgniter\Session\Handlers\FileHandler' driver.
INFO - 2024-01-02 14:48:46 --> Session: Class initialized using 'CodeIgniter\Session\Handlers\FileHandler' driver.
INFO - 2024-01-02 15:02:02 --> Session: Class initialized using 'CodeIgniter\Session\Handlers\FileHandler' driver.
INFO - 2024-01-02 15:02:02 --> Session: Class initialized using 'CodeIgniter\Session\Handlers\FileHandler' driver.
INFO - 2024-01-02 15:02:03 --> Session: Class initialized using 'CodeIgniter\Session\Handlers\FileHandler' driver.
INFO - 2024-01-02 15:02:03 --> Session: Class initialized using 'CodeIgniter\Session\Handlers\FileHandler' driver.
INFO - 2024-01-02 15:15:57 --> Session: Class initialized using 'CodeIgniter\Session\Handlers\FileHandler' driver.
INFO - 2024-01-02 15:15:57 --> Session: Class initialized using 'CodeIgniter\Session\Handlers\FileHandler' driver.
INFO - 2024-01-02 15:17:10 --> Session: Class initialized using 'CodeIgniter\Session\Handlers\FileHandler' driver.
INFO - 2024-01-02 15:17:10 --> Session: Class initialized using 'CodeIgniter\Session\Handlers\FileHandler' driver.
INFO - 2024-01-02 15:17:45 --> Session: Class initialized using 'CodeIgniter\Session\Handlers\FileHandler' driver.
INFO - 2024-01-02 15:17:45 --> Session: Class initialized using 'CodeIgniter\Session\Handlers\FileHandler' driver.
INFO - 2024-01-02 15:17:46 --> Session: Class initialized using 'CodeIgniter\Session\Handlers\FileHandler' driver.
INFO - 2024-01-02 15:17:47 --> Session: Class initialized using 'CodeIgniter\Session\Handlers\FileHandler' driver.
INFO - 2024-01-02 15:17:52 --> Session: Class initialized using 'CodeIgniter\Session\Handlers\FileHandler' driver.
CRITICAL - 2024-01-02 15:17:52 --> Class "App\Controllers\ErrorCorrectionLevelLow" not found
in APPPATH/Controllers/MahasiswaKehadiran.php on line 224.
 1 APPPATH/Controllers/MahasiswaKehadiran.php(210): App\Controllers\MahasiswaKehadiran->qrcode('2024-01-02_22:17:52_36cbeee5-cee5-41b5-9309-9577ebdaf2b1', '4c65d123-4cbf-4879-8c8b-ce5614365193')
 2 SYSTEMPATH/CodeIgniter.php(942): App\Controllers\MahasiswaKehadiran->buatAbsen()
 3 SYSTEMPATH/CodeIgniter.php(502): CodeIgniter\CodeIgniter->runController(Object(App\Controllers\MahasiswaKehadiran))
 4 SYSTEMPATH/CodeIgniter.php(361): CodeIgniter\CodeIgniter->handleRequest(null, Object(Config\Cache), false)
 5 FCPATH/index.php(79): CodeIgniter\CodeIgniter->run()
 6 SYSTEMPATH/Commands/Server/rewrite.php(47): require_once('/Applications/XAMPP/xamppfiles/htdocs/pembelajaran/public/index.php')
INFO - 2024-01-02 15:18:48 --> Session: Class initialized using 'CodeIgniter\Session\Handlers\FileHandler' driver.
INFO - 2024-01-02 15:18:48 --> Session: Class initialized using 'CodeIgniter\Session\Handlers\FileHandler' driver.
INFO - 2024-01-02 15:19:02 --> Session: Class initialized using 'CodeIgniter\Session\Handlers\FileHandler' driver.
INFO - 2024-01-02 15:19:02 --> Session: Class initialized using 'CodeIgniter\Session\Handlers\FileHandler' driver.
INFO - 2024-01-02 15:19:06 --> Session: Class initialized using 'CodeIgniter\Session\Handlers\FileHandler' driver.
INFO - 2024-01-02 15:19:06 --> Session: Class initialized using 'CodeIgniter\Session\Handlers\FileHandler' driver.
INFO - 2024-01-02 15:19:06 --> Session: Class initialized using 'CodeIgniter\Session\Handlers\FileHandler' driver.
INFO - 2024-01-02 15:19:10 --> Session: Class initialized using 'CodeIgniter\Session\Handlers\FileHandler' driver.
INFO - 2024-01-02 15:19:10 --> Session: Class initialized using 'CodeIgniter\Session\Handlers\FileHandler' driver.
INFO - 2024-01-02 15:19:18 --> Session: Class initialized using 'CodeIgniter\Session\Handlers\FileHandler' driver.
INFO - 2024-01-02 15:19:19 --> Session: Class initialized using 'CodeIgniter\Session\Handlers\FileHandler' driver.
INFO - 2024-01-02 15:19:19 --> Session: Class initialized using 'CodeIgniter\Session\Handlers\FileHandler' driver.
INFO - 2024-01-02 15:19:51 --> Session: Class initialized using 'CodeIgniter\Session\Handlers\FileHandler' driver.
ERROR - 2024-01-02 15:19:51 --> mysqli_sql_exception: Duplicate entry '681d0b84-a96d-45a6-9789-9b838364a46f-2f91512b-7b37-4a1c-a5a0-...' for key 'absensi_id' in /Applications/XAMPP/xamppfiles/htdocs/pembelajaran/system/Database/MySQLi/Connection.php:306
Stack trace:
#0 /Applications/XAMPP/xamppfiles/htdocs/pembelajaran/system/Database/MySQLi/Connection.php(306): mysqli->query('INSERT INTO `ab...', 0)
#1 /Applications/XAMPP/xamppfiles/htdocs/pembelajaran/system/Database/BaseConnection.php(693): CodeIgniter\Database\MySQLi\Connection->execute('INSERT INTO `ab...')
#2 /Applications/XAMPP/xamppfiles/htdocs/pembelajaran/system/Database/BaseConnection.php(607): CodeIgniter\Database\BaseConnection->simpleQuery('INSERT INTO `ab...')
#3 /Applications/XAMPP/xamppfiles/htdocs/pembelajaran/system/Database/BaseBuilder.php(2308): CodeIgniter\Database\BaseConnection->query('INSERT INTO `ab...', Array, false)
#4 /Applications/XAMPP/xamppfiles/htdocs/pembelajaran/app/Controllers/MahasiswaKehadiran.php(163): CodeIgniter\Database\BaseBuilder->insert(Array)
#5 /Applications/XAMPP/xamppfiles/htdocs/pembelajaran/system/CodeIgniter.php(942): App\Controllers\MahasiswaKehadiran->autoAbsen('681d0b84-a96d-4...')
#6 /Applications/XAMPP/xamppfiles/htdocs/pembelajaran/system/CodeIgniter.php(502): CodeIgniter\CodeIgniter->runController(Object(App\Controllers\MahasiswaKehadiran))
#7 /Applications/XAMPP/xamppfiles/htdocs/pembelajaran/system/CodeIgniter.php(361): CodeIgniter\CodeIgniter->handleRequest(NULL, Object(Config\Cache), false)
#8 /Applications/XAMPP/xamppfiles/htdocs/pembelajaran/public/index.php(79): CodeIgniter\CodeIgniter->run()
#9 /Applications/XAMPP/xamppfiles/htdocs/pembelajaran/system/Commands/Server/rewrite.php(47): require_once('/Applications/X...')
#10 {main}
INFO - 2024-01-02 15:19:54 --> Session: Class initialized using 'CodeIgniter\Session\Handlers\FileHandler' driver.
ERROR - 2024-01-02 15:19:54 --> mysqli_sql_exception: Illegal mix of collations (utf8mb4_general_ci,IMPLICIT) and (utf8_general_ci,COERCIBLE) for operation '=' in /Applications/XAMPP/xamppfiles/htdocs/pembelajaran/system/Database/MySQLi/Connection.php:306
Stack trace:
#0 /Applications/XAMPP/xamppfiles/htdocs/pembelajaran/system/Database/MySQLi/Connection.php(306): mysqli->query('SELECT `absensi...', 0)
#1 /Applications/XAMPP/xamppfiles/htdocs/pembelajaran/system/Database/BaseConnection.php(693): CodeIgniter\Database\MySQLi\Connection->execute('SELECT `absensi...')
#2 /Applications/XAMPP/xamppfiles/htdocs/pembelajaran/system/Database/BaseConnection.php(607): CodeIgniter\Database\BaseConnection->simpleQuery('SELECT `absensi...')
#3 /Applications/XAMPP/xamppfiles/htdocs/pembelajaran/system/Database/BaseBuilder.php(1615): CodeIgniter\Database\BaseConnection->query('SELECT `absensi...', Array, false)
#4 /Applications/XAMPP/xamppfiles/htdocs/pembelajaran/app/Models/Mahasiswa/JadwalModel.php(60): CodeIgniter\Database\BaseBuilder->get()
#5 /Applications/XAMPP/xamppfiles/htdocs/pembelajaran/app/Controllers/MahasiswaKehadiran.php(73): App\Models\Mahasiswa\JadwalModel->getDetailByAbsen('\xBAw^~)\xDE')
#6 /Applications/XAMPP/xamppfiles/htdocs/pembelajaran/system/CodeIgniter.php(942): App\Controllers\MahasiswaKehadiran->lihatAbsen('undefined')
#7 /Applications/XAMPP/xamppfiles/htdocs/pembelajaran/system/CodeIgniter.php(502): CodeIgniter\CodeIgniter->runController(Object(App\Controllers\MahasiswaKehadiran))
#8 /Applications/XAMPP/xamppfiles/htdocs/pembelajaran/system/CodeIgniter.php(361): CodeIgniter\CodeIgniter->handleRequest(NULL, Object(Config\Cache), false)
#9 /Applications/XAMPP/xamppfiles/htdocs/pembelajaran/public/index.php(79): CodeIgniter\CodeIgniter->run()
#10 /Applications/XAMPP/xamppfiles/htdocs/pembelajaran/system/Commands/Server/rewrite.php(47): require_once('/Applications/X...')
#11 {main}
CRITICAL - 2024-01-02 15:19:54 --> Illegal mix of collations (utf8mb4_general_ci,IMPLICIT) and (utf8_general_ci,COERCIBLE) for operation '='
in SYSTEMPATH/Database/BaseConnection.php on line 647.
 1 SYSTEMPATH/Database/BaseBuilder.php(1615): CodeIgniter\Database\BaseConnection->query('SELECT `absensi`.*, `rencana_perkuliahan`.`jadwal_kuliah_id`, `rencana_perkuliahan`.`pertemuan`, `rencana_perkuliahan`.`topik`, `matakuliah`.`nama_mk`, `rencana_perkuliahan`.`tanggal`, `jadwal_kuliah`.`kelas_master_id`
FROM `absensi`
JOIN `rencana_perkuliahan` ON `absensi`.`rencana_perkuliahan_id` = `rencana_perkuliahan`.`id`
JOIN `jadwal_kuliah` ON `rencana_perkuliahan`.`jadwal_kuliah_id` = `jadwal_kuliah`.`id`
JOIN `matakuliah` ON `jadwal_kuliah`.`matakuliah_id` = `matakuliah`.`id`
WHERE `absensi`.`id` = :absensi.id:', [...], false)
 2 APPPATH/Models/Mahasiswa/JadwalModel.php(60): CodeIgniter\Database\BaseBuilder->get()
 3 APPPATH/Controllers/MahasiswaKehadiran.php(73): App\Models\Mahasiswa\JadwalModel->getDetailByAbsen('ºw^~)Þ')
 4 SYSTEMPATH/CodeIgniter.php(942): App\Controllers\MahasiswaKehadiran->lihatAbsen('undefined')
 5 SYSTEMPATH/CodeIgniter.php(502): CodeIgniter\CodeIgniter->runController(Object(App\Controllers\MahasiswaKehadiran))
 6 SYSTEMPATH/CodeIgniter.php(361): CodeIgniter\CodeIgniter->handleRequest(null, Object(Config\Cache), false)
 7 FCPATH/index.php(79): CodeIgniter\CodeIgniter->run()
 8 SYSTEMPATH/Commands/Server/rewrite.php(47): require_once('/Applications/XAMPP/xamppfiles/htdocs/pembelajaran/public/index.php')
INFO - 2024-01-02 15:20:05 --> Session: Class initialized using 'CodeIgniter\Session\Handlers\FileHandler' driver.
INFO - 2024-01-02 15:20:05 --> Session: Class initialized using 'CodeIgniter\Session\Handlers\FileHandler' driver.
INFO - 2024-01-02 15:20:06 --> Session: Class initialized using 'CodeIgniter\Session\Handlers\FileHandler' driver.
INFO - 2024-01-02 15:20:07 --> Session: Class initialized using 'CodeIgniter\Session\Handlers\FileHandler' driver.
INFO - 2024-01-02 15:21:16 --> Session: Class initialized using 'CodeIgniter\Session\Handlers\FileHandler' driver.
INFO - 2024-01-02 15:21:18 --> Session: Class initialized using 'CodeIgniter\Session\Handlers\FileHandler' driver.
INFO - 2024-01-02 15:21:18 --> Session: Class initialized using 'CodeIgniter\Session\Handlers\FileHandler' driver.
INFO - 2024-01-02 15:21:21 --> Session: Class initialized using 'CodeIgniter\Session\Handlers\FileHandler' driver.
INFO - 2024-01-02 15:21:22 --> Session: Class initialized using 'CodeIgniter\Session\Handlers\FileHandler' driver.
INFO - 2024-01-02 15:21:26 --> Session: Class initialized using 'CodeIgniter\Session\Handlers\FileHandler' driver.
INFO - 2024-01-02 15:21:26 --> Session: Class initialized using 'CodeIgniter\Session\Handlers\FileHandler' driver.
INFO - 2024-01-02 15:21:26 --> Session: Class initialized using 'CodeIgniter\Session\Handlers\FileHandler' driver.
INFO - 2024-01-02 15:21:27 --> Session: Class initialized using 'CodeIgniter\Session\Handlers\FileHandler' driver.
INFO - 2024-01-02 15:21:28 --> Session: Class initialized using 'CodeIgniter\Session\Handlers\FileHandler' driver.
INFO - 2024-01-02 15:21:29 --> Session: Class initialized using 'CodeIgniter\Session\Handlers\FileHandler' driver.
INFO - 2024-01-02 15:21:29 --> Session: Class initialized using 'CodeIgniter\Session\Handlers\FileHandler' driver.
INFO - 2024-01-02 15:21:29 --> Session: Class initialized using 'CodeIgniter\Session\Handlers\FileHandler' driver.
INFO - 2024-01-02 15:21:30 --> Session: Class initialized using 'CodeIgniter\Session\Handlers\FileHandler' driver.
INFO - 2024-01-02 15:21:30 --> Session: Class initialized using 'CodeIgniter\Session\Handlers\FileHandler' driver.
INFO - 2024-01-02 15:22:57 --> Session: Class initialized using 'CodeIgniter\Session\Handlers\FileHandler' driver.
INFO - 2024-01-02 15:22:57 --> Session: Class initialized using 'CodeIgniter\Session\Handlers\FileHandler' driver.
INFO - 2024-01-02 15:22:58 --> Session: Class initialized using 'CodeIgniter\Session\Handlers\FileHandler' driver.
INFO - 2024-01-02 15:22:58 --> Session: Class initialized using 'CodeIgniter\Session\Handlers\FileHandler' driver.
INFO - 2024-01-02 15:29:07 --> Session: Class initialized using 'CodeIgniter\Session\Handlers\FileHandler' driver.
INFO - 2024-01-02 15:29:07 --> Session: Class initialized using 'CodeIgniter\Session\Handlers\FileHandler' driver.
INFO - 2024-01-02 15:34:05 --> Session: Class initialized using 'CodeIgniter\Session\Handlers\FileHandler' driver.
INFO - 2024-01-02 15:34:06 --> Session: Class initialized using 'CodeIgniter\Session\Handlers\FileHandler' driver.
INFO - 2024-01-02 15:34:13 --> Session: Class initialized using 'CodeIgniter\Session\Handlers\FileHandler' driver.
INFO - 2024-01-02 15:34:13 --> Session: Class initialized using 'CodeIgniter\Session\Handlers\FileHandler' driver.
INFO - 2024-01-02 15:34:15 --> Session: Class initialized using 'CodeIgniter\Session\Handlers\FileHandler' driver.
INFO - 2024-01-02 15:34:15 --> Session: Class initialized using 'CodeIgniter\Session\Handlers\FileHandler' driver.
INFO - 2024-01-02 15:34:27 --> Session: Class initialized using 'CodeIgniter\Session\Handlers\FileHandler' driver.
INFO - 2024-01-02 15:34:30 --> Session: Class initialized using 'CodeIgniter\Session\Handlers\FileHandler' driver.
INFO - 2024-01-02 15:34:30 --> Session: Class initialized using 'CodeIgniter\Session\Handlers\FileHandler' driver.
INFO - 2024-01-02 15:34:38 --> Session: Class initialized using 'CodeIgniter\Session\Handlers\FileHandler' driver.
INFO - 2024-01-02 15:34:40 --> Session: Class initialized using 'CodeIgniter\Session\Handlers\FileHandler' driver.
INFO - 2024-01-02 15:34:41 --> Session: Class initialized using 'CodeIgniter\Session\Handlers\FileHandler' driver.
INFO - 2024-01-02 15:34:42 --> Session: Class initialized using 'CodeIgniter\Session\Handlers\FileHandler' driver.
INFO - 2024-01-02 15:34:43 --> Session: Class initialized using 'CodeIgniter\Session\Handlers\FileHandler' driver.
INFO - 2024-01-02 15:35:05 --> Session: Class initialized using 'CodeIgniter\Session\Handlers\FileHandler' driver.
INFO - 2024-01-02 15:35:05 --> Session: Class initialized using 'CodeIgniter\Session\Handlers\FileHandler' driver.
INFO - 2024-01-02 15:35:10 --> Session: Class initialized using 'CodeIgniter\Session\Handlers\FileHandler' driver.
INFO - 2024-01-02 15:35:10 --> Session: Class initialized using 'CodeIgniter\Session\Handlers\FileHandler' driver.
INFO - 2024-01-02 15:35:11 --> Session: Class initialized using 'CodeIgniter\Session\Handlers\FileHandler' driver.
INFO - 2024-01-02 15:35:12 --> Session: Class initialized using 'CodeIgniter\Session\Handlers\FileHandler' driver.
INFO - 2024-01-02 15:35:12 --> Session: Class initialized using 'CodeIgniter\Session\Handlers\FileHandler' driver.
INFO - 2024-01-02 15:35:17 --> Session: Class initialized using 'CodeIgniter\Session\Handlers\FileHandler' driver.
INFO - 2024-01-02 15:35:17 --> Session: Class initialized using 'CodeIgniter\Session\Handlers\FileHandler' driver.
INFO - 2024-01-02 15:35:20 --> Session: Class initialized using 'CodeIgniter\Session\Handlers\FileHandler' driver.
INFO - 2024-01-02 15:35:20 --> Session: Class initialized using 'CodeIgniter\Session\Handlers\FileHandler' driver.
INFO - 2024-01-02 15:41:51 --> Session: Class initialized using 'CodeIgniter\Session\Handlers\FileHandler' driver.
INFO - 2024-01-02 15:41:52 --> Session: Class initialized using 'CodeIgniter\Session\Handlers\FileHandler' driver.
INFO - 2024-01-02 15:42:44 --> Session: Class initialized using 'CodeIgniter\Session\Handlers\FileHandler' driver.
INFO - 2024-01-02 15:42:45 --> Session: Class initialized using 'CodeIgniter\Session\Handlers\FileHandler' driver.
INFO - 2024-01-02 15:44:17 --> Session: Class initialized using 'CodeIgniter\Session\Handlers\FileHandler' driver.
INFO - 2024-01-02 15:44:18 --> Session: Class initialized using 'CodeIgniter\Session\Handlers\FileHandler' driver.
INFO - 2024-01-02 15:44:20 --> Session: Class initialized using 'CodeIgniter\Session\Handlers\FileHandler' driver.
INFO - 2024-01-02 15:44:20 --> Session: Class initialized using 'CodeIgniter\Session\Handlers\FileHandler' driver.
INFO - 2024-01-02 15:48:50 --> Session: Class initialized using 'CodeIgniter\Session\Handlers\FileHandler' driver.
INFO - 2024-01-02 15:48:51 --> Session: Class initialized using 'CodeIgniter\Session\Handlers\FileHandler' driver.
INFO - 2024-01-02 15:49:07 --> Session: Class initialized using 'CodeIgniter\Session\Handlers\FileHandler' driver.
INFO - 2024-01-02 15:49:08 --> Session: Class initialized using 'CodeIgniter\Session\Handlers\FileHandler' driver.
INFO - 2024-01-02 15:49:18 --> Session: Class initialized using 'CodeIgniter\Session\Handlers\FileHandler' driver.
INFO - 2024-01-02 15:49:18 --> Session: Class initialized using 'CodeIgniter\Session\Handlers\FileHandler' driver.
INFO - 2024-01-02 15:49:23 --> Session: Class initialized using 'CodeIgniter\Session\Handlers\FileHandler' driver.
INFO - 2024-01-02 15:49:23 --> Session: Class initialized using 'CodeIgniter\Session\Handlers\FileHandler' driver.
INFO - 2024-01-02 15:49:23 --> Session: Class initialized using 'CodeIgniter\Session\Handlers\FileHandler' driver.
INFO - 2024-01-02 15:49:24 --> Session: Class initialized using 'CodeIgniter\Session\Handlers\FileHandler' driver.
INFO - 2024-01-02 15:49:24 --> Session: Class initialized using 'CodeIgniter\Session\Handlers\FileHandler' driver.
INFO - 2024-01-02 15:49:25 --> Session: Class initialized using 'CodeIgniter\Session\Handlers\FileHandler' driver.
INFO - 2024-01-02 15:50:04 --> Session: Class initialized using 'CodeIgniter\Session\Handlers\FileHandler' driver.
INFO - 2024-01-02 15:50:04 --> Session: Class initialized using 'CodeIgniter\Session\Handlers\FileHandler' driver.
INFO - 2024-01-02 15:50:06 --> Session: Class initialized using 'CodeIgniter\Session\Handlers\FileHandler' driver.
INFO - 2024-01-02 15:50:07 --> Session: Class initialized using 'CodeIgniter\Session\Handlers\FileHandler' driver.
INFO - 2024-01-02 15:50:44 --> Session: Class initialized using 'CodeIgniter\Session\Handlers\FileHandler' driver.
INFO - 2024-01-02 15:50:44 --> Session: Class initialized using 'CodeIgniter\Session\Handlers\FileHandler' driver.
INFO - 2024-01-02 15:50:45 --> Session: Class initialized using 'CodeIgniter\Session\Handlers\FileHandler' driver.
INFO - 2024-01-02 15:50:46 --> Session: Class initialized using 'CodeIgniter\Session\Handlers\FileHandler' driver.
INFO - 2024-01-02 15:53:04 --> Session: Class initialized using 'CodeIgniter\Session\Handlers\FileHandler' driver.
INFO - 2024-01-02 15:53:04 --> Session: Class initialized using 'CodeIgniter\Session\Handlers\FileHandler' driver.
INFO - 2024-01-02 15:53:05 --> Session: Class initialized using 'CodeIgniter\Session\Handlers\FileHandler' driver.
INFO - 2024-01-02 15:53:05 --> Session: Class initialized using 'CodeIgniter\Session\Handlers\FileHandler' driver.
INFO - 2024-01-02 15:53:25 --> Session: Class initialized using 'CodeIgniter\Session\Handlers\FileHandler' driver.
INFO - 2024-01-02 15:53:25 --> Session: Class initialized using 'CodeIgniter\Session\Handlers\FileHandler' driver.
INFO - 2024-01-02 16:04:17 --> Session: Class initialized using 'CodeIgniter\Session\Handlers\FileHandler' driver.
INFO - 2024-01-02 16:04:18 --> Session: Class initialized using 'CodeIgniter\Session\Handlers\FileHandler' driver.
INFO - 2024-01-02 16:04:18 --> Session: Class initialized using 'CodeIgniter\Session\Handlers\FileHandler' driver.
INFO - 2024-01-02 16:04:19 --> Session: Class initialized using 'CodeIgniter\Session\Handlers\FileHandler' driver.
INFO - 2024-01-02 16:04:31 --> Session: Class initialized using 'CodeIgniter\Session\Handlers\FileHandler' driver.
INFO - 2024-01-02 16:04:32 --> Session: Class initialized using 'CodeIgniter\Session\Handlers\FileHandler' driver.
INFO - 2024-01-02 16:05:17 --> Session: Class initialized using 'CodeIgniter\Session\Handlers\FileHandler' driver.
INFO - 2024-01-02 16:05:40 --> Session: Class initialized using 'CodeIgniter\Session\Handlers\FileHandler' driver.
INFO - 2024-01-02 16:06:30 --> Session: Class initialized using 'CodeIgniter\Session\Handlers\FileHandler' driver.
INFO - 2024-01-02 16:06:31 --> Session: Class initialized using 'CodeIgniter\Session\Handlers\FileHandler' driver.
INFO - 2024-01-02 16:06:33 --> Session: Class initialized using 'CodeIgniter\Session\Handlers\FileHandler' driver.
INFO - 2024-01-02 16:07:12 --> Session: Class initialized using 'CodeIgniter\Session\Handlers\FileHandler' driver.
INFO - 2024-01-02 16:08:23 --> Session: Class initialized using 'CodeIgniter\Session\Handlers\FileHandler' driver.
INFO - 2024-01-02 16:08:23 --> Session: Class initialized using 'CodeIgniter\Session\Handlers\FileHandler' driver.
INFO - 2024-01-02 16:09:07 --> Session: Class initialized using 'CodeIgniter\Session\Handlers\FileHandler' driver.
INFO - 2024-01-02 16:09:08 --> Session: Class initialized using 'CodeIgniter\Session\Handlers\FileHandler' driver.
INFO - 2024-01-02 16:09:17 --> Session: Class initialized using 'CodeIgniter\Session\Handlers\FileHandler' driver.
INFO - 2024-01-02 16:09:17 --> Session: Class initialized using 'CodeIgniter\Session\Handlers\FileHandler' driver.
INFO - 2024-01-02 22:23:57 --> Session: Class initialized using 'CodeIgniter\Session\Handlers\FileHandler' driver.
INFO - 2024-01-02 22:23:57 --> Session: Class initialized using 'CodeIgniter\Session\Handlers\FileHandler' driver.
INFO - 2024-01-02 22:24:01 --> Session: Class initialized using 'CodeIgniter\Session\Handlers\FileHandler' driver.
INFO - 2024-01-02 22:24:02 --> Session: Class initialized using 'CodeIgniter\Session\Handlers\FileHandler' driver.
INFO - 2024-01-02 22:24:02 --> Session: Class initialized using 'CodeIgniter\Session\Handlers\FileHandler' driver.
INFO - 2024-01-02 22:24:04 --> Session: Class initialized using 'CodeIgniter\Session\Handlers\FileHandler' driver.
INFO - 2024-01-02 22:24:05 --> Session: Class initialized using 'CodeIgniter\Session\Handlers\FileHandler' driver.
INFO - 2024-01-02 22:24:06 --> Session: Class initialized using 'CodeIgniter\Session\Handlers\FileHandler' driver.
INFO - 2024-01-02 22:24:07 --> Session: Class initialized using 'CodeIgniter\Session\Handlers\FileHandler' driver.
INFO - 2024-01-02 22:24:08 --> Session: Class initialized using 'CodeIgniter\Session\Handlers\FileHandler' driver.
INFO - 2024-01-02 22:24:08 --> Session: Class initialized using 'CodeIgniter\Session\Handlers\FileHandler' driver.
INFO - 2024-01-02 22:24:11 --> Session: Class initialized using 'CodeIgniter\Session\Handlers\FileHandler' driver.
INFO - 2024-01-02 22:24:12 --> Session: Class initialized using 'CodeIgniter\Session\Handlers\FileHandler' driver.
INFO - 2024-01-02 22:24:12 --> Session: Class initialized using 'CodeIgniter\Session\Handlers\FileHandler' driver.
INFO - 2024-01-02 22:24:13 --> Session: Class initialized using 'CodeIgniter\Session\Handlers\FileHandler' driver.
INFO - 2024-01-02 22:24:14 --> Session: Class initialized using 'CodeIgniter\Session\Handlers\FileHandler' driver.
INFO - 2024-01-02 22:24:14 --> Session: Class initialized using 'CodeIgniter\Session\Handlers\FileHandler' driver.
INFO - 2024-01-02 22:25:07 --> Session: Class initialized using 'CodeIgniter\Session\Handlers\FileHandler' driver.
INFO - 2024-01-02 22:25:07 --> Session: Class initialized using 'CodeIgniter\Session\Handlers\FileHandler' driver.
INFO - 2024-01-02 22:25:09 --> Session: Class initialized using 'CodeIgniter\Session\Handlers\FileHandler' driver.
INFO - 2024-01-02 22:25:09 --> Session: Class initialized using 'CodeIgniter\Session\Handlers\FileHandler' driver.
INFO - 2024-01-02 22:25:52 --> Session: Class initialized using 'CodeIgniter\Session\Handlers\FileHandler' driver.
INFO - 2024-01-02 22:25:52 --> Session: Class initialized using 'CodeIgniter\Session\Handlers\FileHandler' driver.
INFO - 2024-01-02 22:25:53 --> Session: Class initialized using 'CodeIgniter\Session\Handlers\FileHandler' driver.
INFO - 2024-01-02 22:25:53 --> Session: Class initialized using 'CodeIgniter\Session\Handlers\FileHandler' driver.
INFO - 2024-01-02 22:25:54 --> Session: Class initialized using 'CodeIgniter\Session\Handlers\FileHandler' driver.
INFO - 2024-01-02 22:25:55 --> Session: Class initialized using 'CodeIgniter\Session\Handlers\FileHandler' driver.
INFO - 2024-01-02 22:26:10 --> Session: Class initialized using 'CodeIgniter\Session\Handlers\FileHandler' driver.
INFO - 2024-01-02 22:26:11 --> Session: Class initialized using 'CodeIgniter\Session\Handlers\FileHandler' driver.
INFO - 2024-01-02 22:27:07 --> Session: Class initialized using 'CodeIgniter\Session\Handlers\FileHandler' driver.
INFO - 2024-01-02 22:27:08 --> Session: Class initialized using 'CodeIgniter\Session\Handlers\FileHandler' driver.
INFO - 2024-01-02 22:27:49 --> Session: Class initialized using 'CodeIgniter\Session\Handlers\FileHandler' driver.
INFO - 2024-01-02 22:27:50 --> Session: Class initialized using 'CodeIgniter\Session\Handlers\FileHandler' driver.
INFO - 2024-01-02 22:27:54 --> Session: Class initialized using 'CodeIgniter\Session\Handlers\FileHandler' driver.
INFO - 2024-01-02 22:27:54 --> Session: Class initialized using 'CodeIgniter\Session\Handlers\FileHandler' driver.
INFO - 2024-01-02 22:29:57 --> Session: Class initialized using 'CodeIgniter\Session\Handlers\FileHandler' driver.
INFO - 2024-01-02 22:29:57 --> Session: Class initialized using 'CodeIgniter\Session\Handlers\FileHandler' driver.
INFO - 2024-01-02 22:30:31 --> Session: Class initialized using 'CodeIgniter\Session\Handlers\FileHandler' driver.
INFO - 2024-01-02 22:30:31 --> Session: Class initialized using 'CodeIgniter\Session\Handlers\FileHandler' driver.
INFO - 2024-01-02 22:32:22 --> Session: Class initialized using 'CodeIgniter\Session\Handlers\FileHandler' driver.
INFO - 2024-01-02 22:32:23 --> Session: Class initialized using 'CodeIgniter\Session\Handlers\FileHandler' driver.
INFO - 2024-01-02 22:32:58 --> Session: Class initialized using 'CodeIgniter\Session\Handlers\FileHandler' driver.
INFO - 2024-01-02 22:32:58 --> Session: Class initialized using 'CodeIgniter\Session\Handlers\FileHandler' driver.
INFO - 2024-01-02 22:33:26 --> Session: Class initialized using 'CodeIgniter\Session\Handlers\FileHandler' driver.
INFO - 2024-01-02 22:33:26 --> Session: Class initialized using 'CodeIgniter\Session\Handlers\FileHandler' driver.
INFO - 2024-01-02 22:33:58 --> Session: Class initialized using 'CodeIgniter\Session\Handlers\FileHandler' driver.
INFO - 2024-01-02 22:33:59 --> Session: Class initialized using 'CodeIgniter\Session\Handlers\FileHandler' driver.
INFO - 2024-01-02 22:34:25 --> Session: Class initialized using 'CodeIgniter\Session\Handlers\FileHandler' driver.
INFO - 2024-01-02 22:34:25 --> Session: Class initialized using 'CodeIgniter\Session\Handlers\FileHandler' driver.
INFO - 2024-01-02 22:34:53 --> Session: Class initialized using 'CodeIgniter\Session\Handlers\FileHandler' driver.
INFO - 2024-01-02 22:34:53 --> Session: Class initialized using 'CodeIgniter\Session\Handlers\FileHandler' driver.
INFO - 2024-01-02 22:37:55 --> Session: Class initialized using 'CodeIgniter\Session\Handlers\FileHandler' driver.
INFO - 2024-01-02 22:37:56 --> Session: Class initialized using 'CodeIgniter\Session\Handlers\FileHandler' driver.
